ISO-10303-21;
HEADER;
/* Generated by software containing ST-Developer
 * from STEP Tools, Inc. (www.steptools.com) 
 */

FILE_DESCRIPTION(
/* description */ ('NOT SPECIFIED'),
/* implementation_level */ '2;1');

FILE_NAME(
/* name */ 'MG400 End Flange Keyed.step',
/* time_stamp */ '2026-07-05T07:39:57+01:00',
/* author */ (''),
/* organization */ (''),
/* preprocessor_version */ 'ST-DEVELOPER v20.1',
/* originating_system */ 'Autodesk Translation Framework v15.8.0.0',
/* authorisation */ '');

FILE_SCHEMA (('AUTOMOTIVE_DESIGN { 1 0 10303 214 3 1 1 }'));
ENDSEC;

DATA;
#10=MECHANICAL_DESIGN_GEOMETRIC_PRESENTATION_REPRESENTATION('',(#13),#2744);
#11=SHAPE_REPRESENTATION_RELATIONSHIP('SRR','None',#2751,#12);
#12=ADVANCED_BREP_SHAPE_REPRESENTATION('',(#14),#2743);
#13=STYLED_ITEM('',(#2760),#14);
#14=MANIFOLD_SOLID_BREP('Body1',#1507);
#15=CONICAL_SURFACE('',#1566,4.25,0.7853981633973);
#16=CONICAL_SURFACE('',#1577,4.25,0.7853981633973);
#17=CONICAL_SURFACE('',#1591,19.74999999994,0.7853981633973);
#18=CONICAL_SURFACE('',#1597,19.74999999996,0.7853981633973);
#19=CONICAL_SURFACE('',#1606,4.249999998607,0.7853981633973);
#20=CONICAL_SURFACE('',#1611,1.699999995178,0.7853981633973);
#21=CONICAL_SURFACE('',#1615,1.699999995178,0.7853981633973);
#22=CONICAL_SURFACE('',#1616,1.699999995178,0.7853981633973);
#23=CONICAL_SURFACE('',#1622,1.699999995178,0.7853981633973);
#24=CONICAL_SURFACE('',#1623,1.699999995178,0.7853981633973);
#25=CONICAL_SURFACE('',#1629,1.699999995178,0.7853981633973);
#26=CONICAL_SURFACE('',#1630,1.699999995178,0.7853981633973);
#27=CONICAL_SURFACE('',#1636,1.699999995178,0.7853981633973);
#28=CONICAL_SURFACE('',#1637,1.599999995431,0.7853981633973);
#29=CONICAL_SURFACE('',#1643,1.599999995431,0.7853981633973);
#30=CONICAL_SURFACE('',#1659,10.75,0.7853981633973);
#31=(
BOUNDED_CURVE()
B_SPLINE_CURVE(3,(#2361,#2362,#2363,#2364,#2365,#2366),.UNSPECIFIED.,.F.,
 .F.)
B_SPLINE_CURVE_WITH_KNOTS((4,1,1,4),(0.,0.3333333333333,0.6666666666667,
0.797798036173584),.UNSPECIFIED.)
CURVE()
GEOMETRIC_REPRESENTATION_ITEM()
RATIONAL_B_SPLINE_CURVE((1.,1.,1.,1.,1.,1.))
REPRESENTATION_ITEM('')
);
#32=(
BOUNDED_CURVE()
B_SPLINE_CURVE(3,(#2387,#2388,#2389,#2390,#2391,#2392),.UNSPECIFIED.,.F.,
 .F.)
B_SPLINE_CURVE_WITH_KNOTS((4,1,1,4),(0.202243762378224,0.3333333333333,
0.6666666666667,1.),.UNSPECIFIED.)
CURVE()
GEOMETRIC_REPRESENTATION_ITEM()
RATIONAL_B_SPLINE_CURVE((1.,1.,1.,1.,1.,1.))
REPRESENTATION_ITEM('')
);
#33=(
BOUNDED_CURVE()
B_SPLINE_CURVE(2,(#2396,#2397,#2398),.UNSPECIFIED.,.F.,.F.)
B_SPLINE_CURVE_WITH_KNOTS((3,3),(1.12906666384233,1.22031646587638),
 .UNSPECIFIED.)
CURVE()
GEOMETRIC_REPRESENTATION_ITEM()
RATIONAL_B_SPLINE_CURVE((1.02108905934194,1.01857254724721,1.01551152530421))
REPRESENTATION_ITEM('')
);
#34=(
BOUNDED_CURVE()
B_SPLINE_CURVE(3,(#2424,#2425,#2426,#2427,#2428,#2429),.UNSPECIFIED.,.F.,
 .F.)
B_SPLINE_CURVE_WITH_KNOTS((4,1,1,4),(0.202243762378224,0.3333333333333,
0.6666666666667,1.),.UNSPECIFIED.)
CURVE()
GEOMETRIC_REPRESENTATION_ITEM()
RATIONAL_B_SPLINE_CURVE((1.,1.,1.,1.,1.,1.))
REPRESENTATION_ITEM('')
);
#35=(
BOUNDED_CURVE()
B_SPLINE_CURVE(3,(#2438,#2439,#2440,#2441,#2442,#2443),.UNSPECIFIED.,.F.,
 .F.)
B_SPLINE_CURVE_WITH_KNOTS((4,1,1,4),(0.,0.3333333333333,0.6666666666667,
0.797798036173584),.UNSPECIFIED.)
CURVE()
GEOMETRIC_REPRESENTATION_ITEM()
RATIONAL_B_SPLINE_CURVE((1.,1.,1.,1.,1.,1.))
REPRESENTATION_ITEM('')
);
#36=(
BOUNDED_CURVE()
B_SPLINE_CURVE(2,(#2450,#2451,#2452),.UNSPECIFIED.,.F.,.F.)
B_SPLINE_CURVE_WITH_KNOTS((3,3),(0.194374888478413,0.285624690508475),
 .UNSPECIFIED.)
CURVE()
GEOMETRIC_REPRESENTATION_ITEM()
RATIONAL_B_SPLINE_CURVE((1.01551152530244,1.01857254724494,1.02108905933928))
REPRESENTATION_ITEM('')
);
#37=(
BOUNDED_CURVE()
B_SPLINE_CURVE(2,(#2510,#2511,#2512),.UNSPECIFIED.,.F.,.F.)
B_SPLINE_CURVE_WITH_KNOTS((3,3),(0.516226920123175,0.584927000808099),
 .UNSPECIFIED.)
CURVE()
GEOMETRIC_REPRESENTATION_ITEM()
RATIONAL_B_SPLINE_CURVE((1.1727328809366,1.16410131202547,1.15011314217675))
REPRESENTATION_ITEM('')
);
#38=FACE_BOUND('',#194,.T.);
#39=FACE_BOUND('',#200,.T.);
#40=FACE_BOUND('',#207,.T.);
#41=FACE_BOUND('',#220,.T.);
#42=FACE_BOUND('',#223,.T.);
#43=FACE_BOUND('',#224,.T.);
#44=FACE_BOUND('',#225,.T.);
#45=FACE_BOUND('',#230,.T.);
#46=FACE_BOUND('',#234,.T.);
#47=FACE_BOUND('',#235,.T.);
#48=FACE_BOUND('',#236,.T.);
#49=FACE_BOUND('',#237,.T.);
#50=FACE_BOUND('',#238,.T.);
#51=FACE_BOUND('',#239,.T.);
#52=FACE_BOUND('',#240,.T.);
#53=FACE_BOUND('',#241,.T.);
#54=FACE_BOUND('',#242,.T.);
#55=FACE_BOUND('',#243,.T.);
#56=FACE_BOUND('',#248,.T.);
#57=FACE_BOUND('',#249,.T.);
#58=FACE_BOUND('',#250,.T.);
#59=FACE_BOUND('',#251,.T.);
#60=FACE_BOUND('',#252,.T.);
#61=FACE_BOUND('',#253,.T.);
#62=FACE_BOUND('',#254,.T.);
#63=FACE_BOUND('',#255,.T.);
#64=FACE_BOUND('',#256,.T.);
#65=FACE_BOUND('',#257,.T.);
#66=FACE_BOUND('',#275,.T.);
#67=FACE_BOUND('',#276,.T.);
#68=FACE_BOUND('',#277,.T.);
#69=FACE_BOUND('',#278,.T.);
#70=FACE_BOUND('',#279,.T.);
#71=FACE_BOUND('',#283,.T.);
#72=FACE_BOUND('',#289,.T.);
#73=PLANE('',#1525);
#74=PLANE('',#1526);
#75=PLANE('',#1527);
#76=PLANE('',#1528);
#77=PLANE('',#1529);
#78=PLANE('',#1530);
#79=PLANE('',#1531);
#80=PLANE('',#1532);
#81=PLANE('',#1533);
#82=PLANE('',#1534);
#83=PLANE('',#1537);
#84=PLANE('',#1538);
#85=PLANE('',#1539);
#86=PLANE('',#1540);
#87=PLANE('',#1541);
#88=PLANE('',#1554);
#89=PLANE('',#1555);
#90=PLANE('',#1556);
#91=PLANE('',#1559);
#92=PLANE('',#1562);
#93=PLANE('',#1563);
#94=PLANE('',#1564);
#95=PLANE('',#1569);
#96=PLANE('',#1572);
#97=PLANE('',#1573);
#98=PLANE('',#1574);
#99=PLANE('',#1575);
#100=PLANE('',#1580);
#101=PLANE('',#1582);
#102=PLANE('',#1599);
#103=PLANE('',#1652);
#104=PLANE('',#1655);
#105=PLANE('',#1657);
#106=PLANE('',#1660);
#107=PLANE('',#1666);
#108=PLANE('',#1667);
#109=PLANE('',#1668);
#110=PLANE('',#1669);
#111=PLANE('',#1670);
#112=PLANE('',#1671);
#113=FACE_OUTER_BOUND('',#188,.T.);
#114=FACE_OUTER_BOUND('',#189,.T.);
#115=FACE_OUTER_BOUND('',#190,.T.);
#116=FACE_OUTER_BOUND('',#191,.T.);
#117=FACE_OUTER_BOUND('',#192,.T.);
#118=FACE_OUTER_BOUND('',#193,.T.);
#119=FACE_OUTER_BOUND('',#195,.T.);
#120=FACE_OUTER_BOUND('',#196,.T.);
#121=FACE_OUTER_BOUND('',#197,.T.);
#122=FACE_OUTER_BOUND('',#198,.T.);
#123=FACE_OUTER_BOUND('',#199,.T.);
#124=FACE_OUTER_BOUND('',#201,.T.);
#125=FACE_OUTER_BOUND('',#202,.T.);
#126=FACE_OUTER_BOUND('',#203,.T.);
#127=FACE_OUTER_BOUND('',#204,.T.);
#128=FACE_OUTER_BOUND('',#205,.T.);
#129=FACE_OUTER_BOUND('',#206,.T.);
#130=FACE_OUTER_BOUND('',#208,.T.);
#131=FACE_OUTER_BOUND('',#209,.T.);
#132=FACE_OUTER_BOUND('',#210,.T.);
#133=FACE_OUTER_BOUND('',#211,.T.);
#134=FACE_OUTER_BOUND('',#212,.T.);
#135=FACE_OUTER_BOUND('',#213,.T.);
#136=FACE_OUTER_BOUND('',#214,.T.);
#137=FACE_OUTER_BOUND('',#215,.T.);
#138=FACE_OUTER_BOUND('',#216,.T.);
#139=FACE_OUTER_BOUND('',#217,.T.);
#140=FACE_OUTER_BOUND('',#218,.T.);
#141=FACE_OUTER_BOUND('',#219,.T.);
#142=FACE_OUTER_BOUND('',#221,.T.);
#143=FACE_OUTER_BOUND('',#222,.T.);
#144=FACE_OUTER_BOUND('',#226,.T.);
#145=FACE_OUTER_BOUND('',#227,.T.);
#146=FACE_OUTER_BOUND('',#228,.T.);
#147=FACE_OUTER_BOUND('',#229,.T.);
#148=FACE_OUTER_BOUND('',#231,.T.);
#149=FACE_OUTER_BOUND('',#232,.T.);
#150=FACE_OUTER_BOUND('',#233,.T.);
#151=FACE_OUTER_BOUND('',#244,.T.);
#152=FACE_OUTER_BOUND('',#245,.T.);
#153=FACE_OUTER_BOUND('',#246,.T.);
#154=FACE_OUTER_BOUND('',#247,.T.);
#155=FACE_OUTER_BOUND('',#258,.T.);
#156=FACE_OUTER_BOUND('',#259,.T.);
#157=FACE_OUTER_BOUND('',#260,.T.);
#158=FACE_OUTER_BOUND('',#261,.T.);
#159=FACE_OUTER_BOUND('',#262,.T.);
#160=FACE_OUTER_BOUND('',#263,.T.);
#161=FACE_OUTER_BOUND('',#264,.T.);
#162=FACE_OUTER_BOUND('',#265,.T.);
#163=FACE_OUTER_BOUND('',#266,.T.);
#164=FACE_OUTER_BOUND('',#267,.T.);
#165=FACE_OUTER_BOUND('',#268,.T.);
#166=FACE_OUTER_BOUND('',#269,.T.);
#167=FACE_OUTER_BOUND('',#270,.T.);
#168=FACE_OUTER_BOUND('',#271,.T.);
#169=FACE_OUTER_BOUND('',#272,.T.);
#170=FACE_OUTER_BOUND('',#273,.T.);
#171=FACE_OUTER_BOUND('',#274,.T.);
#172=FACE_OUTER_BOUND('',#280,.T.);
#173=FACE_OUTER_BOUND('',#281,.T.);
#174=FACE_OUTER_BOUND('',#282,.T.);
#175=FACE_OUTER_BOUND('',#284,.T.);
#176=FACE_OUTER_BOUND('',#285,.T.);
#177=FACE_OUTER_BOUND('',#286,.T.);
#178=FACE_OUTER_BOUND('',#287,.T.);
#179=FACE_OUTER_BOUND('',#288,.T.);
#180=FACE_OUTER_BOUND('',#290,.T.);
#181=FACE_OUTER_BOUND('',#291,.T.);
#182=FACE_OUTER_BOUND('',#292,.T.);
#183=FACE_OUTER_BOUND('',#293,.T.);
#184=FACE_OUTER_BOUND('',#294,.T.);
#185=FACE_OUTER_BOUND('',#295,.T.);
#186=FACE_OUTER_BOUND('',#296,.T.);
#187=FACE_OUTER_BOUND('',#297,.T.);
#188=EDGE_LOOP('',(#983,#984,#985,#986,#987,#988));
#189=EDGE_LOOP('',(#989,#990,#991,#992,#993,#994));
#190=EDGE_LOOP('',(#995,#996,#997,#998));
#191=EDGE_LOOP('',(#999,#1000,#1001,#1002));
#192=EDGE_LOOP('',(#1003,#1004,#1005,#1006));
#193=EDGE_LOOP('',(#1007,#1008,#1009,#1010));
#194=EDGE_LOOP('',(#1011));
#195=EDGE_LOOP('',(#1012,#1013,#1014,#1015));
#196=EDGE_LOOP('',(#1016,#1017,#1018,#1019));
#197=EDGE_LOOP('',(#1020,#1021,#1022,#1023));
#198=EDGE_LOOP('',(#1024,#1025,#1026,#1027));
#199=EDGE_LOOP('',(#1028,#1029,#1030,#1031));
#200=EDGE_LOOP('',(#1032));
#201=EDGE_LOOP('',(#1033,#1034,#1035,#1036));
#202=EDGE_LOOP('',(#1037,#1038,#1039,#1040,#1041,#1042));
#203=EDGE_LOOP('',(#1043,#1044,#1045,#1046));
#204=EDGE_LOOP('',(#1047,#1048,#1049,#1050));
#205=EDGE_LOOP('',(#1051,#1052,#1053,#1054));
#206=EDGE_LOOP('',(#1055,#1056,#1057,#1058));
#207=EDGE_LOOP('',(#1059));
#208=EDGE_LOOP('',(#1060,#1061,#1062,#1063));
#209=EDGE_LOOP('',(#1064,#1065,#1066,#1067));
#210=EDGE_LOOP('',(#1068,#1069,#1070,#1071));
#211=EDGE_LOOP('',(#1072,#1073,#1074,#1075));
#212=EDGE_LOOP('',(#1076,#1077,#1078,#1079));
#213=EDGE_LOOP('',(#1080,#1081,#1082,#1083));
#214=EDGE_LOOP('',(#1084,#1085,#1086,#1087));
#215=EDGE_LOOP('',(#1088,#1089,#1090,#1091));
#216=EDGE_LOOP('',(#1092,#1093,#1094,#1095));
#217=EDGE_LOOP('',(#1096,#1097,#1098,#1099,#1100));
#218=EDGE_LOOP('',(#1101,#1102,#1103,#1104));
#219=EDGE_LOOP('',(#1105,#1106,#1107,#1108,#1109,#1110));
#220=EDGE_LOOP('',(#1111));
#221=EDGE_LOOP('',(#1112,#1113,#1114,#1115));
#222=EDGE_LOOP('',(#1116,#1117,#1118,#1119,#1120,#1121,#1122,#1123));
#223=EDGE_LOOP('',(#1124,#1125,#1126,#1127));
#224=EDGE_LOOP('',(#1128,#1129,#1130,#1131));
#225=EDGE_LOOP('',(#1132,#1133,#1134,#1135));
#226=EDGE_LOOP('',(#1136,#1137,#1138,#1139));
#227=EDGE_LOOP('',(#1140,#1141,#1142,#1143,#1144));
#228=EDGE_LOOP('',(#1145,#1146,#1147,#1148));
#229=EDGE_LOOP('',(#1149,#1150,#1151,#1152,#1153,#1154));
#230=EDGE_LOOP('',(#1155));
#231=EDGE_LOOP('',(#1156,#1157,#1158,#1159,#1160));
#232=EDGE_LOOP('',(#1161,#1162,#1163,#1164));
#233=EDGE_LOOP('',(#1165));
#234=EDGE_LOOP('',(#1166));
#235=EDGE_LOOP('',(#1167,#1168,#1169,#1170));
#236=EDGE_LOOP('',(#1171));
#237=EDGE_LOOP('',(#1172));
#238=EDGE_LOOP('',(#1173));
#239=EDGE_LOOP('',(#1174));
#240=EDGE_LOOP('',(#1175));
#241=EDGE_LOOP('',(#1176));
#242=EDGE_LOOP('',(#1177));
#243=EDGE_LOOP('',(#1178));
#244=EDGE_LOOP('',(#1179,#1180,#1181,#1182,#1183));
#245=EDGE_LOOP('',(#1184,#1185,#1186,#1187,#1188,#1189));
#246=EDGE_LOOP('',(#1190,#1191,#1192,#1193,#1194));
#247=EDGE_LOOP('',(#1195));
#248=EDGE_LOOP('',(#1196));
#249=EDGE_LOOP('',(#1197));
#250=EDGE_LOOP('',(#1198));
#251=EDGE_LOOP('',(#1199));
#252=EDGE_LOOP('',(#1200));
#253=EDGE_LOOP('',(#1201));
#254=EDGE_LOOP('',(#1202));
#255=EDGE_LOOP('',(#1203));
#256=EDGE_LOOP('',(#1204));
#257=EDGE_LOOP('',(#1205));
#258=EDGE_LOOP('',(#1206,#1207,#1208,#1209,#1210,#1211,#1212,#1213,#1214,
#1215,#1216));
#259=EDGE_LOOP('',(#1217,#1218,#1219,#1220));
#260=EDGE_LOOP('',(#1221,#1222,#1223,#1224));
#261=EDGE_LOOP('',(#1225,#1226,#1227,#1228));
#262=EDGE_LOOP('',(#1229,#1230,#1231,#1232,#1233));
#263=EDGE_LOOP('',(#1234,#1235,#1236,#1237,#1238,#1239));
#264=EDGE_LOOP('',(#1240,#1241,#1242,#1243,#1244));
#265=EDGE_LOOP('',(#1245,#1246,#1247,#1248,#1249));
#266=EDGE_LOOP('',(#1250,#1251,#1252,#1253,#1254,#1255));
#267=EDGE_LOOP('',(#1256,#1257,#1258,#1259,#1260));
#268=EDGE_LOOP('',(#1261,#1262,#1263,#1264,#1265));
#269=EDGE_LOOP('',(#1266,#1267,#1268,#1269,#1270,#1271));
#270=EDGE_LOOP('',(#1272,#1273,#1274,#1275,#1276));
#271=EDGE_LOOP('',(#1277,#1278,#1279,#1280,#1281));
#272=EDGE_LOOP('',(#1282,#1283,#1284,#1285,#1286,#1287));
#273=EDGE_LOOP('',(#1288,#1289,#1290,#1291,#1292));
#274=EDGE_LOOP('',(#1293,#1294,#1295,#1296,#1297,#1298,#1299,#1300,#1301,
#1302,#1303,#1304));
#275=EDGE_LOOP('',(#1305,#1306,#1307));
#276=EDGE_LOOP('',(#1308,#1309,#1310));
#277=EDGE_LOOP('',(#1311,#1312,#1313));
#278=EDGE_LOOP('',(#1314,#1315));
#279=EDGE_LOOP('',(#1316,#1317));
#280=EDGE_LOOP('',(#1318,#1319,#1320,#1321));
#281=EDGE_LOOP('',(#1322,#1323,#1324,#1325));
#282=EDGE_LOOP('',(#1326,#1327));
#283=EDGE_LOOP('',(#1328));
#284=EDGE_LOOP('',(#1329,#1330));
#285=EDGE_LOOP('',(#1331,#1332,#1333,#1334));
#286=EDGE_LOOP('',(#1335,#1336,#1337,#1338));
#287=EDGE_LOOP('',(#1339,#1340,#1341,#1342));
#288=EDGE_LOOP('',(#1343));
#289=EDGE_LOOP('',(#1344));
#290=EDGE_LOOP('',(#1345,#1346,#1347,#1348,#1349));
#291=EDGE_LOOP('',(#1350,#1351,#1352,#1353,#1354,#1355,#1356,#1357,#1358,
#1359,#1360,#1361,#1362,#1363,#1364,#1365,#1366,#1367,#1368,#1369,#1370,
#1371,#1372,#1373,#1374,#1375,#1376,#1377,#1378));
#292=EDGE_LOOP('',(#1379,#1380,#1381,#1382,#1383,#1384));
#293=EDGE_LOOP('',(#1385,#1386,#1387,#1388,#1389,#1390));
#294=EDGE_LOOP('',(#1391,#1392,#1393,#1394,#1395,#1396,#1397,#1398));
#295=EDGE_LOOP('',(#1399,#1400,#1401,#1402,#1403,#1404));
#296=EDGE_LOOP('',(#1405,#1406,#1407,#1408));
#297=EDGE_LOOP('',(#1409,#1410,#1411,#1412));
#298=B_SPLINE_CURVE_WITH_KNOTS('',3,(#2100,#2101,#2102,#2103,#2104,#2105,
#2106,#2107,#2108,#2109),.UNSPECIFIED.,.F.,.F.,(4,2,2,2,4),(0.70164097660497,
0.760110662022868,0.818580347440766,0.877050824790363,0.93552130213996),
 .UNSPECIFIED.);
#299=B_SPLINE_CURVE_WITH_KNOTS('',3,(#2111,#2112,#2113,#2114,#2115,#2116,
#2117,#2118,#2119,#2120,#2121,#2122,#2123,#2124,#2125,#2126,#2127,#2128),
 .UNSPECIFIED.,.F.,.F.,(4,2,2,2,2,2,2,2,4),(0.23388032553499,0.292350010952888,
0.350819696370786,0.409290173720383,0.46776065106998,0.526231128419577,
0.584701605769174,0.643171291187072,0.70164097660497),.UNSPECIFIED.);
#300=B_SPLINE_CURVE_WITH_KNOTS('',3,(#2129,#2130,#2131,#2132,#2133,#2134,
#2135,#2136,#2137,#2138),.UNSPECIFIED.,.F.,.F.,(4,2,2,2,4),(0.93552130213996,
0.993991779489557,1.05246225683915,1.11093194225705,1.16940162767495),
 .UNSPECIFIED.);
#301=B_SPLINE_CURVE_WITH_KNOTS('',3,(#2145,#2146,#2147,#2148,#2149,#2150,
#2151,#2152,#2153,#2154),.UNSPECIFIED.,.F.,.F.,(4,2,2,2,4),(0.70164097660497,
0.760110662022868,0.818580347440766,0.877050824790363,0.93552130213996),
 .UNSPECIFIED.);
#302=B_SPLINE_CURVE_WITH_KNOTS('',3,(#2156,#2157,#2158,#2159,#2160,#2161,
#2162,#2163,#2164,#2165,#2166,#2167,#2168,#2169,#2170,#2171,#2172,#2173),
 .UNSPECIFIED.,.F.,.F.,(4,2,2,2,2,2,2,2,4),(0.23388032553499,0.292350010952888,
0.350819696370786,0.409290173720383,0.46776065106998,0.526231128419577,
0.584701605769174,0.643171291187072,0.70164097660497),.UNSPECIFIED.);
#303=B_SPLINE_CURVE_WITH_KNOTS('',3,(#2174,#2175,#2176,#2177,#2178,#2179,
#2180,#2181,#2182,#2183),.UNSPECIFIED.,.F.,.F.,(4,2,2,2,4),(0.93552130213996,
0.993991779489557,1.05246225683915,1.11093194225705,1.16940162767495),
 .UNSPECIFIED.);
#304=B_SPLINE_CURVE_WITH_KNOTS('',3,(#2240,#2241,#2242,#2243,#2244,#2245,
#2246,#2247,#2248,#2249),.UNSPECIFIED.,.F.,.F.,(4,2,2,2,4),(0.70164097660497,
0.760110662022868,0.818580347440766,0.877050824790363,0.93552130213996),
 .UNSPECIFIED.);
#305=B_SPLINE_CURVE_WITH_KNOTS('',3,(#2251,#2252,#2253,#2254,#2255,#2256,
#2257,#2258,#2259,#2260,#2261,#2262,#2263,#2264,#2265,#2266,#2267,#2268),
 .UNSPECIFIED.,.F.,.F.,(4,2,2,2,2,2,2,2,4),(0.23388032553499,0.292350010952888,
0.350819696370786,0.409290173720383,0.46776065106998,0.526231128419577,
0.584701605769174,0.643171291187072,0.70164097660497),.UNSPECIFIED.);
#306=B_SPLINE_CURVE_WITH_KNOTS('',3,(#2269,#2270,#2271,#2272,#2273,#2274,
#2275,#2276,#2277,#2278),.UNSPECIFIED.,.F.,.F.,(4,2,2,2,4),(0.93552130213996,
0.993991779489557,1.05246225683915,1.11093194225705,1.16940162767495),
 .UNSPECIFIED.);
#307=B_SPLINE_CURVE_WITH_KNOTS('',3,(#2514,#2515,#2516,#2517),
 .UNSPECIFIED.,.F.,.F.,(4,4),(0.00214760571573209,0.00238061657585602),
 .UNSPECIFIED.);
#308=B_SPLINE_CURVE_WITH_KNOTS('',3,(#2526,#2527,#2528,#2529),
 .UNSPECIFIED.,.F.,.F.,(4,4),(0.00233240646135178,0.00256538264308235),
 .UNSPECIFIED.);
#309=B_SPLINE_CURVE_WITH_KNOTS('',3,(#2530,#2531,#2532,#2533),
 .UNSPECIFIED.,.F.,.F.,(4,4),(0.00066197395365895,0.00125624888092306),
 .UNSPECIFIED.);
#310=B_SPLINE_CURVE_WITH_KNOTS('',3,(#2606,#2607,#2608,#2609,#2610,#2611,
#2612,#2613,#2614,#2615,#2616,#2617,#2618,#2619,#2620,#2621,#2622,#2623,
#2624,#2625,#2626,#2627,#2628,#2629,#2630,#2631,#2632,#2633,#2634,#2635,
#2636,#2637,#2638,#2639,#2640),.UNSPECIFIED.,.F.,.F.,(4,2,2,2,2,2,2,2,3,
2,2,2,2,2,2,2,4),(-0.974089115920588,-0.971774512705653,-0.846655739171382,
-0.670206379981788,-0.493757020792193,-0.358118143330392,-0.22247926586859,
-0.111239632934295,0.,0.111239632934295,0.22247926586859,0.358118143330392,
0.493757020792193,0.670206379981788,0.846655739171382,0.971774512705653,
0.974089115920887),.UNSPECIFIED.);
#311=B_SPLINE_CURVE_WITH_KNOTS('',3,(#2644,#2645,#2646,#2647,#2648,#2649,
#2650,#2651,#2652,#2653,#2654,#2655,#2656,#2657,#2658,#2659,#2660,#2661,
#2662,#2663),.UNSPECIFIED.,.F.,.F.,(4,2,2,2,2,2,2,2,2,4),(-1.48932013926457,
-1.41153848104127,-1.33375682281798,-1.23653838728345,-1.13931995174891,
-1.02382709522737,-0.908334238705827,-0.826497154169056,-0.785578611900671,
-0.744660069632286),.UNSPECIFIED.);
#312=B_SPLINE_CURVE_WITH_KNOTS('',3,(#2664,#2665,#2666,#2667,#2668,#2669,
#2670,#2671,#2672,#2673,#2674,#2675,#2676,#2677,#2678,#2679,#2680,#2681,
#2682,#2683),.UNSPECIFIED.,.F.,.F.,(4,2,2,2,2,2,2,2,2,4),(-0.744660069632286,
-0.7037415273639,-0.662822985095515,-0.580985900558745,-0.465493044037201,
-0.350000187515657,-0.252781751981126,-0.155563316446595,-0.0777816582232976,
0.),.UNSPECIFIED.);
#313=LINE('',#2098,#430);
#314=LINE('',#2143,#431);
#315=LINE('',#2187,#432);
#316=LINE('',#2189,#433);
#317=LINE('',#2191,#434);
#318=LINE('',#2192,#435);
#319=LINE('',#2195,#436);
#320=LINE('',#2197,#437);
#321=LINE('',#2198,#438);
#322=LINE('',#2201,#439);
#323=LINE('',#2203,#440);
#324=LINE('',#2204,#441);
#325=LINE('',#2206,#442);
#326=LINE('',#2207,#443);
#327=LINE('',#2212,#444);
#328=LINE('',#2214,#445);
#329=LINE('',#2216,#446);
#330=LINE('',#2217,#447);
#331=LINE('',#2220,#448);
#332=LINE('',#2222,#449);
#333=LINE('',#2223,#450);
#334=LINE('',#2226,#451);
#335=LINE('',#2228,#452);
#336=LINE('',#2229,#453);
#337=LINE('',#2231,#454);
#338=LINE('',#2232,#455);
#339=LINE('',#2238,#456);
#340=LINE('',#2282,#457);
#341=LINE('',#2284,#458);
#342=LINE('',#2286,#459);
#343=LINE('',#2287,#460);
#344=LINE('',#2290,#461);
#345=LINE('',#2292,#462);
#346=LINE('',#2293,#463);
#347=LINE('',#2296,#464);
#348=LINE('',#2298,#465);
#349=LINE('',#2299,#466);
#350=LINE('',#2301,#467);
#351=LINE('',#2302,#468);
#352=LINE('',#2308,#469);
#353=LINE('',#2314,#470);
#354=LINE('',#2320,#471);
#355=LINE('',#2326,#472);
#356=LINE('',#2331,#473);
#357=LINE('',#2333,#474);
#358=LINE('',#2335,#475);
#359=LINE('',#2336,#476);
#360=LINE('',#2340,#477);
#361=LINE('',#2342,#478);
#362=LINE('',#2344,#479);
#363=LINE('',#2345,#480);
#364=LINE('',#2349,#481);
#365=LINE('',#2356,#482);
#366=LINE('',#2368,#483);
#367=LINE('',#2370,#484);
#368=LINE('',#2372,#485);
#369=LINE('',#2373,#486);
#370=LINE('',#2377,#487);
#371=LINE('',#2378,#488);
#372=LINE('',#2379,#489);
#373=LINE('',#2383,#490);
#374=LINE('',#2385,#491);
#375=LINE('',#2394,#492);
#376=LINE('',#2399,#493);
#377=LINE('',#2408,#494);
#378=LINE('',#2412,#495);
#379=LINE('',#2414,#496);
#380=LINE('',#2417,#497);
#381=LINE('',#2418,#498);
#382=LINE('',#2421,#499);
#383=LINE('',#2423,#500);
#384=LINE('',#2432,#501);
#385=LINE('',#2434,#502);
#386=LINE('',#2435,#503);
#387=LINE('',#2445,#504);
#388=LINE('',#2447,#505);
#389=LINE('',#2449,#506);
#390=LINE('',#2480,#507);
#391=LINE('',#2487,#508);
#392=LINE('',#2490,#509);
#393=LINE('',#2520,#510);
#394=LINE('',#2537,#511);
#395=LINE('',#2540,#512);
#396=LINE('',#2543,#513);
#397=LINE('',#2548,#514);
#398=LINE('',#2552,#515);
#399=LINE('',#2557,#516);
#400=LINE('',#2562,#517);
#401=LINE('',#2566,#518);
#402=LINE('',#2571,#519);
#403=LINE('',#2576,#520);
#404=LINE('',#2580,#521);
#405=LINE('',#2585,#522);
#406=LINE('',#2590,#523);
#407=LINE('',#2594,#524);
#408=LINE('',#2599,#525);
#409=LINE('',#2641,#526);
#410=LINE('',#2687,#527);
#411=LINE('',#2690,#528);
#412=LINE('',#2704,#529);
#413=LINE('',#2706,#530);
#414=LINE('',#2708,#531);
#415=LINE('',#2711,#532);
#416=LINE('',#2713,#533);
#417=LINE('',#2716,#534);
#418=LINE('',#2719,#535);
#419=LINE('',#2721,#536);
#420=LINE('',#2723,#537);
#421=LINE('',#2724,#538);
#422=LINE('',#2727,#539);
#423=LINE('',#2729,#540);
#424=LINE('',#2731,#541);
#425=LINE('',#2732,#542);
#426=LINE('',#2734,#543);
#427=LINE('',#2735,#544);
#428=LINE('',#2737,#545);
#429=LINE('',#2739,#546);
#430=VECTOR('',#1678,1.55);
#431=VECTOR('',#1683,1.55);
#432=VECTOR('',#1686,10.);
#433=VECTOR('',#1687,10.);
#434=VECTOR('',#1688,10.);
#435=VECTOR('',#1689,10.);
#436=VECTOR('',#1692,10.);
#437=VECTOR('',#1693,10.);
#438=VECTOR('',#1694,10.);
#439=VECTOR('',#1697,10.);
#440=VECTOR('',#1698,10.);
#441=VECTOR('',#1699,10.);
#442=VECTOR('',#1702,10.);
#443=VECTOR('',#1703,10.);
#444=VECTOR('',#1708,10.);
#445=VECTOR('',#1709,10.);
#446=VECTOR('',#1710,10.);
#447=VECTOR('',#1711,10.);
#448=VECTOR('',#1714,10.);
#449=VECTOR('',#1715,10.);
#450=VECTOR('',#1716,10.);
#451=VECTOR('',#1719,10.);
#452=VECTOR('',#1720,10.);
#453=VECTOR('',#1721,10.);
#454=VECTOR('',#1724,10.);
#455=VECTOR('',#1725,10.);
#456=VECTOR('',#1732,1.55);
#457=VECTOR('',#1735,10.);
#458=VECTOR('',#1736,10.);
#459=VECTOR('',#1737,10.);
#460=VECTOR('',#1738,10.);
#461=VECTOR('',#1741,10.);
#462=VECTOR('',#1742,10.);
#463=VECTOR('',#1743,10.);
#464=VECTOR('',#1746,10.);
#465=VECTOR('',#1747,10.);
#466=VECTOR('',#1748,10.);
#467=VECTOR('',#1751,10.);
#468=VECTOR('',#1752,10.);
#469=VECTOR('',#1759,1.5);
#470=VECTOR('',#1766,1.5);
#471=VECTOR('',#1773,1.5);
#472=VECTOR('',#1780,1.5);
#473=VECTOR('',#1785,1.);
#474=VECTOR('',#1786,7.23754779275534);
#475=VECTOR('',#1787,1.);
#476=VECTOR('',#1788,7.23754779275534);
#477=VECTOR('',#1791,0.999999999999999);
#478=VECTOR('',#1792,7.23754779275534);
#479=VECTOR('',#1793,1.);
#480=VECTOR('',#1794,7.23754779275534);
#481=VECTOR('',#1797,6.91923249804484);
#482=VECTOR('',#1806,6.91923249804484);
#483=VECTOR('',#1811,9.59999999619359);
#484=VECTOR('',#1812,0.930602010124839);
#485=VECTOR('',#1813,10.);
#486=VECTOR('',#1814,0.527864044999999);
#487=VECTOR('',#1817,6.91923249804484);
#488=VECTOR('',#1818,1.);
#489=VECTOR('',#1819,1.);
#490=VECTOR('',#1822,6.91923249804484);
#491=VECTOR('',#1823,7.59999999999995);
#492=VECTOR('',#1824,6.0159525267);
#493=VECTOR('',#1825,7.5);
#494=VECTOR('',#1836,0.527864044999999);
#495=VECTOR('',#1839,6.0159525267);
#496=VECTOR('',#1842,1.);
#497=VECTOR('',#1845,1.);
#498=VECTOR('',#1846,10.);
#499=VECTOR('',#1849,0.930602010124839);
#500=VECTOR('',#1850,9.59999999999995);
#501=VECTOR('',#1853,0.999999999999999);
#502=VECTOR('',#1854,6.91923249804484);
#503=VECTOR('',#1855,1.);
#504=VECTOR('',#1858,7.59999999619359);
#505=VECTOR('',#1859,6.91923249804484);
#506=VECTOR('',#1860,7.5);
#507=VECTOR('',#1895,19.74999999994);
#508=VECTOR('',#1904,20.);
#509=VECTOR('',#1907,19.74999999996);
#510=VECTOR('',#1930,4.249999998607);
#511=VECTOR('',#1939,1.699999995178);
#512=VECTOR('',#1942,1.6);
#513=VECTOR('',#1947,1.699999995178);
#514=VECTOR('',#1952,1.699999995178);
#515=VECTOR('',#1957,1.6);
#516=VECTOR('',#1964,1.699999995178);
#517=VECTOR('',#1969,1.699999995178);
#518=VECTOR('',#1974,1.6);
#519=VECTOR('',#1981,1.699999995178);
#520=VECTOR('',#1986,1.699999995178);
#521=VECTOR('',#1991,1.6);
#522=VECTOR('',#1998,1.699999995178);
#523=VECTOR('',#2003,1.599999995431);
#524=VECTOR('',#2008,1.5);
#525=VECTOR('',#2015,1.599999995431);
#526=VECTOR('',#2024,2.164648327884);
#527=VECTOR('',#2029,1.65);
#528=VECTOR('',#2032,1.65);
#529=VECTOR('',#2057,2.1);
#530=VECTOR('',#2060,4.1);
#531=VECTOR('',#2061,7.39999999999946);
#532=VECTOR('',#2064,7.39999999999946);
#533=VECTOR('',#2065,7.39999999999946);
#534=VECTOR('',#2068,7.39999999999946);
#535=VECTOR('',#2071,0.240595697993653);
#536=VECTOR('',#2072,1.5);
#537=VECTOR('',#2073,7.8);
#538=VECTOR('',#2074,1.33003585277185);
#539=VECTOR('',#2077,1.33003585484633);
#540=VECTOR('',#2078,7.8);
#541=VECTOR('',#2079,1.5);
#542=VECTOR('',#2080,0.24059569986145);
#543=VECTOR('',#2083,0.95);
#544=VECTOR('',#2084,0.377482196295607);
#545=VECTOR('',#2087,0.95);
#546=VECTOR('',#2090,0.95);
#547=CIRCLE('',#1522,1.55);
#548=CIRCLE('',#1524,1.55);
#549=CIRCLE('',#1536,1.55);
#550=CIRCLE('',#1543,1.5);
#551=CIRCLE('',#1544,1.5);
#552=CIRCLE('',#1546,1.5);
#553=CIRCLE('',#1547,1.5);
#554=CIRCLE('',#1549,1.5);
#555=CIRCLE('',#1550,1.5);
#556=CIRCLE('',#1552,1.5);
#557=CIRCLE('',#1553,1.5);
#558=CIRCLE('',#1557,4.1);
#559=CIRCLE('',#1558,11.);
#560=CIRCLE('',#1560,4.1);
#561=CIRCLE('',#1561,11.);
#562=CIRCLE('',#1565,1.65);
#563=CIRCLE('',#1567,4.1);
#564=CIRCLE('',#1568,4.5);
#565=CIRCLE('',#1570,4.5);
#566=CIRCLE('',#1571,10.5);
#567=CIRCLE('',#1576,1.65);
#568=CIRCLE('',#1578,4.1);
#569=CIRCLE('',#1579,4.1);
#570=CIRCLE('',#1581,4.1);
#571=CIRCLE('',#1583,19.5);
#572=CIRCLE('',#1584,1.7);
#573=CIRCLE('',#1585,4.1);
#574=CIRCLE('',#1586,11.);
#575=CIRCLE('',#1587,1.8);
#576=CIRCLE('',#1588,1.8);
#577=CIRCLE('',#1589,1.8);
#578=CIRCLE('',#1590,1.8);
#579=CIRCLE('',#1592,20.);
#580=CIRCLE('',#1593,20.);
#581=CIRCLE('',#1595,20.);
#582=CIRCLE('',#1596,20.);
#583=CIRCLE('',#1598,19.5);
#584=CIRCLE('',#1600,1.7);
#585=CIRCLE('',#1601,1.8);
#586=CIRCLE('',#1602,1.8);
#587=CIRCLE('',#1603,1.8);
#588=CIRCLE('',#1604,1.8);
#589=CIRCLE('',#1605,4.5);
#590=CIRCLE('',#1607,4.1);
#591=CIRCLE('',#1608,4.1);
#592=CIRCLE('',#1609,4.1);
#593=CIRCLE('',#1610,4.1);
#594=CIRCLE('',#1612,1.6);
#595=CIRCLE('',#1614,1.6);
#596=CIRCLE('',#1617,1.6);
#597=CIRCLE('',#1618,1.6);
#598=CIRCLE('',#1620,1.6);
#599=CIRCLE('',#1621,1.6);
#600=CIRCLE('',#1624,1.6);
#601=CIRCLE('',#1625,1.6);
#602=CIRCLE('',#1627,1.6);
#603=CIRCLE('',#1628,1.6);
#604=CIRCLE('',#1631,1.6);
#605=CIRCLE('',#1632,1.6);
#606=CIRCLE('',#1634,1.6);
#607=CIRCLE('',#1635,1.6);
#608=CIRCLE('',#1638,1.5);
#609=CIRCLE('',#1639,1.5);
#610=CIRCLE('',#1641,1.5);
#611=CIRCLE('',#1642,1.5);
#612=CIRCLE('',#1645,11.);
#613=CIRCLE('',#1646,11.);
#614=CIRCLE('',#1647,11.);
#615=CIRCLE('',#1649,1.65);
#616=CIRCLE('',#1651,1.65);
#617=CIRCLE('',#1653,3.);
#618=CIRCLE('',#1656,4.1);
#619=CIRCLE('',#1658,4.1);
#620=CIRCLE('',#1661,2.1);
#621=CIRCLE('',#1664,4.1);
#622=CIRCLE('',#1665,4.1);
#623=VERTEX_POINT('',#2095);
#624=VERTEX_POINT('',#2097);
#625=VERTEX_POINT('',#2099);
#626=VERTEX_POINT('',#2110);
#627=VERTEX_POINT('',#2140);
#628=VERTEX_POINT('',#2142);
#629=VERTEX_POINT('',#2144);
#630=VERTEX_POINT('',#2155);
#631=VERTEX_POINT('',#2185);
#632=VERTEX_POINT('',#2186);
#633=VERTEX_POINT('',#2188);
#634=VERTEX_POINT('',#2190);
#635=VERTEX_POINT('',#2194);
#636=VERTEX_POINT('',#2196);
#637=VERTEX_POINT('',#2200);
#638=VERTEX_POINT('',#2202);
#639=VERTEX_POINT('',#2210);
#640=VERTEX_POINT('',#2211);
#641=VERTEX_POINT('',#2213);
#642=VERTEX_POINT('',#2215);
#643=VERTEX_POINT('',#2219);
#644=VERTEX_POINT('',#2221);
#645=VERTEX_POINT('',#2225);
#646=VERTEX_POINT('',#2227);
#647=VERTEX_POINT('',#2235);
#648=VERTEX_POINT('',#2237);
#649=VERTEX_POINT('',#2239);
#650=VERTEX_POINT('',#2250);
#651=VERTEX_POINT('',#2280);
#652=VERTEX_POINT('',#2281);
#653=VERTEX_POINT('',#2283);
#654=VERTEX_POINT('',#2285);
#655=VERTEX_POINT('',#2289);
#656=VERTEX_POINT('',#2291);
#657=VERTEX_POINT('',#2295);
#658=VERTEX_POINT('',#2297);
#659=VERTEX_POINT('',#2305);
#660=VERTEX_POINT('',#2307);
#661=VERTEX_POINT('',#2311);
#662=VERTEX_POINT('',#2313);
#663=VERTEX_POINT('',#2317);
#664=VERTEX_POINT('',#2319);
#665=VERTEX_POINT('',#2323);
#666=VERTEX_POINT('',#2325);
#667=VERTEX_POINT('',#2329);
#668=VERTEX_POINT('',#2330);
#669=VERTEX_POINT('',#2332);
#670=VERTEX_POINT('',#2334);
#671=VERTEX_POINT('',#2338);
#672=VERTEX_POINT('',#2339);
#673=VERTEX_POINT('',#2341);
#674=VERTEX_POINT('',#2343);
#675=VERTEX_POINT('',#2347);
#676=VERTEX_POINT('',#2348);
#677=VERTEX_POINT('',#2353);
#678=VERTEX_POINT('',#2355);
#679=VERTEX_POINT('',#2359);
#680=VERTEX_POINT('',#2360);
#681=VERTEX_POINT('',#2367);
#682=VERTEX_POINT('',#2369);
#683=VERTEX_POINT('',#2371);
#684=VERTEX_POINT('',#2375);
#685=VERTEX_POINT('',#2376);
#686=VERTEX_POINT('',#2381);
#687=VERTEX_POINT('',#2382);
#688=VERTEX_POINT('',#2384);
#689=VERTEX_POINT('',#2386);
#690=VERTEX_POINT('',#2393);
#691=VERTEX_POINT('',#2395);
#692=VERTEX_POINT('',#2400);
#693=VERTEX_POINT('',#2406);
#694=VERTEX_POINT('',#2407);
#695=VERTEX_POINT('',#2409);
#696=VERTEX_POINT('',#2411);
#697=VERTEX_POINT('',#2416);
#698=VERTEX_POINT('',#2420);
#699=VERTEX_POINT('',#2422);
#700=VERTEX_POINT('',#2431);
#701=VERTEX_POINT('',#2433);
#702=VERTEX_POINT('',#2437);
#703=VERTEX_POINT('',#2444);
#704=VERTEX_POINT('',#2446);
#705=VERTEX_POINT('',#2448);
#706=VERTEX_POINT('',#2453);
#707=VERTEX_POINT('',#2456);
#708=VERTEX_POINT('',#2462);
#709=VERTEX_POINT('',#2464);
#710=VERTEX_POINT('',#2468);
#711=VERTEX_POINT('',#2470);
#712=VERTEX_POINT('',#2472);
#713=VERTEX_POINT('',#2474);
#714=VERTEX_POINT('',#2477);
#715=VERTEX_POINT('',#2478);
#716=VERTEX_POINT('',#2483);
#717=VERTEX_POINT('',#2484);
#718=VERTEX_POINT('',#2489);
#719=VERTEX_POINT('',#2493);
#720=VERTEX_POINT('',#2495);
#721=VERTEX_POINT('',#2497);
#722=VERTEX_POINT('',#2499);
#723=VERTEX_POINT('',#2501);
#724=VERTEX_POINT('',#2503);
#725=VERTEX_POINT('',#2506);
#726=VERTEX_POINT('',#2507);
#727=VERTEX_POINT('',#2509);
#728=VERTEX_POINT('',#2513);
#729=VERTEX_POINT('',#2518);
#730=VERTEX_POINT('',#2521);
#731=VERTEX_POINT('',#2523);
#732=VERTEX_POINT('',#2525);
#733=VERTEX_POINT('',#2535);
#734=VERTEX_POINT('',#2539);
#735=VERTEX_POINT('',#2545);
#736=VERTEX_POINT('',#2546);
#737=VERTEX_POINT('',#2551);
#738=VERTEX_POINT('',#2553);
#739=VERTEX_POINT('',#2559);
#740=VERTEX_POINT('',#2560);
#741=VERTEX_POINT('',#2565);
#742=VERTEX_POINT('',#2567);
#743=VERTEX_POINT('',#2573);
#744=VERTEX_POINT('',#2574);
#745=VERTEX_POINT('',#2579);
#746=VERTEX_POINT('',#2581);
#747=VERTEX_POINT('',#2587);
#748=VERTEX_POINT('',#2588);
#749=VERTEX_POINT('',#2593);
#750=VERTEX_POINT('',#2595);
#751=VERTEX_POINT('',#2604);
#752=VERTEX_POINT('',#2605);
#753=VERTEX_POINT('',#2642);
#754=VERTEX_POINT('',#2643);
#755=VERTEX_POINT('',#2685);
#756=VERTEX_POINT('',#2689);
#757=VERTEX_POINT('',#2701);
#758=VERTEX_POINT('',#2707);
#759=VERTEX_POINT('',#2709);
#760=VERTEX_POINT('',#2712);
#761=VERTEX_POINT('',#2714);
#762=VERTEX_POINT('',#2718);
#763=VERTEX_POINT('',#2720);
#764=VERTEX_POINT('',#2722);
#765=VERTEX_POINT('',#2726);
#766=VERTEX_POINT('',#2728);
#767=VERTEX_POINT('',#2730);
#768=EDGE_CURVE('',#623,#623,#547,.T.);
#769=EDGE_CURVE('',#623,#624,#313,.T.);
#770=EDGE_CURVE('',#625,#624,#298,.T.);
#771=EDGE_CURVE('',#626,#625,#299,.T.);
#772=EDGE_CURVE('',#624,#626,#300,.T.);
#773=EDGE_CURVE('',#627,#627,#548,.T.);
#774=EDGE_CURVE('',#627,#628,#314,.T.);
#775=EDGE_CURVE('',#629,#628,#301,.T.);
#776=EDGE_CURVE('',#630,#629,#302,.T.);
#777=EDGE_CURVE('',#628,#630,#303,.T.);
#778=EDGE_CURVE('',#631,#632,#315,.T.);
#779=EDGE_CURVE('',#631,#633,#316,.T.);
#780=EDGE_CURVE('',#633,#634,#317,.T.);
#781=EDGE_CURVE('',#632,#634,#318,.T.);
#782=EDGE_CURVE('',#635,#631,#319,.T.);
#783=EDGE_CURVE('',#635,#636,#320,.T.);
#784=EDGE_CURVE('',#636,#633,#321,.T.);
#785=EDGE_CURVE('',#637,#635,#322,.T.);
#786=EDGE_CURVE('',#637,#638,#323,.T.);
#787=EDGE_CURVE('',#638,#636,#324,.T.);
#788=EDGE_CURVE('',#632,#637,#325,.T.);
#789=EDGE_CURVE('',#634,#638,#326,.T.);
#790=EDGE_CURVE('',#639,#640,#327,.T.);
#791=EDGE_CURVE('',#639,#641,#328,.T.);
#792=EDGE_CURVE('',#641,#642,#329,.T.);
#793=EDGE_CURVE('',#640,#642,#330,.T.);
#794=EDGE_CURVE('',#643,#639,#331,.T.);
#795=EDGE_CURVE('',#643,#644,#332,.T.);
#796=EDGE_CURVE('',#644,#641,#333,.T.);
#797=EDGE_CURVE('',#645,#643,#334,.T.);
#798=EDGE_CURVE('',#645,#646,#335,.T.);
#799=EDGE_CURVE('',#646,#644,#336,.T.);
#800=EDGE_CURVE('',#640,#645,#337,.T.);
#801=EDGE_CURVE('',#642,#646,#338,.T.);
#802=EDGE_CURVE('',#647,#647,#549,.T.);
#803=EDGE_CURVE('',#647,#648,#339,.T.);
#804=EDGE_CURVE('',#649,#648,#304,.T.);
#805=EDGE_CURVE('',#650,#649,#305,.T.);
#806=EDGE_CURVE('',#648,#650,#306,.T.);
#807=EDGE_CURVE('',#651,#652,#340,.T.);
#808=EDGE_CURVE('',#651,#653,#341,.T.);
#809=EDGE_CURVE('',#653,#654,#342,.T.);
#810=EDGE_CURVE('',#652,#654,#343,.T.);
#811=EDGE_CURVE('',#655,#651,#344,.T.);
#812=EDGE_CURVE('',#655,#656,#345,.T.);
#813=EDGE_CURVE('',#656,#653,#346,.T.);
#814=EDGE_CURVE('',#657,#655,#347,.T.);
#815=EDGE_CURVE('',#657,#658,#348,.T.);
#816=EDGE_CURVE('',#658,#656,#349,.T.);
#817=EDGE_CURVE('',#652,#657,#350,.T.);
#818=EDGE_CURVE('',#654,#658,#351,.T.);
#819=EDGE_CURVE('',#659,#659,#550,.T.);
#820=EDGE_CURVE('',#659,#660,#352,.T.);
#821=EDGE_CURVE('',#660,#660,#551,.T.);
#822=EDGE_CURVE('',#661,#661,#552,.T.);
#823=EDGE_CURVE('',#661,#662,#353,.T.);
#824=EDGE_CURVE('',#662,#662,#553,.T.);
#825=EDGE_CURVE('',#663,#663,#554,.T.);
#826=EDGE_CURVE('',#663,#664,#354,.T.);
#827=EDGE_CURVE('',#664,#664,#555,.T.);
#828=EDGE_CURVE('',#665,#665,#556,.T.);
#829=EDGE_CURVE('',#665,#666,#355,.T.);
#830=EDGE_CURVE('',#666,#666,#557,.T.);
#831=EDGE_CURVE('',#667,#668,#356,.T.);
#832=EDGE_CURVE('',#667,#669,#357,.T.);
#833=EDGE_CURVE('',#669,#670,#358,.T.);
#834=EDGE_CURVE('',#670,#668,#359,.T.);
#835=EDGE_CURVE('',#671,#672,#360,.F.);
#836=EDGE_CURVE('',#671,#673,#361,.T.);
#837=EDGE_CURVE('',#674,#673,#362,.T.);
#838=EDGE_CURVE('',#674,#672,#363,.T.);
#839=EDGE_CURVE('',#675,#676,#364,.T.);
#840=EDGE_CURVE('',#676,#668,#558,.T.);
#841=EDGE_CURVE('',#675,#670,#559,.T.);
#842=EDGE_CURVE('',#671,#677,#560,.T.);
#843=EDGE_CURVE('',#678,#677,#365,.T.);
#844=EDGE_CURVE('',#673,#678,#561,.T.);
#845=EDGE_CURVE('',#679,#680,#31,.T.);
#846=EDGE_CURVE('',#680,#681,#366,.T.);
#847=EDGE_CURVE('',#682,#681,#367,.T.);
#848=EDGE_CURVE('',#683,#682,#368,.T.);
#849=EDGE_CURVE('',#679,#683,#369,.T.);
#850=EDGE_CURVE('',#684,#685,#370,.T.);
#851=EDGE_CURVE('',#684,#676,#371,.F.);
#852=EDGE_CURVE('',#675,#685,#372,.T.);
#853=EDGE_CURVE('',#686,#687,#373,.T.);
#854=EDGE_CURVE('',#687,#688,#374,.F.);
#855=EDGE_CURVE('',#688,#689,#32,.T.);
#856=EDGE_CURVE('',#690,#689,#375,.T.);
#857=EDGE_CURVE('',#691,#690,#33,.T.);
#858=EDGE_CURVE('',#691,#686,#376,.T.);
#859=EDGE_CURVE('',#692,#692,#562,.T.);
#860=EDGE_CURVE('',#688,#680,#563,.F.);
#861=EDGE_CURVE('',#679,#689,#564,.T.);
#862=EDGE_CURVE('',#693,#694,#377,.T.);
#863=EDGE_CURVE('',#695,#693,#565,.T.);
#864=EDGE_CURVE('',#696,#695,#378,.T.);
#865=EDGE_CURVE('',#696,#690,#566,.T.);
#866=EDGE_CURVE('',#694,#683,#379,.T.);
#867=EDGE_CURVE('',#697,#682,#380,.T.);
#868=EDGE_CURVE('',#694,#697,#381,.T.);
#869=EDGE_CURVE('',#698,#697,#382,.T.);
#870=EDGE_CURVE('',#698,#699,#383,.F.);
#871=EDGE_CURVE('',#699,#693,#34,.T.);
#872=EDGE_CURVE('',#677,#700,#384,.T.);
#873=EDGE_CURVE('',#701,#700,#385,.T.);
#874=EDGE_CURVE('',#678,#701,#386,.T.);
#875=EDGE_CURVE('',#695,#702,#35,.T.);
#876=EDGE_CURVE('',#702,#703,#387,.T.);
#877=EDGE_CURVE('',#704,#703,#388,.T.);
#878=EDGE_CURVE('',#705,#704,#389,.T.);
#879=EDGE_CURVE('',#696,#705,#36,.T.);
#880=EDGE_CURVE('',#706,#706,#567,.T.);
#881=EDGE_CURVE('',#699,#707,#568,.F.);
#882=EDGE_CURVE('',#707,#702,#569,.F.);
#883=EDGE_CURVE('',#681,#698,#570,.T.);
#884=EDGE_CURVE('',#708,#708,#571,.T.);
#885=EDGE_CURVE('',#709,#709,#572,.T.);
#886=EDGE_CURVE('',#700,#684,#573,.T.);
#887=EDGE_CURVE('',#685,#701,#574,.T.);
#888=EDGE_CURVE('',#710,#710,#575,.T.);
#889=EDGE_CURVE('',#711,#711,#576,.T.);
#890=EDGE_CURVE('',#712,#712,#577,.T.);
#891=EDGE_CURVE('',#713,#713,#578,.T.);
#892=EDGE_CURVE('',#714,#715,#579,.T.);
#893=EDGE_CURVE('',#715,#708,#390,.T.);
#894=EDGE_CURVE('',#715,#714,#580,.T.);
#895=EDGE_CURVE('',#716,#717,#581,.T.);
#896=EDGE_CURVE('',#717,#716,#582,.T.);
#897=EDGE_CURVE('',#716,#714,#391,.T.);
#898=EDGE_CURVE('',#717,#718,#392,.T.);
#899=EDGE_CURVE('',#718,#718,#583,.T.);
#900=EDGE_CURVE('',#719,#719,#584,.T.);
#901=EDGE_CURVE('',#720,#720,#585,.T.);
#902=EDGE_CURVE('',#721,#721,#586,.T.);
#903=EDGE_CURVE('',#722,#722,#587,.T.);
#904=EDGE_CURVE('',#723,#723,#588,.T.);
#905=EDGE_CURVE('',#724,#724,#589,.T.);
#906=EDGE_CURVE('',#725,#726,#590,.F.);
#907=EDGE_CURVE('',#726,#727,#37,.T.);
#908=EDGE_CURVE('',#727,#728,#307,.T.);
#909=EDGE_CURVE('',#728,#729,#591,.F.);
#910=EDGE_CURVE('',#729,#724,#393,.T.);
#911=EDGE_CURVE('',#729,#730,#592,.F.);
#912=EDGE_CURVE('',#730,#731,#593,.F.);
#913=EDGE_CURVE('',#731,#732,#308,.T.);
#914=EDGE_CURVE('',#732,#725,#309,.T.);
#915=EDGE_CURVE('',#733,#733,#594,.T.);
#916=EDGE_CURVE('',#733,#723,#394,.T.);
#917=EDGE_CURVE('',#733,#734,#395,.T.);
#918=EDGE_CURVE('',#734,#734,#595,.T.);
#919=EDGE_CURVE('',#734,#710,#396,.T.);
#920=EDGE_CURVE('',#735,#736,#596,.T.);
#921=EDGE_CURVE('',#736,#722,#397,.T.);
#922=EDGE_CURVE('',#736,#735,#597,.T.);
#923=EDGE_CURVE('',#735,#737,#398,.T.);
#924=EDGE_CURVE('',#738,#737,#598,.T.);
#925=EDGE_CURVE('',#737,#738,#599,.T.);
#926=EDGE_CURVE('',#738,#713,#399,.T.);
#927=EDGE_CURVE('',#739,#740,#600,.T.);
#928=EDGE_CURVE('',#740,#721,#400,.T.);
#929=EDGE_CURVE('',#740,#739,#601,.T.);
#930=EDGE_CURVE('',#739,#741,#401,.T.);
#931=EDGE_CURVE('',#742,#741,#602,.T.);
#932=EDGE_CURVE('',#741,#742,#603,.T.);
#933=EDGE_CURVE('',#742,#712,#402,.T.);
#934=EDGE_CURVE('',#743,#744,#604,.T.);
#935=EDGE_CURVE('',#744,#720,#403,.T.);
#936=EDGE_CURVE('',#744,#743,#605,.T.);
#937=EDGE_CURVE('',#743,#745,#404,.T.);
#938=EDGE_CURVE('',#746,#745,#606,.T.);
#939=EDGE_CURVE('',#745,#746,#607,.T.);
#940=EDGE_CURVE('',#746,#711,#405,.T.);
#941=EDGE_CURVE('',#747,#748,#608,.T.);
#942=EDGE_CURVE('',#748,#719,#406,.T.);
#943=EDGE_CURVE('',#748,#747,#609,.T.);
#944=EDGE_CURVE('',#747,#749,#407,.T.);
#945=EDGE_CURVE('',#750,#749,#610,.T.);
#946=EDGE_CURVE('',#749,#750,#611,.T.);
#947=EDGE_CURVE('',#750,#709,#408,.T.);
#948=EDGE_CURVE('',#686,#669,#612,.T.);
#949=EDGE_CURVE('',#691,#705,#613,.T.);
#950=EDGE_CURVE('',#674,#704,#614,.T.);
#951=EDGE_CURVE('',#751,#752,#310,.T.);
#952=EDGE_CURVE('',#752,#751,#409,.T.);
#953=EDGE_CURVE('',#753,#754,#311,.T.);
#954=EDGE_CURVE('',#754,#753,#312,.T.);
#955=EDGE_CURVE('',#755,#755,#615,.F.);
#956=EDGE_CURVE('',#755,#706,#410,.T.);
#957=EDGE_CURVE('',#692,#756,#411,.T.);
#958=EDGE_CURVE('',#756,#756,#616,.T.);
#959=EDGE_CURVE('',#752,#751,#617,.T.);
#960=EDGE_CURVE('',#667,#687,#618,.T.);
#961=EDGE_CURVE('',#703,#672,#619,.T.);
#962=EDGE_CURVE('',#757,#757,#620,.T.);
#963=EDGE_CURVE('',#754,#757,#412,.T.);
#964=EDGE_CURVE('',#707,#730,#413,.T.);
#965=EDGE_CURVE('',#728,#758,#414,.F.);
#966=EDGE_CURVE('',#758,#759,#621,.F.);
#967=EDGE_CURVE('',#759,#726,#415,.T.);
#968=EDGE_CURVE('',#725,#760,#416,.F.);
#969=EDGE_CURVE('',#760,#761,#622,.F.);
#970=EDGE_CURVE('',#761,#731,#417,.T.);
#971=EDGE_CURVE('',#727,#762,#418,.T.);
#972=EDGE_CURVE('',#763,#762,#419,.T.);
#973=EDGE_CURVE('',#764,#763,#420,.T.);
#974=EDGE_CURVE('',#764,#758,#421,.T.);
#975=EDGE_CURVE('',#761,#765,#422,.T.);
#976=EDGE_CURVE('',#765,#766,#423,.T.);
#977=EDGE_CURVE('',#767,#766,#424,.T.);
#978=EDGE_CURVE('',#732,#767,#425,.T.);
#979=EDGE_CURVE('',#762,#767,#426,.T.);
#980=EDGE_CURVE('',#759,#760,#427,.T.);
#981=EDGE_CURVE('',#765,#764,#428,.T.);
#982=EDGE_CURVE('',#766,#763,#429,.T.);
#983=ORIENTED_EDGE('',*,*,#768,.F.);
#984=ORIENTED_EDGE('',*,*,#769,.T.);
#985=ORIENTED_EDGE('',*,*,#770,.F.);
#986=ORIENTED_EDGE('',*,*,#771,.F.);
#987=ORIENTED_EDGE('',*,*,#772,.F.);
#988=ORIENTED_EDGE('',*,*,#769,.F.);
#989=ORIENTED_EDGE('',*,*,#773,.F.);
#990=ORIENTED_EDGE('',*,*,#774,.T.);
#991=ORIENTED_EDGE('',*,*,#775,.F.);
#992=ORIENTED_EDGE('',*,*,#776,.F.);
#993=ORIENTED_EDGE('',*,*,#777,.F.);
#994=ORIENTED_EDGE('',*,*,#774,.F.);
#995=ORIENTED_EDGE('',*,*,#778,.F.);
#996=ORIENTED_EDGE('',*,*,#779,.T.);
#997=ORIENTED_EDGE('',*,*,#780,.T.);
#998=ORIENTED_EDGE('',*,*,#781,.F.);
#999=ORIENTED_EDGE('',*,*,#782,.F.);
#1000=ORIENTED_EDGE('',*,*,#783,.T.);
#1001=ORIENTED_EDGE('',*,*,#784,.T.);
#1002=ORIENTED_EDGE('',*,*,#779,.F.);
#1003=ORIENTED_EDGE('',*,*,#785,.F.);
#1004=ORIENTED_EDGE('',*,*,#786,.T.);
#1005=ORIENTED_EDGE('',*,*,#787,.T.);
#1006=ORIENTED_EDGE('',*,*,#783,.F.);
#1007=ORIENTED_EDGE('',*,*,#788,.F.);
#1008=ORIENTED_EDGE('',*,*,#781,.T.);
#1009=ORIENTED_EDGE('',*,*,#789,.T.);
#1010=ORIENTED_EDGE('',*,*,#786,.F.);
#1011=ORIENTED_EDGE('',*,*,#768,.T.);
#1012=ORIENTED_EDGE('',*,*,#789,.F.);
#1013=ORIENTED_EDGE('',*,*,#780,.F.);
#1014=ORIENTED_EDGE('',*,*,#784,.F.);
#1015=ORIENTED_EDGE('',*,*,#787,.F.);
#1016=ORIENTED_EDGE('',*,*,#790,.F.);
#1017=ORIENTED_EDGE('',*,*,#791,.T.);
#1018=ORIENTED_EDGE('',*,*,#792,.T.);
#1019=ORIENTED_EDGE('',*,*,#793,.F.);
#1020=ORIENTED_EDGE('',*,*,#794,.F.);
#1021=ORIENTED_EDGE('',*,*,#795,.T.);
#1022=ORIENTED_EDGE('',*,*,#796,.T.);
#1023=ORIENTED_EDGE('',*,*,#791,.F.);
#1024=ORIENTED_EDGE('',*,*,#797,.F.);
#1025=ORIENTED_EDGE('',*,*,#798,.T.);
#1026=ORIENTED_EDGE('',*,*,#799,.T.);
#1027=ORIENTED_EDGE('',*,*,#795,.F.);
#1028=ORIENTED_EDGE('',*,*,#800,.F.);
#1029=ORIENTED_EDGE('',*,*,#793,.T.);
#1030=ORIENTED_EDGE('',*,*,#801,.T.);
#1031=ORIENTED_EDGE('',*,*,#798,.F.);
#1032=ORIENTED_EDGE('',*,*,#773,.T.);
#1033=ORIENTED_EDGE('',*,*,#801,.F.);
#1034=ORIENTED_EDGE('',*,*,#792,.F.);
#1035=ORIENTED_EDGE('',*,*,#796,.F.);
#1036=ORIENTED_EDGE('',*,*,#799,.F.);
#1037=ORIENTED_EDGE('',*,*,#802,.F.);
#1038=ORIENTED_EDGE('',*,*,#803,.T.);
#1039=ORIENTED_EDGE('',*,*,#804,.F.);
#1040=ORIENTED_EDGE('',*,*,#805,.F.);
#1041=ORIENTED_EDGE('',*,*,#806,.F.);
#1042=ORIENTED_EDGE('',*,*,#803,.F.);
#1043=ORIENTED_EDGE('',*,*,#807,.F.);
#1044=ORIENTED_EDGE('',*,*,#808,.T.);
#1045=ORIENTED_EDGE('',*,*,#809,.T.);
#1046=ORIENTED_EDGE('',*,*,#810,.F.);
#1047=ORIENTED_EDGE('',*,*,#811,.F.);
#1048=ORIENTED_EDGE('',*,*,#812,.T.);
#1049=ORIENTED_EDGE('',*,*,#813,.T.);
#1050=ORIENTED_EDGE('',*,*,#808,.F.);
#1051=ORIENTED_EDGE('',*,*,#814,.F.);
#1052=ORIENTED_EDGE('',*,*,#815,.T.);
#1053=ORIENTED_EDGE('',*,*,#816,.T.);
#1054=ORIENTED_EDGE('',*,*,#812,.F.);
#1055=ORIENTED_EDGE('',*,*,#817,.F.);
#1056=ORIENTED_EDGE('',*,*,#810,.T.);
#1057=ORIENTED_EDGE('',*,*,#818,.T.);
#1058=ORIENTED_EDGE('',*,*,#815,.F.);
#1059=ORIENTED_EDGE('',*,*,#802,.T.);
#1060=ORIENTED_EDGE('',*,*,#818,.F.);
#1061=ORIENTED_EDGE('',*,*,#809,.F.);
#1062=ORIENTED_EDGE('',*,*,#813,.F.);
#1063=ORIENTED_EDGE('',*,*,#816,.F.);
#1064=ORIENTED_EDGE('',*,*,#819,.F.);
#1065=ORIENTED_EDGE('',*,*,#820,.T.);
#1066=ORIENTED_EDGE('',*,*,#821,.F.);
#1067=ORIENTED_EDGE('',*,*,#820,.F.);
#1068=ORIENTED_EDGE('',*,*,#822,.F.);
#1069=ORIENTED_EDGE('',*,*,#823,.T.);
#1070=ORIENTED_EDGE('',*,*,#824,.F.);
#1071=ORIENTED_EDGE('',*,*,#823,.F.);
#1072=ORIENTED_EDGE('',*,*,#825,.F.);
#1073=ORIENTED_EDGE('',*,*,#826,.T.);
#1074=ORIENTED_EDGE('',*,*,#827,.F.);
#1075=ORIENTED_EDGE('',*,*,#826,.F.);
#1076=ORIENTED_EDGE('',*,*,#828,.F.);
#1077=ORIENTED_EDGE('',*,*,#829,.T.);
#1078=ORIENTED_EDGE('',*,*,#830,.F.);
#1079=ORIENTED_EDGE('',*,*,#829,.F.);
#1080=ORIENTED_EDGE('',*,*,#831,.F.);
#1081=ORIENTED_EDGE('',*,*,#832,.T.);
#1082=ORIENTED_EDGE('',*,*,#833,.T.);
#1083=ORIENTED_EDGE('',*,*,#834,.T.);
#1084=ORIENTED_EDGE('',*,*,#835,.F.);
#1085=ORIENTED_EDGE('',*,*,#836,.T.);
#1086=ORIENTED_EDGE('',*,*,#837,.F.);
#1087=ORIENTED_EDGE('',*,*,#838,.T.);
#1088=ORIENTED_EDGE('',*,*,#839,.T.);
#1089=ORIENTED_EDGE('',*,*,#840,.T.);
#1090=ORIENTED_EDGE('',*,*,#834,.F.);
#1091=ORIENTED_EDGE('',*,*,#841,.F.);
#1092=ORIENTED_EDGE('',*,*,#836,.F.);
#1093=ORIENTED_EDGE('',*,*,#842,.T.);
#1094=ORIENTED_EDGE('',*,*,#843,.F.);
#1095=ORIENTED_EDGE('',*,*,#844,.F.);
#1096=ORIENTED_EDGE('',*,*,#845,.T.);
#1097=ORIENTED_EDGE('',*,*,#846,.T.);
#1098=ORIENTED_EDGE('',*,*,#847,.F.);
#1099=ORIENTED_EDGE('',*,*,#848,.F.);
#1100=ORIENTED_EDGE('',*,*,#849,.F.);
#1101=ORIENTED_EDGE('',*,*,#850,.F.);
#1102=ORIENTED_EDGE('',*,*,#851,.T.);
#1103=ORIENTED_EDGE('',*,*,#839,.F.);
#1104=ORIENTED_EDGE('',*,*,#852,.T.);
#1105=ORIENTED_EDGE('',*,*,#853,.T.);
#1106=ORIENTED_EDGE('',*,*,#854,.T.);
#1107=ORIENTED_EDGE('',*,*,#855,.T.);
#1108=ORIENTED_EDGE('',*,*,#856,.F.);
#1109=ORIENTED_EDGE('',*,*,#857,.F.);
#1110=ORIENTED_EDGE('',*,*,#858,.T.);
#1111=ORIENTED_EDGE('',*,*,#859,.T.);
#1112=ORIENTED_EDGE('',*,*,#855,.F.);
#1113=ORIENTED_EDGE('',*,*,#860,.T.);
#1114=ORIENTED_EDGE('',*,*,#845,.F.);
#1115=ORIENTED_EDGE('',*,*,#861,.T.);
#1116=ORIENTED_EDGE('',*,*,#862,.F.);
#1117=ORIENTED_EDGE('',*,*,#863,.F.);
#1118=ORIENTED_EDGE('',*,*,#864,.F.);
#1119=ORIENTED_EDGE('',*,*,#865,.T.);
#1120=ORIENTED_EDGE('',*,*,#856,.T.);
#1121=ORIENTED_EDGE('',*,*,#861,.F.);
#1122=ORIENTED_EDGE('',*,*,#849,.T.);
#1123=ORIENTED_EDGE('',*,*,#866,.F.);
#1124=ORIENTED_EDGE('',*,*,#778,.T.);
#1125=ORIENTED_EDGE('',*,*,#788,.T.);
#1126=ORIENTED_EDGE('',*,*,#785,.T.);
#1127=ORIENTED_EDGE('',*,*,#782,.T.);
#1128=ORIENTED_EDGE('',*,*,#790,.T.);
#1129=ORIENTED_EDGE('',*,*,#800,.T.);
#1130=ORIENTED_EDGE('',*,*,#797,.T.);
#1131=ORIENTED_EDGE('',*,*,#794,.T.);
#1132=ORIENTED_EDGE('',*,*,#807,.T.);
#1133=ORIENTED_EDGE('',*,*,#817,.T.);
#1134=ORIENTED_EDGE('',*,*,#814,.T.);
#1135=ORIENTED_EDGE('',*,*,#811,.T.);
#1136=ORIENTED_EDGE('',*,*,#848,.T.);
#1137=ORIENTED_EDGE('',*,*,#867,.F.);
#1138=ORIENTED_EDGE('',*,*,#868,.F.);
#1139=ORIENTED_EDGE('',*,*,#866,.T.);
#1140=ORIENTED_EDGE('',*,*,#869,.F.);
#1141=ORIENTED_EDGE('',*,*,#870,.T.);
#1142=ORIENTED_EDGE('',*,*,#871,.T.);
#1143=ORIENTED_EDGE('',*,*,#862,.T.);
#1144=ORIENTED_EDGE('',*,*,#868,.T.);
#1145=ORIENTED_EDGE('',*,*,#843,.T.);
#1146=ORIENTED_EDGE('',*,*,#872,.T.);
#1147=ORIENTED_EDGE('',*,*,#873,.F.);
#1148=ORIENTED_EDGE('',*,*,#874,.F.);
#1149=ORIENTED_EDGE('',*,*,#875,.T.);
#1150=ORIENTED_EDGE('',*,*,#876,.T.);
#1151=ORIENTED_EDGE('',*,*,#877,.F.);
#1152=ORIENTED_EDGE('',*,*,#878,.F.);
#1153=ORIENTED_EDGE('',*,*,#879,.F.);
#1154=ORIENTED_EDGE('',*,*,#864,.T.);
#1155=ORIENTED_EDGE('',*,*,#880,.F.);
#1156=ORIENTED_EDGE('',*,*,#871,.F.);
#1157=ORIENTED_EDGE('',*,*,#881,.T.);
#1158=ORIENTED_EDGE('',*,*,#882,.T.);
#1159=ORIENTED_EDGE('',*,*,#875,.F.);
#1160=ORIENTED_EDGE('',*,*,#863,.T.);
#1161=ORIENTED_EDGE('',*,*,#847,.T.);
#1162=ORIENTED_EDGE('',*,*,#883,.T.);
#1163=ORIENTED_EDGE('',*,*,#869,.T.);
#1164=ORIENTED_EDGE('',*,*,#867,.T.);
#1165=ORIENTED_EDGE('',*,*,#884,.T.);
#1166=ORIENTED_EDGE('',*,*,#885,.T.);
#1167=ORIENTED_EDGE('',*,*,#873,.T.);
#1168=ORIENTED_EDGE('',*,*,#886,.T.);
#1169=ORIENTED_EDGE('',*,*,#850,.T.);
#1170=ORIENTED_EDGE('',*,*,#887,.T.);
#1171=ORIENTED_EDGE('',*,*,#888,.T.);
#1172=ORIENTED_EDGE('',*,*,#889,.T.);
#1173=ORIENTED_EDGE('',*,*,#890,.T.);
#1174=ORIENTED_EDGE('',*,*,#891,.T.);
#1175=ORIENTED_EDGE('',*,*,#830,.T.);
#1176=ORIENTED_EDGE('',*,*,#827,.T.);
#1177=ORIENTED_EDGE('',*,*,#824,.T.);
#1178=ORIENTED_EDGE('',*,*,#821,.T.);
#1179=ORIENTED_EDGE('',*,*,#892,.T.);
#1180=ORIENTED_EDGE('',*,*,#893,.T.);
#1181=ORIENTED_EDGE('',*,*,#884,.F.);
#1182=ORIENTED_EDGE('',*,*,#893,.F.);
#1183=ORIENTED_EDGE('',*,*,#894,.T.);
#1184=ORIENTED_EDGE('',*,*,#895,.T.);
#1185=ORIENTED_EDGE('',*,*,#896,.T.);
#1186=ORIENTED_EDGE('',*,*,#897,.T.);
#1187=ORIENTED_EDGE('',*,*,#894,.F.);
#1188=ORIENTED_EDGE('',*,*,#892,.F.);
#1189=ORIENTED_EDGE('',*,*,#897,.F.);
#1190=ORIENTED_EDGE('',*,*,#895,.F.);
#1191=ORIENTED_EDGE('',*,*,#896,.F.);
#1192=ORIENTED_EDGE('',*,*,#898,.T.);
#1193=ORIENTED_EDGE('',*,*,#899,.T.);
#1194=ORIENTED_EDGE('',*,*,#898,.F.);
#1195=ORIENTED_EDGE('',*,*,#899,.F.);
#1196=ORIENTED_EDGE('',*,*,#900,.T.);
#1197=ORIENTED_EDGE('',*,*,#901,.T.);
#1198=ORIENTED_EDGE('',*,*,#902,.T.);
#1199=ORIENTED_EDGE('',*,*,#903,.T.);
#1200=ORIENTED_EDGE('',*,*,#904,.T.);
#1201=ORIENTED_EDGE('',*,*,#905,.T.);
#1202=ORIENTED_EDGE('',*,*,#828,.T.);
#1203=ORIENTED_EDGE('',*,*,#825,.T.);
#1204=ORIENTED_EDGE('',*,*,#822,.T.);
#1205=ORIENTED_EDGE('',*,*,#819,.T.);
#1206=ORIENTED_EDGE('',*,*,#906,.T.);
#1207=ORIENTED_EDGE('',*,*,#907,.T.);
#1208=ORIENTED_EDGE('',*,*,#908,.T.);
#1209=ORIENTED_EDGE('',*,*,#909,.T.);
#1210=ORIENTED_EDGE('',*,*,#910,.T.);
#1211=ORIENTED_EDGE('',*,*,#905,.F.);
#1212=ORIENTED_EDGE('',*,*,#910,.F.);
#1213=ORIENTED_EDGE('',*,*,#911,.T.);
#1214=ORIENTED_EDGE('',*,*,#912,.T.);
#1215=ORIENTED_EDGE('',*,*,#913,.T.);
#1216=ORIENTED_EDGE('',*,*,#914,.T.);
#1217=ORIENTED_EDGE('',*,*,#915,.T.);
#1218=ORIENTED_EDGE('',*,*,#916,.T.);
#1219=ORIENTED_EDGE('',*,*,#904,.F.);
#1220=ORIENTED_EDGE('',*,*,#916,.F.);
#1221=ORIENTED_EDGE('',*,*,#915,.F.);
#1222=ORIENTED_EDGE('',*,*,#917,.T.);
#1223=ORIENTED_EDGE('',*,*,#918,.F.);
#1224=ORIENTED_EDGE('',*,*,#917,.F.);
#1225=ORIENTED_EDGE('',*,*,#918,.T.);
#1226=ORIENTED_EDGE('',*,*,#919,.T.);
#1227=ORIENTED_EDGE('',*,*,#888,.F.);
#1228=ORIENTED_EDGE('',*,*,#919,.F.);
#1229=ORIENTED_EDGE('',*,*,#920,.T.);
#1230=ORIENTED_EDGE('',*,*,#921,.T.);
#1231=ORIENTED_EDGE('',*,*,#903,.F.);
#1232=ORIENTED_EDGE('',*,*,#921,.F.);
#1233=ORIENTED_EDGE('',*,*,#922,.T.);
#1234=ORIENTED_EDGE('',*,*,#920,.F.);
#1235=ORIENTED_EDGE('',*,*,#923,.T.);
#1236=ORIENTED_EDGE('',*,*,#924,.F.);
#1237=ORIENTED_EDGE('',*,*,#925,.F.);
#1238=ORIENTED_EDGE('',*,*,#923,.F.);
#1239=ORIENTED_EDGE('',*,*,#922,.F.);
#1240=ORIENTED_EDGE('',*,*,#925,.T.);
#1241=ORIENTED_EDGE('',*,*,#926,.T.);
#1242=ORIENTED_EDGE('',*,*,#891,.F.);
#1243=ORIENTED_EDGE('',*,*,#926,.F.);
#1244=ORIENTED_EDGE('',*,*,#924,.T.);
#1245=ORIENTED_EDGE('',*,*,#927,.T.);
#1246=ORIENTED_EDGE('',*,*,#928,.T.);
#1247=ORIENTED_EDGE('',*,*,#902,.F.);
#1248=ORIENTED_EDGE('',*,*,#928,.F.);
#1249=ORIENTED_EDGE('',*,*,#929,.T.);
#1250=ORIENTED_EDGE('',*,*,#927,.F.);
#1251=ORIENTED_EDGE('',*,*,#930,.T.);
#1252=ORIENTED_EDGE('',*,*,#931,.F.);
#1253=ORIENTED_EDGE('',*,*,#932,.F.);
#1254=ORIENTED_EDGE('',*,*,#930,.F.);
#1255=ORIENTED_EDGE('',*,*,#929,.F.);
#1256=ORIENTED_EDGE('',*,*,#931,.T.);
#1257=ORIENTED_EDGE('',*,*,#932,.T.);
#1258=ORIENTED_EDGE('',*,*,#933,.T.);
#1259=ORIENTED_EDGE('',*,*,#890,.F.);
#1260=ORIENTED_EDGE('',*,*,#933,.F.);
#1261=ORIENTED_EDGE('',*,*,#934,.T.);
#1262=ORIENTED_EDGE('',*,*,#935,.T.);
#1263=ORIENTED_EDGE('',*,*,#901,.F.);
#1264=ORIENTED_EDGE('',*,*,#935,.F.);
#1265=ORIENTED_EDGE('',*,*,#936,.T.);
#1266=ORIENTED_EDGE('',*,*,#934,.F.);
#1267=ORIENTED_EDGE('',*,*,#937,.T.);
#1268=ORIENTED_EDGE('',*,*,#938,.F.);
#1269=ORIENTED_EDGE('',*,*,#939,.F.);
#1270=ORIENTED_EDGE('',*,*,#937,.F.);
#1271=ORIENTED_EDGE('',*,*,#936,.F.);
#1272=ORIENTED_EDGE('',*,*,#939,.T.);
#1273=ORIENTED_EDGE('',*,*,#940,.T.);
#1274=ORIENTED_EDGE('',*,*,#889,.F.);
#1275=ORIENTED_EDGE('',*,*,#940,.F.);
#1276=ORIENTED_EDGE('',*,*,#938,.T.);
#1277=ORIENTED_EDGE('',*,*,#941,.T.);
#1278=ORIENTED_EDGE('',*,*,#942,.T.);
#1279=ORIENTED_EDGE('',*,*,#900,.F.);
#1280=ORIENTED_EDGE('',*,*,#942,.F.);
#1281=ORIENTED_EDGE('',*,*,#943,.T.);
#1282=ORIENTED_EDGE('',*,*,#941,.F.);
#1283=ORIENTED_EDGE('',*,*,#944,.T.);
#1284=ORIENTED_EDGE('',*,*,#945,.F.);
#1285=ORIENTED_EDGE('',*,*,#946,.F.);
#1286=ORIENTED_EDGE('',*,*,#944,.F.);
#1287=ORIENTED_EDGE('',*,*,#943,.F.);
#1288=ORIENTED_EDGE('',*,*,#946,.T.);
#1289=ORIENTED_EDGE('',*,*,#947,.T.);
#1290=ORIENTED_EDGE('',*,*,#885,.F.);
#1291=ORIENTED_EDGE('',*,*,#947,.F.);
#1292=ORIENTED_EDGE('',*,*,#945,.T.);
#1293=ORIENTED_EDGE('',*,*,#948,.F.);
#1294=ORIENTED_EDGE('',*,*,#858,.F.);
#1295=ORIENTED_EDGE('',*,*,#949,.T.);
#1296=ORIENTED_EDGE('',*,*,#878,.T.);
#1297=ORIENTED_EDGE('',*,*,#950,.F.);
#1298=ORIENTED_EDGE('',*,*,#837,.T.);
#1299=ORIENTED_EDGE('',*,*,#844,.T.);
#1300=ORIENTED_EDGE('',*,*,#874,.T.);
#1301=ORIENTED_EDGE('',*,*,#887,.F.);
#1302=ORIENTED_EDGE('',*,*,#852,.F.);
#1303=ORIENTED_EDGE('',*,*,#841,.T.);
#1304=ORIENTED_EDGE('',*,*,#833,.F.);
#1305=ORIENTED_EDGE('',*,*,#771,.T.);
#1306=ORIENTED_EDGE('',*,*,#770,.T.);
#1307=ORIENTED_EDGE('',*,*,#772,.T.);
#1308=ORIENTED_EDGE('',*,*,#776,.T.);
#1309=ORIENTED_EDGE('',*,*,#775,.T.);
#1310=ORIENTED_EDGE('',*,*,#777,.T.);
#1311=ORIENTED_EDGE('',*,*,#805,.T.);
#1312=ORIENTED_EDGE('',*,*,#804,.T.);
#1313=ORIENTED_EDGE('',*,*,#806,.T.);
#1314=ORIENTED_EDGE('',*,*,#951,.T.);
#1315=ORIENTED_EDGE('',*,*,#952,.T.);
#1316=ORIENTED_EDGE('',*,*,#953,.T.);
#1317=ORIENTED_EDGE('',*,*,#954,.T.);
#1318=ORIENTED_EDGE('',*,*,#955,.T.);
#1319=ORIENTED_EDGE('',*,*,#956,.T.);
#1320=ORIENTED_EDGE('',*,*,#880,.T.);
#1321=ORIENTED_EDGE('',*,*,#956,.F.);
#1322=ORIENTED_EDGE('',*,*,#859,.F.);
#1323=ORIENTED_EDGE('',*,*,#957,.T.);
#1324=ORIENTED_EDGE('',*,*,#958,.T.);
#1325=ORIENTED_EDGE('',*,*,#957,.F.);
#1326=ORIENTED_EDGE('',*,*,#959,.T.);
#1327=ORIENTED_EDGE('',*,*,#952,.F.);
#1328=ORIENTED_EDGE('',*,*,#958,.F.);
#1329=ORIENTED_EDGE('',*,*,#951,.F.);
#1330=ORIENTED_EDGE('',*,*,#959,.F.);
#1331=ORIENTED_EDGE('',*,*,#832,.F.);
#1332=ORIENTED_EDGE('',*,*,#960,.T.);
#1333=ORIENTED_EDGE('',*,*,#853,.F.);
#1334=ORIENTED_EDGE('',*,*,#948,.T.);
#1335=ORIENTED_EDGE('',*,*,#877,.T.);
#1336=ORIENTED_EDGE('',*,*,#961,.T.);
#1337=ORIENTED_EDGE('',*,*,#838,.F.);
#1338=ORIENTED_EDGE('',*,*,#950,.T.);
#1339=ORIENTED_EDGE('',*,*,#857,.T.);
#1340=ORIENTED_EDGE('',*,*,#865,.F.);
#1341=ORIENTED_EDGE('',*,*,#879,.T.);
#1342=ORIENTED_EDGE('',*,*,#949,.F.);
#1343=ORIENTED_EDGE('',*,*,#962,.F.);
#1344=ORIENTED_EDGE('',*,*,#955,.F.);
#1345=ORIENTED_EDGE('',*,*,#953,.F.);
#1346=ORIENTED_EDGE('',*,*,#954,.F.);
#1347=ORIENTED_EDGE('',*,*,#963,.T.);
#1348=ORIENTED_EDGE('',*,*,#962,.T.);
#1349=ORIENTED_EDGE('',*,*,#963,.F.);
#1350=ORIENTED_EDGE('',*,*,#831,.T.);
#1351=ORIENTED_EDGE('',*,*,#840,.F.);
#1352=ORIENTED_EDGE('',*,*,#851,.F.);
#1353=ORIENTED_EDGE('',*,*,#886,.F.);
#1354=ORIENTED_EDGE('',*,*,#872,.F.);
#1355=ORIENTED_EDGE('',*,*,#842,.F.);
#1356=ORIENTED_EDGE('',*,*,#835,.T.);
#1357=ORIENTED_EDGE('',*,*,#961,.F.);
#1358=ORIENTED_EDGE('',*,*,#876,.F.);
#1359=ORIENTED_EDGE('',*,*,#882,.F.);
#1360=ORIENTED_EDGE('',*,*,#964,.T.);
#1361=ORIENTED_EDGE('',*,*,#911,.F.);
#1362=ORIENTED_EDGE('',*,*,#909,.F.);
#1363=ORIENTED_EDGE('',*,*,#965,.T.);
#1364=ORIENTED_EDGE('',*,*,#966,.T.);
#1365=ORIENTED_EDGE('',*,*,#967,.T.);
#1366=ORIENTED_EDGE('',*,*,#906,.F.);
#1367=ORIENTED_EDGE('',*,*,#968,.T.);
#1368=ORIENTED_EDGE('',*,*,#969,.T.);
#1369=ORIENTED_EDGE('',*,*,#970,.T.);
#1370=ORIENTED_EDGE('',*,*,#912,.F.);
#1371=ORIENTED_EDGE('',*,*,#964,.F.);
#1372=ORIENTED_EDGE('',*,*,#881,.F.);
#1373=ORIENTED_EDGE('',*,*,#870,.F.);
#1374=ORIENTED_EDGE('',*,*,#883,.F.);
#1375=ORIENTED_EDGE('',*,*,#846,.F.);
#1376=ORIENTED_EDGE('',*,*,#860,.F.);
#1377=ORIENTED_EDGE('',*,*,#854,.F.);
#1378=ORIENTED_EDGE('',*,*,#960,.F.);
#1379=ORIENTED_EDGE('',*,*,#908,.F.);
#1380=ORIENTED_EDGE('',*,*,#971,.T.);
#1381=ORIENTED_EDGE('',*,*,#972,.F.);
#1382=ORIENTED_EDGE('',*,*,#973,.F.);
#1383=ORIENTED_EDGE('',*,*,#974,.T.);
#1384=ORIENTED_EDGE('',*,*,#965,.F.);
#1385=ORIENTED_EDGE('',*,*,#913,.F.);
#1386=ORIENTED_EDGE('',*,*,#970,.F.);
#1387=ORIENTED_EDGE('',*,*,#975,.T.);
#1388=ORIENTED_EDGE('',*,*,#976,.T.);
#1389=ORIENTED_EDGE('',*,*,#977,.F.);
#1390=ORIENTED_EDGE('',*,*,#978,.F.);
#1391=ORIENTED_EDGE('',*,*,#914,.F.);
#1392=ORIENTED_EDGE('',*,*,#978,.T.);
#1393=ORIENTED_EDGE('',*,*,#979,.F.);
#1394=ORIENTED_EDGE('',*,*,#971,.F.);
#1395=ORIENTED_EDGE('',*,*,#907,.F.);
#1396=ORIENTED_EDGE('',*,*,#967,.F.);
#1397=ORIENTED_EDGE('',*,*,#980,.T.);
#1398=ORIENTED_EDGE('',*,*,#968,.F.);
#1399=ORIENTED_EDGE('',*,*,#969,.F.);
#1400=ORIENTED_EDGE('',*,*,#980,.F.);
#1401=ORIENTED_EDGE('',*,*,#966,.F.);
#1402=ORIENTED_EDGE('',*,*,#974,.F.);
#1403=ORIENTED_EDGE('',*,*,#981,.F.);
#1404=ORIENTED_EDGE('',*,*,#975,.F.);
#1405=ORIENTED_EDGE('',*,*,#982,.F.);
#1406=ORIENTED_EDGE('',*,*,#976,.F.);
#1407=ORIENTED_EDGE('',*,*,#981,.T.);
#1408=ORIENTED_EDGE('',*,*,#973,.T.);
#1409=ORIENTED_EDGE('',*,*,#982,.T.);
#1410=ORIENTED_EDGE('',*,*,#972,.T.);
#1411=ORIENTED_EDGE('',*,*,#979,.T.);
#1412=ORIENTED_EDGE('',*,*,#977,.T.);
#1413=CYLINDRICAL_SURFACE('',#1521,1.55);
#1414=CYLINDRICAL_SURFACE('',#1523,1.55);
#1415=CYLINDRICAL_SURFACE('',#1535,1.55);
#1416=CYLINDRICAL_SURFACE('',#1542,1.5);
#1417=CYLINDRICAL_SURFACE('',#1545,1.5);
#1418=CYLINDRICAL_SURFACE('',#1548,1.5);
#1419=CYLINDRICAL_SURFACE('',#1551,1.5);
#1420=CYLINDRICAL_SURFACE('',#1594,20.);
#1421=CYLINDRICAL_SURFACE('',#1613,1.6);
#1422=CYLINDRICAL_SURFACE('',#1619,1.6);
#1423=CYLINDRICAL_SURFACE('',#1626,1.6);
#1424=CYLINDRICAL_SURFACE('',#1633,1.6);
#1425=CYLINDRICAL_SURFACE('',#1640,1.5);
#1426=CYLINDRICAL_SURFACE('',#1644,11.);
#1427=CYLINDRICAL_SURFACE('',#1648,1.65);
#1428=CYLINDRICAL_SURFACE('',#1650,1.65);
#1429=CYLINDRICAL_SURFACE('',#1654,3.);
#1430=CYLINDRICAL_SURFACE('',#1662,2.1);
#1431=CYLINDRICAL_SURFACE('',#1663,4.1);
#1432=ADVANCED_FACE('',(#113),#1413,.F.);
#1433=ADVANCED_FACE('',(#114),#1414,.F.);
#1434=ADVANCED_FACE('',(#115),#73,.F.);
#1435=ADVANCED_FACE('',(#116),#74,.F.);
#1436=ADVANCED_FACE('',(#117),#75,.F.);
#1437=ADVANCED_FACE('',(#118,#38),#76,.F.);
#1438=ADVANCED_FACE('',(#119),#77,.F.);
#1439=ADVANCED_FACE('',(#120),#78,.F.);
#1440=ADVANCED_FACE('',(#121),#79,.F.);
#1441=ADVANCED_FACE('',(#122),#80,.F.);
#1442=ADVANCED_FACE('',(#123,#39),#81,.F.);
#1443=ADVANCED_FACE('',(#124),#82,.F.);
#1444=ADVANCED_FACE('',(#125),#1415,.F.);
#1445=ADVANCED_FACE('',(#126),#83,.F.);
#1446=ADVANCED_FACE('',(#127),#84,.F.);
#1447=ADVANCED_FACE('',(#128),#85,.F.);
#1448=ADVANCED_FACE('',(#129,#40),#86,.F.);
#1449=ADVANCED_FACE('',(#130),#87,.F.);
#1450=ADVANCED_FACE('',(#131),#1416,.F.);
#1451=ADVANCED_FACE('',(#132),#1417,.F.);
#1452=ADVANCED_FACE('',(#133),#1418,.F.);
#1453=ADVANCED_FACE('',(#134),#1419,.F.);
#1454=ADVANCED_FACE('',(#135),#88,.T.);
#1455=ADVANCED_FACE('',(#136),#89,.T.);
#1456=ADVANCED_FACE('',(#137),#90,.F.);
#1457=ADVANCED_FACE('',(#138),#91,.F.);
#1458=ADVANCED_FACE('',(#139),#92,.F.);
#1459=ADVANCED_FACE('',(#140),#93,.F.);
#1460=ADVANCED_FACE('',(#141,#41),#94,.F.);
#1461=ADVANCED_FACE('',(#142),#15,.F.);
#1462=ADVANCED_FACE('',(#143,#42,#43,#44),#95,.F.);
#1463=ADVANCED_FACE('',(#144),#96,.F.);
#1464=ADVANCED_FACE('',(#145),#97,.F.);
#1465=ADVANCED_FACE('',(#146),#98,.F.);
#1466=ADVANCED_FACE('',(#147,#45),#99,.F.);
#1467=ADVANCED_FACE('',(#148),#16,.F.);
#1468=ADVANCED_FACE('',(#149),#100,.F.);
#1469=ADVANCED_FACE('',(#150,#46,#47,#48,#49,#50,#51,#52,#53,#54,#55),#101,
 .F.);
#1470=ADVANCED_FACE('',(#151),#17,.T.);
#1471=ADVANCED_FACE('',(#152),#1420,.T.);
#1472=ADVANCED_FACE('',(#153),#18,.T.);
#1473=ADVANCED_FACE('',(#154,#56,#57,#58,#59,#60,#61,#62,#63,#64,#65),#102,
 .T.);
#1474=ADVANCED_FACE('',(#155),#19,.F.);
#1475=ADVANCED_FACE('',(#156),#20,.F.);
#1476=ADVANCED_FACE('',(#157),#1421,.F.);
#1477=ADVANCED_FACE('',(#158),#21,.F.);
#1478=ADVANCED_FACE('',(#159),#22,.F.);
#1479=ADVANCED_FACE('',(#160),#1422,.F.);
#1480=ADVANCED_FACE('',(#161),#23,.F.);
#1481=ADVANCED_FACE('',(#162),#24,.F.);
#1482=ADVANCED_FACE('',(#163),#1423,.F.);
#1483=ADVANCED_FACE('',(#164),#25,.F.);
#1484=ADVANCED_FACE('',(#165),#26,.F.);
#1485=ADVANCED_FACE('',(#166),#1424,.F.);
#1486=ADVANCED_FACE('',(#167),#27,.F.);
#1487=ADVANCED_FACE('',(#168),#28,.F.);
#1488=ADVANCED_FACE('',(#169),#1425,.F.);
#1489=ADVANCED_FACE('',(#170),#29,.F.);
#1490=ADVANCED_FACE('',(#171,#66,#67,#68,#69,#70),#1426,.T.);
#1491=ADVANCED_FACE('',(#172),#1427,.F.);
#1492=ADVANCED_FACE('',(#173),#1428,.F.);
#1493=ADVANCED_FACE('',(#174,#71),#103,.T.);
#1494=ADVANCED_FACE('',(#175),#1429,.F.);
#1495=ADVANCED_FACE('',(#176),#104,.F.);
#1496=ADVANCED_FACE('',(#177),#105,.F.);
#1497=ADVANCED_FACE('',(#178),#30,.T.);
#1498=ADVANCED_FACE('',(#179,#72),#106,.F.);
#1499=ADVANCED_FACE('',(#180),#1430,.F.);
#1500=ADVANCED_FACE('',(#181),#1431,.F.);
#1501=ADVANCED_FACE('',(#182),#107,.T.);
#1502=ADVANCED_FACE('',(#183),#108,.T.);
#1503=ADVANCED_FACE('',(#184),#109,.T.);
#1504=ADVANCED_FACE('',(#185),#110,.T.);
#1505=ADVANCED_FACE('',(#186),#111,.T.);
#1506=ADVANCED_FACE('',(#187),#112,.F.);
#1507=CLOSED_SHELL('',(#1432,#1433,#1434,#1435,#1436,#1437,#1438,#1439,
#1440,#1441,#1442,#1443,#1444,#1445,#1446,#1447,#1448,#1449,#1450,#1451,
#1452,#1453,#1454,#1455,#1456,#1457,#1458,#1459,#1460,#1461,#1462,#1463,
#1464,#1465,#1466,#1467,#1468,#1469,#1470,#1471,#1472,#1473,#1474,#1475,
#1476,#1477,#1478,#1479,#1480,#1481,#1482,#1483,#1484,#1485,#1486,#1487,
#1488,#1489,#1490,#1491,#1492,#1493,#1494,#1495,#1496,#1497,#1498,#1499,
#1500,#1501,#1502,#1503,#1504,#1505,#1506));
#1508=DERIVED_UNIT_ELEMENT(#1510,1.);
#1509=DERIVED_UNIT_ELEMENT(#2746,-3.);
#1510=(
MASS_UNIT()
NAMED_UNIT(*)
SI_UNIT(.KILO.,.GRAM.)
);
#1511=DERIVED_UNIT((#1508,#1509));
#1512=MEASURE_REPRESENTATION_ITEM('density measure',
POSITIVE_RATIO_MEASURE(7850.),#1511);
#1513=PROPERTY_DEFINITION_REPRESENTATION(#1518,#1515);
#1514=PROPERTY_DEFINITION_REPRESENTATION(#1519,#1516);
#1515=REPRESENTATION('material name',(#1517),#2743);
#1516=REPRESENTATION('density',(#1512),#2743);
#1517=DESCRIPTIVE_REPRESENTATION_ITEM('Steel','Steel');
#1518=PROPERTY_DEFINITION('material property','material name',#2753);
#1519=PROPERTY_DEFINITION('material property','density of part',#2753);
#1520=AXIS2_PLACEMENT_3D('',#2093,#1672,#1673);
#1521=AXIS2_PLACEMENT_3D('',#2094,#1674,#1675);
#1522=AXIS2_PLACEMENT_3D('',#2096,#1676,#1677);
#1523=AXIS2_PLACEMENT_3D('',#2139,#1679,#1680);
#1524=AXIS2_PLACEMENT_3D('',#2141,#1681,#1682);
#1525=AXIS2_PLACEMENT_3D('',#2184,#1684,#1685);
#1526=AXIS2_PLACEMENT_3D('',#2193,#1690,#1691);
#1527=AXIS2_PLACEMENT_3D('',#2199,#1695,#1696);
#1528=AXIS2_PLACEMENT_3D('',#2205,#1700,#1701);
#1529=AXIS2_PLACEMENT_3D('',#2208,#1704,#1705);
#1530=AXIS2_PLACEMENT_3D('',#2209,#1706,#1707);
#1531=AXIS2_PLACEMENT_3D('',#2218,#1712,#1713);
#1532=AXIS2_PLACEMENT_3D('',#2224,#1717,#1718);
#1533=AXIS2_PLACEMENT_3D('',#2230,#1722,#1723);
#1534=AXIS2_PLACEMENT_3D('',#2233,#1726,#1727);
#1535=AXIS2_PLACEMENT_3D('',#2234,#1728,#1729);
#1536=AXIS2_PLACEMENT_3D('',#2236,#1730,#1731);
#1537=AXIS2_PLACEMENT_3D('',#2279,#1733,#1734);
#1538=AXIS2_PLACEMENT_3D('',#2288,#1739,#1740);
#1539=AXIS2_PLACEMENT_3D('',#2294,#1744,#1745);
#1540=AXIS2_PLACEMENT_3D('',#2300,#1749,#1750);
#1541=AXIS2_PLACEMENT_3D('',#2303,#1753,#1754);
#1542=AXIS2_PLACEMENT_3D('',#2304,#1755,#1756);
#1543=AXIS2_PLACEMENT_3D('',#2306,#1757,#1758);
#1544=AXIS2_PLACEMENT_3D('',#2309,#1760,#1761);
#1545=AXIS2_PLACEMENT_3D('',#2310,#1762,#1763);
#1546=AXIS2_PLACEMENT_3D('',#2312,#1764,#1765);
#1547=AXIS2_PLACEMENT_3D('',#2315,#1767,#1768);
#1548=AXIS2_PLACEMENT_3D('',#2316,#1769,#1770);
#1549=AXIS2_PLACEMENT_3D('',#2318,#1771,#1772);
#1550=AXIS2_PLACEMENT_3D('',#2321,#1774,#1775);
#1551=AXIS2_PLACEMENT_3D('',#2322,#1776,#1777);
#1552=AXIS2_PLACEMENT_3D('',#2324,#1778,#1779);
#1553=AXIS2_PLACEMENT_3D('',#2327,#1781,#1782);
#1554=AXIS2_PLACEMENT_3D('',#2328,#1783,#1784);
#1555=AXIS2_PLACEMENT_3D('',#2337,#1789,#1790);
#1556=AXIS2_PLACEMENT_3D('',#2346,#1795,#1796);
#1557=AXIS2_PLACEMENT_3D('',#2350,#1798,#1799);
#1558=AXIS2_PLACEMENT_3D('',#2351,#1800,#1801);
#1559=AXIS2_PLACEMENT_3D('',#2352,#1802,#1803);
#1560=AXIS2_PLACEMENT_3D('',#2354,#1804,#1805);
#1561=AXIS2_PLACEMENT_3D('',#2357,#1807,#1808);
#1562=AXIS2_PLACEMENT_3D('',#2358,#1809,#1810);
#1563=AXIS2_PLACEMENT_3D('',#2374,#1815,#1816);
#1564=AXIS2_PLACEMENT_3D('',#2380,#1820,#1821);
#1565=AXIS2_PLACEMENT_3D('',#2401,#1826,#1827);
#1566=AXIS2_PLACEMENT_3D('',#2402,#1828,#1829);
#1567=AXIS2_PLACEMENT_3D('',#2403,#1830,#1831);
#1568=AXIS2_PLACEMENT_3D('',#2404,#1832,#1833);
#1569=AXIS2_PLACEMENT_3D('',#2405,#1834,#1835);
#1570=AXIS2_PLACEMENT_3D('',#2410,#1837,#1838);
#1571=AXIS2_PLACEMENT_3D('',#2413,#1840,#1841);
#1572=AXIS2_PLACEMENT_3D('',#2415,#1843,#1844);
#1573=AXIS2_PLACEMENT_3D('',#2419,#1847,#1848);
#1574=AXIS2_PLACEMENT_3D('',#2430,#1851,#1852);
#1575=AXIS2_PLACEMENT_3D('',#2436,#1856,#1857);
#1576=AXIS2_PLACEMENT_3D('',#2454,#1861,#1862);
#1577=AXIS2_PLACEMENT_3D('',#2455,#1863,#1864);
#1578=AXIS2_PLACEMENT_3D('',#2457,#1865,#1866);
#1579=AXIS2_PLACEMENT_3D('',#2458,#1867,#1868);
#1580=AXIS2_PLACEMENT_3D('',#2459,#1869,#1870);
#1581=AXIS2_PLACEMENT_3D('',#2460,#1871,#1872);
#1582=AXIS2_PLACEMENT_3D('',#2461,#1873,#1874);
#1583=AXIS2_PLACEMENT_3D('',#2463,#1875,#1876);
#1584=AXIS2_PLACEMENT_3D('',#2465,#1877,#1878);
#1585=AXIS2_PLACEMENT_3D('',#2466,#1879,#1880);
#1586=AXIS2_PLACEMENT_3D('',#2467,#1881,#1882);
#1587=AXIS2_PLACEMENT_3D('',#2469,#1883,#1884);
#1588=AXIS2_PLACEMENT_3D('',#2471,#1885,#1886);
#1589=AXIS2_PLACEMENT_3D('',#2473,#1887,#1888);
#1590=AXIS2_PLACEMENT_3D('',#2475,#1889,#1890);
#1591=AXIS2_PLACEMENT_3D('',#2476,#1891,#1892);
#1592=AXIS2_PLACEMENT_3D('',#2479,#1893,#1894);
#1593=AXIS2_PLACEMENT_3D('',#2481,#1896,#1897);
#1594=AXIS2_PLACEMENT_3D('',#2482,#1898,#1899);
#1595=AXIS2_PLACEMENT_3D('',#2485,#1900,#1901);
#1596=AXIS2_PLACEMENT_3D('',#2486,#1902,#1903);
#1597=AXIS2_PLACEMENT_3D('',#2488,#1905,#1906);
#1598=AXIS2_PLACEMENT_3D('',#2491,#1908,#1909);
#1599=AXIS2_PLACEMENT_3D('',#2492,#1910,#1911);
#1600=AXIS2_PLACEMENT_3D('',#2494,#1912,#1913);
#1601=AXIS2_PLACEMENT_3D('',#2496,#1914,#1915);
#1602=AXIS2_PLACEMENT_3D('',#2498,#1916,#1917);
#1603=AXIS2_PLACEMENT_3D('',#2500,#1918,#1919);
#1604=AXIS2_PLACEMENT_3D('',#2502,#1920,#1921);
#1605=AXIS2_PLACEMENT_3D('',#2504,#1922,#1923);
#1606=AXIS2_PLACEMENT_3D('',#2505,#1924,#1925);
#1607=AXIS2_PLACEMENT_3D('',#2508,#1926,#1927);
#1608=AXIS2_PLACEMENT_3D('',#2519,#1928,#1929);
#1609=AXIS2_PLACEMENT_3D('',#2522,#1931,#1932);
#1610=AXIS2_PLACEMENT_3D('',#2524,#1933,#1934);
#1611=AXIS2_PLACEMENT_3D('',#2534,#1935,#1936);
#1612=AXIS2_PLACEMENT_3D('',#2536,#1937,#1938);
#1613=AXIS2_PLACEMENT_3D('',#2538,#1940,#1941);
#1614=AXIS2_PLACEMENT_3D('',#2541,#1943,#1944);
#1615=AXIS2_PLACEMENT_3D('',#2542,#1945,#1946);
#1616=AXIS2_PLACEMENT_3D('',#2544,#1948,#1949);
#1617=AXIS2_PLACEMENT_3D('',#2547,#1950,#1951);
#1618=AXIS2_PLACEMENT_3D('',#2549,#1953,#1954);
#1619=AXIS2_PLACEMENT_3D('',#2550,#1955,#1956);
#1620=AXIS2_PLACEMENT_3D('',#2554,#1958,#1959);
#1621=AXIS2_PLACEMENT_3D('',#2555,#1960,#1961);
#1622=AXIS2_PLACEMENT_3D('',#2556,#1962,#1963);
#1623=AXIS2_PLACEMENT_3D('',#2558,#1965,#1966);
#1624=AXIS2_PLACEMENT_3D('',#2561,#1967,#1968);
#1625=AXIS2_PLACEMENT_3D('',#2563,#1970,#1971);
#1626=AXIS2_PLACEMENT_3D('',#2564,#1972,#1973);
#1627=AXIS2_PLACEMENT_3D('',#2568,#1975,#1976);
#1628=AXIS2_PLACEMENT_3D('',#2569,#1977,#1978);
#1629=AXIS2_PLACEMENT_3D('',#2570,#1979,#1980);
#1630=AXIS2_PLACEMENT_3D('',#2572,#1982,#1983);
#1631=AXIS2_PLACEMENT_3D('',#2575,#1984,#1985);
#1632=AXIS2_PLACEMENT_3D('',#2577,#1987,#1988);
#1633=AXIS2_PLACEMENT_3D('',#2578,#1989,#1990);
#1634=AXIS2_PLACEMENT_3D('',#2582,#1992,#1993);
#1635=AXIS2_PLACEMENT_3D('',#2583,#1994,#1995);
#1636=AXIS2_PLACEMENT_3D('',#2584,#1996,#1997);
#1637=AXIS2_PLACEMENT_3D('',#2586,#1999,#2000);
#1638=AXIS2_PLACEMENT_3D('',#2589,#2001,#2002);
#1639=AXIS2_PLACEMENT_3D('',#2591,#2004,#2005);
#1640=AXIS2_PLACEMENT_3D('',#2592,#2006,#2007);
#1641=AXIS2_PLACEMENT_3D('',#2596,#2009,#2010);
#1642=AXIS2_PLACEMENT_3D('',#2597,#2011,#2012);
#1643=AXIS2_PLACEMENT_3D('',#2598,#2013,#2014);
#1644=AXIS2_PLACEMENT_3D('',#2600,#2016,#2017);
#1645=AXIS2_PLACEMENT_3D('',#2601,#2018,#2019);
#1646=AXIS2_PLACEMENT_3D('',#2602,#2020,#2021);
#1647=AXIS2_PLACEMENT_3D('',#2603,#2022,#2023);
#1648=AXIS2_PLACEMENT_3D('',#2684,#2025,#2026);
#1649=AXIS2_PLACEMENT_3D('',#2686,#2027,#2028);
#1650=AXIS2_PLACEMENT_3D('',#2688,#2030,#2031);
#1651=AXIS2_PLACEMENT_3D('',#2691,#2033,#2034);
#1652=AXIS2_PLACEMENT_3D('',#2692,#2035,#2036);
#1653=AXIS2_PLACEMENT_3D('',#2693,#2037,#2038);
#1654=AXIS2_PLACEMENT_3D('',#2694,#2039,#2040);
#1655=AXIS2_PLACEMENT_3D('',#2695,#2041,#2042);
#1656=AXIS2_PLACEMENT_3D('',#2696,#2043,#2044);
#1657=AXIS2_PLACEMENT_3D('',#2697,#2045,#2046);
#1658=AXIS2_PLACEMENT_3D('',#2698,#2047,#2048);
#1659=AXIS2_PLACEMENT_3D('',#2699,#2049,#2050);
#1660=AXIS2_PLACEMENT_3D('',#2700,#2051,#2052);
#1661=AXIS2_PLACEMENT_3D('',#2702,#2053,#2054);
#1662=AXIS2_PLACEMENT_3D('',#2703,#2055,#2056);
#1663=AXIS2_PLACEMENT_3D('',#2705,#2058,#2059);
#1664=AXIS2_PLACEMENT_3D('',#2710,#2062,#2063);
#1665=AXIS2_PLACEMENT_3D('',#2715,#2066,#2067);
#1666=AXIS2_PLACEMENT_3D('',#2717,#2069,#2070);
#1667=AXIS2_PLACEMENT_3D('',#2725,#2075,#2076);
#1668=AXIS2_PLACEMENT_3D('',#2733,#2081,#2082);
#1669=AXIS2_PLACEMENT_3D('',#2736,#2085,#2086);
#1670=AXIS2_PLACEMENT_3D('',#2738,#2088,#2089);
#1671=AXIS2_PLACEMENT_3D('',#2740,#2091,#2092);
#1672=DIRECTION('axis',(0.,0.,1.));
#1673=DIRECTION('refdir',(1.,0.,0.));
#1674=DIRECTION('center_axis',(1.22464679914735E-16,1.,0.));
#1675=DIRECTION('ref_axis',(-1.,1.22464679914735E-16,0.));
#1676=DIRECTION('center_axis',(1.22464679914735E-16,1.,1.58603289232165E-16));
#1677=DIRECTION('ref_axis',(-1.,1.22464679914735E-16,0.));
#1678=DIRECTION('',(1.22464679914735E-16,1.,0.));
#1679=DIRECTION('center_axis',(1.,-6.12323399573677E-17,0.));
#1680=DIRECTION('ref_axis',(6.12323399573677E-17,1.,0.));
#1681=DIRECTION('center_axis',(1.,-6.12323399573677E-17,1.58603289232165E-16));
#1682=DIRECTION('ref_axis',(6.12323399573677E-17,1.,0.));
#1683=DIRECTION('',(1.,-6.12323399573677E-17,0.));
#1684=DIRECTION('center_axis',(-1.,1.22464679914735E-16,0.));
#1685=DIRECTION('ref_axis',(1.22464679914735E-16,1.,2.22044604925031E-16));
#1686=DIRECTION('',(1.22464679914735E-16,1.,-2.22044604925031E-16));
#1687=DIRECTION('',(1.94233010492413E-32,1.58603289232165E-16,-1.));
#1688=DIRECTION('',(1.22464679914735E-16,1.,2.22044604925031E-16));
#1689=DIRECTION('',(1.94233010492413E-32,1.58603289232165E-16,-1.));
#1690=DIRECTION('center_axis',(-1.22464679914735E-16,-1.,-1.58603289232165E-16));
#1691=DIRECTION('ref_axis',(-1.,1.22464679914735E-16,0.));
#1692=DIRECTION('',(-1.,1.22464679914735E-16,-2.71926214689378E-32));
#1693=DIRECTION('',(1.94233010492413E-32,1.58603289232165E-16,-1.));
#1694=DIRECTION('',(-1.,1.22464679914735E-16,0.));
#1695=DIRECTION('center_axis',(1.,-1.22464679914735E-16,0.));
#1696=DIRECTION('ref_axis',(-1.22464679914735E-16,-1.,-2.22044604925031E-16));
#1697=DIRECTION('',(-1.22464679914735E-16,-1.,2.22044604925031E-16));
#1698=DIRECTION('',(1.94233010492413E-32,1.58603289232165E-16,-1.));
#1699=DIRECTION('',(-1.22464679914735E-16,-1.,-2.22044604925031E-16));
#1700=DIRECTION('center_axis',(1.22464679914735E-16,1.,1.58603289232165E-16));
#1701=DIRECTION('ref_axis',(1.,-1.22464679914735E-16,0.));
#1702=DIRECTION('',(1.,-1.22464679914735E-16,2.71926214689378E-32));
#1703=DIRECTION('',(1.,-1.22464679914735E-16,0.));
#1704=DIRECTION('center_axis',(1.94233010492413E-32,1.58603289232165E-16,
-1.));
#1705=DIRECTION('ref_axis',(1.,-1.22464679914735E-16,0.));
#1706=DIRECTION('center_axis',(6.12323399573677E-17,1.,0.));
#1707=DIRECTION('ref_axis',(1.,-6.12323399573677E-17,2.22044604925031E-16));
#1708=DIRECTION('',(1.,-6.12323399573677E-17,1.35963107344689E-32));
#1709=DIRECTION('',(1.58603289232165E-16,-9.71165052462065E-33,-1.));
#1710=DIRECTION('',(1.,-6.12323399573677E-17,2.22044604925031E-16));
#1711=DIRECTION('',(1.58603289232165E-16,-9.71165052462065E-33,-1.));
#1712=DIRECTION('center_axis',(-1.,6.12323399573677E-17,-1.58603289232165E-16));
#1713=DIRECTION('ref_axis',(6.12323399573677E-17,1.,0.));
#1714=DIRECTION('',(6.12323399573677E-17,1.,-2.22044604925031E-16));
#1715=DIRECTION('',(1.58603289232165E-16,-9.71165052462065E-33,-1.));
#1716=DIRECTION('',(6.12323399573677E-17,1.,0.));
#1717=DIRECTION('center_axis',(-6.12323399573677E-17,-1.,0.));
#1718=DIRECTION('ref_axis',(-1.,6.12323399573677E-17,-2.22044604925031E-16));
#1719=DIRECTION('',(-1.,6.12323399573677E-17,-1.35963107344689E-32));
#1720=DIRECTION('',(1.58603289232165E-16,-9.71165052462065E-33,-1.));
#1721=DIRECTION('',(-1.,6.12323399573677E-17,-2.22044604925031E-16));
#1722=DIRECTION('center_axis',(1.,-6.12323399573677E-17,1.58603289232165E-16));
#1723=DIRECTION('ref_axis',(-6.12323399573677E-17,-1.,0.));
#1724=DIRECTION('',(-6.12323399573677E-17,-1.,2.22044604925031E-16));
#1725=DIRECTION('',(-6.12323399573677E-17,-1.,0.));
#1726=DIRECTION('center_axis',(1.58603289232165E-16,-9.71165052462065E-33,
-1.));
#1727=DIRECTION('ref_axis',(-6.12323399573677E-17,-1.,0.));
#1728=DIRECTION('center_axis',(0.,-1.,0.));
#1729=DIRECTION('ref_axis',(1.,0.,0.));
#1730=DIRECTION('center_axis',(0.,-1.,1.58603289232165E-16));
#1731=DIRECTION('ref_axis',(1.,0.,0.));
#1732=DIRECTION('',(0.,-1.,0.));
#1733=DIRECTION('center_axis',(1.,0.,0.));
#1734=DIRECTION('ref_axis',(0.,-1.,2.22044604925031E-16));
#1735=DIRECTION('',(0.,-1.,2.22044604925031E-16));
#1736=DIRECTION('',(0.,-1.58603289232165E-16,-1.));
#1737=DIRECTION('',(0.,-1.,2.22044604925031E-16));
#1738=DIRECTION('',(0.,-1.58603289232165E-16,-1.));
#1739=DIRECTION('center_axis',(0.,1.,-1.58603289232165E-16));
#1740=DIRECTION('ref_axis',(1.,0.,0.));
#1741=DIRECTION('',(1.,0.,0.));
#1742=DIRECTION('',(0.,-1.58603289232165E-16,-1.));
#1743=DIRECTION('',(1.,0.,0.));
#1744=DIRECTION('center_axis',(-1.,0.,0.));
#1745=DIRECTION('ref_axis',(0.,1.,-2.22044604925031E-16));
#1746=DIRECTION('',(0.,1.,-2.22044604925031E-16));
#1747=DIRECTION('',(0.,-1.58603289232165E-16,-1.));
#1748=DIRECTION('',(0.,1.,-2.22044604925031E-16));
#1749=DIRECTION('center_axis',(0.,-1.,1.58603289232165E-16));
#1750=DIRECTION('ref_axis',(-1.,0.,0.));
#1751=DIRECTION('',(-1.,0.,0.));
#1752=DIRECTION('',(-1.,0.,0.));
#1753=DIRECTION('center_axis',(0.,-1.58603289232165E-16,-1.));
#1754=DIRECTION('ref_axis',(-1.,0.,0.));
#1755=DIRECTION('center_axis',(0.,0.,1.));
#1756=DIRECTION('ref_axis',(1.,0.,0.));
#1757=DIRECTION('center_axis',(0.,2.22044604925031E-16,1.));
#1758=DIRECTION('ref_axis',(1.,0.,0.));
#1759=DIRECTION('',(0.,0.,1.));
#1760=DIRECTION('center_axis',(0.,-2.22044604925031E-16,-1.));
#1761=DIRECTION('ref_axis',(1.,0.,0.));
#1762=DIRECTION('center_axis',(0.,0.,1.));
#1763=DIRECTION('ref_axis',(1.,0.,0.));
#1764=DIRECTION('center_axis',(0.,2.22044604925031E-16,1.));
#1765=DIRECTION('ref_axis',(1.,0.,0.));
#1766=DIRECTION('',(0.,0.,1.));
#1767=DIRECTION('center_axis',(0.,-2.22044604925031E-16,-1.));
#1768=DIRECTION('ref_axis',(1.,0.,0.));
#1769=DIRECTION('center_axis',(0.,0.,1.));
#1770=DIRECTION('ref_axis',(1.,0.,0.));
#1771=DIRECTION('center_axis',(0.,2.22044604925031E-16,1.));
#1772=DIRECTION('ref_axis',(1.,0.,0.));
#1773=DIRECTION('',(0.,0.,1.));
#1774=DIRECTION('center_axis',(0.,-2.22044604925031E-16,-1.));
#1775=DIRECTION('ref_axis',(1.,0.,0.));
#1776=DIRECTION('center_axis',(0.,0.,1.));
#1777=DIRECTION('ref_axis',(1.,0.,0.));
#1778=DIRECTION('center_axis',(0.,2.22044604925031E-16,1.));
#1779=DIRECTION('ref_axis',(1.,0.,0.));
#1780=DIRECTION('',(0.,0.,1.));
#1781=DIRECTION('center_axis',(0.,-2.22044604925031E-16,-1.));
#1782=DIRECTION('ref_axis',(1.,0.,0.));
#1783=DIRECTION('center_axis',(-1.,0.,0.));
#1784=DIRECTION('ref_axis',(0.,1.,-2.22044604925031E-16));
#1785=DIRECTION('',(0.,-2.22044604925031E-16,-1.));
#1786=DIRECTION('',(0.,1.,-2.22044604925031E-16));
#1787=DIRECTION('',(0.,-2.22044604925031E-16,-1.));
#1788=DIRECTION('',(0.,-1.,2.22044604925031E-16));
#1789=DIRECTION('center_axis',(-1.,0.,0.));
#1790=DIRECTION('ref_axis',(0.,1.,-2.22044604925031E-16));
#1791=DIRECTION('',(0.,-2.22044604925031E-16,-1.));
#1792=DIRECTION('',(0.,-1.,2.22044604925031E-16));
#1793=DIRECTION('',(0.,-2.22044604925031E-16,-1.));
#1794=DIRECTION('',(0.,1.,-2.22044604925031E-16));
#1795=DIRECTION('center_axis',(0.,-2.22044604925031E-16,-1.));
#1796=DIRECTION('ref_axis',(0.,1.,-2.22044604925031E-16));
#1797=DIRECTION('',(1.,0.,0.));
#1798=DIRECTION('center_axis',(0.,-2.22044604925031E-16,-1.));
#1799=DIRECTION('ref_axis',(0.,1.,-2.22044604925031E-16));
#1800=DIRECTION('center_axis',(0.,-2.22044604925031E-16,-1.));
#1801=DIRECTION('ref_axis',(-0.998966407992541,0.0454545454545519,-1.00929365875029E-17));
#1802=DIRECTION('center_axis',(0.,-2.22044604925031E-16,-1.));
#1803=DIRECTION('ref_axis',(0.,1.,-2.22044604925031E-16));
#1804=DIRECTION('center_axis',(0.,-2.22044604925031E-16,-1.));
#1805=DIRECTION('ref_axis',(0.,1.,-2.22044604925031E-16));
#1806=DIRECTION('',(1.,0.,0.));
#1807=DIRECTION('center_axis',(0.,-2.22044604925031E-16,-1.));
#1808=DIRECTION('ref_axis',(-0.181818181818205,-0.983332166035629,2.18343602317456E-16));
#1809=DIRECTION('center_axis',(0.,1.,-2.22044604925031E-16));
#1810=DIRECTION('ref_axis',(1.,0.,0.));
#1811=DIRECTION('',(0.,-2.22044604925031E-16,-1.));
#1812=DIRECTION('',(-1.,0.,0.));
#1813=DIRECTION('',(0.,-2.22044604925031E-16,-1.));
#1814=DIRECTION('',(1.,0.,0.));
#1815=DIRECTION('center_axis',(0.,1.,-2.22044604925031E-16));
#1816=DIRECTION('ref_axis',(1.,0.,0.));
#1817=DIRECTION('',(-1.,0.,0.));
#1818=DIRECTION('',(0.,-2.22044604925031E-16,-1.));
#1819=DIRECTION('',(0.,-2.22044604925031E-16,-1.));
#1820=DIRECTION('center_axis',(0.,1.,-2.22044604925031E-16));
#1821=DIRECTION('ref_axis',(1.,0.,0.));
#1822=DIRECTION('',(1.,0.,0.));
#1823=DIRECTION('',(0.,-2.22044604925031E-16,-1.));
#1824=DIRECTION('',(1.,0.,0.));
#1825=DIRECTION('',(0.,-2.22044604925031E-16,-1.));
#1826=DIRECTION('center_axis',(0.,1.,-2.22044604925031E-16));
#1827=DIRECTION('ref_axis',(1.,0.,0.));
#1828=DIRECTION('center_axis',(0.,2.22044604925031E-16,1.));
#1829=DIRECTION('ref_axis',(-1.22464679914735E-16,1.,-2.22044604925031E-16));
#1830=DIRECTION('center_axis',(0.,2.22044604925031E-16,1.));
#1831=DIRECTION('ref_axis',(0.,-1.,2.22044604925031E-16));
#1832=DIRECTION('center_axis',(0.,2.22044604925031E-16,1.));
#1833=DIRECTION('ref_axis',(0.993807989999908,0.111111111111101,-2.46716227694457E-17));
#1834=DIRECTION('center_axis',(0.,-2.22044604925031E-16,-1.));
#1835=DIRECTION('ref_axis',(0.,1.,-2.22044604925031E-16));
#1836=DIRECTION('',(1.,0.,0.));
#1837=DIRECTION('center_axis',(0.,2.22044604925031E-16,1.));
#1838=DIRECTION('ref_axis',(-0.993807989999908,-0.111111111111101,2.46716227694457E-17));
#1839=DIRECTION('',(1.,0.,0.));
#1840=DIRECTION('center_axis',(0.,2.22044604925031E-16,1.));
#1841=DIRECTION('ref_axis',(-0.998865569685859,-0.047619047619048,1.05735526154778E-17));
#1842=DIRECTION('',(0.,1.,-2.22044604925031E-16));
#1843=DIRECTION('center_axis',(1.,0.,0.));
#1844=DIRECTION('ref_axis',(0.,-1.,2.22044604925031E-16));
#1845=DIRECTION('',(0.,1.,-2.22044604925031E-16));
#1846=DIRECTION('',(0.,-2.22044604925031E-16,-1.));
#1847=DIRECTION('center_axis',(0.,-1.,2.22044604925031E-16));
#1848=DIRECTION('ref_axis',(-1.,0.,0.));
#1849=DIRECTION('',(1.,0.,0.));
#1850=DIRECTION('',(0.,-2.22044604925031E-16,-1.));
#1851=DIRECTION('center_axis',(0.,-1.,2.22044604925031E-16));
#1852=DIRECTION('ref_axis',(-1.,0.,0.));
#1853=DIRECTION('',(0.,-2.22044604925031E-16,-1.));
#1854=DIRECTION('',(1.,0.,0.));
#1855=DIRECTION('',(0.,-2.22044604925031E-16,-1.));
#1856=DIRECTION('center_axis',(0.,-1.,2.22044604925031E-16));
#1857=DIRECTION('ref_axis',(-1.,0.,0.));
#1858=DIRECTION('',(0.,-2.22044604925031E-16,-1.));
#1859=DIRECTION('',(1.,0.,0.));
#1860=DIRECTION('',(0.,-2.22044604925031E-16,-1.));
#1861=DIRECTION('center_axis',(0.,1.,-2.22044604925031E-16));
#1862=DIRECTION('ref_axis',(1.,0.,0.));
#1863=DIRECTION('center_axis',(0.,2.22044604925031E-16,1.));
#1864=DIRECTION('ref_axis',(0.,-1.,2.22044604925031E-16));
#1865=DIRECTION('center_axis',(0.,2.22044604925031E-16,1.));
#1866=DIRECTION('ref_axis',(0.,-1.,2.22044604925031E-16));
#1867=DIRECTION('center_axis',(0.,2.22044604925031E-16,1.));
#1868=DIRECTION('ref_axis',(0.,-1.,2.22044604925031E-16));
#1869=DIRECTION('center_axis',(0.,-2.22044604925031E-16,-1.));
#1870=DIRECTION('ref_axis',(0.,1.,-2.22044604925031E-16));
#1871=DIRECTION('center_axis',(0.,-2.22044604925031E-16,-1.));
#1872=DIRECTION('ref_axis',(0.,1.,-2.22044604925031E-16));
#1873=DIRECTION('center_axis',(0.,-2.22044604925031E-16,-1.));
#1874=DIRECTION('ref_axis',(0.,1.,-2.22044604925031E-16));
#1875=DIRECTION('center_axis',(0.,2.22044604925031E-16,1.));
#1876=DIRECTION('ref_axis',(-1.,0.,0.));
#1877=DIRECTION('center_axis',(0.,-2.22044604925031E-16,-1.));
#1878=DIRECTION('ref_axis',(-1.,0.,0.));
#1879=DIRECTION('center_axis',(0.,-2.22044604925031E-16,-1.));
#1880=DIRECTION('ref_axis',(0.,1.,-2.22044604925031E-16));
#1881=DIRECTION('center_axis',(0.,-2.22044604925031E-16,-1.));
#1882=DIRECTION('ref_axis',(-0.998966407992541,0.0454545454545519,-1.00929365875029E-17));
#1883=DIRECTION('center_axis',(0.,-2.22044604925031E-16,-1.));
#1884=DIRECTION('ref_axis',(0.,-1.,2.22044604925031E-16));
#1885=DIRECTION('center_axis',(0.,-2.22044604925031E-16,-1.));
#1886=DIRECTION('ref_axis',(-1.,0.,0.));
#1887=DIRECTION('center_axis',(0.,-2.22044604925031E-16,-1.));
#1888=DIRECTION('ref_axis',(0.,1.,-2.22044604925031E-16));
#1889=DIRECTION('center_axis',(0.,-2.22044604925031E-16,-1.));
#1890=DIRECTION('ref_axis',(-1.,0.,0.));
#1891=DIRECTION('center_axis',(0.,-2.22044604925031E-16,-1.));
#1892=DIRECTION('ref_axis',(0.,-1.,2.22044604925031E-16));
#1893=DIRECTION('center_axis',(0.,2.22044604925031E-16,1.));
#1894=DIRECTION('ref_axis',(1.,0.,0.));
#1895=DIRECTION('',(-8.65956056235364E-17,-0.707106781186442,0.707106781186653));
#1896=DIRECTION('center_axis',(0.,2.22044604925031E-16,1.));
#1897=DIRECTION('ref_axis',(1.,0.,0.));
#1898=DIRECTION('center_axis',(0.,-2.22044604925031E-16,-1.));
#1899=DIRECTION('ref_axis',(1.,0.,0.));
#1900=DIRECTION('center_axis',(0.,2.22044604925031E-16,1.));
#1901=DIRECTION('ref_axis',(1.,0.,0.));
#1902=DIRECTION('center_axis',(0.,2.22044604925031E-16,1.));
#1903=DIRECTION('ref_axis',(1.,0.,0.));
#1904=DIRECTION('',(0.,2.22044604925031E-16,1.));
#1905=DIRECTION('center_axis',(0.,2.22044604925031E-16,1.));
#1906=DIRECTION('ref_axis',(0.,-1.,2.22044604925031E-16));
#1907=DIRECTION('',(8.65956056235365E-17,-0.707106781186443,-0.707106781186652));
#1908=DIRECTION('center_axis',(0.,2.22044604925031E-16,1.));
#1909=DIRECTION('ref_axis',(-1.,0.,0.));
#1910=DIRECTION('center_axis',(0.,-2.22044604925031E-16,-1.));
#1911=DIRECTION('ref_axis',(0.,1.,-2.22044604925031E-16));
#1912=DIRECTION('center_axis',(0.,2.22044604925031E-16,1.));
#1913=DIRECTION('ref_axis',(1.,0.,0.));
#1914=DIRECTION('center_axis',(0.,2.22044604925031E-16,1.));
#1915=DIRECTION('ref_axis',(1.,0.,0.));
#1916=DIRECTION('center_axis',(0.,2.22044604925031E-16,1.));
#1917=DIRECTION('ref_axis',(0.,-1.,2.22044604925031E-16));
#1918=DIRECTION('center_axis',(0.,2.22044604925031E-16,1.));
#1919=DIRECTION('ref_axis',(1.,0.,0.));
#1920=DIRECTION('center_axis',(0.,2.22044604925031E-16,1.));
#1921=DIRECTION('ref_axis',(0.,1.,-2.22044604925031E-16));
#1922=DIRECTION('center_axis',(0.,2.22044604925031E-16,1.));
#1923=DIRECTION('ref_axis',(-1.,0.,0.));
#1924=DIRECTION('center_axis',(0.,-2.22044604925031E-16,-1.));
#1925=DIRECTION('ref_axis',(0.,-1.,2.22044604925031E-16));
#1926=DIRECTION('center_axis',(0.,-2.22044604925031E-16,-1.));
#1927=DIRECTION('ref_axis',(0.,1.,-2.22044604925031E-16));
#1928=DIRECTION('center_axis',(0.,-2.22044604925031E-16,-1.));
#1929=DIRECTION('ref_axis',(0.,1.,-2.22044604925031E-16));
#1930=DIRECTION('',(8.65956056235364E-17,0.707106781186442,-0.707106781186653));
#1931=DIRECTION('center_axis',(0.,-2.22044604925031E-16,-1.));
#1932=DIRECTION('ref_axis',(0.,1.,-2.22044604925031E-16));
#1933=DIRECTION('center_axis',(0.,-2.22044604925031E-16,-1.));
#1934=DIRECTION('ref_axis',(0.,1.,-2.22044604925031E-16));
#1935=DIRECTION('center_axis',(0.,-2.22044604925031E-16,-1.));
#1936=DIRECTION('ref_axis',(0.,-1.,2.22044604925031E-16));
#1937=DIRECTION('center_axis',(0.,2.22044604925031E-16,1.));
#1938=DIRECTION('ref_axis',(0.,-1.,2.22044604925031E-16));
#1939=DIRECTION('',(8.65956056235364E-17,0.707106781186442,-0.707106781186653));
#1940=DIRECTION('center_axis',(0.,2.22044604925031E-16,1.));
#1941=DIRECTION('ref_axis',(0.,-1.,2.22044604925031E-16));
#1942=DIRECTION('',(0.,2.22044604925031E-16,1.));
#1943=DIRECTION('center_axis',(0.,-2.22044604925031E-16,-1.));
#1944=DIRECTION('ref_axis',(0.,-1.,2.22044604925031E-16));
#1945=DIRECTION('center_axis',(0.,2.22044604925031E-16,1.));
#1946=DIRECTION('ref_axis',(0.,-1.,2.22044604925031E-16));
#1947=DIRECTION('',(-8.65956056235365E-17,0.707106781186443,0.707106781186652));
#1948=DIRECTION('center_axis',(0.,-2.22044604925031E-16,-1.));
#1949=DIRECTION('ref_axis',(0.,-1.,2.22044604925031E-16));
#1950=DIRECTION('center_axis',(0.,2.22044604925031E-16,1.));
#1951=DIRECTION('ref_axis',(-1.,0.,0.));
#1952=DIRECTION('',(8.65956056235365E-17,0.707106781186442,-0.707106781186653));
#1953=DIRECTION('center_axis',(0.,2.22044604925031E-16,1.));
#1954=DIRECTION('ref_axis',(-1.,0.,0.));
#1955=DIRECTION('center_axis',(0.,2.22044604925031E-16,1.));
#1956=DIRECTION('ref_axis',(-1.,0.,0.));
#1957=DIRECTION('',(0.,2.22044604925031E-16,1.));
#1958=DIRECTION('center_axis',(0.,-2.22044604925031E-16,-1.));
#1959=DIRECTION('ref_axis',(-1.,0.,0.));
#1960=DIRECTION('center_axis',(0.,-2.22044604925031E-16,-1.));
#1961=DIRECTION('ref_axis',(-1.,0.,0.));
#1962=DIRECTION('center_axis',(0.,2.22044604925031E-16,1.));
#1963=DIRECTION('ref_axis',(0.,-1.,2.22044604925031E-16));
#1964=DIRECTION('',(-8.65956056235365E-17,0.707106781186443,0.707106781186652));
#1965=DIRECTION('center_axis',(0.,-2.22044604925031E-16,-1.));
#1966=DIRECTION('ref_axis',(0.,-1.,2.22044604925031E-16));
#1967=DIRECTION('center_axis',(0.,2.22044604925031E-16,1.));
#1968=DIRECTION('ref_axis',(0.,1.,-2.22044604925031E-16));
#1969=DIRECTION('',(8.65956056235365E-17,0.707106781186442,-0.707106781186653));
#1970=DIRECTION('center_axis',(0.,2.22044604925031E-16,1.));
#1971=DIRECTION('ref_axis',(0.,1.,-2.22044604925031E-16));
#1972=DIRECTION('center_axis',(0.,2.22044604925031E-16,1.));
#1973=DIRECTION('ref_axis',(0.,1.,-2.22044604925031E-16));
#1974=DIRECTION('',(0.,2.22044604925031E-16,1.));
#1975=DIRECTION('center_axis',(0.,-2.22044604925031E-16,-1.));
#1976=DIRECTION('ref_axis',(0.,1.,-2.22044604925031E-16));
#1977=DIRECTION('center_axis',(0.,-2.22044604925031E-16,-1.));
#1978=DIRECTION('ref_axis',(0.,1.,-2.22044604925031E-16));
#1979=DIRECTION('center_axis',(0.,2.22044604925031E-16,1.));
#1980=DIRECTION('ref_axis',(0.,-1.,2.22044604925031E-16));
#1981=DIRECTION('',(-8.65956056235365E-17,0.707106781186443,0.707106781186652));
#1982=DIRECTION('center_axis',(0.,-2.22044604925031E-16,-1.));
#1983=DIRECTION('ref_axis',(0.,-1.,2.22044604925031E-16));
#1984=DIRECTION('center_axis',(0.,2.22044604925031E-16,1.));
#1985=DIRECTION('ref_axis',(-1.,0.,0.));
#1986=DIRECTION('',(8.65956056235365E-17,0.707106781186442,-0.707106781186653));
#1987=DIRECTION('center_axis',(0.,2.22044604925031E-16,1.));
#1988=DIRECTION('ref_axis',(-1.,0.,0.));
#1989=DIRECTION('center_axis',(0.,2.22044604925031E-16,1.));
#1990=DIRECTION('ref_axis',(1.,0.,0.));
#1991=DIRECTION('',(0.,2.22044604925031E-16,1.));
#1992=DIRECTION('center_axis',(0.,-2.22044604925031E-16,-1.));
#1993=DIRECTION('ref_axis',(-1.,0.,0.));
#1994=DIRECTION('center_axis',(0.,-2.22044604925031E-16,-1.));
#1995=DIRECTION('ref_axis',(-1.,0.,0.));
#1996=DIRECTION('center_axis',(0.,2.22044604925031E-16,1.));
#1997=DIRECTION('ref_axis',(0.,-1.,2.22044604925031E-16));
#1998=DIRECTION('',(-8.65956056235365E-17,0.707106781186443,0.707106781186652));
#1999=DIRECTION('center_axis',(0.,-2.22044604925031E-16,-1.));
#2000=DIRECTION('ref_axis',(0.,-1.,2.22044604925031E-16));
#2001=DIRECTION('center_axis',(0.,2.22044604925031E-16,1.));
#2002=DIRECTION('ref_axis',(-1.,0.,0.));
#2003=DIRECTION('',(8.65956056235365E-17,0.707106781186442,-0.707106781186653));
#2004=DIRECTION('center_axis',(0.,2.22044604925031E-16,1.));
#2005=DIRECTION('ref_axis',(-1.,0.,0.));
#2006=DIRECTION('center_axis',(0.,2.22044604925031E-16,1.));
#2007=DIRECTION('ref_axis',(1.,0.,0.));
#2008=DIRECTION('',(0.,2.22044604925031E-16,1.));
#2009=DIRECTION('center_axis',(0.,-2.22044604925031E-16,-1.));
#2010=DIRECTION('ref_axis',(-1.,0.,0.));
#2011=DIRECTION('center_axis',(0.,-2.22044604925031E-16,-1.));
#2012=DIRECTION('ref_axis',(-1.,0.,0.));
#2013=DIRECTION('center_axis',(0.,2.22044604925031E-16,1.));
#2014=DIRECTION('ref_axis',(0.,-1.,2.22044604925031E-16));
#2015=DIRECTION('',(-8.65956056235365E-17,0.707106781186443,0.707106781186652));
#2016=DIRECTION('center_axis',(0.,-2.22044604925031E-16,-1.));
#2017=DIRECTION('ref_axis',(1.,0.,0.));
#2018=DIRECTION('center_axis',(0.,-2.22044604925031E-16,-1.));
#2019=DIRECTION('ref_axis',(-0.998966407992541,0.0454545454545519,-1.00929365875029E-17));
#2020=DIRECTION('center_axis',(0.,-2.22044604925031E-16,-1.));
#2021=DIRECTION('ref_axis',(-0.998966407992541,0.0454545454545519,-1.00929365875029E-17));
#2022=DIRECTION('center_axis',(0.,-2.22044604925031E-16,-1.));
#2023=DIRECTION('ref_axis',(-0.181818181818205,-0.983332166035629,2.18343602317456E-16));
#2024=DIRECTION('',(0.,-2.22044604925031E-16,-1.));
#2025=DIRECTION('center_axis',(0.,1.,-2.22044604925031E-16));
#2026=DIRECTION('ref_axis',(-1.,0.,0.));
#2027=DIRECTION('center_axis',(0.,1.,-2.22044604925031E-16));
#2028=DIRECTION('ref_axis',(1.,0.,0.));
#2029=DIRECTION('',(0.,1.,-2.22044604925031E-16));
#2030=DIRECTION('center_axis',(0.,1.,-2.22044604925031E-16));
#2031=DIRECTION('ref_axis',(-1.,0.,0.));
#2032=DIRECTION('',(0.,1.,-2.22044604925031E-16));
#2033=DIRECTION('center_axis',(0.,1.,-2.22044604925031E-16));
#2034=DIRECTION('ref_axis',(-1.,0.,0.));
#2035=DIRECTION('center_axis',(0.,1.,-2.22044604925031E-16));
#2036=DIRECTION('ref_axis',(1.,0.,0.));
#2037=DIRECTION('center_axis',(0.,1.,-2.22044604925031E-16));
#2038=DIRECTION('ref_axis',(-0.932652990377576,8.0108080461281E-17,0.360774721314791));
#2039=DIRECTION('center_axis',(0.,1.,-2.22044604925031E-16));
#2040=DIRECTION('ref_axis',(1.,1.38275066261451E-28,6.22735536889702E-13));
#2041=DIRECTION('center_axis',(0.,2.22044604925031E-16,1.));
#2042=DIRECTION('ref_axis',(0.,-1.,2.22044604925031E-16));
#2043=DIRECTION('center_axis',(0.,2.22044604925031E-16,1.));
#2044=DIRECTION('ref_axis',(0.,-1.,2.22044604925031E-16));
#2045=DIRECTION('center_axis',(0.,2.22044604925031E-16,1.));
#2046=DIRECTION('ref_axis',(0.,-1.,2.22044604925031E-16));
#2047=DIRECTION('center_axis',(0.,2.22044604925031E-16,1.));
#2048=DIRECTION('ref_axis',(0.,-1.,2.22044604925031E-16));
#2049=DIRECTION('center_axis',(0.,-2.22044604925031E-16,-1.));
#2050=DIRECTION('ref_axis',(1.,4.37044395851782E-14,-9.72316929691015E-30));
#2051=DIRECTION('center_axis',(0.,1.,-2.22044604925031E-16));
#2052=DIRECTION('ref_axis',(1.,0.,0.));
#2053=DIRECTION('center_axis',(0.,1.,-2.22044604925031E-16));
#2054=DIRECTION('ref_axis',(1.,0.,0.));
#2055=DIRECTION('center_axis',(0.,1.,-2.22044604925031E-16));
#2056=DIRECTION('ref_axis',(1.,0.,0.));
#2057=DIRECTION('',(0.,1.,-2.22044604925031E-16));
#2058=DIRECTION('center_axis',(0.,-2.22044604925031E-16,-1.));
#2059=DIRECTION('ref_axis',(0.,1.,-2.22044604925031E-16));
#2060=DIRECTION('',(0.,-2.22044604925031E-16,-1.));
#2061=DIRECTION('',(0.,-2.22044604925031E-16,-1.));
#2062=DIRECTION('center_axis',(0.,2.22044604925031E-16,1.));
#2063=DIRECTION('ref_axis',(0.,-1.,2.22044604925031E-16));
#2064=DIRECTION('',(0.,-2.22044604925031E-16,-1.));
#2065=DIRECTION('',(0.,-2.22044604925031E-16,-1.));
#2066=DIRECTION('center_axis',(0.,2.22044604925031E-16,1.));
#2067=DIRECTION('ref_axis',(0.,-1.,2.22044604925031E-16));
#2068=DIRECTION('',(0.,-2.22044604925031E-16,-1.));
#2069=DIRECTION('center_axis',(2.89120579329468E-16,1.,-2.22044604925031E-16));
#2070=DIRECTION('ref_axis',(1.,-2.89120579329468E-16,6.41976648129078E-32));
#2071=DIRECTION('',(0.,-2.22044604925031E-16,-1.));
#2072=DIRECTION('',(1.,-1.85037170770859E-16,4.1086505480261E-32));
#2073=DIRECTION('',(0.,-2.22044604925031E-16,-1.));
#2074=DIRECTION('',(1.,-2.08682913004075E-16,4.63369149725945E-32));
#2075=DIRECTION('center_axis',(0.,-1.,2.22044604925031E-16));
#2076=DIRECTION('ref_axis',(-1.,0.,0.));
#2077=DIRECTION('',(-1.,0.,0.));
#2078=DIRECTION('',(0.,-2.22044604925031E-16,-1.));
#2079=DIRECTION('',(-1.,0.,0.));
#2080=DIRECTION('',(0.,-2.22044604925031E-16,-1.));
#2081=DIRECTION('center_axis',(1.,0.,0.));
#2082=DIRECTION('ref_axis',(0.,-1.,2.22044604925031E-16));
#2083=DIRECTION('',(0.,-1.,2.22044604925031E-16));
#2084=DIRECTION('',(0.,-1.,2.22044604925031E-16));
#2085=DIRECTION('center_axis',(0.,2.22044604925031E-16,1.));
#2086=DIRECTION('ref_axis',(0.,-1.,2.22044604925031E-16));
#2087=DIRECTION('',(5.84327907697451E-16,1.,-2.22044604925031E-16));
#2088=DIRECTION('center_axis',(-1.,4.56506177888633E-16,-1.01364733915118E-31));
#2089=DIRECTION('ref_axis',(4.56506177888633E-16,1.,-2.22044604925031E-16));
#2090=DIRECTION('',(5.84327907697451E-16,1.,-2.22044604925031E-16));
#2091=DIRECTION('center_axis',(0.,2.22044604925031E-16,1.));
#2092=DIRECTION('ref_axis',(0.,-1.,2.22044604925031E-16));
#2093=CARTESIAN_POINT('',(0.,0.,0.));
#2094=CARTESIAN_POINT('Origin',(7.96020419445779E-16,6.5,10.1754264805429));
#2095=CARTESIAN_POINT('',(1.55,8.5,10.1754264805429));
#2096=CARTESIAN_POINT('Origin',(1.04094977927525E-15,8.5,10.1754264805429));
#2097=CARTESIAN_POINT('',(1.55,10.890247931062,10.1754264805429));
#2098=CARTESIAN_POINT('',(1.55,6.5,10.1754264805429));
#2099=CARTESIAN_POINT('',(1.34711147906209E-15,11.,8.62542648054294));
#2100=CARTESIAN_POINT('Ctrl Pts',(1.38777878078145E-15,11.,8.62542648054294));
#2101=CARTESIAN_POINT('Ctrl Pts',(0.194898951392994,11.,8.62542648054294));
#2102=CARTESIAN_POINT('Ctrl Pts',(0.402612852928276,10.9942919046467,8.66443012899373));
#2103=CARTESIAN_POINT('Ctrl Pts',(0.784425281503202,10.9736606733112,8.82269441141302));
#2104=CARTESIAN_POINT('Ctrl Pts',(0.958545321216445,10.9590272568049,8.94194078008109));
#2105=CARTESIAN_POINT('Ctrl Pts',(1.23348756240108,10.9314956203934,9.21688302126573));
#2106=CARTESIAN_POINT('Ctrl Pts',(1.35273247088577,10.9167982749364,9.39100225539466));
#2107=CARTESIAN_POINT('Ctrl Pts',(1.51099568837619,10.8960204569435,9.77281194059122));
#2108=CARTESIAN_POINT('Ctrl Pts',(1.55,10.890247931062,9.98052488937762));
#2109=CARTESIAN_POINT('Ctrl Pts',(1.55,10.890247931062,10.1754264805429));
#2110=CARTESIAN_POINT('',(1.34711147906209E-15,11.,11.7254264805429));
#2111=CARTESIAN_POINT('Ctrl Pts',(1.42247325030098E-15,11.,11.7254264805429));
#2112=CARTESIAN_POINT('Ctrl Pts',(-0.194898951392991,11.,11.7254264805429));
#2113=CARTESIAN_POINT('Ctrl Pts',(-0.402612852928273,10.9942919046467,11.6864228320922));
#2114=CARTESIAN_POINT('Ctrl Pts',(-0.7844252815032,10.9736606733112,11.5281585496729));
#2115=CARTESIAN_POINT('Ctrl Pts',(-0.958545321216443,10.9590272568049,11.4089121810048));
#2116=CARTESIAN_POINT('Ctrl Pts',(-1.23348756240108,10.9314956203934,11.1339699398202));
#2117=CARTESIAN_POINT('Ctrl Pts',(-1.35273247088577,10.9167982749364,10.9598507056912));
#2118=CARTESIAN_POINT('Ctrl Pts',(-1.51099568837619,10.8960204569435,10.5780410204947));
#2119=CARTESIAN_POINT('Ctrl Pts',(-1.55,10.890247931062,10.3703280717083));
#2120=CARTESIAN_POINT('Ctrl Pts',(-1.55,10.890247931062,9.98052488937762));
#2121=CARTESIAN_POINT('Ctrl Pts',(-1.51099568837619,10.8960204569435,9.77281194059122));
#2122=CARTESIAN_POINT('Ctrl Pts',(-1.35273247088577,10.9167982749364,9.39100225539466));
#2123=CARTESIAN_POINT('Ctrl Pts',(-1.23348756240108,10.9314956203934,9.21688302126573));
#2124=CARTESIAN_POINT('Ctrl Pts',(-0.958545321216442,10.9590272568049,8.94194078008109));
#2125=CARTESIAN_POINT('Ctrl Pts',(-0.784425281503199,10.9736606733112,8.82269441141302));
#2126=CARTESIAN_POINT('Ctrl Pts',(-0.402612852928273,10.9942919046467,8.66443012899373));
#2127=CARTESIAN_POINT('Ctrl Pts',(-0.194898951392992,11.,8.62542648054294));
#2128=CARTESIAN_POINT('Ctrl Pts',(1.21430643318376E-15,11.,8.62542648054294));
#2129=CARTESIAN_POINT('Ctrl Pts',(1.55,10.890247931062,10.1754264805429));
#2130=CARTESIAN_POINT('Ctrl Pts',(1.55,10.890247931062,10.3703280717083));
#2131=CARTESIAN_POINT('Ctrl Pts',(1.51099568837619,10.8960204569435,10.5780410204947));
#2132=CARTESIAN_POINT('Ctrl Pts',(1.35273247088577,10.9167982749364,10.9598507056912));
#2133=CARTESIAN_POINT('Ctrl Pts',(1.23348756240108,10.9314956203934,11.1339699398202));
#2134=CARTESIAN_POINT('Ctrl Pts',(0.958545321216445,10.9590272568049,11.4089121810048));
#2135=CARTESIAN_POINT('Ctrl Pts',(0.784425281503204,10.9736606733112,11.5281585496729));
#2136=CARTESIAN_POINT('Ctrl Pts',(0.402612852928277,10.9942919046467,11.6864228320922));
#2137=CARTESIAN_POINT('Ctrl Pts',(0.194898951392994,11.,11.7254264805429));
#2138=CARTESIAN_POINT('Ctrl Pts',(1.2490009027033E-15,11.,11.7254264805429));
#2139=CARTESIAN_POINT('Origin',(6.5,-3.9801020972289E-16,10.1754264805429));
#2140=CARTESIAN_POINT('',(8.5,-1.55,10.1754264805429));
#2141=CARTESIAN_POINT('Origin',(8.5,-5.20474889637625E-16,10.1754264805429));
#2142=CARTESIAN_POINT('',(10.890247931062,-1.55,10.1754264805429));
#2143=CARTESIAN_POINT('',(6.5,-1.55,10.1754264805429));
#2144=CARTESIAN_POINT('',(11.,1.24167367565104E-15,8.62542648054294));
#2145=CARTESIAN_POINT('Ctrl Pts',(11.,-4.85722573273506E-16,8.62542648054294));
#2146=CARTESIAN_POINT('Ctrl Pts',(11.,-0.194898951392993,8.62542648054294));
#2147=CARTESIAN_POINT('Ctrl Pts',(10.9942919046467,-0.402612852928275,8.66443012899373));
#2148=CARTESIAN_POINT('Ctrl Pts',(10.9736606733112,-0.784425281503201,8.82269441141302));
#2149=CARTESIAN_POINT('Ctrl Pts',(10.9590272568049,-0.958545321216445,8.94194078008109));
#2150=CARTESIAN_POINT('Ctrl Pts',(10.9314956203934,-1.23348756240108,9.21688302126573));
#2151=CARTESIAN_POINT('Ctrl Pts',(10.9167982749363,-1.35273247088577,9.39100225539466));
#2152=CARTESIAN_POINT('Ctrl Pts',(10.8960204569435,-1.51099568837619,9.77281194059122));
#2153=CARTESIAN_POINT('Ctrl Pts',(10.890247931062,-1.55,9.98052488937762));
#2154=CARTESIAN_POINT('Ctrl Pts',(10.890247931062,-1.55,10.1754264805429));
#2155=CARTESIAN_POINT('',(11.,1.93001195091862E-15,11.7254264805429));
#2156=CARTESIAN_POINT('Ctrl Pts',(11.,-6.24500451351651E-16,11.7254264805429));
#2157=CARTESIAN_POINT('Ctrl Pts',(11.,0.194898951392992,11.7254264805429));
#2158=CARTESIAN_POINT('Ctrl Pts',(10.9942919046467,0.402612852928274,11.6864228320922));
#2159=CARTESIAN_POINT('Ctrl Pts',(10.9736606733112,0.7844252815032,11.5281585496729));
#2160=CARTESIAN_POINT('Ctrl Pts',(10.9590272568049,0.958545321216444,11.4089121810048));
#2161=CARTESIAN_POINT('Ctrl Pts',(10.9314956203934,1.23348756240108,11.1339699398202));
#2162=CARTESIAN_POINT('Ctrl Pts',(10.9167982749363,1.35273247088577,10.9598507056912));
#2163=CARTESIAN_POINT('Ctrl Pts',(10.8960204569435,1.51099568837619,10.5780410204947));
#2164=CARTESIAN_POINT('Ctrl Pts',(10.890247931062,1.55,10.3703280717083));
#2165=CARTESIAN_POINT('Ctrl Pts',(10.890247931062,1.55,9.98052488937762));
#2166=CARTESIAN_POINT('Ctrl Pts',(10.8960204569435,1.51099568837619,9.77281194059122));
#2167=CARTESIAN_POINT('Ctrl Pts',(10.9167982749363,1.35273247088577,9.39100225539466));
#2168=CARTESIAN_POINT('Ctrl Pts',(10.9314956203934,1.23348756240108,9.21688302126573));
#2169=CARTESIAN_POINT('Ctrl Pts',(10.9590272568049,0.958545321216444,8.94194078008109));
#2170=CARTESIAN_POINT('Ctrl Pts',(10.9736606733112,0.7844252815032,8.82269441141302));
#2171=CARTESIAN_POINT('Ctrl Pts',(10.9942919046467,0.402612852928274,8.66443012899373));
#2172=CARTESIAN_POINT('Ctrl Pts',(11.,0.194898951392992,8.62542648054294));
#2173=CARTESIAN_POINT('Ctrl Pts',(11.,-4.5102810375397E-16,8.62542648054294));
#2174=CARTESIAN_POINT('Ctrl Pts',(10.890247931062,-1.55,10.1754264805429));
#2175=CARTESIAN_POINT('Ctrl Pts',(10.890247931062,-1.55,10.3703280717083));
#2176=CARTESIAN_POINT('Ctrl Pts',(10.8960204569435,-1.51099568837619,10.5780410204947));
#2177=CARTESIAN_POINT('Ctrl Pts',(10.9167982749363,-1.35273247088577,10.9598507056912));
#2178=CARTESIAN_POINT('Ctrl Pts',(10.9314956203934,-1.23348756240108,11.1339699398202));
#2179=CARTESIAN_POINT('Ctrl Pts',(10.9590272568049,-0.958545321216445,11.4089121810048));
#2180=CARTESIAN_POINT('Ctrl Pts',(10.9736606733112,-0.784425281503203,11.5281585496729));
#2181=CARTESIAN_POINT('Ctrl Pts',(10.9942919046467,-0.402612852928277,11.6864228320922));
#2182=CARTESIAN_POINT('Ctrl Pts',(11.,-0.194898951392993,11.7254264805429));
#2183=CARTESIAN_POINT('Ctrl Pts',(11.,-5.89805981832114E-16,11.7254264805429));
#2184=CARTESIAN_POINT('Origin',(-2.75,6.5,14.));
#2185=CARTESIAN_POINT('',(-2.75,6.5,14.));
#2186=CARTESIAN_POINT('',(-2.75,8.5,14.));
#2187=CARTESIAN_POINT('',(-2.75,3.25,14.));
#2188=CARTESIAN_POINT('',(-2.75,6.5,7.));
#2189=CARTESIAN_POINT('',(-2.75,6.5,14.));
#2190=CARTESIAN_POINT('',(-2.75,8.5,7.));
#2191=CARTESIAN_POINT('',(-2.75,6.5,7.));
#2192=CARTESIAN_POINT('',(-2.75,8.5,14.));
#2193=CARTESIAN_POINT('Origin',(2.75,6.5,14.));
#2194=CARTESIAN_POINT('',(2.75,6.5,14.));
#2195=CARTESIAN_POINT('',(1.375,6.5,14.));
#2196=CARTESIAN_POINT('',(2.75,6.5,7.));
#2197=CARTESIAN_POINT('',(2.75,6.5,14.));
#2198=CARTESIAN_POINT('',(2.75,6.5,7.));
#2199=CARTESIAN_POINT('Origin',(2.75,8.5,14.));
#2200=CARTESIAN_POINT('',(2.75,8.5,14.));
#2201=CARTESIAN_POINT('',(2.75,4.25,14.));
#2202=CARTESIAN_POINT('',(2.75,8.5,7.));
#2203=CARTESIAN_POINT('',(2.75,8.5,14.));
#2204=CARTESIAN_POINT('',(2.75,8.5,7.));
#2205=CARTESIAN_POINT('Origin',(-2.75,8.5,14.));
#2206=CARTESIAN_POINT('',(-1.375,8.5,14.));
#2207=CARTESIAN_POINT('',(-2.75,8.5,7.));
#2208=CARTESIAN_POINT('Origin',(9.18485099360515E-16,7.5,7.));
#2209=CARTESIAN_POINT('Origin',(6.5,2.75,14.));
#2210=CARTESIAN_POINT('',(6.5,2.75,14.));
#2211=CARTESIAN_POINT('',(8.5,2.75,14.));
#2212=CARTESIAN_POINT('',(3.25,2.75,14.));
#2213=CARTESIAN_POINT('',(6.5,2.75,7.));
#2214=CARTESIAN_POINT('',(6.5,2.75,14.));
#2215=CARTESIAN_POINT('',(8.5,2.75,7.));
#2216=CARTESIAN_POINT('',(6.5,2.75,7.));
#2217=CARTESIAN_POINT('',(8.5,2.75,14.));
#2218=CARTESIAN_POINT('Origin',(6.5,-2.75,14.));
#2219=CARTESIAN_POINT('',(6.5,-2.75,14.));
#2220=CARTESIAN_POINT('',(6.5,-1.375,14.));
#2221=CARTESIAN_POINT('',(6.5,-2.75,7.));
#2222=CARTESIAN_POINT('',(6.5,-2.75,14.));
#2223=CARTESIAN_POINT('',(6.5,-2.75,7.));
#2224=CARTESIAN_POINT('Origin',(8.5,-2.75,14.));
#2225=CARTESIAN_POINT('',(8.5,-2.75,14.));
#2226=CARTESIAN_POINT('',(4.25,-2.75,14.));
#2227=CARTESIAN_POINT('',(8.5,-2.75,7.));
#2228=CARTESIAN_POINT('',(8.5,-2.75,14.));
#2229=CARTESIAN_POINT('',(8.5,-2.75,7.));
#2230=CARTESIAN_POINT('Origin',(8.5,2.75,14.));
#2231=CARTESIAN_POINT('',(8.5,1.375,14.));
#2232=CARTESIAN_POINT('',(8.5,2.75,7.));
#2233=CARTESIAN_POINT('Origin',(7.5,-4.59242549680257E-16,7.));
#2234=CARTESIAN_POINT('Origin',(0.,-6.5,10.1754264805429));
#2235=CARTESIAN_POINT('',(-1.55,-8.5,10.1754264805429));
#2236=CARTESIAN_POINT('Origin',(0.,-8.5,10.1754264805429));
#2237=CARTESIAN_POINT('',(-1.55,-10.890247931062,10.1754264805429));
#2238=CARTESIAN_POINT('',(-1.55,-6.5,10.1754264805429));
#2239=CARTESIAN_POINT('',(0.,-11.,8.62542648054294));
#2240=CARTESIAN_POINT('Ctrl Pts',(1.04083408558608E-16,-11.,8.62542648054294));
#2241=CARTESIAN_POINT('Ctrl Pts',(-0.194898951392993,-11.,8.62542648054294));
#2242=CARTESIAN_POINT('Ctrl Pts',(-0.402612852928275,-10.9942919046467,
8.66443012899373));
#2243=CARTESIAN_POINT('Ctrl Pts',(-0.784425281503201,-10.9736606733112,
8.82269441141302));
#2244=CARTESIAN_POINT('Ctrl Pts',(-0.958545321216444,-10.9590272568049,
8.94194078008109));
#2245=CARTESIAN_POINT('Ctrl Pts',(-1.23348756240108,-10.9314956203934,9.21688302126573));
#2246=CARTESIAN_POINT('Ctrl Pts',(-1.35273247088577,-10.9167982749363,9.39100225539466));
#2247=CARTESIAN_POINT('Ctrl Pts',(-1.51099568837619,-10.8960204569435,9.77281194059122));
#2248=CARTESIAN_POINT('Ctrl Pts',(-1.55,-10.890247931062,9.98052488937762));
#2249=CARTESIAN_POINT('Ctrl Pts',(-1.55,-10.890247931062,10.1754264805429));
#2250=CARTESIAN_POINT('',(0.,-11.,11.7254264805429));
#2251=CARTESIAN_POINT('Ctrl Pts',(-3.46944695195361E-17,-11.,11.7254264805429));
#2252=CARTESIAN_POINT('Ctrl Pts',(0.194898951392993,-11.,11.7254264805429));
#2253=CARTESIAN_POINT('Ctrl Pts',(0.402612852928275,-10.9942919046467,11.6864228320922));
#2254=CARTESIAN_POINT('Ctrl Pts',(0.784425281503201,-10.9736606733112,11.5281585496729));
#2255=CARTESIAN_POINT('Ctrl Pts',(0.958545321216444,-10.9590272568049,11.4089121810048));
#2256=CARTESIAN_POINT('Ctrl Pts',(1.23348756240108,-10.9314956203934,11.1339699398202));
#2257=CARTESIAN_POINT('Ctrl Pts',(1.35273247088577,-10.9167982749363,10.9598507056912));
#2258=CARTESIAN_POINT('Ctrl Pts',(1.51099568837619,-10.8960204569435,10.5780410204947));
#2259=CARTESIAN_POINT('Ctrl Pts',(1.55,-10.890247931062,10.3703280717083));
#2260=CARTESIAN_POINT('Ctrl Pts',(1.55,-10.890247931062,9.98052488937762));
#2261=CARTESIAN_POINT('Ctrl Pts',(1.51099568837619,-10.8960204569435,9.77281194059122));
#2262=CARTESIAN_POINT('Ctrl Pts',(1.35273247088577,-10.9167982749363,9.39100225539466));
#2263=CARTESIAN_POINT('Ctrl Pts',(1.23348756240108,-10.9314956203934,9.21688302126573));
#2264=CARTESIAN_POINT('Ctrl Pts',(0.958545321216444,-10.9590272568049,8.94194078008109));
#2265=CARTESIAN_POINT('Ctrl Pts',(0.784425281503201,-10.9736606733112,8.82269441141302));
#2266=CARTESIAN_POINT('Ctrl Pts',(0.402612852928275,-10.9942919046467,8.66443012899373));
#2267=CARTESIAN_POINT('Ctrl Pts',(0.194898951392993,-11.,8.62542648054294));
#2268=CARTESIAN_POINT('Ctrl Pts',(1.04083408558608E-16,-11.,8.62542648054294));
#2269=CARTESIAN_POINT('Ctrl Pts',(-1.55,-10.890247931062,10.1754264805429));
#2270=CARTESIAN_POINT('Ctrl Pts',(-1.55,-10.890247931062,10.3703280717083));
#2271=CARTESIAN_POINT('Ctrl Pts',(-1.51099568837619,-10.8960204569435,10.5780410204947));
#2272=CARTESIAN_POINT('Ctrl Pts',(-1.35273247088577,-10.9167982749363,10.9598507056912));
#2273=CARTESIAN_POINT('Ctrl Pts',(-1.23348756240108,-10.9314956203934,11.1339699398202));
#2274=CARTESIAN_POINT('Ctrl Pts',(-0.958545321216444,-10.9590272568049,
11.4089121810048));
#2275=CARTESIAN_POINT('Ctrl Pts',(-0.784425281503202,-10.9736606733112,
11.5281585496729));
#2276=CARTESIAN_POINT('Ctrl Pts',(-0.402612852928276,-10.9942919046467,
11.6864228320922));
#2277=CARTESIAN_POINT('Ctrl Pts',(-0.194898951392993,-11.,11.7254264805429));
#2278=CARTESIAN_POINT('Ctrl Pts',(1.38777878078145E-16,-11.,11.7254264805429));
#2279=CARTESIAN_POINT('Origin',(2.75,-6.5,14.));
#2280=CARTESIAN_POINT('',(2.75,-6.5,14.));
#2281=CARTESIAN_POINT('',(2.75,-8.5,14.));
#2282=CARTESIAN_POINT('',(2.75,-3.25,14.));
#2283=CARTESIAN_POINT('',(2.75,-6.5,7.));
#2284=CARTESIAN_POINT('',(2.75,-6.5,14.));
#2285=CARTESIAN_POINT('',(2.75,-8.5,7.));
#2286=CARTESIAN_POINT('',(2.75,-6.5,7.));
#2287=CARTESIAN_POINT('',(2.75,-8.5,14.));
#2288=CARTESIAN_POINT('Origin',(-2.75,-6.5,14.));
#2289=CARTESIAN_POINT('',(-2.75,-6.5,14.));
#2290=CARTESIAN_POINT('',(-1.375,-6.5,14.));
#2291=CARTESIAN_POINT('',(-2.75,-6.5,7.));
#2292=CARTESIAN_POINT('',(-2.75,-6.5,14.));
#2293=CARTESIAN_POINT('',(-2.75,-6.5,7.));
#2294=CARTESIAN_POINT('Origin',(-2.75,-8.5,14.));
#2295=CARTESIAN_POINT('',(-2.75,-8.5,14.));
#2296=CARTESIAN_POINT('',(-2.75,-4.25,14.));
#2297=CARTESIAN_POINT('',(-2.75,-8.5,7.));
#2298=CARTESIAN_POINT('',(-2.75,-8.5,14.));
#2299=CARTESIAN_POINT('',(-2.75,-8.5,7.));
#2300=CARTESIAN_POINT('Origin',(2.75,-8.5,14.));
#2301=CARTESIAN_POINT('',(1.375,-8.5,14.));
#2302=CARTESIAN_POINT('',(2.75,-8.5,7.));
#2303=CARTESIAN_POINT('Origin',(0.,-7.5,7.));
#2304=CARTESIAN_POINT('Origin',(-5.7402514854758,-13.8581929876695,0.));
#2305=CARTESIAN_POINT('',(-7.2402514854758,-13.8581929876695,0.));
#2306=CARTESIAN_POINT('Origin',(-5.7402514854758,-13.8581929876695,0.));
#2307=CARTESIAN_POINT('',(-7.2402514854758,-13.8581929876695,4.));
#2308=CARTESIAN_POINT('',(-7.2402514854758,-13.8581929876695,0.));
#2309=CARTESIAN_POINT('Origin',(-5.7402514854758,-13.8581929876695,4.));
#2310=CARTESIAN_POINT('Origin',(5.74025148547579,13.8581929876695,0.));
#2311=CARTESIAN_POINT('',(4.24025148547579,13.8581929876695,0.));
#2312=CARTESIAN_POINT('Origin',(5.74025148547579,13.8581929876695,0.));
#2313=CARTESIAN_POINT('',(4.24025148547579,13.8581929876695,4.));
#2314=CARTESIAN_POINT('',(4.24025148547579,13.8581929876695,0.));
#2315=CARTESIAN_POINT('Origin',(5.74025148547579,13.8581929876695,4.));
#2316=CARTESIAN_POINT('Origin',(-13.8581929876695,5.7402514854758,0.));
#2317=CARTESIAN_POINT('',(-15.3581929876695,5.7402514854758,0.));
#2318=CARTESIAN_POINT('Origin',(-13.8581929876695,5.7402514854758,0.));
#2319=CARTESIAN_POINT('',(-15.3581929876695,5.7402514854758,4.));
#2320=CARTESIAN_POINT('',(-15.3581929876695,5.7402514854758,0.));
#2321=CARTESIAN_POINT('Origin',(-13.8581929876695,5.7402514854758,4.));
#2322=CARTESIAN_POINT('Origin',(13.8581929876695,-5.7402514854758,0.));
#2323=CARTESIAN_POINT('',(12.3581929876695,-5.7402514854758,0.));
#2324=CARTESIAN_POINT('Origin',(13.8581929876695,-5.7402514854758,0.));
#2325=CARTESIAN_POINT('',(12.3581929876695,-5.7402514854758,4.));
#2326=CARTESIAN_POINT('',(12.3581929876695,-5.7402514854758,0.));
#2327=CARTESIAN_POINT('Origin',(13.8581929876695,-5.7402514854758,4.));
#2328=CARTESIAN_POINT('Origin',(-2.,0.,0.));
#2329=CARTESIAN_POINT('',(-2.,3.57910603363466,6.));
#2330=CARTESIAN_POINT('',(-2.,3.57910603363466,5.));
#2331=CARTESIAN_POINT('',(-2.,3.57910603363466,6.));
#2332=CARTESIAN_POINT('',(-2.,10.81665382639,6.));
#2333=CARTESIAN_POINT('',(-2.,3.57910603363466,6.));
#2334=CARTESIAN_POINT('',(-2.,10.81665382639,5.));
#2335=CARTESIAN_POINT('',(-2.,10.81665382639,6.));
#2336=CARTESIAN_POINT('',(-2.,10.81665382639,5.));
#2337=CARTESIAN_POINT('Origin',(-2.,0.,0.));
#2338=CARTESIAN_POINT('',(-2.,-3.57910603363465,5.));
#2339=CARTESIAN_POINT('',(-2.,-3.57910603363465,6.));
#2340=CARTESIAN_POINT('',(-2.,-3.57910603363465,6.));
#2341=CARTESIAN_POINT('',(-2.,-10.81665382639,5.));
#2342=CARTESIAN_POINT('',(-2.,-3.57910603363465,5.));
#2343=CARTESIAN_POINT('',(-2.,-10.81665382639,6.));
#2344=CARTESIAN_POINT('',(-2.,-10.81665382639,6.));
#2345=CARTESIAN_POINT('',(-2.,-10.81665382639,6.));
#2346=CARTESIAN_POINT('Origin',(-2.,11.,5.));
#2347=CARTESIAN_POINT('',(-10.98863048792,0.500000000000001,5.));
#2348=CARTESIAN_POINT('',(-4.06939798987516,0.500000000000001,5.));
#2349=CARTESIAN_POINT('',(-10.98863048792,0.500000000000001,5.));
#2350=CARTESIAN_POINT('Origin',(0.,1.11022302462516E-15,5.));
#2351=CARTESIAN_POINT('Origin',(0.,1.11022302462516E-15,5.));
#2352=CARTESIAN_POINT('Origin',(-2.,11.,5.));
#2353=CARTESIAN_POINT('',(-4.06939798987516,-0.499999999999999,5.));
#2354=CARTESIAN_POINT('Origin',(0.,1.11022302462516E-15,5.));
#2355=CARTESIAN_POINT('',(-10.98863048792,-0.499999999999999,5.));
#2356=CARTESIAN_POINT('',(-10.98863048792,-0.499999999999999,5.));
#2357=CARTESIAN_POINT('Origin',(0.,1.11022302462516E-15,5.));
#2358=CARTESIAN_POINT('Origin',(5.,0.500000000000003,14.));
#2359=CARTESIAN_POINT('',(4.472135955,0.500000000000003,14.));
#2360=CARTESIAN_POINT('',(4.06939798987503,0.500000000000003,13.5999999976737));
#2361=CARTESIAN_POINT('Ctrl Pts',(4.472135955,0.500000000000003,14.));
#2362=CARTESIAN_POINT('Ctrl Pts',(4.415478439607,0.500000000000003,13.94369330851));
#2363=CARTESIAN_POINT('Ctrl Pts',(4.302639259657,0.500000000000003,13.83157922222));
#2364=CARTESIAN_POINT('Ctrl Pts',(4.16873062812398,0.500000000000003,13.6986004268423));
#2365=CARTESIAN_POINT('Ctrl Pts',(4.09123895531151,0.500000000000003,13.6216779434967));
#2366=CARTESIAN_POINT('Ctrl Pts',(4.06939798987477,0.500000000000003,13.5999999961933));
#2367=CARTESIAN_POINT('',(4.06939798987516,0.500000000000001,4.));
#2368=CARTESIAN_POINT('',(4.06939798987516,0.500000000000003,13.5999999961936));
#2369=CARTESIAN_POINT('',(5.,0.500000000000001,4.));
#2370=CARTESIAN_POINT('',(5.,0.500000000000001,4.));
#2371=CARTESIAN_POINT('',(5.,0.500000000000003,14.));
#2372=CARTESIAN_POINT('',(5.,0.500000000000003,14.));
#2373=CARTESIAN_POINT('',(4.472135955,0.500000000000003,14.));
#2374=CARTESIAN_POINT('Origin',(5.,0.500000000000003,14.));
#2375=CARTESIAN_POINT('',(-4.06939798987516,0.500000000000001,4.));
#2376=CARTESIAN_POINT('',(-10.98863048792,0.500000000000001,4.));
#2377=CARTESIAN_POINT('',(-4.06939798987516,0.500000000000001,4.));
#2378=CARTESIAN_POINT('',(-4.06939798987516,0.500000000000001,5.));
#2379=CARTESIAN_POINT('',(-10.98863048792,0.500000000000001,5.));
#2380=CARTESIAN_POINT('Origin',(5.,0.500000000000003,14.));
#2381=CARTESIAN_POINT('',(-10.98863048792,0.500000000000001,6.));
#2382=CARTESIAN_POINT('',(-4.06939798987516,0.500000000000001,6.));
#2383=CARTESIAN_POINT('',(-10.98863048792,0.500000000000001,6.));
#2384=CARTESIAN_POINT('',(-4.06939799050317,0.500000000000003,13.5999999993666));
#2385=CARTESIAN_POINT('',(-4.06939798987516,0.500000000000003,13.6));
#2386=CARTESIAN_POINT('',(-4.472135955,0.500000000000003,14.));
#2387=CARTESIAN_POINT('Ctrl Pts',(-4.0693979917592,0.500000000000003,13.5999999980998));
#2388=CARTESIAN_POINT('Ctrl Pts',(-4.09122865338965,0.500000000000003,13.6216677184976));
#2389=CARTESIAN_POINT('Ctrl Pts',(-4.16870410508836,0.500000000000003,13.6985740951641));
#2390=CARTESIAN_POINT('Ctrl Pts',(-4.302605806988,0.500000000000003,13.83154599026));
#2391=CARTESIAN_POINT('Ctrl Pts',(-4.415464106139,0.500000000000003,13.94367906379));
#2392=CARTESIAN_POINT('Ctrl Pts',(-4.472135955,0.500000000000003,14.));
#2393=CARTESIAN_POINT('',(-10.4880884817,0.500000000000003,14.));
#2394=CARTESIAN_POINT('',(-10.4880884817,0.500000000000003,14.));
#2395=CARTESIAN_POINT('',(-10.98863048792,0.500000000000003,13.5));
#2396=CARTESIAN_POINT('Ctrl Pts',(-10.988630487941,0.500000000000003,13.4999999999769));
#2397=CARTESIAN_POINT('Ctrl Pts',(-10.7325392289356,0.500000000000003,13.7558265651038));
#2398=CARTESIAN_POINT('Ctrl Pts',(-10.4880884817004,0.500000000000003,14.0000000000011));
#2399=CARTESIAN_POINT('',(-10.98863048792,0.500000000000003,13.5));
#2400=CARTESIAN_POINT('',(-5.35,0.500000000000002,10.));
#2401=CARTESIAN_POINT('Origin',(-7.,0.500000000000002,10.));
#2402=CARTESIAN_POINT('Origin',(0.,3.05311331771918E-15,13.75));
#2403=CARTESIAN_POINT('Origin',(0.,3.01980662698042E-15,13.6));
#2404=CARTESIAN_POINT('Origin',(0.,3.10862446895044E-15,14.));
#2405=CARTESIAN_POINT('Origin',(0.,3.10862446895044E-15,14.));
#2406=CARTESIAN_POINT('',(4.472135955,-0.499999999999997,14.));
#2407=CARTESIAN_POINT('',(5.,-0.499999999999997,14.));
#2408=CARTESIAN_POINT('',(4.472135955,-0.499999999999997,14.));
#2409=CARTESIAN_POINT('',(-4.472135955,-0.499999999999997,14.));
#2410=CARTESIAN_POINT('Origin',(0.,3.10862446895044E-15,14.));
#2411=CARTESIAN_POINT('',(-10.4880884817,-0.499999999999997,14.));
#2412=CARTESIAN_POINT('',(-10.4880884817,-0.499999999999997,14.));
#2413=CARTESIAN_POINT('Origin',(0.,3.10862446895044E-15,14.));
#2414=CARTESIAN_POINT('',(5.,-0.499999999999997,14.));
#2415=CARTESIAN_POINT('Origin',(5.,-0.499999999999997,14.));
#2416=CARTESIAN_POINT('',(5.,-0.499999999999999,4.));
#2417=CARTESIAN_POINT('',(5.,-0.499999999999999,4.));
#2418=CARTESIAN_POINT('',(5.,-0.499999999999997,14.));
#2419=CARTESIAN_POINT('Origin',(-22.3369420071,-0.499999999999997,14.));
#2420=CARTESIAN_POINT('',(4.06939798987516,-0.499999999999999,4.));
#2421=CARTESIAN_POINT('',(4.06939798987516,-0.499999999999999,4.));
#2422=CARTESIAN_POINT('',(4.06939799050317,-0.499999999999997,13.5999999993666));
#2423=CARTESIAN_POINT('',(4.06939798987516,-0.499999999999997,13.6));
#2424=CARTESIAN_POINT('Ctrl Pts',(4.0693979917592,-0.499999999999997,13.5999999980998));
#2425=CARTESIAN_POINT('Ctrl Pts',(4.09122865338965,-0.499999999999997,13.6216677184976));
#2426=CARTESIAN_POINT('Ctrl Pts',(4.16870410508836,-0.499999999999997,13.6985740951641));
#2427=CARTESIAN_POINT('Ctrl Pts',(4.302605806988,-0.499999999999997,13.83154599026));
#2428=CARTESIAN_POINT('Ctrl Pts',(4.415464106139,-0.499999999999997,13.94367906379));
#2429=CARTESIAN_POINT('Ctrl Pts',(4.472135955,-0.499999999999997,14.));
#2430=CARTESIAN_POINT('Origin',(-22.3369420071,-0.499999999999997,14.));
#2431=CARTESIAN_POINT('',(-4.06939798987516,-0.499999999999999,4.));
#2432=CARTESIAN_POINT('',(-4.06939798987516,-0.499999999999999,5.));
#2433=CARTESIAN_POINT('',(-10.98863048792,-0.499999999999999,4.));
#2434=CARTESIAN_POINT('',(-10.98863048792,-0.499999999999999,4.));
#2435=CARTESIAN_POINT('',(-10.98863048792,-0.499999999999999,5.));
#2436=CARTESIAN_POINT('Origin',(-22.3369420071,-0.499999999999997,14.));
#2437=CARTESIAN_POINT('',(-4.06939798987503,-0.499999999999997,13.5999999976737));
#2438=CARTESIAN_POINT('Ctrl Pts',(-4.472135955,-0.499999999999997,14.));
#2439=CARTESIAN_POINT('Ctrl Pts',(-4.415478439607,-0.499999999999997,13.94369330851));
#2440=CARTESIAN_POINT('Ctrl Pts',(-4.302639259657,-0.499999999999997,13.83157922222));
#2441=CARTESIAN_POINT('Ctrl Pts',(-4.16873062812398,-0.499999999999997,
13.6986004268423));
#2442=CARTESIAN_POINT('Ctrl Pts',(-4.09123895531151,-0.499999999999997,
13.6216779434967));
#2443=CARTESIAN_POINT('Ctrl Pts',(-4.06939798987477,-0.499999999999997,
13.5999999961933));
#2444=CARTESIAN_POINT('',(-4.06939798987516,-0.499999999999999,6.));
#2445=CARTESIAN_POINT('',(-4.06939798987516,-0.499999999999997,13.5999999961936));
#2446=CARTESIAN_POINT('',(-10.98863048792,-0.499999999999999,6.));
#2447=CARTESIAN_POINT('',(-10.98863048792,-0.499999999999999,6.));
#2448=CARTESIAN_POINT('',(-10.98863048792,-0.499999999999997,13.5));
#2449=CARTESIAN_POINT('',(-10.98863048792,-0.499999999999997,13.5));
#2450=CARTESIAN_POINT('Ctrl Pts',(-10.4880884817004,-0.499999999999997,
14.0000000000011));
#2451=CARTESIAN_POINT('Ctrl Pts',(-10.732539228925,-0.499999999999997,13.7558265651144));
#2452=CARTESIAN_POINT('Ctrl Pts',(-10.9886304879189,-0.499999999999997,
13.4999999999989));
#2453=CARTESIAN_POINT('',(-5.35,-0.499999999999998,10.));
#2454=CARTESIAN_POINT('Origin',(-7.,-0.499999999999998,10.));
#2455=CARTESIAN_POINT('Origin',(0.,3.05311331771918E-15,13.75));
#2456=CARTESIAN_POINT('',(-5.02105187650415E-16,-4.1,13.6));
#2457=CARTESIAN_POINT('Origin',(0.,3.01980662698042E-15,13.6));
#2458=CARTESIAN_POINT('Origin',(0.,3.01980662698042E-15,13.6));
#2459=CARTESIAN_POINT('Origin',(0.,8.88178419700125E-16,4.));
#2460=CARTESIAN_POINT('Origin',(0.,8.88178419700125E-16,4.));
#2461=CARTESIAN_POINT('Origin',(0.,8.88178419700125E-16,4.));
#2462=CARTESIAN_POINT('',(2.38806125833759E-15,19.500000000002,4.00000000000203));
#2463=CARTESIAN_POINT('Origin',(0.,8.88178419700125E-16,4.));
#2464=CARTESIAN_POINT('',(15.,1.69999999999999,4.00000000000001));
#2465=CARTESIAN_POINT('Origin',(15.,8.88178419700125E-16,4.));
#2466=CARTESIAN_POINT('Origin',(0.,8.88178419700125E-16,4.));
#2467=CARTESIAN_POINT('Origin',(0.,8.88178419700125E-16,4.));
#2468=CARTESIAN_POINT('',(-13.85819298767,-3.94025148547601,4.00000000000002));
#2469=CARTESIAN_POINT('Origin',(-13.85819298767,-5.740251485476,4.));
#2470=CARTESIAN_POINT('',(5.740251485476,-12.05819298767,4.00000000000002));
#2471=CARTESIAN_POINT('Origin',(5.740251485476,-13.85819298767,4.));
#2472=CARTESIAN_POINT('',(13.85819298767,7.540251485476,4.));
#2473=CARTESIAN_POINT('Origin',(13.85819298767,5.740251485476,4.));
#2474=CARTESIAN_POINT('',(-5.740251485476,15.65819298767,4.00000000000001));
#2475=CARTESIAN_POINT('Origin',(-5.740251485476,13.85819298767,4.));
#2476=CARTESIAN_POINT('Origin',(0.,8.32667268483078E-16,3.750000000064));
#2477=CARTESIAN_POINT('',(-20.,7.7715611723761E-16,3.5));
#2478=CARTESIAN_POINT('',(2.44929359829495E-15,20.000000000002,3.50000000000196));
#2479=CARTESIAN_POINT('Origin',(0.,7.7715611723761E-16,3.5));
#2480=CARTESIAN_POINT('',(2.41867742830867E-15,19.74999999994,3.750000000064));
#2481=CARTESIAN_POINT('Origin',(0.,7.7715611723761E-16,3.5));
#2482=CARTESIAN_POINT('Origin',(0.,3.26405569239796E-15,14.7));
#2483=CARTESIAN_POINT('',(-20.,1.11022302462516E-16,0.5));
#2484=CARTESIAN_POINT('',(-2.44929359829451E-15,19.9999999999984,0.500000000001632));
#2485=CARTESIAN_POINT('Origin',(0.,1.11022302462516E-16,0.5));
#2486=CARTESIAN_POINT('Origin',(0.,1.11022302462516E-16,0.5));
#2487=CARTESIAN_POINT('',(-20.,5.71334929069267E-15,14.7));
#2488=CARTESIAN_POINT('Origin',(0.,5.55111512230866E-17,0.2499999999632));
#2489=CARTESIAN_POINT('',(-2.38806125833715E-15,19.4999999999984,1.55646329158543E-12));
#2490=CARTESIAN_POINT('',(-2.41867742831112E-15,19.74999999996,0.249999999963196));
#2491=CARTESIAN_POINT('Origin',(0.,0.,0.));
#2492=CARTESIAN_POINT('Origin',(0.,0.,0.));
#2493=CARTESIAN_POINT('',(15.,1.69999999999989,-1.1518563880486E-13));
#2494=CARTESIAN_POINT('Origin',(15.,0.,0.));
#2495=CARTESIAN_POINT('',(5.740251485476,-12.0581929876702,-2.12330153459561E-13));
#2496=CARTESIAN_POINT('Origin',(5.740251485476,-13.85819298767,3.07713698692202E-15));
#2497=CARTESIAN_POINT('',(13.85819298767,7.54025148547579,-2.16666962149503E-13));
#2498=CARTESIAN_POINT('Origin',(13.85819298767,5.740251485476,-1.27459187326284E-15));
#2499=CARTESIAN_POINT('',(-5.740251485476,15.6581929876698,-2.18471074564519E-13));
#2500=CARTESIAN_POINT('Origin',(-5.740251485476,13.85819298767,-3.07713698692202E-15));
#2501=CARTESIAN_POINT('',(-13.85819298767,-3.940251485476,8.74911584397786E-16));
#2502=CARTESIAN_POINT('Origin',(-13.85819298767,-5.740251485476,1.27459187326284E-15));
#2503=CARTESIAN_POINT('',(5.51091059616335E-16,4.50000000000021,2.12087292172924E-13));
#2504=CARTESIAN_POINT('Origin',(0.,0.,0.));
#2505=CARTESIAN_POINT('Origin',(0.,5.5511151540677E-17,0.2500000013935));
#2506=CARTESIAN_POINT('',(4.00499999999984,-0.877482193552262,0.400000000000544));
#2507=CARTESIAN_POINT('',(4.00499999999984,0.877482193552259,0.400000000000544));
#2508=CARTESIAN_POINT('Origin',(0.,8.88178419701335E-17,0.400000000000545));
#2509=CARTESIAN_POINT('',(4.00499999999984,1.45000000274334,0.240595697993653));
#2510=CARTESIAN_POINT('Ctrl Pts',(4.00499999999984,0.877482193588223,0.399999999992848));
#2511=CARTESIAN_POINT('Ctrl Pts',(4.00499999999984,1.15828246747553,0.339903112117136));
#2512=CARTESIAN_POINT('Ctrl Pts',(4.00499999999984,1.45000000274335,0.240595697993653));
#2513=CARTESIAN_POINT('',(3.83503585277169,1.45000000274334,0.400000000000544));
#2514=CARTESIAN_POINT('Ctrl Pts',(4.00499999999984,1.45000000274334,0.240595697993656));
#2515=CARTESIAN_POINT('Ctrl Pts',(3.94841253182729,1.45000000274334,0.293803328441966));
#2516=CARTESIAN_POINT('Ctrl Pts',(3.89176060009236,1.45000000274334,0.346941112265364));
#2517=CARTESIAN_POINT('Ctrl Pts',(3.83503585277169,1.45000000274334,0.400000000000545));
#2518=CARTESIAN_POINT('',(5.02105187650415E-16,4.1,0.400000000000545));
#2519=CARTESIAN_POINT('Origin',(0.,8.88178419701335E-17,0.400000000000545));
#2520=CARTESIAN_POINT('',(5.20474889467032E-16,4.249999998607,0.250000001393499));
#2521=CARTESIAN_POINT('',(-5.02105187650415E-16,-4.1,0.400000000000544));
#2522=CARTESIAN_POINT('Origin',(0.,8.88178419701335E-17,0.400000000000545));
#2523=CARTESIAN_POINT('',(3.83503585484617,-1.44999999725666,0.400000000000544));
#2524=CARTESIAN_POINT('Origin',(0.,8.88178419701335E-17,0.400000000000545));
#2525=CARTESIAN_POINT('',(4.00499999999984,-1.44999999725666,0.24059569986145));
#2526=CARTESIAN_POINT('Ctrl Pts',(3.83503585484617,-1.44999999725666,0.400000000000545));
#2527=CARTESIAN_POINT('Ctrl Pts',(3.89175977094312,-1.44999999725666,0.346941889742212));
#2528=CARTESIAN_POINT('Ctrl Pts',(3.94841173691047,-1.44999999725666,0.293804077771384));
#2529=CARTESIAN_POINT('Ctrl Pts',(4.00499999999984,-1.44999999725666,0.24059569986145));
#2530=CARTESIAN_POINT('Ctrl Pts',(4.00499999999984,-1.44999999725666,0.24059569986145));
#2531=CARTESIAN_POINT('Ctrl Pts',(4.00499999999984,-1.26208256120973,0.304567152804697));
#2532=CARTESIAN_POINT('Ctrl Pts',(4.00499999999984,-1.07145469902065,0.358485995223159));
#2533=CARTESIAN_POINT('Ctrl Pts',(4.00499999999984,-0.877482193552263,0.400000000000545));
#2534=CARTESIAN_POINT('Origin',(-13.85819298767,-5.740251485476,0.100000004821601));
#2535=CARTESIAN_POINT('',(-13.85819298767,-4.140251485476,0.200000000000001));
#2536=CARTESIAN_POINT('Origin',(-13.85819298767,-5.740251485476,0.200000000000001));
#2537=CARTESIAN_POINT('',(-13.85819298767,-4.040251490298,0.100000004821601));
#2538=CARTESIAN_POINT('Origin',(-13.85819298767,-5.740251485476,1.27459187326284E-15));
#2539=CARTESIAN_POINT('',(-13.85819298767,-4.140251485476,3.8));
#2540=CARTESIAN_POINT('',(-13.85819298767,-4.140251485476,9.19320505382792E-16));
#2541=CARTESIAN_POINT('Origin',(-13.85819298767,-5.740251485476,3.8));
#2542=CARTESIAN_POINT('Origin',(-13.85819298767,-5.740251485476,3.899999995178));
#2543=CARTESIAN_POINT('',(-13.85819298767,-4.040251490298,3.899999995178));
#2544=CARTESIAN_POINT('Origin',(-5.740251485476,13.85819298767,0.100000004821597));
#2545=CARTESIAN_POINT('',(-4.140251485476,13.85819298767,0.199999999999997));
#2546=CARTESIAN_POINT('',(-5.740251485476,15.4581929876698,0.199999999999812));
#2547=CARTESIAN_POINT('Origin',(-5.740251485476,13.85819298767,0.199999999999997));
#2548=CARTESIAN_POINT('',(-5.740251485476,15.558192982848,0.100000004821597));
#2549=CARTESIAN_POINT('Origin',(-5.740251485476,13.85819298767,0.199999999999997));
#2550=CARTESIAN_POINT('Origin',(-5.740251485476,13.85819298767,-3.07713698692202E-15));
#2551=CARTESIAN_POINT('',(-4.140251485476,13.85819298767,3.8));
#2552=CARTESIAN_POINT('',(-4.140251485476,13.85819298767,-3.07713698692202E-15));
#2553=CARTESIAN_POINT('',(-5.740251485476,15.45819298767,3.79999999999998));
#2554=CARTESIAN_POINT('Origin',(-5.740251485476,13.85819298767,3.8));
#2555=CARTESIAN_POINT('Origin',(-5.740251485476,13.85819298767,3.8));
#2556=CARTESIAN_POINT('Origin',(-5.740251485476,13.85819298767,3.899999995178));
#2557=CARTESIAN_POINT('',(-5.740251485476,15.558192982848,3.899999995178));
#2558=CARTESIAN_POINT('Origin',(13.85819298767,5.740251485476,0.100000004821599));
#2559=CARTESIAN_POINT('',(13.85819298767,4.140251485476,0.199999999999999));
#2560=CARTESIAN_POINT('',(13.85819298767,7.34025148547581,0.199999999999814));
#2561=CARTESIAN_POINT('Origin',(13.85819298767,5.740251485476,0.199999999999999));
#2562=CARTESIAN_POINT('',(13.85819298767,7.440251480654,0.100000004821598));
#2563=CARTESIAN_POINT('Origin',(13.85819298767,5.740251485476,0.199999999999999));
#2564=CARTESIAN_POINT('Origin',(13.85819298767,5.740251485476,-1.27459187326284E-15));
#2565=CARTESIAN_POINT('',(13.85819298767,4.140251485476,3.8));
#2566=CARTESIAN_POINT('',(13.85819298767,4.140251485476,-9.19320505382792E-16));
#2567=CARTESIAN_POINT('',(13.85819298767,7.340251485476,3.8));
#2568=CARTESIAN_POINT('Origin',(13.85819298767,5.740251485476,3.8));
#2569=CARTESIAN_POINT('Origin',(13.85819298767,5.740251485476,3.8));
#2570=CARTESIAN_POINT('Origin',(13.85819298767,5.740251485476,3.899999995178));
#2571=CARTESIAN_POINT('',(13.85819298767,7.440251480654,3.899999995178));
#2572=CARTESIAN_POINT('Origin',(5.740251485476,-13.85819298767,0.100000004821603));
#2573=CARTESIAN_POINT('',(4.140251485476,-13.85819298767,0.200000000000003));
#2574=CARTESIAN_POINT('',(5.740251485476,-12.2581929876702,0.199999999999819));
#2575=CARTESIAN_POINT('Origin',(5.740251485476,-13.85819298767,0.200000000000003));
#2576=CARTESIAN_POINT('',(5.740251485476,-12.158192992492,0.100000004821603));
#2577=CARTESIAN_POINT('Origin',(5.740251485476,-13.85819298767,0.200000000000003));
#2578=CARTESIAN_POINT('Origin',(5.740251485476,-13.85819298767,3.07713698692202E-15));
#2579=CARTESIAN_POINT('',(4.140251485476,-13.85819298767,3.8));
#2580=CARTESIAN_POINT('',(4.140251485476,-13.85819298767,3.07713698692202E-15));
#2581=CARTESIAN_POINT('',(5.740251485476,-12.25819298767,3.79999999999999));
#2582=CARTESIAN_POINT('Origin',(5.740251485476,-13.85819298767,3.8));
#2583=CARTESIAN_POINT('Origin',(5.740251485476,-13.85819298767,3.8));
#2584=CARTESIAN_POINT('Origin',(5.740251485476,-13.85819298767,3.899999995178));
#2585=CARTESIAN_POINT('',(5.740251485476,-12.158192992492,3.899999995178));
#2586=CARTESIAN_POINT('Origin',(15.,2.22044615069805E-17,0.1000000045688));
#2587=CARTESIAN_POINT('',(13.5,-1.39288098887097E-16,0.2));
#2588=CARTESIAN_POINT('',(15.,1.49999999999991,0.199999999999915));
#2589=CARTESIAN_POINT('Origin',(15.,4.44089209850063E-17,0.2));
#2590=CARTESIAN_POINT('',(15.,1.599999995431,0.1000000045688));
#2591=CARTESIAN_POINT('Origin',(15.,4.44089209850063E-17,0.2));
#2592=CARTESIAN_POINT('Origin',(15.,0.,0.));
#2593=CARTESIAN_POINT('',(13.5,8.43769498715119E-16,3.8));
#2594=CARTESIAN_POINT('',(13.5,-1.83697019872103E-16,4.07889322034067E-32));
#2595=CARTESIAN_POINT('',(15.,1.50000000000001,3.79999999999998));
#2596=CARTESIAN_POINT('Origin',(15.,8.43769498715119E-16,3.8));
#2597=CARTESIAN_POINT('Origin',(15.,8.43769498715119E-16,3.8));
#2598=CARTESIAN_POINT('Origin',(15.,8.659739581931E-16,3.899999995431));
#2599=CARTESIAN_POINT('',(15.,1.599999995431,3.899999995431));
#2600=CARTESIAN_POINT('Origin',(0.,3.26405569239796E-15,14.7));
#2601=CARTESIAN_POINT('Origin',(0.,1.33226762955019E-15,6.));
#2602=CARTESIAN_POINT('Origin',(0.,2.99760216648792E-15,13.5));
#2603=CARTESIAN_POINT('Origin',(0.,1.33226762955019E-15,6.));
#2604=CARTESIAN_POINT('',(-9.797958971133,5.,8.917675836056));
#2605=CARTESIAN_POINT('',(-9.797958971133,5.,11.08232416394));
#2606=CARTESIAN_POINT('Ctrl Pts',(-9.79795897113283,4.99999999999977,8.91767583605589));
#2607=CARTESIAN_POINT('Ctrl Pts',(-9.79564488539363,5.00453466342545,8.91169360155566));
#2608=CARTESIAN_POINT('Ctrl Pts',(-9.79331439101614,5.00909369937687,8.90572595113637));
#2609=CARTESIAN_POINT('Ctrl Pts',(-9.66411118222348,5.26140875362392,8.57797451599482));
#2610=CARTESIAN_POINT('Ctrl Pts',(-9.48855122474859,5.57593072746836,8.29921074104048));
#2611=CARTESIAN_POINT('Ctrl Pts',(-9.03610375984265,6.29242897459671,7.75846764659486));
#2612=CARTESIAN_POINT('Ctrl Pts',(-8.69561440310649,6.76382179748422,7.48656310442858));
#2613=CARTESIAN_POINT('Ctrl Pts',(-7.90487672362,7.67306479040193,7.10627073390932));
#2614=CARTESIAN_POINT('Ctrl Pts',(-7.45370377606903,8.11099485474549,7.));
#2615=CARTESIAN_POINT('Ctrl Pts',(-6.65123210892447,8.77300020521815,7.));
#2616=CARTESIAN_POINT('Ctrl Pts',(-6.25463435680831,9.06008798132327,7.06474090449418));
#2617=CARTESIAN_POINT('Ctrl Pts',(-5.48766585778366,9.54416921079279,7.37623115179368));
#2618=CARTESIAN_POINT('Ctrl Pts',(-5.11847214811557,9.74212343527895,7.62438211459957));
#2619=CARTESIAN_POINT('Ctrl Pts',(-4.58157679930108,10.0040796489236,8.19036217201509));
#2620=CARTESIAN_POINT('Ctrl Pts',(-4.36416615292918,10.0984581690459,8.51576682537242));
#2621=CARTESIAN_POINT('Ctrl Pts',(-4.07327333477492,10.2192586045327,9.23525106108126));
#2622=CARTESIAN_POINT('Ctrl Pts',(-4.,10.2469507659596,9.62920122355235));
#2623=CARTESIAN_POINT('Ctrl Pts',(-4.,10.2469507659596,10.));
#2624=CARTESIAN_POINT('Ctrl Pts',(-4.,10.2469507659596,10.3707987764476));
#2625=CARTESIAN_POINT('Ctrl Pts',(-4.07327333477492,10.2192586045327,10.7647489389187));
#2626=CARTESIAN_POINT('Ctrl Pts',(-4.36416615292918,10.0984581690459,11.4842331746276));
#2627=CARTESIAN_POINT('Ctrl Pts',(-4.58157679930108,10.0040796489236,11.8096378279849));
#2628=CARTESIAN_POINT('Ctrl Pts',(-5.11847214811557,9.74212343527895,12.3756178854004));
#2629=CARTESIAN_POINT('Ctrl Pts',(-5.48766585778366,9.54416921079279,12.6237688482063));
#2630=CARTESIAN_POINT('Ctrl Pts',(-6.2546343568083,9.06008798132327,12.9352590955058));
#2631=CARTESIAN_POINT('Ctrl Pts',(-6.65123210892447,8.77300020521815,13.));
#2632=CARTESIAN_POINT('Ctrl Pts',(-7.45370377606903,8.11099485474549,13.));
#2633=CARTESIAN_POINT('Ctrl Pts',(-7.90487672361999,7.67306479040193,12.8937292660907));
#2634=CARTESIAN_POINT('Ctrl Pts',(-8.69561440310649,6.76382179748422,12.5134368955714));
#2635=CARTESIAN_POINT('Ctrl Pts',(-9.03610375984265,6.29242897459671,12.2415323534051));
#2636=CARTESIAN_POINT('Ctrl Pts',(-9.48855122474859,5.57593072746836,11.7007892589595));
#2637=CARTESIAN_POINT('Ctrl Pts',(-9.66411118222348,5.26140875362392,11.4220254840052));
#2638=CARTESIAN_POINT('Ctrl Pts',(-9.79331439101644,5.00909369937628,11.0942740488629));
#2639=CARTESIAN_POINT('Ctrl Pts',(-9.79564488539423,5.00453466342427,11.0883063984428));
#2640=CARTESIAN_POINT('Ctrl Pts',(-9.79795897113373,4.99999999999801,11.0823241639418));
#2641=CARTESIAN_POINT('',(-9.797958971133,5.,11.08232416394));
#2642=CARTESIAN_POINT('',(-4.9,-9.8483501156285,10.));
#2643=CARTESIAN_POINT('',(-9.1,-6.17980582219215,10.));
#2644=CARTESIAN_POINT('Ctrl Pts',(-4.9,-9.8483501156285,10.));
#2645=CARTESIAN_POINT('Ctrl Pts',(-4.9,-9.8483501156285,9.74072780592234));
#2646=CARTESIAN_POINT('Ctrl Pts',(-4.95120804492634,-9.82335712581729,9.46614272567565));
#2647=CARTESIAN_POINT('Ctrl Pts',(-5.15226168663896,-9.71941390040501,8.96635867235548));
#2648=CARTESIAN_POINT('Ctrl Pts',(-5.30185716307171,-9.63983725909352,8.74118958615273));
#2649=CARTESIAN_POINT('Ctrl Pts',(-5.67307139628827,-9.42723384779447,8.34460677644825));
#2650=CARTESIAN_POINT('Ctrl Pts',(-5.93076738705706,-9.26997080666619,8.16925539990513));
#2651=CARTESIAN_POINT('Ctrl Pts',(-6.46954355961371,-8.90232372170526,7.94731893032089));
#2652=CARTESIAN_POINT('Ctrl Pts',(-6.75002249082613,-8.69150229809969,7.9));
#2653=CARTESIAN_POINT('Ctrl Pts',(-7.29696648009087,-8.24029652707165,7.9));
#2654=CARTESIAN_POINT('Ctrl Pts',(-7.60157627374884,-7.96058082008237,7.96543635277889));
#2655=CARTESIAN_POINT('Ctrl Pts',(-8.15090377264231,-7.39713295469703,8.21765210947217));
#2656=CARTESIAN_POINT('Ctrl Pts',(-8.39619786826951,-7.1134396747574,8.40326129746301));
#2657=CARTESIAN_POINT('Ctrl Pts',(-8.72882026096539,-6.69749820448645,8.78928171984775));
#2658=CARTESIAN_POINT('Ctrl Pts',(-8.85962403731923,-6.52169867522344,8.99240037060535));
#2659=CARTESIAN_POINT('Ctrl Pts',(-8.9987852564829,-6.32678724405088,9.34370585297349));
#2660=CARTESIAN_POINT('Ctrl Pts',(-9.03598194812967,-6.27319389884092,9.4686284278314));
#2661=CARTESIAN_POINT('Ctrl Pts',(-9.08658009696395,-6.199686551237,9.72857502233924));
#2662=CARTESIAN_POINT('Ctrl Pts',(-9.1,-6.17980582219215,9.86360485910538));
#2663=CARTESIAN_POINT('Ctrl Pts',(-9.1,-6.17980582219215,10.));
#2664=CARTESIAN_POINT('Ctrl Pts',(-9.1,-6.17980582219215,10.));
#2665=CARTESIAN_POINT('Ctrl Pts',(-9.1,-6.17980582219215,10.1363951408946));
#2666=CARTESIAN_POINT('Ctrl Pts',(-9.08658009696395,-6.199686551237,10.2714249776608));
#2667=CARTESIAN_POINT('Ctrl Pts',(-9.03598194812967,-6.27319389884092,10.5313715721686));
#2668=CARTESIAN_POINT('Ctrl Pts',(-8.9987852564829,-6.32678724405088,10.6562941470265));
#2669=CARTESIAN_POINT('Ctrl Pts',(-8.85962403731923,-6.52169867522344,11.0075996293947));
#2670=CARTESIAN_POINT('Ctrl Pts',(-8.72882026096539,-6.69749820448645,11.2107182801523));
#2671=CARTESIAN_POINT('Ctrl Pts',(-8.39619786826951,-7.1134396747574,11.596738702537));
#2672=CARTESIAN_POINT('Ctrl Pts',(-8.15090377264231,-7.39713295469703,11.7823478905278));
#2673=CARTESIAN_POINT('Ctrl Pts',(-7.60157627374884,-7.96058082008237,12.0345636472211));
#2674=CARTESIAN_POINT('Ctrl Pts',(-7.29696648009087,-8.24029652707165,12.1));
#2675=CARTESIAN_POINT('Ctrl Pts',(-6.75002249082613,-8.69150229809969,12.1));
#2676=CARTESIAN_POINT('Ctrl Pts',(-6.46954355961371,-8.90232372170526,12.0526810696791));
#2677=CARTESIAN_POINT('Ctrl Pts',(-5.93076738705706,-9.26997080666619,11.8307446000949));
#2678=CARTESIAN_POINT('Ctrl Pts',(-5.67307139628827,-9.42723384779447,11.6553932235518));
#2679=CARTESIAN_POINT('Ctrl Pts',(-5.30185716307171,-9.63983725909352,11.2588104138473));
#2680=CARTESIAN_POINT('Ctrl Pts',(-5.15226168663896,-9.71941390040501,11.0336413276445));
#2681=CARTESIAN_POINT('Ctrl Pts',(-4.95120804492634,-9.82335712581729,10.5338572743244));
#2682=CARTESIAN_POINT('Ctrl Pts',(-4.9,-9.8483501156285,10.2592721940777));
#2683=CARTESIAN_POINT('Ctrl Pts',(-4.9,-9.8483501156285,10.));
#2684=CARTESIAN_POINT('Origin',(-7.,-25.75,10.));
#2685=CARTESIAN_POINT('',(-5.35,-2.5,10.));
#2686=CARTESIAN_POINT('Origin',(-7.,-2.5,10.));
#2687=CARTESIAN_POINT('',(-5.35,-25.75,10.));
#2688=CARTESIAN_POINT('Origin',(-7.,-25.75,10.));
#2689=CARTESIAN_POINT('',(-5.35,5.,10.));
#2690=CARTESIAN_POINT('',(-5.35,-25.75,10.));
#2691=CARTESIAN_POINT('Origin',(-7.,5.,10.));
#2692=CARTESIAN_POINT('Origin',(-7.,5.,10.));
#2693=CARTESIAN_POINT('Origin',(-7.,5.,10.));
#2694=CARTESIAN_POINT('Origin',(-7.,-25.75,10.));
#2695=CARTESIAN_POINT('Origin',(-2.,-11.,6.));
#2696=CARTESIAN_POINT('Origin',(0.,1.33226762955019E-15,6.));
#2697=CARTESIAN_POINT('Origin',(-2.,-11.,6.));
#2698=CARTESIAN_POINT('Origin',(0.,1.33226762955019E-15,6.));
#2699=CARTESIAN_POINT('Origin',(0.,3.05311331771918E-15,13.75));
#2700=CARTESIAN_POINT('Origin',(-7.,-2.5,10.));
#2701=CARTESIAN_POINT('',(-9.1,-2.5,10.));
#2702=CARTESIAN_POINT('Origin',(-7.,-2.5,10.));
#2703=CARTESIAN_POINT('Origin',(-7.,-20.001,10.));
#2704=CARTESIAN_POINT('',(-9.1,-20.001,10.));
#2705=CARTESIAN_POINT('Origin',(0.,3.10862446895044E-15,14.));
#2706=CARTESIAN_POINT('',(-5.02105187650415E-16,-4.1,14.));
#2707=CARTESIAN_POINT('',(3.83503585277169,1.45000000274335,7.8));
#2708=CARTESIAN_POINT('',(3.83503585277169,1.45000000274335,7.8));
#2709=CARTESIAN_POINT('',(4.00499999999984,0.87748219355226,7.8));
#2710=CARTESIAN_POINT('Origin',(0.,1.73194791841524E-15,7.8));
#2711=CARTESIAN_POINT('',(4.00499999999984,0.87748219355226,7.8));
#2712=CARTESIAN_POINT('',(4.00499999999984,-0.877482193552261,7.8));
#2713=CARTESIAN_POINT('',(4.00499999999984,-0.877482193552261,7.8));
#2714=CARTESIAN_POINT('',(3.83503585484617,-1.44999999725665,7.8));
#2715=CARTESIAN_POINT('Origin',(0.,1.73194791841524E-15,7.8));
#2716=CARTESIAN_POINT('',(3.83503585484617,-1.44999999725665,7.8));
#2717=CARTESIAN_POINT('Origin',(4.00499999999984,1.45000000274335,7.8));
#2718=CARTESIAN_POINT('',(4.00499999999984,1.45000000274334,-3.2196467775044E-16));
#2719=CARTESIAN_POINT('',(4.00499999999984,1.45000000274334,0.240595697993653));
#2720=CARTESIAN_POINT('',(2.50499999999984,1.45000000274334,-3.2196467775044E-16));
#2721=CARTESIAN_POINT('',(2.50499999999984,1.45000000274334,-3.2196467775044E-16));
#2722=CARTESIAN_POINT('',(2.50499999999984,1.45000000274335,7.8));
#2723=CARTESIAN_POINT('',(2.50499999999984,1.45000000274335,7.8));
#2724=CARTESIAN_POINT('',(2.50499999999984,1.45000000274335,7.8));
#2725=CARTESIAN_POINT('Origin',(4.00499999999984,-1.44999999725665,7.8));
#2726=CARTESIAN_POINT('',(2.50499999999984,-1.44999999725665,7.8));
#2727=CARTESIAN_POINT('',(3.83503585484617,-1.44999999725665,7.8));
#2728=CARTESIAN_POINT('',(2.50499999999984,-1.44999999725666,3.21964676532151E-16));
#2729=CARTESIAN_POINT('',(2.50499999999984,-1.44999999725665,7.8));
#2730=CARTESIAN_POINT('',(4.00499999999984,-1.44999999725666,3.21964676532151E-16));
#2731=CARTESIAN_POINT('',(4.00499999999984,-1.44999999725666,3.21964676532151E-16));
#2732=CARTESIAN_POINT('',(4.00499999999984,-1.44999999725666,0.24059569986145));
#2733=CARTESIAN_POINT('Origin',(4.00499999999984,-0.499999997256654,7.8));
#2734=CARTESIAN_POINT('',(4.00499999999984,-0.499999997256655,1.11022301853371E-16));
#2735=CARTESIAN_POINT('',(4.00499999999984,-0.499999997256654,7.8));
#2736=CARTESIAN_POINT('Origin',(0.,1.73194791841524E-15,7.8));
#2737=CARTESIAN_POINT('',(2.50499999999984,-1.44999999725665,7.8));
#2738=CARTESIAN_POINT('Origin',(2.50499999999984,-1.44999999725665,7.8));
#2739=CARTESIAN_POINT('',(2.50499999999984,-1.44999999725666,3.21964676532151E-16));
#2740=CARTESIAN_POINT('Origin',(0.,0.,0.));
#2741=UNCERTAINTY_MEASURE_WITH_UNIT(LENGTH_MEASURE(0.01),#2745,
'DISTANCE_ACCURACY_VALUE',
'Maximum model space distance between geometric entities at asserted c
onnectivities');
#2742=UNCERTAINTY_MEASURE_WITH_UNIT(LENGTH_MEASURE(0.01),#2745,
'DISTANCE_ACCURACY_VALUE',
'Maximum model space distance between geometric entities at asserted c
onnectivities');
#2743=(
GEOMETRIC_REPRESENTATION_CONTEXT(3)
GLOBAL_UNCERTAINTY_ASSIGNED_CONTEXT((#2741))
GLOBAL_UNIT_ASSIGNED_CONTEXT((#2745,#2747,#2748))
REPRESENTATION_CONTEXT('','3D')
);
#2744=(
GEOMETRIC_REPRESENTATION_CONTEXT(3)
GLOBAL_UNCERTAINTY_ASSIGNED_CONTEXT((#2742))
GLOBAL_UNIT_ASSIGNED_CONTEXT((#2745,#2747,#2748))
REPRESENTATION_CONTEXT('','3D')
);
#2745=(
LENGTH_UNIT()
NAMED_UNIT(*)
SI_UNIT(.MILLI.,.METRE.)
);
#2746=(
LENGTH_UNIT()
NAMED_UNIT(*)
SI_UNIT($,.METRE.)
);
#2747=(
NAMED_UNIT(*)
PLANE_ANGLE_UNIT()
SI_UNIT($,.RADIAN.)
);
#2748=(
NAMED_UNIT(*)
SI_UNIT($,.STERADIAN.)
SOLID_ANGLE_UNIT()
);
#2749=SHAPE_DEFINITION_REPRESENTATION(#2750,#2751);
#2750=PRODUCT_DEFINITION_SHAPE('',$,#2753);
#2751=SHAPE_REPRESENTATION('',(#1520),#2743);
#2752=PRODUCT_DEFINITION_CONTEXT('part definition',#2757,'design');
#2753=PRODUCT_DEFINITION('MG400 End Flange Keyed(1)',
'MG400 End Flange Keyed v7',#2754,#2752);
#2754=PRODUCT_DEFINITION_FORMATION('',$,#2759);
#2755=PRODUCT_RELATED_PRODUCT_CATEGORY('MG400 End Flange Keyed v7',
'MG400 End Flange Keyed v7',(#2759));
#2756=APPLICATION_PROTOCOL_DEFINITION('international standard',
'automotive_design',2009,#2757);
#2757=APPLICATION_CONTEXT(
'Core Data for Automotive Mechanical Design Process');
#2758=PRODUCT_CONTEXT('part definition',#2757,'mechanical');
#2759=PRODUCT('MG400 End Flange Keyed(1)','MG400 End Flange Keyed v7',
'NOT SPECIFIED',(#2758));
#2760=PRESENTATION_STYLE_ASSIGNMENT((#2761));
#2761=SURFACE_STYLE_USAGE(.BOTH.,#2762);
#2762=SURFACE_SIDE_STYLE('',(#2763));
#2763=SURFACE_STYLE_FILL_AREA(#2764);
#2764=FILL_AREA_STYLE('Steel - Satin',(#2765));
#2765=FILL_AREA_STYLE_COLOUR('Steel - Satin',#2766);
#2766=COLOUR_RGB('Steel - Satin',0.627450980392157,0.627450980392157,0.627450980392157);
ENDSEC;
END-ISO-10303-21;
