ISO-10303-21;
HEADER;
/* Generated by software containing ST-Developer
 * from STEP Tools, Inc. (www.steptools.com) 
 */

FILE_DESCRIPTION(
/* description */ (''),
/* implementation_level */ '2;1');

FILE_NAME(
/* name */ 'BasePlate_400x600_v2.step',
/* time_stamp */ '2026-07-07T17:55:55+01:00',
/* author */ (''),
/* organization */ (''),
/* preprocessor_version */ 'ST-DEVELOPER v20.1',
/* originating_system */ 'Autodesk Translation Framework v15.8.0.0',
/* authorisation */ '');

FILE_SCHEMA (('AUTOMOTIVE_DESIGN { 1 0 10303 214 3 1 1 }'));
ENDSEC;

DATA;
#10=MECHANICAL_DESIGN_GEOMETRIC_PRESENTATION_REPRESENTATION('',(#13),#12335);
#11=SHAPE_REPRESENTATION_RELATIONSHIP('SRR','None',#12342,#12);
#12=ADVANCED_BREP_SHAPE_REPRESENTATION('',(#14),#12334);
#13=STYLED_ITEM('',(#12352),#14);
#14=MANIFOLD_SOLID_BREP('Body1',#7267);
#15=FACE_BOUND('',#1272,.T.);
#16=FACE_BOUND('',#1273,.T.);
#17=FACE_BOUND('',#1274,.T.);
#18=FACE_BOUND('',#1275,.T.);
#19=FACE_BOUND('',#1276,.T.);
#20=FACE_BOUND('',#1277,.T.);
#21=FACE_BOUND('',#1278,.T.);
#22=FACE_BOUND('',#1279,.T.);
#23=FACE_BOUND('',#1280,.T.);
#24=FACE_BOUND('',#1281,.T.);
#25=FACE_BOUND('',#1282,.T.);
#26=FACE_BOUND('',#1283,.T.);
#27=FACE_BOUND('',#1284,.T.);
#28=FACE_BOUND('',#1285,.T.);
#29=FACE_BOUND('',#1286,.T.);
#30=FACE_BOUND('',#1287,.T.);
#31=FACE_BOUND('',#1288,.T.);
#32=FACE_BOUND('',#1289,.T.);
#33=FACE_BOUND('',#1290,.T.);
#34=FACE_BOUND('',#1291,.T.);
#35=FACE_BOUND('',#1292,.T.);
#36=FACE_BOUND('',#1293,.T.);
#37=FACE_BOUND('',#1294,.T.);
#38=FACE_BOUND('',#1295,.T.);
#39=FACE_BOUND('',#1296,.T.);
#40=FACE_BOUND('',#1297,.T.);
#41=FACE_BOUND('',#1298,.T.);
#42=FACE_BOUND('',#1299,.T.);
#43=FACE_BOUND('',#1300,.T.);
#44=FACE_BOUND('',#1301,.T.);
#45=FACE_BOUND('',#1302,.T.);
#46=FACE_BOUND('',#1303,.T.);
#47=FACE_BOUND('',#1304,.T.);
#48=FACE_BOUND('',#1305,.T.);
#49=FACE_BOUND('',#1306,.T.);
#50=FACE_BOUND('',#1307,.T.);
#51=FACE_BOUND('',#1308,.T.);
#52=FACE_BOUND('',#1309,.T.);
#53=FACE_BOUND('',#1310,.T.);
#54=FACE_BOUND('',#1311,.T.);
#55=FACE_BOUND('',#1312,.T.);
#56=FACE_BOUND('',#1313,.T.);
#57=FACE_BOUND('',#1314,.T.);
#58=FACE_BOUND('',#1315,.T.);
#59=FACE_BOUND('',#1316,.T.);
#60=FACE_BOUND('',#1317,.T.);
#61=FACE_BOUND('',#1318,.T.);
#62=FACE_BOUND('',#1319,.T.);
#63=FACE_BOUND('',#1320,.T.);
#64=FACE_BOUND('',#1321,.T.);
#65=FACE_BOUND('',#1322,.T.);
#66=FACE_BOUND('',#1323,.T.);
#67=FACE_BOUND('',#1324,.T.);
#68=FACE_BOUND('',#1325,.T.);
#69=FACE_BOUND('',#1326,.T.);
#70=FACE_BOUND('',#1327,.T.);
#71=FACE_BOUND('',#1328,.T.);
#72=FACE_BOUND('',#1329,.T.);
#73=FACE_BOUND('',#1330,.T.);
#74=FACE_BOUND('',#1331,.T.);
#75=FACE_BOUND('',#1332,.T.);
#76=FACE_BOUND('',#1333,.T.);
#77=FACE_BOUND('',#1334,.T.);
#78=FACE_BOUND('',#1335,.T.);
#79=FACE_BOUND('',#1336,.T.);
#80=FACE_BOUND('',#1337,.T.);
#81=FACE_BOUND('',#1338,.T.);
#82=FACE_BOUND('',#1339,.T.);
#83=FACE_BOUND('',#1340,.T.);
#84=FACE_BOUND('',#1341,.T.);
#85=FACE_BOUND('',#1342,.T.);
#86=FACE_BOUND('',#1343,.T.);
#87=FACE_BOUND('',#1344,.T.);
#88=FACE_BOUND('',#1345,.T.);
#89=FACE_BOUND('',#1346,.T.);
#90=FACE_BOUND('',#1347,.T.);
#91=FACE_BOUND('',#1348,.T.);
#92=FACE_BOUND('',#1349,.T.);
#93=FACE_BOUND('',#1350,.T.);
#94=FACE_BOUND('',#1351,.T.);
#95=FACE_BOUND('',#1352,.T.);
#96=FACE_BOUND('',#1353,.T.);
#97=FACE_BOUND('',#1354,.T.);
#98=FACE_BOUND('',#1355,.T.);
#99=FACE_BOUND('',#1356,.T.);
#100=FACE_BOUND('',#1357,.T.);
#101=FACE_BOUND('',#1358,.T.);
#102=FACE_BOUND('',#1359,.T.);
#103=FACE_BOUND('',#1360,.T.);
#104=FACE_BOUND('',#1361,.T.);
#105=FACE_BOUND('',#1362,.T.);
#106=FACE_BOUND('',#1363,.T.);
#107=FACE_BOUND('',#1364,.T.);
#108=FACE_BOUND('',#1365,.T.);
#109=FACE_BOUND('',#1366,.T.);
#110=FACE_BOUND('',#1367,.T.);
#111=FACE_BOUND('',#1368,.T.);
#112=FACE_BOUND('',#1369,.T.);
#113=FACE_BOUND('',#1370,.T.);
#114=FACE_BOUND('',#1371,.T.);
#115=FACE_BOUND('',#1372,.T.);
#116=FACE_BOUND('',#1373,.T.);
#117=FACE_BOUND('',#1374,.T.);
#118=FACE_BOUND('',#1375,.T.);
#119=FACE_BOUND('',#1376,.T.);
#120=FACE_BOUND('',#1377,.T.);
#121=FACE_BOUND('',#1378,.T.);
#122=FACE_BOUND('',#1379,.T.);
#123=FACE_BOUND('',#1380,.T.);
#124=FACE_BOUND('',#1381,.T.);
#125=FACE_BOUND('',#1382,.T.);
#126=FACE_BOUND('',#1383,.T.);
#127=FACE_BOUND('',#1384,.T.);
#128=FACE_BOUND('',#1385,.T.);
#129=FACE_BOUND('',#1386,.T.);
#130=FACE_BOUND('',#1387,.T.);
#131=FACE_BOUND('',#1388,.T.);
#132=FACE_BOUND('',#1389,.T.);
#133=FACE_BOUND('',#1390,.T.);
#134=FACE_BOUND('',#1391,.T.);
#135=FACE_BOUND('',#1392,.T.);
#136=FACE_BOUND('',#1393,.T.);
#137=FACE_BOUND('',#1394,.T.);
#138=FACE_BOUND('',#1395,.T.);
#139=FACE_BOUND('',#1396,.T.);
#140=FACE_BOUND('',#1397,.T.);
#141=FACE_BOUND('',#1398,.T.);
#142=FACE_BOUND('',#1399,.T.);
#143=FACE_BOUND('',#1400,.T.);
#144=FACE_BOUND('',#1401,.T.);
#145=FACE_BOUND('',#1402,.T.);
#146=FACE_BOUND('',#1403,.T.);
#147=FACE_BOUND('',#1404,.T.);
#148=FACE_BOUND('',#1405,.T.);
#149=FACE_BOUND('',#1406,.T.);
#150=FACE_BOUND('',#1407,.T.);
#151=FACE_BOUND('',#1408,.T.);
#152=FACE_BOUND('',#1409,.T.);
#153=FACE_BOUND('',#1410,.T.);
#154=FACE_BOUND('',#1411,.T.);
#155=FACE_BOUND('',#1412,.T.);
#156=FACE_BOUND('',#1413,.T.);
#157=FACE_BOUND('',#1414,.T.);
#158=FACE_BOUND('',#1415,.T.);
#159=FACE_BOUND('',#1416,.T.);
#160=FACE_BOUND('',#1417,.T.);
#161=FACE_BOUND('',#1418,.T.);
#162=FACE_BOUND('',#1419,.T.);
#163=FACE_BOUND('',#1420,.T.);
#164=FACE_BOUND('',#1421,.T.);
#165=FACE_BOUND('',#1422,.T.);
#166=FACE_BOUND('',#1423,.T.);
#167=FACE_BOUND('',#1424,.T.);
#168=FACE_BOUND('',#1425,.T.);
#169=FACE_BOUND('',#1426,.T.);
#170=FACE_BOUND('',#1427,.T.);
#171=FACE_BOUND('',#1428,.T.);
#172=FACE_BOUND('',#1429,.T.);
#173=FACE_BOUND('',#1430,.T.);
#174=FACE_BOUND('',#1431,.T.);
#175=FACE_BOUND('',#1432,.T.);
#176=FACE_BOUND('',#1433,.T.);
#177=FACE_BOUND('',#1434,.T.);
#178=FACE_BOUND('',#1435,.T.);
#179=FACE_BOUND('',#1436,.T.);
#180=FACE_BOUND('',#1437,.T.);
#181=FACE_BOUND('',#1438,.T.);
#182=FACE_BOUND('',#1439,.T.);
#183=FACE_BOUND('',#1440,.T.);
#184=FACE_BOUND('',#1441,.T.);
#185=FACE_BOUND('',#1442,.T.);
#186=FACE_BOUND('',#1443,.T.);
#187=FACE_BOUND('',#1444,.T.);
#188=FACE_BOUND('',#1445,.T.);
#189=FACE_BOUND('',#1446,.T.);
#190=FACE_BOUND('',#1447,.T.);
#191=FACE_BOUND('',#1448,.T.);
#192=FACE_BOUND('',#1449,.T.);
#193=FACE_BOUND('',#1450,.T.);
#194=FACE_BOUND('',#1451,.T.);
#195=FACE_BOUND('',#1452,.T.);
#196=FACE_BOUND('',#1453,.T.);
#197=FACE_BOUND('',#1454,.T.);
#198=FACE_BOUND('',#1455,.T.);
#199=FACE_BOUND('',#1456,.T.);
#200=FACE_BOUND('',#1457,.T.);
#201=FACE_BOUND('',#1458,.T.);
#202=FACE_BOUND('',#1459,.T.);
#203=FACE_BOUND('',#1460,.T.);
#204=FACE_BOUND('',#1461,.T.);
#205=FACE_BOUND('',#1462,.T.);
#206=FACE_BOUND('',#1463,.T.);
#207=FACE_BOUND('',#1464,.T.);
#208=FACE_BOUND('',#1465,.T.);
#209=FACE_BOUND('',#1466,.T.);
#210=FACE_BOUND('',#1467,.T.);
#211=FACE_BOUND('',#1468,.T.);
#212=FACE_BOUND('',#1469,.T.);
#213=FACE_BOUND('',#1470,.T.);
#214=FACE_BOUND('',#1471,.T.);
#215=FACE_BOUND('',#1472,.T.);
#216=FACE_BOUND('',#1473,.T.);
#217=FACE_BOUND('',#1474,.T.);
#218=FACE_BOUND('',#1475,.T.);
#219=FACE_BOUND('',#1476,.T.);
#220=FACE_BOUND('',#1477,.T.);
#221=FACE_BOUND('',#1478,.T.);
#222=FACE_BOUND('',#1479,.T.);
#223=FACE_BOUND('',#1480,.T.);
#224=FACE_BOUND('',#1481,.T.);
#225=FACE_BOUND('',#1482,.T.);
#226=FACE_BOUND('',#1483,.T.);
#227=FACE_BOUND('',#1484,.T.);
#228=FACE_BOUND('',#1485,.T.);
#229=FACE_BOUND('',#1486,.T.);
#230=FACE_BOUND('',#1487,.T.);
#231=FACE_BOUND('',#1488,.T.);
#232=FACE_BOUND('',#1489,.T.);
#233=FACE_BOUND('',#1490,.T.);
#234=FACE_BOUND('',#1491,.T.);
#235=FACE_BOUND('',#1492,.T.);
#236=FACE_BOUND('',#1493,.T.);
#237=FACE_BOUND('',#1494,.T.);
#238=FACE_BOUND('',#1495,.T.);
#239=FACE_BOUND('',#1496,.T.);
#240=FACE_BOUND('',#1497,.T.);
#241=FACE_BOUND('',#1498,.T.);
#242=FACE_BOUND('',#1499,.T.);
#243=FACE_BOUND('',#1500,.T.);
#244=FACE_BOUND('',#1501,.T.);
#245=FACE_BOUND('',#1502,.T.);
#246=FACE_BOUND('',#1503,.T.);
#247=FACE_BOUND('',#1504,.T.);
#248=FACE_BOUND('',#1505,.T.);
#249=FACE_BOUND('',#1506,.T.);
#250=FACE_BOUND('',#1507,.T.);
#251=FACE_BOUND('',#1508,.T.);
#252=FACE_BOUND('',#1509,.T.);
#253=FACE_BOUND('',#1510,.T.);
#254=FACE_BOUND('',#1511,.T.);
#255=FACE_BOUND('',#1512,.T.);
#256=FACE_BOUND('',#1513,.T.);
#257=FACE_BOUND('',#1514,.T.);
#258=FACE_BOUND('',#1515,.T.);
#259=FACE_BOUND('',#1516,.T.);
#260=FACE_BOUND('',#1517,.T.);
#261=FACE_BOUND('',#1518,.T.);
#262=FACE_BOUND('',#1519,.T.);
#263=FACE_BOUND('',#1520,.T.);
#264=FACE_BOUND('',#1521,.T.);
#265=FACE_BOUND('',#1522,.T.);
#266=FACE_BOUND('',#1523,.T.);
#267=FACE_BOUND('',#1524,.T.);
#268=FACE_BOUND('',#1525,.T.);
#269=FACE_BOUND('',#1526,.T.);
#270=FACE_BOUND('',#1527,.T.);
#271=FACE_BOUND('',#1528,.T.);
#272=FACE_BOUND('',#1529,.T.);
#273=FACE_BOUND('',#1530,.T.);
#274=FACE_BOUND('',#1531,.T.);
#275=FACE_BOUND('',#1532,.T.);
#276=FACE_BOUND('',#1533,.T.);
#277=FACE_BOUND('',#1534,.T.);
#278=FACE_BOUND('',#1535,.T.);
#279=FACE_BOUND('',#1536,.T.);
#280=FACE_BOUND('',#1537,.T.);
#281=FACE_BOUND('',#1538,.T.);
#282=FACE_BOUND('',#1539,.T.);
#283=FACE_BOUND('',#1540,.T.);
#284=FACE_BOUND('',#1541,.T.);
#285=FACE_BOUND('',#1542,.T.);
#286=FACE_BOUND('',#1543,.T.);
#287=FACE_BOUND('',#1544,.T.);
#288=FACE_BOUND('',#1545,.T.);
#289=FACE_BOUND('',#1546,.T.);
#290=FACE_BOUND('',#1547,.T.);
#291=FACE_BOUND('',#1548,.T.);
#292=FACE_BOUND('',#1549,.T.);
#293=FACE_BOUND('',#1550,.T.);
#294=FACE_BOUND('',#1551,.T.);
#295=FACE_BOUND('',#1552,.T.);
#296=FACE_BOUND('',#1553,.T.);
#297=FACE_BOUND('',#1554,.T.);
#298=FACE_BOUND('',#1555,.T.);
#299=FACE_BOUND('',#1556,.T.);
#300=FACE_BOUND('',#1557,.T.);
#301=FACE_BOUND('',#1558,.T.);
#302=FACE_BOUND('',#1559,.T.);
#303=FACE_BOUND('',#1560,.T.);
#304=FACE_BOUND('',#1561,.T.);
#305=FACE_BOUND('',#1562,.T.);
#306=FACE_BOUND('',#1563,.T.);
#307=FACE_BOUND('',#1564,.T.);
#308=FACE_BOUND('',#1565,.T.);
#309=FACE_BOUND('',#1566,.T.);
#310=FACE_BOUND('',#1567,.T.);
#311=FACE_BOUND('',#1568,.T.);
#312=FACE_BOUND('',#1569,.T.);
#313=FACE_BOUND('',#1570,.T.);
#314=FACE_BOUND('',#1571,.T.);
#315=FACE_BOUND('',#1572,.T.);
#316=FACE_BOUND('',#1573,.T.);
#317=FACE_BOUND('',#1574,.T.);
#318=FACE_BOUND('',#1575,.T.);
#319=FACE_BOUND('',#1576,.T.);
#320=FACE_BOUND('',#1577,.T.);
#321=FACE_BOUND('',#1578,.T.);
#322=FACE_BOUND('',#1579,.T.);
#323=FACE_BOUND('',#1581,.T.);
#324=FACE_BOUND('',#1582,.T.);
#325=FACE_BOUND('',#1583,.T.);
#326=FACE_BOUND('',#1584,.T.);
#327=FACE_BOUND('',#1585,.T.);
#328=FACE_BOUND('',#1586,.T.);
#329=FACE_BOUND('',#1587,.T.);
#330=FACE_BOUND('',#1588,.T.);
#331=FACE_BOUND('',#1589,.T.);
#332=FACE_BOUND('',#1590,.T.);
#333=FACE_BOUND('',#1591,.T.);
#334=FACE_BOUND('',#1592,.T.);
#335=FACE_BOUND('',#1593,.T.);
#336=FACE_BOUND('',#1594,.T.);
#337=FACE_BOUND('',#1595,.T.);
#338=FACE_BOUND('',#1596,.T.);
#339=FACE_BOUND('',#1597,.T.);
#340=FACE_BOUND('',#1598,.T.);
#341=FACE_BOUND('',#1599,.T.);
#342=FACE_BOUND('',#1600,.T.);
#343=FACE_BOUND('',#1601,.T.);
#344=FACE_BOUND('',#1602,.T.);
#345=FACE_BOUND('',#1603,.T.);
#346=FACE_BOUND('',#1604,.T.);
#347=FACE_BOUND('',#1605,.T.);
#348=FACE_BOUND('',#1606,.T.);
#349=FACE_BOUND('',#1607,.T.);
#350=FACE_BOUND('',#1608,.T.);
#351=FACE_BOUND('',#1609,.T.);
#352=FACE_BOUND('',#1610,.T.);
#353=FACE_BOUND('',#1611,.T.);
#354=FACE_BOUND('',#1612,.T.);
#355=FACE_BOUND('',#1613,.T.);
#356=FACE_BOUND('',#1614,.T.);
#357=FACE_BOUND('',#1615,.T.);
#358=FACE_BOUND('',#1616,.T.);
#359=FACE_BOUND('',#1617,.T.);
#360=FACE_BOUND('',#1618,.T.);
#361=FACE_BOUND('',#1619,.T.);
#362=FACE_BOUND('',#1620,.T.);
#363=FACE_BOUND('',#1621,.T.);
#364=FACE_BOUND('',#1622,.T.);
#365=FACE_BOUND('',#1623,.T.);
#366=FACE_BOUND('',#1624,.T.);
#367=FACE_BOUND('',#1625,.T.);
#368=FACE_BOUND('',#1626,.T.);
#369=FACE_BOUND('',#1627,.T.);
#370=FACE_BOUND('',#1628,.T.);
#371=FACE_BOUND('',#1629,.T.);
#372=FACE_BOUND('',#1630,.T.);
#373=FACE_BOUND('',#1631,.T.);
#374=FACE_BOUND('',#1632,.T.);
#375=FACE_BOUND('',#1633,.T.);
#376=FACE_BOUND('',#1634,.T.);
#377=FACE_BOUND('',#1635,.T.);
#378=FACE_BOUND('',#1636,.T.);
#379=FACE_BOUND('',#1637,.T.);
#380=FACE_BOUND('',#1638,.T.);
#381=FACE_BOUND('',#1639,.T.);
#382=FACE_BOUND('',#1640,.T.);
#383=FACE_BOUND('',#1641,.T.);
#384=FACE_BOUND('',#1642,.T.);
#385=FACE_BOUND('',#1643,.T.);
#386=FACE_BOUND('',#1644,.T.);
#387=FACE_BOUND('',#1645,.T.);
#388=FACE_BOUND('',#1646,.T.);
#389=FACE_BOUND('',#1647,.T.);
#390=FACE_BOUND('',#1648,.T.);
#391=FACE_BOUND('',#1649,.T.);
#392=FACE_BOUND('',#1650,.T.);
#393=FACE_BOUND('',#1651,.T.);
#394=FACE_BOUND('',#1652,.T.);
#395=FACE_BOUND('',#1653,.T.);
#396=FACE_BOUND('',#1654,.T.);
#397=FACE_BOUND('',#1655,.T.);
#398=FACE_BOUND('',#1656,.T.);
#399=FACE_BOUND('',#1657,.T.);
#400=FACE_BOUND('',#1658,.T.);
#401=FACE_BOUND('',#1659,.T.);
#402=FACE_BOUND('',#1660,.T.);
#403=FACE_BOUND('',#1661,.T.);
#404=FACE_BOUND('',#1662,.T.);
#405=FACE_BOUND('',#1663,.T.);
#406=FACE_BOUND('',#1664,.T.);
#407=FACE_BOUND('',#1665,.T.);
#408=FACE_BOUND('',#1666,.T.);
#409=FACE_BOUND('',#1667,.T.);
#410=FACE_BOUND('',#1668,.T.);
#411=FACE_BOUND('',#1669,.T.);
#412=FACE_BOUND('',#1670,.T.);
#413=FACE_BOUND('',#1671,.T.);
#414=FACE_BOUND('',#1672,.T.);
#415=FACE_BOUND('',#1673,.T.);
#416=FACE_BOUND('',#1674,.T.);
#417=FACE_BOUND('',#1675,.T.);
#418=FACE_BOUND('',#1676,.T.);
#419=FACE_BOUND('',#1677,.T.);
#420=FACE_BOUND('',#1678,.T.);
#421=FACE_BOUND('',#1679,.T.);
#422=FACE_BOUND('',#1680,.T.);
#423=FACE_BOUND('',#1681,.T.);
#424=FACE_BOUND('',#1682,.T.);
#425=FACE_BOUND('',#1683,.T.);
#426=FACE_BOUND('',#1684,.T.);
#427=FACE_BOUND('',#1685,.T.);
#428=FACE_BOUND('',#1686,.T.);
#429=FACE_BOUND('',#1687,.T.);
#430=FACE_BOUND('',#1688,.T.);
#431=FACE_BOUND('',#1689,.T.);
#432=FACE_BOUND('',#1690,.T.);
#433=FACE_BOUND('',#1691,.T.);
#434=FACE_BOUND('',#1692,.T.);
#435=FACE_BOUND('',#1693,.T.);
#436=FACE_BOUND('',#1694,.T.);
#437=FACE_BOUND('',#1695,.T.);
#438=FACE_BOUND('',#1696,.T.);
#439=FACE_BOUND('',#1697,.T.);
#440=FACE_BOUND('',#1698,.T.);
#441=FACE_BOUND('',#1699,.T.);
#442=FACE_BOUND('',#1700,.T.);
#443=FACE_BOUND('',#1701,.T.);
#444=FACE_BOUND('',#1702,.T.);
#445=FACE_BOUND('',#1703,.T.);
#446=FACE_BOUND('',#1704,.T.);
#447=FACE_BOUND('',#1705,.T.);
#448=FACE_BOUND('',#1706,.T.);
#449=FACE_BOUND('',#1707,.T.);
#450=FACE_BOUND('',#1708,.T.);
#451=FACE_BOUND('',#1709,.T.);
#452=FACE_BOUND('',#1710,.T.);
#453=FACE_BOUND('',#1711,.T.);
#454=FACE_BOUND('',#1712,.T.);
#455=FACE_BOUND('',#1713,.T.);
#456=FACE_BOUND('',#1714,.T.);
#457=FACE_BOUND('',#1715,.T.);
#458=FACE_BOUND('',#1716,.T.);
#459=FACE_BOUND('',#1717,.T.);
#460=FACE_BOUND('',#1718,.T.);
#461=FACE_BOUND('',#1719,.T.);
#462=FACE_BOUND('',#1720,.T.);
#463=FACE_BOUND('',#1721,.T.);
#464=FACE_BOUND('',#1722,.T.);
#465=FACE_BOUND('',#1723,.T.);
#466=FACE_BOUND('',#1724,.T.);
#467=FACE_BOUND('',#1725,.T.);
#468=FACE_BOUND('',#1726,.T.);
#469=FACE_BOUND('',#1727,.T.);
#470=FACE_BOUND('',#1728,.T.);
#471=FACE_BOUND('',#1729,.T.);
#472=FACE_BOUND('',#1730,.T.);
#473=FACE_BOUND('',#1731,.T.);
#474=FACE_BOUND('',#1732,.T.);
#475=FACE_BOUND('',#1733,.T.);
#476=FACE_BOUND('',#1734,.T.);
#477=FACE_BOUND('',#1735,.T.);
#478=FACE_BOUND('',#1736,.T.);
#479=FACE_BOUND('',#1737,.T.);
#480=FACE_BOUND('',#1738,.T.);
#481=FACE_BOUND('',#1739,.T.);
#482=FACE_BOUND('',#1740,.T.);
#483=FACE_BOUND('',#1741,.T.);
#484=FACE_BOUND('',#1742,.T.);
#485=FACE_BOUND('',#1743,.T.);
#486=FACE_BOUND('',#1744,.T.);
#487=FACE_BOUND('',#1745,.T.);
#488=FACE_BOUND('',#1746,.T.);
#489=FACE_BOUND('',#1747,.T.);
#490=FACE_BOUND('',#1748,.T.);
#491=FACE_BOUND('',#1749,.T.);
#492=FACE_BOUND('',#1750,.T.);
#493=FACE_BOUND('',#1751,.T.);
#494=FACE_BOUND('',#1752,.T.);
#495=FACE_BOUND('',#1753,.T.);
#496=FACE_BOUND('',#1754,.T.);
#497=FACE_BOUND('',#1755,.T.);
#498=FACE_BOUND('',#1756,.T.);
#499=FACE_BOUND('',#1757,.T.);
#500=FACE_BOUND('',#1758,.T.);
#501=FACE_BOUND('',#1759,.T.);
#502=FACE_BOUND('',#1760,.T.);
#503=FACE_BOUND('',#1761,.T.);
#504=FACE_BOUND('',#1762,.T.);
#505=FACE_BOUND('',#1763,.T.);
#506=FACE_BOUND('',#1764,.T.);
#507=FACE_BOUND('',#1765,.T.);
#508=FACE_BOUND('',#1766,.T.);
#509=FACE_BOUND('',#1767,.T.);
#510=FACE_BOUND('',#1768,.T.);
#511=FACE_BOUND('',#1769,.T.);
#512=FACE_BOUND('',#1770,.T.);
#513=FACE_BOUND('',#1771,.T.);
#514=FACE_BOUND('',#1772,.T.);
#515=FACE_BOUND('',#1773,.T.);
#516=FACE_BOUND('',#1774,.T.);
#517=FACE_BOUND('',#1775,.T.);
#518=FACE_BOUND('',#1776,.T.);
#519=FACE_BOUND('',#1777,.T.);
#520=FACE_BOUND('',#1778,.T.);
#521=FACE_BOUND('',#1779,.T.);
#522=FACE_BOUND('',#1780,.T.);
#523=FACE_BOUND('',#1781,.T.);
#524=FACE_BOUND('',#1782,.T.);
#525=FACE_BOUND('',#1783,.T.);
#526=FACE_BOUND('',#1784,.T.);
#527=FACE_BOUND('',#1785,.T.);
#528=FACE_BOUND('',#1786,.T.);
#529=FACE_BOUND('',#1787,.T.);
#530=FACE_BOUND('',#1788,.T.);
#531=FACE_BOUND('',#1789,.T.);
#532=FACE_BOUND('',#1790,.T.);
#533=FACE_BOUND('',#1791,.T.);
#534=FACE_BOUND('',#1792,.T.);
#535=FACE_BOUND('',#1793,.T.);
#536=FACE_BOUND('',#1794,.T.);
#537=FACE_BOUND('',#1795,.T.);
#538=FACE_BOUND('',#1796,.T.);
#539=FACE_BOUND('',#1797,.T.);
#540=FACE_BOUND('',#1798,.T.);
#541=FACE_BOUND('',#1799,.T.);
#542=FACE_BOUND('',#1800,.T.);
#543=FACE_BOUND('',#1801,.T.);
#544=FACE_BOUND('',#1802,.T.);
#545=FACE_BOUND('',#1803,.T.);
#546=FACE_BOUND('',#1804,.T.);
#547=FACE_BOUND('',#1805,.T.);
#548=FACE_BOUND('',#1806,.T.);
#549=FACE_BOUND('',#1807,.T.);
#550=FACE_BOUND('',#1808,.T.);
#551=FACE_BOUND('',#1809,.T.);
#552=FACE_BOUND('',#1810,.T.);
#553=FACE_BOUND('',#1811,.T.);
#554=FACE_BOUND('',#1812,.T.);
#555=FACE_BOUND('',#1813,.T.);
#556=FACE_BOUND('',#1814,.T.);
#557=FACE_BOUND('',#1815,.T.);
#558=FACE_BOUND('',#1816,.T.);
#559=FACE_BOUND('',#1817,.T.);
#560=FACE_BOUND('',#1818,.T.);
#561=FACE_BOUND('',#1819,.T.);
#562=FACE_BOUND('',#1820,.T.);
#563=FACE_BOUND('',#1821,.T.);
#564=FACE_BOUND('',#1822,.T.);
#565=FACE_BOUND('',#1823,.T.);
#566=FACE_BOUND('',#1824,.T.);
#567=FACE_BOUND('',#1825,.T.);
#568=FACE_BOUND('',#1826,.T.);
#569=FACE_BOUND('',#1827,.T.);
#570=FACE_BOUND('',#1828,.T.);
#571=FACE_BOUND('',#1829,.T.);
#572=FACE_BOUND('',#1830,.T.);
#573=FACE_BOUND('',#1831,.T.);
#574=FACE_BOUND('',#1832,.T.);
#575=FACE_BOUND('',#1833,.T.);
#576=FACE_BOUND('',#1834,.T.);
#577=FACE_BOUND('',#1835,.T.);
#578=FACE_BOUND('',#1836,.T.);
#579=FACE_BOUND('',#1837,.T.);
#580=FACE_BOUND('',#1838,.T.);
#581=FACE_BOUND('',#1839,.T.);
#582=FACE_BOUND('',#1840,.T.);
#583=FACE_BOUND('',#1841,.T.);
#584=FACE_BOUND('',#1842,.T.);
#585=FACE_BOUND('',#1843,.T.);
#586=FACE_BOUND('',#1844,.T.);
#587=FACE_BOUND('',#1845,.T.);
#588=FACE_BOUND('',#1846,.T.);
#589=FACE_BOUND('',#1847,.T.);
#590=FACE_BOUND('',#1848,.T.);
#591=FACE_BOUND('',#1849,.T.);
#592=FACE_BOUND('',#1850,.T.);
#593=FACE_BOUND('',#1851,.T.);
#594=FACE_BOUND('',#1852,.T.);
#595=FACE_BOUND('',#1853,.T.);
#596=FACE_BOUND('',#1854,.T.);
#597=FACE_BOUND('',#1855,.T.);
#598=FACE_BOUND('',#1856,.T.);
#599=FACE_BOUND('',#1857,.T.);
#600=FACE_BOUND('',#1858,.T.);
#601=FACE_BOUND('',#1859,.T.);
#602=FACE_BOUND('',#1860,.T.);
#603=FACE_BOUND('',#1861,.T.);
#604=FACE_BOUND('',#1862,.T.);
#605=FACE_BOUND('',#1863,.T.);
#606=FACE_BOUND('',#1864,.T.);
#607=FACE_BOUND('',#1865,.T.);
#608=FACE_BOUND('',#1866,.T.);
#609=FACE_BOUND('',#1867,.T.);
#610=FACE_BOUND('',#1868,.T.);
#611=FACE_BOUND('',#1869,.T.);
#612=FACE_BOUND('',#1870,.T.);
#613=FACE_BOUND('',#1871,.T.);
#614=FACE_BOUND('',#1872,.T.);
#615=FACE_BOUND('',#1873,.T.);
#616=FACE_BOUND('',#1874,.T.);
#617=FACE_BOUND('',#1875,.T.);
#618=FACE_BOUND('',#1876,.T.);
#619=FACE_BOUND('',#1877,.T.);
#620=FACE_BOUND('',#1878,.T.);
#621=FACE_BOUND('',#1879,.T.);
#622=FACE_BOUND('',#1880,.T.);
#623=FACE_BOUND('',#1881,.T.);
#624=FACE_BOUND('',#1882,.T.);
#625=FACE_BOUND('',#1883,.T.);
#626=FACE_BOUND('',#1884,.T.);
#627=FACE_BOUND('',#1885,.T.);
#628=FACE_BOUND('',#1886,.T.);
#629=FACE_BOUND('',#1887,.T.);
#630=FACE_BOUND('',#1888,.T.);
#631=PLANE('',#8205);
#632=PLANE('',#8209);
#633=PLANE('',#8213);
#634=PLANE('',#8217);
#635=PLANE('',#8221);
#636=PLANE('',#8222);
#637=FACE_OUTER_BOUND('',#955,.T.);
#638=FACE_OUTER_BOUND('',#956,.T.);
#639=FACE_OUTER_BOUND('',#957,.T.);
#640=FACE_OUTER_BOUND('',#958,.T.);
#641=FACE_OUTER_BOUND('',#959,.T.);
#642=FACE_OUTER_BOUND('',#960,.T.);
#643=FACE_OUTER_BOUND('',#961,.T.);
#644=FACE_OUTER_BOUND('',#962,.T.);
#645=FACE_OUTER_BOUND('',#963,.T.);
#646=FACE_OUTER_BOUND('',#964,.T.);
#647=FACE_OUTER_BOUND('',#965,.T.);
#648=FACE_OUTER_BOUND('',#966,.T.);
#649=FACE_OUTER_BOUND('',#967,.T.);
#650=FACE_OUTER_BOUND('',#968,.T.);
#651=FACE_OUTER_BOUND('',#969,.T.);
#652=FACE_OUTER_BOUND('',#970,.T.);
#653=FACE_OUTER_BOUND('',#971,.T.);
#654=FACE_OUTER_BOUND('',#972,.T.);
#655=FACE_OUTER_BOUND('',#973,.T.);
#656=FACE_OUTER_BOUND('',#974,.T.);
#657=FACE_OUTER_BOUND('',#975,.T.);
#658=FACE_OUTER_BOUND('',#976,.T.);
#659=FACE_OUTER_BOUND('',#977,.T.);
#660=FACE_OUTER_BOUND('',#978,.T.);
#661=FACE_OUTER_BOUND('',#979,.T.);
#662=FACE_OUTER_BOUND('',#980,.T.);
#663=FACE_OUTER_BOUND('',#981,.T.);
#664=FACE_OUTER_BOUND('',#982,.T.);
#665=FACE_OUTER_BOUND('',#983,.T.);
#666=FACE_OUTER_BOUND('',#984,.T.);
#667=FACE_OUTER_BOUND('',#985,.T.);
#668=FACE_OUTER_BOUND('',#986,.T.);
#669=FACE_OUTER_BOUND('',#987,.T.);
#670=FACE_OUTER_BOUND('',#988,.T.);
#671=FACE_OUTER_BOUND('',#989,.T.);
#672=FACE_OUTER_BOUND('',#990,.T.);
#673=FACE_OUTER_BOUND('',#991,.T.);
#674=FACE_OUTER_BOUND('',#992,.T.);
#675=FACE_OUTER_BOUND('',#993,.T.);
#676=FACE_OUTER_BOUND('',#994,.T.);
#677=FACE_OUTER_BOUND('',#995,.T.);
#678=FACE_OUTER_BOUND('',#996,.T.);
#679=FACE_OUTER_BOUND('',#997,.T.);
#680=FACE_OUTER_BOUND('',#998,.T.);
#681=FACE_OUTER_BOUND('',#999,.T.);
#682=FACE_OUTER_BOUND('',#1000,.T.);
#683=FACE_OUTER_BOUND('',#1001,.T.);
#684=FACE_OUTER_BOUND('',#1002,.T.);
#685=FACE_OUTER_BOUND('',#1003,.T.);
#686=FACE_OUTER_BOUND('',#1004,.T.);
#687=FACE_OUTER_BOUND('',#1005,.T.);
#688=FACE_OUTER_BOUND('',#1006,.T.);
#689=FACE_OUTER_BOUND('',#1007,.T.);
#690=FACE_OUTER_BOUND('',#1008,.T.);
#691=FACE_OUTER_BOUND('',#1009,.T.);
#692=FACE_OUTER_BOUND('',#1010,.T.);
#693=FACE_OUTER_BOUND('',#1011,.T.);
#694=FACE_OUTER_BOUND('',#1012,.T.);
#695=FACE_OUTER_BOUND('',#1013,.T.);
#696=FACE_OUTER_BOUND('',#1014,.T.);
#697=FACE_OUTER_BOUND('',#1015,.T.);
#698=FACE_OUTER_BOUND('',#1016,.T.);
#699=FACE_OUTER_BOUND('',#1017,.T.);
#700=FACE_OUTER_BOUND('',#1018,.T.);
#701=FACE_OUTER_BOUND('',#1019,.T.);
#702=FACE_OUTER_BOUND('',#1020,.T.);
#703=FACE_OUTER_BOUND('',#1021,.T.);
#704=FACE_OUTER_BOUND('',#1022,.T.);
#705=FACE_OUTER_BOUND('',#1023,.T.);
#706=FACE_OUTER_BOUND('',#1024,.T.);
#707=FACE_OUTER_BOUND('',#1025,.T.);
#708=FACE_OUTER_BOUND('',#1026,.T.);
#709=FACE_OUTER_BOUND('',#1027,.T.);
#710=FACE_OUTER_BOUND('',#1028,.T.);
#711=FACE_OUTER_BOUND('',#1029,.T.);
#712=FACE_OUTER_BOUND('',#1030,.T.);
#713=FACE_OUTER_BOUND('',#1031,.T.);
#714=FACE_OUTER_BOUND('',#1032,.T.);
#715=FACE_OUTER_BOUND('',#1033,.T.);
#716=FACE_OUTER_BOUND('',#1034,.T.);
#717=FACE_OUTER_BOUND('',#1035,.T.);
#718=FACE_OUTER_BOUND('',#1036,.T.);
#719=FACE_OUTER_BOUND('',#1037,.T.);
#720=FACE_OUTER_BOUND('',#1038,.T.);
#721=FACE_OUTER_BOUND('',#1039,.T.);
#722=FACE_OUTER_BOUND('',#1040,.T.);
#723=FACE_OUTER_BOUND('',#1041,.T.);
#724=FACE_OUTER_BOUND('',#1042,.T.);
#725=FACE_OUTER_BOUND('',#1043,.T.);
#726=FACE_OUTER_BOUND('',#1044,.T.);
#727=FACE_OUTER_BOUND('',#1045,.T.);
#728=FACE_OUTER_BOUND('',#1046,.T.);
#729=FACE_OUTER_BOUND('',#1047,.T.);
#730=FACE_OUTER_BOUND('',#1048,.T.);
#731=FACE_OUTER_BOUND('',#1049,.T.);
#732=FACE_OUTER_BOUND('',#1050,.T.);
#733=FACE_OUTER_BOUND('',#1051,.T.);
#734=FACE_OUTER_BOUND('',#1052,.T.);
#735=FACE_OUTER_BOUND('',#1053,.T.);
#736=FACE_OUTER_BOUND('',#1054,.T.);
#737=FACE_OUTER_BOUND('',#1055,.T.);
#738=FACE_OUTER_BOUND('',#1056,.T.);
#739=FACE_OUTER_BOUND('',#1057,.T.);
#740=FACE_OUTER_BOUND('',#1058,.T.);
#741=FACE_OUTER_BOUND('',#1059,.T.);
#742=FACE_OUTER_BOUND('',#1060,.T.);
#743=FACE_OUTER_BOUND('',#1061,.T.);
#744=FACE_OUTER_BOUND('',#1062,.T.);
#745=FACE_OUTER_BOUND('',#1063,.T.);
#746=FACE_OUTER_BOUND('',#1064,.T.);
#747=FACE_OUTER_BOUND('',#1065,.T.);
#748=FACE_OUTER_BOUND('',#1066,.T.);
#749=FACE_OUTER_BOUND('',#1067,.T.);
#750=FACE_OUTER_BOUND('',#1068,.T.);
#751=FACE_OUTER_BOUND('',#1069,.T.);
#752=FACE_OUTER_BOUND('',#1070,.T.);
#753=FACE_OUTER_BOUND('',#1071,.T.);
#754=FACE_OUTER_BOUND('',#1072,.T.);
#755=FACE_OUTER_BOUND('',#1073,.T.);
#756=FACE_OUTER_BOUND('',#1074,.T.);
#757=FACE_OUTER_BOUND('',#1075,.T.);
#758=FACE_OUTER_BOUND('',#1076,.T.);
#759=FACE_OUTER_BOUND('',#1077,.T.);
#760=FACE_OUTER_BOUND('',#1078,.T.);
#761=FACE_OUTER_BOUND('',#1079,.T.);
#762=FACE_OUTER_BOUND('',#1080,.T.);
#763=FACE_OUTER_BOUND('',#1081,.T.);
#764=FACE_OUTER_BOUND('',#1082,.T.);
#765=FACE_OUTER_BOUND('',#1083,.T.);
#766=FACE_OUTER_BOUND('',#1084,.T.);
#767=FACE_OUTER_BOUND('',#1085,.T.);
#768=FACE_OUTER_BOUND('',#1086,.T.);
#769=FACE_OUTER_BOUND('',#1087,.T.);
#770=FACE_OUTER_BOUND('',#1088,.T.);
#771=FACE_OUTER_BOUND('',#1089,.T.);
#772=FACE_OUTER_BOUND('',#1090,.T.);
#773=FACE_OUTER_BOUND('',#1091,.T.);
#774=FACE_OUTER_BOUND('',#1092,.T.);
#775=FACE_OUTER_BOUND('',#1093,.T.);
#776=FACE_OUTER_BOUND('',#1094,.T.);
#777=FACE_OUTER_BOUND('',#1095,.T.);
#778=FACE_OUTER_BOUND('',#1096,.T.);
#779=FACE_OUTER_BOUND('',#1097,.T.);
#780=FACE_OUTER_BOUND('',#1098,.T.);
#781=FACE_OUTER_BOUND('',#1099,.T.);
#782=FACE_OUTER_BOUND('',#1100,.T.);
#783=FACE_OUTER_BOUND('',#1101,.T.);
#784=FACE_OUTER_BOUND('',#1102,.T.);
#785=FACE_OUTER_BOUND('',#1103,.T.);
#786=FACE_OUTER_BOUND('',#1104,.T.);
#787=FACE_OUTER_BOUND('',#1105,.T.);
#788=FACE_OUTER_BOUND('',#1106,.T.);
#789=FACE_OUTER_BOUND('',#1107,.T.);
#790=FACE_OUTER_BOUND('',#1108,.T.);
#791=FACE_OUTER_BOUND('',#1109,.T.);
#792=FACE_OUTER_BOUND('',#1110,.T.);
#793=FACE_OUTER_BOUND('',#1111,.T.);
#794=FACE_OUTER_BOUND('',#1112,.T.);
#795=FACE_OUTER_BOUND('',#1113,.T.);
#796=FACE_OUTER_BOUND('',#1114,.T.);
#797=FACE_OUTER_BOUND('',#1115,.T.);
#798=FACE_OUTER_BOUND('',#1116,.T.);
#799=FACE_OUTER_BOUND('',#1117,.T.);
#800=FACE_OUTER_BOUND('',#1118,.T.);
#801=FACE_OUTER_BOUND('',#1119,.T.);
#802=FACE_OUTER_BOUND('',#1120,.T.);
#803=FACE_OUTER_BOUND('',#1121,.T.);
#804=FACE_OUTER_BOUND('',#1122,.T.);
#805=FACE_OUTER_BOUND('',#1123,.T.);
#806=FACE_OUTER_BOUND('',#1124,.T.);
#807=FACE_OUTER_BOUND('',#1125,.T.);
#808=FACE_OUTER_BOUND('',#1126,.T.);
#809=FACE_OUTER_BOUND('',#1127,.T.);
#810=FACE_OUTER_BOUND('',#1128,.T.);
#811=FACE_OUTER_BOUND('',#1129,.T.);
#812=FACE_OUTER_BOUND('',#1130,.T.);
#813=FACE_OUTER_BOUND('',#1131,.T.);
#814=FACE_OUTER_BOUND('',#1132,.T.);
#815=FACE_OUTER_BOUND('',#1133,.T.);
#816=FACE_OUTER_BOUND('',#1134,.T.);
#817=FACE_OUTER_BOUND('',#1135,.T.);
#818=FACE_OUTER_BOUND('',#1136,.T.);
#819=FACE_OUTER_BOUND('',#1137,.T.);
#820=FACE_OUTER_BOUND('',#1138,.T.);
#821=FACE_OUTER_BOUND('',#1139,.T.);
#822=FACE_OUTER_BOUND('',#1140,.T.);
#823=FACE_OUTER_BOUND('',#1141,.T.);
#824=FACE_OUTER_BOUND('',#1142,.T.);
#825=FACE_OUTER_BOUND('',#1143,.T.);
#826=FACE_OUTER_BOUND('',#1144,.T.);
#827=FACE_OUTER_BOUND('',#1145,.T.);
#828=FACE_OUTER_BOUND('',#1146,.T.);
#829=FACE_OUTER_BOUND('',#1147,.T.);
#830=FACE_OUTER_BOUND('',#1148,.T.);
#831=FACE_OUTER_BOUND('',#1149,.T.);
#832=FACE_OUTER_BOUND('',#1150,.T.);
#833=FACE_OUTER_BOUND('',#1151,.T.);
#834=FACE_OUTER_BOUND('',#1152,.T.);
#835=FACE_OUTER_BOUND('',#1153,.T.);
#836=FACE_OUTER_BOUND('',#1154,.T.);
#837=FACE_OUTER_BOUND('',#1155,.T.);
#838=FACE_OUTER_BOUND('',#1156,.T.);
#839=FACE_OUTER_BOUND('',#1157,.T.);
#840=FACE_OUTER_BOUND('',#1158,.T.);
#841=FACE_OUTER_BOUND('',#1159,.T.);
#842=FACE_OUTER_BOUND('',#1160,.T.);
#843=FACE_OUTER_BOUND('',#1161,.T.);
#844=FACE_OUTER_BOUND('',#1162,.T.);
#845=FACE_OUTER_BOUND('',#1163,.T.);
#846=FACE_OUTER_BOUND('',#1164,.T.);
#847=FACE_OUTER_BOUND('',#1165,.T.);
#848=FACE_OUTER_BOUND('',#1166,.T.);
#849=FACE_OUTER_BOUND('',#1167,.T.);
#850=FACE_OUTER_BOUND('',#1168,.T.);
#851=FACE_OUTER_BOUND('',#1169,.T.);
#852=FACE_OUTER_BOUND('',#1170,.T.);
#853=FACE_OUTER_BOUND('',#1171,.T.);
#854=FACE_OUTER_BOUND('',#1172,.T.);
#855=FACE_OUTER_BOUND('',#1173,.T.);
#856=FACE_OUTER_BOUND('',#1174,.T.);
#857=FACE_OUTER_BOUND('',#1175,.T.);
#858=FACE_OUTER_BOUND('',#1176,.T.);
#859=FACE_OUTER_BOUND('',#1177,.T.);
#860=FACE_OUTER_BOUND('',#1178,.T.);
#861=FACE_OUTER_BOUND('',#1179,.T.);
#862=FACE_OUTER_BOUND('',#1180,.T.);
#863=FACE_OUTER_BOUND('',#1181,.T.);
#864=FACE_OUTER_BOUND('',#1182,.T.);
#865=FACE_OUTER_BOUND('',#1183,.T.);
#866=FACE_OUTER_BOUND('',#1184,.T.);
#867=FACE_OUTER_BOUND('',#1185,.T.);
#868=FACE_OUTER_BOUND('',#1186,.T.);
#869=FACE_OUTER_BOUND('',#1187,.T.);
#870=FACE_OUTER_BOUND('',#1188,.T.);
#871=FACE_OUTER_BOUND('',#1189,.T.);
#872=FACE_OUTER_BOUND('',#1190,.T.);
#873=FACE_OUTER_BOUND('',#1191,.T.);
#874=FACE_OUTER_BOUND('',#1192,.T.);
#875=FACE_OUTER_BOUND('',#1193,.T.);
#876=FACE_OUTER_BOUND('',#1194,.T.);
#877=FACE_OUTER_BOUND('',#1195,.T.);
#878=FACE_OUTER_BOUND('',#1196,.T.);
#879=FACE_OUTER_BOUND('',#1197,.T.);
#880=FACE_OUTER_BOUND('',#1198,.T.);
#881=FACE_OUTER_BOUND('',#1199,.T.);
#882=FACE_OUTER_BOUND('',#1200,.T.);
#883=FACE_OUTER_BOUND('',#1201,.T.);
#884=FACE_OUTER_BOUND('',#1202,.T.);
#885=FACE_OUTER_BOUND('',#1203,.T.);
#886=FACE_OUTER_BOUND('',#1204,.T.);
#887=FACE_OUTER_BOUND('',#1205,.T.);
#888=FACE_OUTER_BOUND('',#1206,.T.);
#889=FACE_OUTER_BOUND('',#1207,.T.);
#890=FACE_OUTER_BOUND('',#1208,.T.);
#891=FACE_OUTER_BOUND('',#1209,.T.);
#892=FACE_OUTER_BOUND('',#1210,.T.);
#893=FACE_OUTER_BOUND('',#1211,.T.);
#894=FACE_OUTER_BOUND('',#1212,.T.);
#895=FACE_OUTER_BOUND('',#1213,.T.);
#896=FACE_OUTER_BOUND('',#1214,.T.);
#897=FACE_OUTER_BOUND('',#1215,.T.);
#898=FACE_OUTER_BOUND('',#1216,.T.);
#899=FACE_OUTER_BOUND('',#1217,.T.);
#900=FACE_OUTER_BOUND('',#1218,.T.);
#901=FACE_OUTER_BOUND('',#1219,.T.);
#902=FACE_OUTER_BOUND('',#1220,.T.);
#903=FACE_OUTER_BOUND('',#1221,.T.);
#904=FACE_OUTER_BOUND('',#1222,.T.);
#905=FACE_OUTER_BOUND('',#1223,.T.);
#906=FACE_OUTER_BOUND('',#1224,.T.);
#907=FACE_OUTER_BOUND('',#1225,.T.);
#908=FACE_OUTER_BOUND('',#1226,.T.);
#909=FACE_OUTER_BOUND('',#1227,.T.);
#910=FACE_OUTER_BOUND('',#1228,.T.);
#911=FACE_OUTER_BOUND('',#1229,.T.);
#912=FACE_OUTER_BOUND('',#1230,.T.);
#913=FACE_OUTER_BOUND('',#1231,.T.);
#914=FACE_OUTER_BOUND('',#1232,.T.);
#915=FACE_OUTER_BOUND('',#1233,.T.);
#916=FACE_OUTER_BOUND('',#1234,.T.);
#917=FACE_OUTER_BOUND('',#1235,.T.);
#918=FACE_OUTER_BOUND('',#1236,.T.);
#919=FACE_OUTER_BOUND('',#1237,.T.);
#920=FACE_OUTER_BOUND('',#1238,.T.);
#921=FACE_OUTER_BOUND('',#1239,.T.);
#922=FACE_OUTER_BOUND('',#1240,.T.);
#923=FACE_OUTER_BOUND('',#1241,.T.);
#924=FACE_OUTER_BOUND('',#1242,.T.);
#925=FACE_OUTER_BOUND('',#1243,.T.);
#926=FACE_OUTER_BOUND('',#1244,.T.);
#927=FACE_OUTER_BOUND('',#1245,.T.);
#928=FACE_OUTER_BOUND('',#1246,.T.);
#929=FACE_OUTER_BOUND('',#1247,.T.);
#930=FACE_OUTER_BOUND('',#1248,.T.);
#931=FACE_OUTER_BOUND('',#1249,.T.);
#932=FACE_OUTER_BOUND('',#1250,.T.);
#933=FACE_OUTER_BOUND('',#1251,.T.);
#934=FACE_OUTER_BOUND('',#1252,.T.);
#935=FACE_OUTER_BOUND('',#1253,.T.);
#936=FACE_OUTER_BOUND('',#1254,.T.);
#937=FACE_OUTER_BOUND('',#1255,.T.);
#938=FACE_OUTER_BOUND('',#1256,.T.);
#939=FACE_OUTER_BOUND('',#1257,.T.);
#940=FACE_OUTER_BOUND('',#1258,.T.);
#941=FACE_OUTER_BOUND('',#1259,.T.);
#942=FACE_OUTER_BOUND('',#1260,.T.);
#943=FACE_OUTER_BOUND('',#1261,.T.);
#944=FACE_OUTER_BOUND('',#1262,.T.);
#945=FACE_OUTER_BOUND('',#1263,.T.);
#946=FACE_OUTER_BOUND('',#1264,.T.);
#947=FACE_OUTER_BOUND('',#1265,.T.);
#948=FACE_OUTER_BOUND('',#1266,.T.);
#949=FACE_OUTER_BOUND('',#1267,.T.);
#950=FACE_OUTER_BOUND('',#1268,.T.);
#951=FACE_OUTER_BOUND('',#1269,.T.);
#952=FACE_OUTER_BOUND('',#1270,.T.);
#953=FACE_OUTER_BOUND('',#1271,.T.);
#954=FACE_OUTER_BOUND('',#1580,.T.);
#955=EDGE_LOOP('',(#4741,#4742,#4743,#4744));
#956=EDGE_LOOP('',(#4745,#4746,#4747,#4748));
#957=EDGE_LOOP('',(#4749,#4750,#4751,#4752));
#958=EDGE_LOOP('',(#4753,#4754,#4755,#4756));
#959=EDGE_LOOP('',(#4757,#4758,#4759,#4760));
#960=EDGE_LOOP('',(#4761,#4762,#4763,#4764));
#961=EDGE_LOOP('',(#4765,#4766,#4767,#4768));
#962=EDGE_LOOP('',(#4769,#4770,#4771,#4772));
#963=EDGE_LOOP('',(#4773,#4774,#4775,#4776));
#964=EDGE_LOOP('',(#4777,#4778,#4779,#4780));
#965=EDGE_LOOP('',(#4781,#4782,#4783,#4784));
#966=EDGE_LOOP('',(#4785,#4786,#4787,#4788));
#967=EDGE_LOOP('',(#4789,#4790,#4791,#4792));
#968=EDGE_LOOP('',(#4793,#4794,#4795,#4796));
#969=EDGE_LOOP('',(#4797,#4798,#4799,#4800));
#970=EDGE_LOOP('',(#4801,#4802,#4803,#4804));
#971=EDGE_LOOP('',(#4805,#4806,#4807,#4808));
#972=EDGE_LOOP('',(#4809,#4810,#4811,#4812));
#973=EDGE_LOOP('',(#4813,#4814,#4815,#4816));
#974=EDGE_LOOP('',(#4817,#4818,#4819,#4820));
#975=EDGE_LOOP('',(#4821,#4822,#4823,#4824));
#976=EDGE_LOOP('',(#4825,#4826,#4827,#4828));
#977=EDGE_LOOP('',(#4829,#4830,#4831,#4832));
#978=EDGE_LOOP('',(#4833,#4834,#4835,#4836));
#979=EDGE_LOOP('',(#4837,#4838,#4839,#4840));
#980=EDGE_LOOP('',(#4841,#4842,#4843,#4844));
#981=EDGE_LOOP('',(#4845,#4846,#4847,#4848));
#982=EDGE_LOOP('',(#4849,#4850,#4851,#4852));
#983=EDGE_LOOP('',(#4853,#4854,#4855,#4856));
#984=EDGE_LOOP('',(#4857,#4858,#4859,#4860));
#985=EDGE_LOOP('',(#4861,#4862,#4863,#4864));
#986=EDGE_LOOP('',(#4865,#4866,#4867,#4868));
#987=EDGE_LOOP('',(#4869,#4870,#4871,#4872));
#988=EDGE_LOOP('',(#4873,#4874,#4875,#4876));
#989=EDGE_LOOP('',(#4877,#4878,#4879,#4880));
#990=EDGE_LOOP('',(#4881,#4882,#4883,#4884));
#991=EDGE_LOOP('',(#4885,#4886,#4887,#4888));
#992=EDGE_LOOP('',(#4889,#4890,#4891,#4892));
#993=EDGE_LOOP('',(#4893,#4894,#4895,#4896));
#994=EDGE_LOOP('',(#4897,#4898,#4899,#4900));
#995=EDGE_LOOP('',(#4901,#4902,#4903,#4904));
#996=EDGE_LOOP('',(#4905,#4906,#4907,#4908));
#997=EDGE_LOOP('',(#4909,#4910,#4911,#4912));
#998=EDGE_LOOP('',(#4913,#4914,#4915,#4916));
#999=EDGE_LOOP('',(#4917,#4918,#4919,#4920));
#1000=EDGE_LOOP('',(#4921,#4922,#4923,#4924));
#1001=EDGE_LOOP('',(#4925,#4926,#4927,#4928));
#1002=EDGE_LOOP('',(#4929,#4930,#4931,#4932));
#1003=EDGE_LOOP('',(#4933,#4934,#4935,#4936));
#1004=EDGE_LOOP('',(#4937,#4938,#4939,#4940));
#1005=EDGE_LOOP('',(#4941,#4942,#4943,#4944));
#1006=EDGE_LOOP('',(#4945,#4946,#4947,#4948));
#1007=EDGE_LOOP('',(#4949,#4950,#4951,#4952));
#1008=EDGE_LOOP('',(#4953,#4954,#4955,#4956));
#1009=EDGE_LOOP('',(#4957,#4958,#4959,#4960));
#1010=EDGE_LOOP('',(#4961,#4962,#4963,#4964));
#1011=EDGE_LOOP('',(#4965,#4966,#4967,#4968));
#1012=EDGE_LOOP('',(#4969,#4970,#4971,#4972));
#1013=EDGE_LOOP('',(#4973,#4974,#4975,#4976));
#1014=EDGE_LOOP('',(#4977,#4978,#4979,#4980));
#1015=EDGE_LOOP('',(#4981,#4982,#4983,#4984));
#1016=EDGE_LOOP('',(#4985,#4986,#4987,#4988));
#1017=EDGE_LOOP('',(#4989,#4990,#4991,#4992));
#1018=EDGE_LOOP('',(#4993,#4994,#4995,#4996));
#1019=EDGE_LOOP('',(#4997,#4998,#4999,#5000));
#1020=EDGE_LOOP('',(#5001,#5002,#5003,#5004));
#1021=EDGE_LOOP('',(#5005,#5006,#5007,#5008));
#1022=EDGE_LOOP('',(#5009,#5010,#5011,#5012));
#1023=EDGE_LOOP('',(#5013,#5014,#5015,#5016));
#1024=EDGE_LOOP('',(#5017,#5018,#5019,#5020));
#1025=EDGE_LOOP('',(#5021,#5022,#5023,#5024));
#1026=EDGE_LOOP('',(#5025,#5026,#5027,#5028));
#1027=EDGE_LOOP('',(#5029,#5030,#5031,#5032));
#1028=EDGE_LOOP('',(#5033,#5034,#5035,#5036));
#1029=EDGE_LOOP('',(#5037,#5038,#5039,#5040));
#1030=EDGE_LOOP('',(#5041,#5042,#5043,#5044));
#1031=EDGE_LOOP('',(#5045,#5046,#5047,#5048));
#1032=EDGE_LOOP('',(#5049,#5050,#5051,#5052));
#1033=EDGE_LOOP('',(#5053,#5054,#5055,#5056));
#1034=EDGE_LOOP('',(#5057,#5058,#5059,#5060));
#1035=EDGE_LOOP('',(#5061,#5062,#5063,#5064));
#1036=EDGE_LOOP('',(#5065,#5066,#5067,#5068));
#1037=EDGE_LOOP('',(#5069,#5070,#5071,#5072));
#1038=EDGE_LOOP('',(#5073,#5074,#5075,#5076));
#1039=EDGE_LOOP('',(#5077,#5078,#5079,#5080));
#1040=EDGE_LOOP('',(#5081,#5082,#5083,#5084));
#1041=EDGE_LOOP('',(#5085,#5086,#5087,#5088));
#1042=EDGE_LOOP('',(#5089,#5090,#5091,#5092));
#1043=EDGE_LOOP('',(#5093,#5094,#5095,#5096));
#1044=EDGE_LOOP('',(#5097,#5098,#5099,#5100));
#1045=EDGE_LOOP('',(#5101,#5102,#5103,#5104));
#1046=EDGE_LOOP('',(#5105,#5106,#5107,#5108));
#1047=EDGE_LOOP('',(#5109,#5110,#5111,#5112));
#1048=EDGE_LOOP('',(#5113,#5114,#5115,#5116));
#1049=EDGE_LOOP('',(#5117,#5118,#5119,#5120));
#1050=EDGE_LOOP('',(#5121,#5122,#5123,#5124));
#1051=EDGE_LOOP('',(#5125,#5126,#5127,#5128));
#1052=EDGE_LOOP('',(#5129,#5130,#5131,#5132));
#1053=EDGE_LOOP('',(#5133,#5134,#5135,#5136));
#1054=EDGE_LOOP('',(#5137,#5138,#5139,#5140));
#1055=EDGE_LOOP('',(#5141,#5142,#5143,#5144));
#1056=EDGE_LOOP('',(#5145,#5146,#5147,#5148));
#1057=EDGE_LOOP('',(#5149,#5150,#5151,#5152));
#1058=EDGE_LOOP('',(#5153,#5154,#5155,#5156));
#1059=EDGE_LOOP('',(#5157,#5158,#5159,#5160));
#1060=EDGE_LOOP('',(#5161,#5162,#5163,#5164));
#1061=EDGE_LOOP('',(#5165,#5166,#5167,#5168));
#1062=EDGE_LOOP('',(#5169,#5170,#5171,#5172));
#1063=EDGE_LOOP('',(#5173,#5174,#5175,#5176));
#1064=EDGE_LOOP('',(#5177,#5178,#5179,#5180));
#1065=EDGE_LOOP('',(#5181,#5182,#5183,#5184));
#1066=EDGE_LOOP('',(#5185,#5186,#5187,#5188));
#1067=EDGE_LOOP('',(#5189,#5190,#5191,#5192));
#1068=EDGE_LOOP('',(#5193,#5194,#5195,#5196));
#1069=EDGE_LOOP('',(#5197,#5198,#5199,#5200));
#1070=EDGE_LOOP('',(#5201,#5202,#5203,#5204));
#1071=EDGE_LOOP('',(#5205,#5206,#5207,#5208));
#1072=EDGE_LOOP('',(#5209,#5210,#5211,#5212));
#1073=EDGE_LOOP('',(#5213,#5214,#5215,#5216));
#1074=EDGE_LOOP('',(#5217,#5218,#5219,#5220));
#1075=EDGE_LOOP('',(#5221,#5222,#5223,#5224));
#1076=EDGE_LOOP('',(#5225,#5226,#5227,#5228));
#1077=EDGE_LOOP('',(#5229,#5230,#5231,#5232));
#1078=EDGE_LOOP('',(#5233,#5234,#5235,#5236));
#1079=EDGE_LOOP('',(#5237,#5238,#5239,#5240));
#1080=EDGE_LOOP('',(#5241,#5242,#5243,#5244));
#1081=EDGE_LOOP('',(#5245,#5246,#5247,#5248));
#1082=EDGE_LOOP('',(#5249,#5250,#5251,#5252));
#1083=EDGE_LOOP('',(#5253,#5254,#5255,#5256));
#1084=EDGE_LOOP('',(#5257,#5258,#5259,#5260));
#1085=EDGE_LOOP('',(#5261,#5262,#5263,#5264));
#1086=EDGE_LOOP('',(#5265,#5266,#5267,#5268));
#1087=EDGE_LOOP('',(#5269,#5270,#5271,#5272));
#1088=EDGE_LOOP('',(#5273,#5274,#5275,#5276));
#1089=EDGE_LOOP('',(#5277,#5278,#5279,#5280));
#1090=EDGE_LOOP('',(#5281,#5282,#5283,#5284));
#1091=EDGE_LOOP('',(#5285,#5286,#5287,#5288));
#1092=EDGE_LOOP('',(#5289,#5290,#5291,#5292));
#1093=EDGE_LOOP('',(#5293,#5294,#5295,#5296));
#1094=EDGE_LOOP('',(#5297,#5298,#5299,#5300));
#1095=EDGE_LOOP('',(#5301,#5302,#5303,#5304));
#1096=EDGE_LOOP('',(#5305,#5306,#5307,#5308));
#1097=EDGE_LOOP('',(#5309,#5310,#5311,#5312));
#1098=EDGE_LOOP('',(#5313,#5314,#5315,#5316));
#1099=EDGE_LOOP('',(#5317,#5318,#5319,#5320));
#1100=EDGE_LOOP('',(#5321,#5322,#5323,#5324));
#1101=EDGE_LOOP('',(#5325,#5326,#5327,#5328));
#1102=EDGE_LOOP('',(#5329,#5330,#5331,#5332));
#1103=EDGE_LOOP('',(#5333,#5334,#5335,#5336));
#1104=EDGE_LOOP('',(#5337,#5338,#5339,#5340));
#1105=EDGE_LOOP('',(#5341,#5342,#5343,#5344));
#1106=EDGE_LOOP('',(#5345,#5346,#5347,#5348));
#1107=EDGE_LOOP('',(#5349,#5350,#5351,#5352));
#1108=EDGE_LOOP('',(#5353,#5354,#5355,#5356));
#1109=EDGE_LOOP('',(#5357,#5358,#5359,#5360));
#1110=EDGE_LOOP('',(#5361,#5362,#5363,#5364));
#1111=EDGE_LOOP('',(#5365,#5366,#5367,#5368));
#1112=EDGE_LOOP('',(#5369,#5370,#5371,#5372));
#1113=EDGE_LOOP('',(#5373,#5374,#5375,#5376));
#1114=EDGE_LOOP('',(#5377,#5378,#5379,#5380));
#1115=EDGE_LOOP('',(#5381,#5382,#5383,#5384));
#1116=EDGE_LOOP('',(#5385,#5386,#5387,#5388));
#1117=EDGE_LOOP('',(#5389,#5390,#5391,#5392));
#1118=EDGE_LOOP('',(#5393,#5394,#5395,#5396));
#1119=EDGE_LOOP('',(#5397,#5398,#5399,#5400));
#1120=EDGE_LOOP('',(#5401,#5402,#5403,#5404));
#1121=EDGE_LOOP('',(#5405,#5406,#5407,#5408));
#1122=EDGE_LOOP('',(#5409,#5410,#5411,#5412));
#1123=EDGE_LOOP('',(#5413,#5414,#5415,#5416));
#1124=EDGE_LOOP('',(#5417,#5418,#5419,#5420));
#1125=EDGE_LOOP('',(#5421,#5422,#5423,#5424));
#1126=EDGE_LOOP('',(#5425,#5426,#5427,#5428));
#1127=EDGE_LOOP('',(#5429,#5430,#5431,#5432));
#1128=EDGE_LOOP('',(#5433,#5434,#5435,#5436));
#1129=EDGE_LOOP('',(#5437,#5438,#5439,#5440));
#1130=EDGE_LOOP('',(#5441,#5442,#5443,#5444));
#1131=EDGE_LOOP('',(#5445,#5446,#5447,#5448));
#1132=EDGE_LOOP('',(#5449,#5450,#5451,#5452));
#1133=EDGE_LOOP('',(#5453,#5454,#5455,#5456));
#1134=EDGE_LOOP('',(#5457,#5458,#5459,#5460));
#1135=EDGE_LOOP('',(#5461,#5462,#5463,#5464));
#1136=EDGE_LOOP('',(#5465,#5466,#5467,#5468));
#1137=EDGE_LOOP('',(#5469,#5470,#5471,#5472));
#1138=EDGE_LOOP('',(#5473,#5474,#5475,#5476));
#1139=EDGE_LOOP('',(#5477,#5478,#5479,#5480));
#1140=EDGE_LOOP('',(#5481,#5482,#5483,#5484));
#1141=EDGE_LOOP('',(#5485,#5486,#5487,#5488));
#1142=EDGE_LOOP('',(#5489,#5490,#5491,#5492));
#1143=EDGE_LOOP('',(#5493,#5494,#5495,#5496));
#1144=EDGE_LOOP('',(#5497,#5498,#5499,#5500));
#1145=EDGE_LOOP('',(#5501,#5502,#5503,#5504));
#1146=EDGE_LOOP('',(#5505,#5506,#5507,#5508));
#1147=EDGE_LOOP('',(#5509,#5510,#5511,#5512));
#1148=EDGE_LOOP('',(#5513,#5514,#5515,#5516));
#1149=EDGE_LOOP('',(#5517,#5518,#5519,#5520));
#1150=EDGE_LOOP('',(#5521,#5522,#5523,#5524));
#1151=EDGE_LOOP('',(#5525,#5526,#5527,#5528));
#1152=EDGE_LOOP('',(#5529,#5530,#5531,#5532));
#1153=EDGE_LOOP('',(#5533,#5534,#5535,#5536));
#1154=EDGE_LOOP('',(#5537,#5538,#5539,#5540));
#1155=EDGE_LOOP('',(#5541,#5542,#5543,#5544));
#1156=EDGE_LOOP('',(#5545,#5546,#5547,#5548));
#1157=EDGE_LOOP('',(#5549,#5550,#5551,#5552));
#1158=EDGE_LOOP('',(#5553,#5554,#5555,#5556));
#1159=EDGE_LOOP('',(#5557,#5558,#5559,#5560));
#1160=EDGE_LOOP('',(#5561,#5562,#5563,#5564));
#1161=EDGE_LOOP('',(#5565,#5566,#5567,#5568));
#1162=EDGE_LOOP('',(#5569,#5570,#5571,#5572));
#1163=EDGE_LOOP('',(#5573,#5574,#5575,#5576));
#1164=EDGE_LOOP('',(#5577,#5578,#5579,#5580));
#1165=EDGE_LOOP('',(#5581,#5582,#5583,#5584));
#1166=EDGE_LOOP('',(#5585,#5586,#5587,#5588));
#1167=EDGE_LOOP('',(#5589,#5590,#5591,#5592));
#1168=EDGE_LOOP('',(#5593,#5594,#5595,#5596));
#1169=EDGE_LOOP('',(#5597,#5598,#5599,#5600));
#1170=EDGE_LOOP('',(#5601,#5602,#5603,#5604));
#1171=EDGE_LOOP('',(#5605,#5606,#5607,#5608));
#1172=EDGE_LOOP('',(#5609,#5610,#5611,#5612));
#1173=EDGE_LOOP('',(#5613,#5614,#5615,#5616));
#1174=EDGE_LOOP('',(#5617,#5618,#5619,#5620));
#1175=EDGE_LOOP('',(#5621,#5622,#5623,#5624));
#1176=EDGE_LOOP('',(#5625,#5626,#5627,#5628));
#1177=EDGE_LOOP('',(#5629,#5630,#5631,#5632));
#1178=EDGE_LOOP('',(#5633,#5634,#5635,#5636));
#1179=EDGE_LOOP('',(#5637,#5638,#5639,#5640));
#1180=EDGE_LOOP('',(#5641,#5642,#5643,#5644));
#1181=EDGE_LOOP('',(#5645,#5646,#5647,#5648));
#1182=EDGE_LOOP('',(#5649,#5650,#5651,#5652));
#1183=EDGE_LOOP('',(#5653,#5654,#5655,#5656));
#1184=EDGE_LOOP('',(#5657,#5658,#5659,#5660));
#1185=EDGE_LOOP('',(#5661,#5662,#5663,#5664));
#1186=EDGE_LOOP('',(#5665,#5666,#5667,#5668));
#1187=EDGE_LOOP('',(#5669,#5670,#5671,#5672));
#1188=EDGE_LOOP('',(#5673,#5674,#5675,#5676));
#1189=EDGE_LOOP('',(#5677,#5678,#5679,#5680));
#1190=EDGE_LOOP('',(#5681,#5682,#5683,#5684));
#1191=EDGE_LOOP('',(#5685,#5686,#5687,#5688));
#1192=EDGE_LOOP('',(#5689,#5690,#5691,#5692));
#1193=EDGE_LOOP('',(#5693,#5694,#5695,#5696));
#1194=EDGE_LOOP('',(#5697,#5698,#5699,#5700));
#1195=EDGE_LOOP('',(#5701,#5702,#5703,#5704));
#1196=EDGE_LOOP('',(#5705,#5706,#5707,#5708));
#1197=EDGE_LOOP('',(#5709,#5710,#5711,#5712));
#1198=EDGE_LOOP('',(#5713,#5714,#5715,#5716));
#1199=EDGE_LOOP('',(#5717,#5718,#5719,#5720));
#1200=EDGE_LOOP('',(#5721,#5722,#5723,#5724));
#1201=EDGE_LOOP('',(#5725,#5726,#5727,#5728));
#1202=EDGE_LOOP('',(#5729,#5730,#5731,#5732));
#1203=EDGE_LOOP('',(#5733,#5734,#5735,#5736));
#1204=EDGE_LOOP('',(#5737,#5738,#5739,#5740));
#1205=EDGE_LOOP('',(#5741,#5742,#5743,#5744));
#1206=EDGE_LOOP('',(#5745,#5746,#5747,#5748));
#1207=EDGE_LOOP('',(#5749,#5750,#5751,#5752));
#1208=EDGE_LOOP('',(#5753,#5754,#5755,#5756));
#1209=EDGE_LOOP('',(#5757,#5758,#5759,#5760));
#1210=EDGE_LOOP('',(#5761,#5762,#5763,#5764));
#1211=EDGE_LOOP('',(#5765,#5766,#5767,#5768));
#1212=EDGE_LOOP('',(#5769,#5770,#5771,#5772));
#1213=EDGE_LOOP('',(#5773,#5774,#5775,#5776));
#1214=EDGE_LOOP('',(#5777,#5778,#5779,#5780));
#1215=EDGE_LOOP('',(#5781,#5782,#5783,#5784));
#1216=EDGE_LOOP('',(#5785,#5786,#5787,#5788));
#1217=EDGE_LOOP('',(#5789,#5790,#5791,#5792));
#1218=EDGE_LOOP('',(#5793,#5794,#5795,#5796));
#1219=EDGE_LOOP('',(#5797,#5798,#5799,#5800));
#1220=EDGE_LOOP('',(#5801,#5802,#5803,#5804));
#1221=EDGE_LOOP('',(#5805,#5806,#5807,#5808));
#1222=EDGE_LOOP('',(#5809,#5810,#5811,#5812));
#1223=EDGE_LOOP('',(#5813,#5814,#5815,#5816));
#1224=EDGE_LOOP('',(#5817,#5818,#5819,#5820));
#1225=EDGE_LOOP('',(#5821,#5822,#5823,#5824));
#1226=EDGE_LOOP('',(#5825,#5826,#5827,#5828));
#1227=EDGE_LOOP('',(#5829,#5830,#5831,#5832));
#1228=EDGE_LOOP('',(#5833,#5834,#5835,#5836));
#1229=EDGE_LOOP('',(#5837,#5838,#5839,#5840));
#1230=EDGE_LOOP('',(#5841,#5842,#5843,#5844));
#1231=EDGE_LOOP('',(#5845,#5846,#5847,#5848));
#1232=EDGE_LOOP('',(#5849,#5850,#5851,#5852));
#1233=EDGE_LOOP('',(#5853,#5854,#5855,#5856));
#1234=EDGE_LOOP('',(#5857,#5858,#5859,#5860));
#1235=EDGE_LOOP('',(#5861,#5862,#5863,#5864));
#1236=EDGE_LOOP('',(#5865,#5866,#5867,#5868));
#1237=EDGE_LOOP('',(#5869,#5870,#5871,#5872));
#1238=EDGE_LOOP('',(#5873,#5874,#5875,#5876));
#1239=EDGE_LOOP('',(#5877,#5878,#5879,#5880));
#1240=EDGE_LOOP('',(#5881,#5882,#5883,#5884));
#1241=EDGE_LOOP('',(#5885,#5886,#5887,#5888));
#1242=EDGE_LOOP('',(#5889,#5890,#5891,#5892));
#1243=EDGE_LOOP('',(#5893,#5894,#5895,#5896));
#1244=EDGE_LOOP('',(#5897,#5898,#5899,#5900));
#1245=EDGE_LOOP('',(#5901,#5902,#5903,#5904));
#1246=EDGE_LOOP('',(#5905,#5906,#5907,#5908));
#1247=EDGE_LOOP('',(#5909,#5910,#5911,#5912));
#1248=EDGE_LOOP('',(#5913,#5914,#5915,#5916));
#1249=EDGE_LOOP('',(#5917,#5918,#5919,#5920));
#1250=EDGE_LOOP('',(#5921,#5922,#5923,#5924));
#1251=EDGE_LOOP('',(#5925,#5926,#5927,#5928));
#1252=EDGE_LOOP('',(#5929,#5930,#5931,#5932));
#1253=EDGE_LOOP('',(#5933,#5934,#5935,#5936));
#1254=EDGE_LOOP('',(#5937,#5938,#5939,#5940));
#1255=EDGE_LOOP('',(#5941,#5942,#5943,#5944));
#1256=EDGE_LOOP('',(#5945,#5946,#5947,#5948));
#1257=EDGE_LOOP('',(#5949,#5950,#5951,#5952));
#1258=EDGE_LOOP('',(#5953,#5954,#5955,#5956));
#1259=EDGE_LOOP('',(#5957,#5958,#5959,#5960));
#1260=EDGE_LOOP('',(#5961,#5962,#5963,#5964));
#1261=EDGE_LOOP('',(#5965,#5966,#5967,#5968));
#1262=EDGE_LOOP('',(#5969,#5970,#5971,#5972));
#1263=EDGE_LOOP('',(#5973,#5974,#5975,#5976));
#1264=EDGE_LOOP('',(#5977,#5978,#5979,#5980));
#1265=EDGE_LOOP('',(#5981,#5982,#5983,#5984));
#1266=EDGE_LOOP('',(#5985,#5986,#5987,#5988));
#1267=EDGE_LOOP('',(#5989,#5990,#5991,#5992));
#1268=EDGE_LOOP('',(#5993,#5994,#5995,#5996));
#1269=EDGE_LOOP('',(#5997,#5998,#5999,#6000));
#1270=EDGE_LOOP('',(#6001,#6002,#6003,#6004));
#1271=EDGE_LOOP('',(#6005,#6006,#6007,#6008,#6009,#6010,#6011,#6012));
#1272=EDGE_LOOP('',(#6013));
#1273=EDGE_LOOP('',(#6014));
#1274=EDGE_LOOP('',(#6015));
#1275=EDGE_LOOP('',(#6016));
#1276=EDGE_LOOP('',(#6017));
#1277=EDGE_LOOP('',(#6018));
#1278=EDGE_LOOP('',(#6019));
#1279=EDGE_LOOP('',(#6020));
#1280=EDGE_LOOP('',(#6021));
#1281=EDGE_LOOP('',(#6022));
#1282=EDGE_LOOP('',(#6023));
#1283=EDGE_LOOP('',(#6024));
#1284=EDGE_LOOP('',(#6025));
#1285=EDGE_LOOP('',(#6026));
#1286=EDGE_LOOP('',(#6027));
#1287=EDGE_LOOP('',(#6028));
#1288=EDGE_LOOP('',(#6029));
#1289=EDGE_LOOP('',(#6030));
#1290=EDGE_LOOP('',(#6031));
#1291=EDGE_LOOP('',(#6032));
#1292=EDGE_LOOP('',(#6033));
#1293=EDGE_LOOP('',(#6034));
#1294=EDGE_LOOP('',(#6035));
#1295=EDGE_LOOP('',(#6036));
#1296=EDGE_LOOP('',(#6037));
#1297=EDGE_LOOP('',(#6038));
#1298=EDGE_LOOP('',(#6039));
#1299=EDGE_LOOP('',(#6040));
#1300=EDGE_LOOP('',(#6041));
#1301=EDGE_LOOP('',(#6042));
#1302=EDGE_LOOP('',(#6043));
#1303=EDGE_LOOP('',(#6044));
#1304=EDGE_LOOP('',(#6045));
#1305=EDGE_LOOP('',(#6046));
#1306=EDGE_LOOP('',(#6047));
#1307=EDGE_LOOP('',(#6048));
#1308=EDGE_LOOP('',(#6049));
#1309=EDGE_LOOP('',(#6050));
#1310=EDGE_LOOP('',(#6051));
#1311=EDGE_LOOP('',(#6052));
#1312=EDGE_LOOP('',(#6053));
#1313=EDGE_LOOP('',(#6054));
#1314=EDGE_LOOP('',(#6055));
#1315=EDGE_LOOP('',(#6056));
#1316=EDGE_LOOP('',(#6057));
#1317=EDGE_LOOP('',(#6058));
#1318=EDGE_LOOP('',(#6059));
#1319=EDGE_LOOP('',(#6060));
#1320=EDGE_LOOP('',(#6061));
#1321=EDGE_LOOP('',(#6062));
#1322=EDGE_LOOP('',(#6063));
#1323=EDGE_LOOP('',(#6064));
#1324=EDGE_LOOP('',(#6065));
#1325=EDGE_LOOP('',(#6066));
#1326=EDGE_LOOP('',(#6067));
#1327=EDGE_LOOP('',(#6068));
#1328=EDGE_LOOP('',(#6069));
#1329=EDGE_LOOP('',(#6070));
#1330=EDGE_LOOP('',(#6071));
#1331=EDGE_LOOP('',(#6072));
#1332=EDGE_LOOP('',(#6073));
#1333=EDGE_LOOP('',(#6074));
#1334=EDGE_LOOP('',(#6075));
#1335=EDGE_LOOP('',(#6076));
#1336=EDGE_LOOP('',(#6077));
#1337=EDGE_LOOP('',(#6078));
#1338=EDGE_LOOP('',(#6079));
#1339=EDGE_LOOP('',(#6080));
#1340=EDGE_LOOP('',(#6081));
#1341=EDGE_LOOP('',(#6082));
#1342=EDGE_LOOP('',(#6083));
#1343=EDGE_LOOP('',(#6084));
#1344=EDGE_LOOP('',(#6085));
#1345=EDGE_LOOP('',(#6086));
#1346=EDGE_LOOP('',(#6087));
#1347=EDGE_LOOP('',(#6088));
#1348=EDGE_LOOP('',(#6089));
#1349=EDGE_LOOP('',(#6090));
#1350=EDGE_LOOP('',(#6091));
#1351=EDGE_LOOP('',(#6092));
#1352=EDGE_LOOP('',(#6093));
#1353=EDGE_LOOP('',(#6094));
#1354=EDGE_LOOP('',(#6095));
#1355=EDGE_LOOP('',(#6096));
#1356=EDGE_LOOP('',(#6097));
#1357=EDGE_LOOP('',(#6098));
#1358=EDGE_LOOP('',(#6099));
#1359=EDGE_LOOP('',(#6100));
#1360=EDGE_LOOP('',(#6101));
#1361=EDGE_LOOP('',(#6102));
#1362=EDGE_LOOP('',(#6103));
#1363=EDGE_LOOP('',(#6104));
#1364=EDGE_LOOP('',(#6105));
#1365=EDGE_LOOP('',(#6106));
#1366=EDGE_LOOP('',(#6107));
#1367=EDGE_LOOP('',(#6108));
#1368=EDGE_LOOP('',(#6109));
#1369=EDGE_LOOP('',(#6110));
#1370=EDGE_LOOP('',(#6111));
#1371=EDGE_LOOP('',(#6112));
#1372=EDGE_LOOP('',(#6113));
#1373=EDGE_LOOP('',(#6114));
#1374=EDGE_LOOP('',(#6115));
#1375=EDGE_LOOP('',(#6116));
#1376=EDGE_LOOP('',(#6117));
#1377=EDGE_LOOP('',(#6118));
#1378=EDGE_LOOP('',(#6119));
#1379=EDGE_LOOP('',(#6120));
#1380=EDGE_LOOP('',(#6121));
#1381=EDGE_LOOP('',(#6122));
#1382=EDGE_LOOP('',(#6123));
#1383=EDGE_LOOP('',(#6124));
#1384=EDGE_LOOP('',(#6125));
#1385=EDGE_LOOP('',(#6126));
#1386=EDGE_LOOP('',(#6127));
#1387=EDGE_LOOP('',(#6128));
#1388=EDGE_LOOP('',(#6129));
#1389=EDGE_LOOP('',(#6130));
#1390=EDGE_LOOP('',(#6131));
#1391=EDGE_LOOP('',(#6132));
#1392=EDGE_LOOP('',(#6133));
#1393=EDGE_LOOP('',(#6134));
#1394=EDGE_LOOP('',(#6135));
#1395=EDGE_LOOP('',(#6136));
#1396=EDGE_LOOP('',(#6137));
#1397=EDGE_LOOP('',(#6138));
#1398=EDGE_LOOP('',(#6139));
#1399=EDGE_LOOP('',(#6140));
#1400=EDGE_LOOP('',(#6141));
#1401=EDGE_LOOP('',(#6142));
#1402=EDGE_LOOP('',(#6143));
#1403=EDGE_LOOP('',(#6144));
#1404=EDGE_LOOP('',(#6145));
#1405=EDGE_LOOP('',(#6146));
#1406=EDGE_LOOP('',(#6147));
#1407=EDGE_LOOP('',(#6148));
#1408=EDGE_LOOP('',(#6149));
#1409=EDGE_LOOP('',(#6150));
#1410=EDGE_LOOP('',(#6151));
#1411=EDGE_LOOP('',(#6152));
#1412=EDGE_LOOP('',(#6153));
#1413=EDGE_LOOP('',(#6154));
#1414=EDGE_LOOP('',(#6155));
#1415=EDGE_LOOP('',(#6156));
#1416=EDGE_LOOP('',(#6157));
#1417=EDGE_LOOP('',(#6158));
#1418=EDGE_LOOP('',(#6159));
#1419=EDGE_LOOP('',(#6160));
#1420=EDGE_LOOP('',(#6161));
#1421=EDGE_LOOP('',(#6162));
#1422=EDGE_LOOP('',(#6163));
#1423=EDGE_LOOP('',(#6164));
#1424=EDGE_LOOP('',(#6165));
#1425=EDGE_LOOP('',(#6166));
#1426=EDGE_LOOP('',(#6167));
#1427=EDGE_LOOP('',(#6168));
#1428=EDGE_LOOP('',(#6169));
#1429=EDGE_LOOP('',(#6170));
#1430=EDGE_LOOP('',(#6171));
#1431=EDGE_LOOP('',(#6172));
#1432=EDGE_LOOP('',(#6173));
#1433=EDGE_LOOP('',(#6174));
#1434=EDGE_LOOP('',(#6175));
#1435=EDGE_LOOP('',(#6176));
#1436=EDGE_LOOP('',(#6177));
#1437=EDGE_LOOP('',(#6178));
#1438=EDGE_LOOP('',(#6179));
#1439=EDGE_LOOP('',(#6180));
#1440=EDGE_LOOP('',(#6181));
#1441=EDGE_LOOP('',(#6182));
#1442=EDGE_LOOP('',(#6183));
#1443=EDGE_LOOP('',(#6184));
#1444=EDGE_LOOP('',(#6185));
#1445=EDGE_LOOP('',(#6186));
#1446=EDGE_LOOP('',(#6187));
#1447=EDGE_LOOP('',(#6188));
#1448=EDGE_LOOP('',(#6189));
#1449=EDGE_LOOP('',(#6190));
#1450=EDGE_LOOP('',(#6191));
#1451=EDGE_LOOP('',(#6192));
#1452=EDGE_LOOP('',(#6193));
#1453=EDGE_LOOP('',(#6194));
#1454=EDGE_LOOP('',(#6195));
#1455=EDGE_LOOP('',(#6196));
#1456=EDGE_LOOP('',(#6197));
#1457=EDGE_LOOP('',(#6198));
#1458=EDGE_LOOP('',(#6199));
#1459=EDGE_LOOP('',(#6200));
#1460=EDGE_LOOP('',(#6201));
#1461=EDGE_LOOP('',(#6202));
#1462=EDGE_LOOP('',(#6203));
#1463=EDGE_LOOP('',(#6204));
#1464=EDGE_LOOP('',(#6205));
#1465=EDGE_LOOP('',(#6206));
#1466=EDGE_LOOP('',(#6207));
#1467=EDGE_LOOP('',(#6208));
#1468=EDGE_LOOP('',(#6209));
#1469=EDGE_LOOP('',(#6210));
#1470=EDGE_LOOP('',(#6211));
#1471=EDGE_LOOP('',(#6212));
#1472=EDGE_LOOP('',(#6213));
#1473=EDGE_LOOP('',(#6214));
#1474=EDGE_LOOP('',(#6215));
#1475=EDGE_LOOP('',(#6216));
#1476=EDGE_LOOP('',(#6217));
#1477=EDGE_LOOP('',(#6218));
#1478=EDGE_LOOP('',(#6219));
#1479=EDGE_LOOP('',(#6220));
#1480=EDGE_LOOP('',(#6221));
#1481=EDGE_LOOP('',(#6222));
#1482=EDGE_LOOP('',(#6223));
#1483=EDGE_LOOP('',(#6224));
#1484=EDGE_LOOP('',(#6225));
#1485=EDGE_LOOP('',(#6226));
#1486=EDGE_LOOP('',(#6227));
#1487=EDGE_LOOP('',(#6228));
#1488=EDGE_LOOP('',(#6229));
#1489=EDGE_LOOP('',(#6230));
#1490=EDGE_LOOP('',(#6231));
#1491=EDGE_LOOP('',(#6232));
#1492=EDGE_LOOP('',(#6233));
#1493=EDGE_LOOP('',(#6234));
#1494=EDGE_LOOP('',(#6235));
#1495=EDGE_LOOP('',(#6236));
#1496=EDGE_LOOP('',(#6237));
#1497=EDGE_LOOP('',(#6238));
#1498=EDGE_LOOP('',(#6239));
#1499=EDGE_LOOP('',(#6240));
#1500=EDGE_LOOP('',(#6241));
#1501=EDGE_LOOP('',(#6242));
#1502=EDGE_LOOP('',(#6243));
#1503=EDGE_LOOP('',(#6244));
#1504=EDGE_LOOP('',(#6245));
#1505=EDGE_LOOP('',(#6246));
#1506=EDGE_LOOP('',(#6247));
#1507=EDGE_LOOP('',(#6248));
#1508=EDGE_LOOP('',(#6249));
#1509=EDGE_LOOP('',(#6250));
#1510=EDGE_LOOP('',(#6251));
#1511=EDGE_LOOP('',(#6252));
#1512=EDGE_LOOP('',(#6253));
#1513=EDGE_LOOP('',(#6254));
#1514=EDGE_LOOP('',(#6255));
#1515=EDGE_LOOP('',(#6256));
#1516=EDGE_LOOP('',(#6257));
#1517=EDGE_LOOP('',(#6258));
#1518=EDGE_LOOP('',(#6259));
#1519=EDGE_LOOP('',(#6260));
#1520=EDGE_LOOP('',(#6261));
#1521=EDGE_LOOP('',(#6262));
#1522=EDGE_LOOP('',(#6263));
#1523=EDGE_LOOP('',(#6264));
#1524=EDGE_LOOP('',(#6265));
#1525=EDGE_LOOP('',(#6266));
#1526=EDGE_LOOP('',(#6267));
#1527=EDGE_LOOP('',(#6268));
#1528=EDGE_LOOP('',(#6269));
#1529=EDGE_LOOP('',(#6270));
#1530=EDGE_LOOP('',(#6271));
#1531=EDGE_LOOP('',(#6272));
#1532=EDGE_LOOP('',(#6273));
#1533=EDGE_LOOP('',(#6274));
#1534=EDGE_LOOP('',(#6275));
#1535=EDGE_LOOP('',(#6276));
#1536=EDGE_LOOP('',(#6277));
#1537=EDGE_LOOP('',(#6278));
#1538=EDGE_LOOP('',(#6279));
#1539=EDGE_LOOP('',(#6280));
#1540=EDGE_LOOP('',(#6281));
#1541=EDGE_LOOP('',(#6282));
#1542=EDGE_LOOP('',(#6283));
#1543=EDGE_LOOP('',(#6284));
#1544=EDGE_LOOP('',(#6285));
#1545=EDGE_LOOP('',(#6286));
#1546=EDGE_LOOP('',(#6287));
#1547=EDGE_LOOP('',(#6288));
#1548=EDGE_LOOP('',(#6289));
#1549=EDGE_LOOP('',(#6290));
#1550=EDGE_LOOP('',(#6291));
#1551=EDGE_LOOP('',(#6292));
#1552=EDGE_LOOP('',(#6293));
#1553=EDGE_LOOP('',(#6294));
#1554=EDGE_LOOP('',(#6295));
#1555=EDGE_LOOP('',(#6296));
#1556=EDGE_LOOP('',(#6297));
#1557=EDGE_LOOP('',(#6298));
#1558=EDGE_LOOP('',(#6299));
#1559=EDGE_LOOP('',(#6300));
#1560=EDGE_LOOP('',(#6301));
#1561=EDGE_LOOP('',(#6302));
#1562=EDGE_LOOP('',(#6303));
#1563=EDGE_LOOP('',(#6304));
#1564=EDGE_LOOP('',(#6305));
#1565=EDGE_LOOP('',(#6306));
#1566=EDGE_LOOP('',(#6307));
#1567=EDGE_LOOP('',(#6308));
#1568=EDGE_LOOP('',(#6309));
#1569=EDGE_LOOP('',(#6310));
#1570=EDGE_LOOP('',(#6311));
#1571=EDGE_LOOP('',(#6312));
#1572=EDGE_LOOP('',(#6313));
#1573=EDGE_LOOP('',(#6314));
#1574=EDGE_LOOP('',(#6315));
#1575=EDGE_LOOP('',(#6316));
#1576=EDGE_LOOP('',(#6317));
#1577=EDGE_LOOP('',(#6318));
#1578=EDGE_LOOP('',(#6319));
#1579=EDGE_LOOP('',(#6320));
#1580=EDGE_LOOP('',(#6321,#6322,#6323,#6324,#6325,#6326,#6327,#6328));
#1581=EDGE_LOOP('',(#6329));
#1582=EDGE_LOOP('',(#6330));
#1583=EDGE_LOOP('',(#6331));
#1584=EDGE_LOOP('',(#6332));
#1585=EDGE_LOOP('',(#6333));
#1586=EDGE_LOOP('',(#6334));
#1587=EDGE_LOOP('',(#6335));
#1588=EDGE_LOOP('',(#6336));
#1589=EDGE_LOOP('',(#6337));
#1590=EDGE_LOOP('',(#6338));
#1591=EDGE_LOOP('',(#6339));
#1592=EDGE_LOOP('',(#6340));
#1593=EDGE_LOOP('',(#6341));
#1594=EDGE_LOOP('',(#6342));
#1595=EDGE_LOOP('',(#6343));
#1596=EDGE_LOOP('',(#6344));
#1597=EDGE_LOOP('',(#6345));
#1598=EDGE_LOOP('',(#6346));
#1599=EDGE_LOOP('',(#6347));
#1600=EDGE_LOOP('',(#6348));
#1601=EDGE_LOOP('',(#6349));
#1602=EDGE_LOOP('',(#6350));
#1603=EDGE_LOOP('',(#6351));
#1604=EDGE_LOOP('',(#6352));
#1605=EDGE_LOOP('',(#6353));
#1606=EDGE_LOOP('',(#6354));
#1607=EDGE_LOOP('',(#6355));
#1608=EDGE_LOOP('',(#6356));
#1609=EDGE_LOOP('',(#6357));
#1610=EDGE_LOOP('',(#6358));
#1611=EDGE_LOOP('',(#6359));
#1612=EDGE_LOOP('',(#6360));
#1613=EDGE_LOOP('',(#6361));
#1614=EDGE_LOOP('',(#6362));
#1615=EDGE_LOOP('',(#6363));
#1616=EDGE_LOOP('',(#6364));
#1617=EDGE_LOOP('',(#6365));
#1618=EDGE_LOOP('',(#6366));
#1619=EDGE_LOOP('',(#6367));
#1620=EDGE_LOOP('',(#6368));
#1621=EDGE_LOOP('',(#6369));
#1622=EDGE_LOOP('',(#6370));
#1623=EDGE_LOOP('',(#6371));
#1624=EDGE_LOOP('',(#6372));
#1625=EDGE_LOOP('',(#6373));
#1626=EDGE_LOOP('',(#6374));
#1627=EDGE_LOOP('',(#6375));
#1628=EDGE_LOOP('',(#6376));
#1629=EDGE_LOOP('',(#6377));
#1630=EDGE_LOOP('',(#6378));
#1631=EDGE_LOOP('',(#6379));
#1632=EDGE_LOOP('',(#6380));
#1633=EDGE_LOOP('',(#6381));
#1634=EDGE_LOOP('',(#6382));
#1635=EDGE_LOOP('',(#6383));
#1636=EDGE_LOOP('',(#6384));
#1637=EDGE_LOOP('',(#6385));
#1638=EDGE_LOOP('',(#6386));
#1639=EDGE_LOOP('',(#6387));
#1640=EDGE_LOOP('',(#6388));
#1641=EDGE_LOOP('',(#6389));
#1642=EDGE_LOOP('',(#6390));
#1643=EDGE_LOOP('',(#6391));
#1644=EDGE_LOOP('',(#6392));
#1645=EDGE_LOOP('',(#6393));
#1646=EDGE_LOOP('',(#6394));
#1647=EDGE_LOOP('',(#6395));
#1648=EDGE_LOOP('',(#6396));
#1649=EDGE_LOOP('',(#6397));
#1650=EDGE_LOOP('',(#6398));
#1651=EDGE_LOOP('',(#6399));
#1652=EDGE_LOOP('',(#6400));
#1653=EDGE_LOOP('',(#6401));
#1654=EDGE_LOOP('',(#6402));
#1655=EDGE_LOOP('',(#6403));
#1656=EDGE_LOOP('',(#6404));
#1657=EDGE_LOOP('',(#6405));
#1658=EDGE_LOOP('',(#6406));
#1659=EDGE_LOOP('',(#6407));
#1660=EDGE_LOOP('',(#6408));
#1661=EDGE_LOOP('',(#6409));
#1662=EDGE_LOOP('',(#6410));
#1663=EDGE_LOOP('',(#6411));
#1664=EDGE_LOOP('',(#6412));
#1665=EDGE_LOOP('',(#6413));
#1666=EDGE_LOOP('',(#6414));
#1667=EDGE_LOOP('',(#6415));
#1668=EDGE_LOOP('',(#6416));
#1669=EDGE_LOOP('',(#6417));
#1670=EDGE_LOOP('',(#6418));
#1671=EDGE_LOOP('',(#6419));
#1672=EDGE_LOOP('',(#6420));
#1673=EDGE_LOOP('',(#6421));
#1674=EDGE_LOOP('',(#6422));
#1675=EDGE_LOOP('',(#6423));
#1676=EDGE_LOOP('',(#6424));
#1677=EDGE_LOOP('',(#6425));
#1678=EDGE_LOOP('',(#6426));
#1679=EDGE_LOOP('',(#6427));
#1680=EDGE_LOOP('',(#6428));
#1681=EDGE_LOOP('',(#6429));
#1682=EDGE_LOOP('',(#6430));
#1683=EDGE_LOOP('',(#6431));
#1684=EDGE_LOOP('',(#6432));
#1685=EDGE_LOOP('',(#6433));
#1686=EDGE_LOOP('',(#6434));
#1687=EDGE_LOOP('',(#6435));
#1688=EDGE_LOOP('',(#6436));
#1689=EDGE_LOOP('',(#6437));
#1690=EDGE_LOOP('',(#6438));
#1691=EDGE_LOOP('',(#6439));
#1692=EDGE_LOOP('',(#6440));
#1693=EDGE_LOOP('',(#6441));
#1694=EDGE_LOOP('',(#6442));
#1695=EDGE_LOOP('',(#6443));
#1696=EDGE_LOOP('',(#6444));
#1697=EDGE_LOOP('',(#6445));
#1698=EDGE_LOOP('',(#6446));
#1699=EDGE_LOOP('',(#6447));
#1700=EDGE_LOOP('',(#6448));
#1701=EDGE_LOOP('',(#6449));
#1702=EDGE_LOOP('',(#6450));
#1703=EDGE_LOOP('',(#6451));
#1704=EDGE_LOOP('',(#6452));
#1705=EDGE_LOOP('',(#6453));
#1706=EDGE_LOOP('',(#6454));
#1707=EDGE_LOOP('',(#6455));
#1708=EDGE_LOOP('',(#6456));
#1709=EDGE_LOOP('',(#6457));
#1710=EDGE_LOOP('',(#6458));
#1711=EDGE_LOOP('',(#6459));
#1712=EDGE_LOOP('',(#6460));
#1713=EDGE_LOOP('',(#6461));
#1714=EDGE_LOOP('',(#6462));
#1715=EDGE_LOOP('',(#6463));
#1716=EDGE_LOOP('',(#6464));
#1717=EDGE_LOOP('',(#6465));
#1718=EDGE_LOOP('',(#6466));
#1719=EDGE_LOOP('',(#6467));
#1720=EDGE_LOOP('',(#6468));
#1721=EDGE_LOOP('',(#6469));
#1722=EDGE_LOOP('',(#6470));
#1723=EDGE_LOOP('',(#6471));
#1724=EDGE_LOOP('',(#6472));
#1725=EDGE_LOOP('',(#6473));
#1726=EDGE_LOOP('',(#6474));
#1727=EDGE_LOOP('',(#6475));
#1728=EDGE_LOOP('',(#6476));
#1729=EDGE_LOOP('',(#6477));
#1730=EDGE_LOOP('',(#6478));
#1731=EDGE_LOOP('',(#6479));
#1732=EDGE_LOOP('',(#6480));
#1733=EDGE_LOOP('',(#6481));
#1734=EDGE_LOOP('',(#6482));
#1735=EDGE_LOOP('',(#6483));
#1736=EDGE_LOOP('',(#6484));
#1737=EDGE_LOOP('',(#6485));
#1738=EDGE_LOOP('',(#6486));
#1739=EDGE_LOOP('',(#6487));
#1740=EDGE_LOOP('',(#6488));
#1741=EDGE_LOOP('',(#6489));
#1742=EDGE_LOOP('',(#6490));
#1743=EDGE_LOOP('',(#6491));
#1744=EDGE_LOOP('',(#6492));
#1745=EDGE_LOOP('',(#6493));
#1746=EDGE_LOOP('',(#6494));
#1747=EDGE_LOOP('',(#6495));
#1748=EDGE_LOOP('',(#6496));
#1749=EDGE_LOOP('',(#6497));
#1750=EDGE_LOOP('',(#6498));
#1751=EDGE_LOOP('',(#6499));
#1752=EDGE_LOOP('',(#6500));
#1753=EDGE_LOOP('',(#6501));
#1754=EDGE_LOOP('',(#6502));
#1755=EDGE_LOOP('',(#6503));
#1756=EDGE_LOOP('',(#6504));
#1757=EDGE_LOOP('',(#6505));
#1758=EDGE_LOOP('',(#6506));
#1759=EDGE_LOOP('',(#6507));
#1760=EDGE_LOOP('',(#6508));
#1761=EDGE_LOOP('',(#6509));
#1762=EDGE_LOOP('',(#6510));
#1763=EDGE_LOOP('',(#6511));
#1764=EDGE_LOOP('',(#6512));
#1765=EDGE_LOOP('',(#6513));
#1766=EDGE_LOOP('',(#6514));
#1767=EDGE_LOOP('',(#6515));
#1768=EDGE_LOOP('',(#6516));
#1769=EDGE_LOOP('',(#6517));
#1770=EDGE_LOOP('',(#6518));
#1771=EDGE_LOOP('',(#6519));
#1772=EDGE_LOOP('',(#6520));
#1773=EDGE_LOOP('',(#6521));
#1774=EDGE_LOOP('',(#6522));
#1775=EDGE_LOOP('',(#6523));
#1776=EDGE_LOOP('',(#6524));
#1777=EDGE_LOOP('',(#6525));
#1778=EDGE_LOOP('',(#6526));
#1779=EDGE_LOOP('',(#6527));
#1780=EDGE_LOOP('',(#6528));
#1781=EDGE_LOOP('',(#6529));
#1782=EDGE_LOOP('',(#6530));
#1783=EDGE_LOOP('',(#6531));
#1784=EDGE_LOOP('',(#6532));
#1785=EDGE_LOOP('',(#6533));
#1786=EDGE_LOOP('',(#6534));
#1787=EDGE_LOOP('',(#6535));
#1788=EDGE_LOOP('',(#6536));
#1789=EDGE_LOOP('',(#6537));
#1790=EDGE_LOOP('',(#6538));
#1791=EDGE_LOOP('',(#6539));
#1792=EDGE_LOOP('',(#6540));
#1793=EDGE_LOOP('',(#6541));
#1794=EDGE_LOOP('',(#6542));
#1795=EDGE_LOOP('',(#6543));
#1796=EDGE_LOOP('',(#6544));
#1797=EDGE_LOOP('',(#6545));
#1798=EDGE_LOOP('',(#6546));
#1799=EDGE_LOOP('',(#6547));
#1800=EDGE_LOOP('',(#6548));
#1801=EDGE_LOOP('',(#6549));
#1802=EDGE_LOOP('',(#6550));
#1803=EDGE_LOOP('',(#6551));
#1804=EDGE_LOOP('',(#6552));
#1805=EDGE_LOOP('',(#6553));
#1806=EDGE_LOOP('',(#6554));
#1807=EDGE_LOOP('',(#6555));
#1808=EDGE_LOOP('',(#6556));
#1809=EDGE_LOOP('',(#6557));
#1810=EDGE_LOOP('',(#6558));
#1811=EDGE_LOOP('',(#6559));
#1812=EDGE_LOOP('',(#6560));
#1813=EDGE_LOOP('',(#6561));
#1814=EDGE_LOOP('',(#6562));
#1815=EDGE_LOOP('',(#6563));
#1816=EDGE_LOOP('',(#6564));
#1817=EDGE_LOOP('',(#6565));
#1818=EDGE_LOOP('',(#6566));
#1819=EDGE_LOOP('',(#6567));
#1820=EDGE_LOOP('',(#6568));
#1821=EDGE_LOOP('',(#6569));
#1822=EDGE_LOOP('',(#6570));
#1823=EDGE_LOOP('',(#6571));
#1824=EDGE_LOOP('',(#6572));
#1825=EDGE_LOOP('',(#6573));
#1826=EDGE_LOOP('',(#6574));
#1827=EDGE_LOOP('',(#6575));
#1828=EDGE_LOOP('',(#6576));
#1829=EDGE_LOOP('',(#6577));
#1830=EDGE_LOOP('',(#6578));
#1831=EDGE_LOOP('',(#6579));
#1832=EDGE_LOOP('',(#6580));
#1833=EDGE_LOOP('',(#6581));
#1834=EDGE_LOOP('',(#6582));
#1835=EDGE_LOOP('',(#6583));
#1836=EDGE_LOOP('',(#6584));
#1837=EDGE_LOOP('',(#6585));
#1838=EDGE_LOOP('',(#6586));
#1839=EDGE_LOOP('',(#6587));
#1840=EDGE_LOOP('',(#6588));
#1841=EDGE_LOOP('',(#6589));
#1842=EDGE_LOOP('',(#6590));
#1843=EDGE_LOOP('',(#6591));
#1844=EDGE_LOOP('',(#6592));
#1845=EDGE_LOOP('',(#6593));
#1846=EDGE_LOOP('',(#6594));
#1847=EDGE_LOOP('',(#6595));
#1848=EDGE_LOOP('',(#6596));
#1849=EDGE_LOOP('',(#6597));
#1850=EDGE_LOOP('',(#6598));
#1851=EDGE_LOOP('',(#6599));
#1852=EDGE_LOOP('',(#6600));
#1853=EDGE_LOOP('',(#6601));
#1854=EDGE_LOOP('',(#6602));
#1855=EDGE_LOOP('',(#6603));
#1856=EDGE_LOOP('',(#6604));
#1857=EDGE_LOOP('',(#6605));
#1858=EDGE_LOOP('',(#6606));
#1859=EDGE_LOOP('',(#6607));
#1860=EDGE_LOOP('',(#6608));
#1861=EDGE_LOOP('',(#6609));
#1862=EDGE_LOOP('',(#6610));
#1863=EDGE_LOOP('',(#6611));
#1864=EDGE_LOOP('',(#6612));
#1865=EDGE_LOOP('',(#6613));
#1866=EDGE_LOOP('',(#6614));
#1867=EDGE_LOOP('',(#6615));
#1868=EDGE_LOOP('',(#6616));
#1869=EDGE_LOOP('',(#6617));
#1870=EDGE_LOOP('',(#6618));
#1871=EDGE_LOOP('',(#6619));
#1872=EDGE_LOOP('',(#6620));
#1873=EDGE_LOOP('',(#6621));
#1874=EDGE_LOOP('',(#6622));
#1875=EDGE_LOOP('',(#6623));
#1876=EDGE_LOOP('',(#6624));
#1877=EDGE_LOOP('',(#6625));
#1878=EDGE_LOOP('',(#6626));
#1879=EDGE_LOOP('',(#6627));
#1880=EDGE_LOOP('',(#6628));
#1881=EDGE_LOOP('',(#6629));
#1882=EDGE_LOOP('',(#6630));
#1883=EDGE_LOOP('',(#6631));
#1884=EDGE_LOOP('',(#6632));
#1885=EDGE_LOOP('',(#6633));
#1886=EDGE_LOOP('',(#6634));
#1887=EDGE_LOOP('',(#6635));
#1888=EDGE_LOOP('',(#6636));
#1889=LINE('',#10438,#2213);
#1890=LINE('',#10444,#2214);
#1891=LINE('',#10450,#2215);
#1892=LINE('',#10456,#2216);
#1893=LINE('',#10462,#2217);
#1894=LINE('',#10468,#2218);
#1895=LINE('',#10474,#2219);
#1896=LINE('',#10480,#2220);
#1897=LINE('',#10486,#2221);
#1898=LINE('',#10492,#2222);
#1899=LINE('',#10498,#2223);
#1900=LINE('',#10504,#2224);
#1901=LINE('',#10510,#2225);
#1902=LINE('',#10516,#2226);
#1903=LINE('',#10522,#2227);
#1904=LINE('',#10528,#2228);
#1905=LINE('',#10534,#2229);
#1906=LINE('',#10540,#2230);
#1907=LINE('',#10546,#2231);
#1908=LINE('',#10552,#2232);
#1909=LINE('',#10558,#2233);
#1910=LINE('',#10564,#2234);
#1911=LINE('',#10570,#2235);
#1912=LINE('',#10576,#2236);
#1913=LINE('',#10582,#2237);
#1914=LINE('',#10588,#2238);
#1915=LINE('',#10594,#2239);
#1916=LINE('',#10600,#2240);
#1917=LINE('',#10606,#2241);
#1918=LINE('',#10612,#2242);
#1919=LINE('',#10618,#2243);
#1920=LINE('',#10624,#2244);
#1921=LINE('',#10630,#2245);
#1922=LINE('',#10636,#2246);
#1923=LINE('',#10642,#2247);
#1924=LINE('',#10648,#2248);
#1925=LINE('',#10654,#2249);
#1926=LINE('',#10660,#2250);
#1927=LINE('',#10666,#2251);
#1928=LINE('',#10672,#2252);
#1929=LINE('',#10678,#2253);
#1930=LINE('',#10684,#2254);
#1931=LINE('',#10690,#2255);
#1932=LINE('',#10696,#2256);
#1933=LINE('',#10702,#2257);
#1934=LINE('',#10708,#2258);
#1935=LINE('',#10714,#2259);
#1936=LINE('',#10720,#2260);
#1937=LINE('',#10726,#2261);
#1938=LINE('',#10732,#2262);
#1939=LINE('',#10738,#2263);
#1940=LINE('',#10744,#2264);
#1941=LINE('',#10750,#2265);
#1942=LINE('',#10756,#2266);
#1943=LINE('',#10762,#2267);
#1944=LINE('',#10768,#2268);
#1945=LINE('',#10774,#2269);
#1946=LINE('',#10780,#2270);
#1947=LINE('',#10786,#2271);
#1948=LINE('',#10792,#2272);
#1949=LINE('',#10798,#2273);
#1950=LINE('',#10804,#2274);
#1951=LINE('',#10810,#2275);
#1952=LINE('',#10816,#2276);
#1953=LINE('',#10822,#2277);
#1954=LINE('',#10828,#2278);
#1955=LINE('',#10834,#2279);
#1956=LINE('',#10840,#2280);
#1957=LINE('',#10846,#2281);
#1958=LINE('',#10852,#2282);
#1959=LINE('',#10858,#2283);
#1960=LINE('',#10864,#2284);
#1961=LINE('',#10870,#2285);
#1962=LINE('',#10876,#2286);
#1963=LINE('',#10882,#2287);
#1964=LINE('',#10888,#2288);
#1965=LINE('',#10894,#2289);
#1966=LINE('',#10900,#2290);
#1967=LINE('',#10906,#2291);
#1968=LINE('',#10912,#2292);
#1969=LINE('',#10918,#2293);
#1970=LINE('',#10924,#2294);
#1971=LINE('',#10930,#2295);
#1972=LINE('',#10936,#2296);
#1973=LINE('',#10942,#2297);
#1974=LINE('',#10948,#2298);
#1975=LINE('',#10954,#2299);
#1976=LINE('',#10960,#2300);
#1977=LINE('',#10966,#2301);
#1978=LINE('',#10972,#2302);
#1979=LINE('',#10978,#2303);
#1980=LINE('',#10984,#2304);
#1981=LINE('',#10990,#2305);
#1982=LINE('',#10996,#2306);
#1983=LINE('',#11002,#2307);
#1984=LINE('',#11008,#2308);
#1985=LINE('',#11014,#2309);
#1986=LINE('',#11020,#2310);
#1987=LINE('',#11026,#2311);
#1988=LINE('',#11032,#2312);
#1989=LINE('',#11038,#2313);
#1990=LINE('',#11044,#2314);
#1991=LINE('',#11050,#2315);
#1992=LINE('',#11056,#2316);
#1993=LINE('',#11062,#2317);
#1994=LINE('',#11068,#2318);
#1995=LINE('',#11074,#2319);
#1996=LINE('',#11080,#2320);
#1997=LINE('',#11086,#2321);
#1998=LINE('',#11092,#2322);
#1999=LINE('',#11098,#2323);
#2000=LINE('',#11104,#2324);
#2001=LINE('',#11110,#2325);
#2002=LINE('',#11116,#2326);
#2003=LINE('',#11122,#2327);
#2004=LINE('',#11128,#2328);
#2005=LINE('',#11134,#2329);
#2006=LINE('',#11140,#2330);
#2007=LINE('',#11146,#2331);
#2008=LINE('',#11152,#2332);
#2009=LINE('',#11158,#2333);
#2010=LINE('',#11164,#2334);
#2011=LINE('',#11170,#2335);
#2012=LINE('',#11176,#2336);
#2013=LINE('',#11182,#2337);
#2014=LINE('',#11188,#2338);
#2015=LINE('',#11194,#2339);
#2016=LINE('',#11200,#2340);
#2017=LINE('',#11206,#2341);
#2018=LINE('',#11212,#2342);
#2019=LINE('',#11218,#2343);
#2020=LINE('',#11224,#2344);
#2021=LINE('',#11230,#2345);
#2022=LINE('',#11236,#2346);
#2023=LINE('',#11242,#2347);
#2024=LINE('',#11248,#2348);
#2025=LINE('',#11254,#2349);
#2026=LINE('',#11260,#2350);
#2027=LINE('',#11266,#2351);
#2028=LINE('',#11272,#2352);
#2029=LINE('',#11278,#2353);
#2030=LINE('',#11284,#2354);
#2031=LINE('',#11290,#2355);
#2032=LINE('',#11296,#2356);
#2033=LINE('',#11302,#2357);
#2034=LINE('',#11308,#2358);
#2035=LINE('',#11314,#2359);
#2036=LINE('',#11320,#2360);
#2037=LINE('',#11326,#2361);
#2038=LINE('',#11332,#2362);
#2039=LINE('',#11338,#2363);
#2040=LINE('',#11344,#2364);
#2041=LINE('',#11350,#2365);
#2042=LINE('',#11356,#2366);
#2043=LINE('',#11362,#2367);
#2044=LINE('',#11368,#2368);
#2045=LINE('',#11374,#2369);
#2046=LINE('',#11380,#2370);
#2047=LINE('',#11386,#2371);
#2048=LINE('',#11392,#2372);
#2049=LINE('',#11398,#2373);
#2050=LINE('',#11404,#2374);
#2051=LINE('',#11410,#2375);
#2052=LINE('',#11416,#2376);
#2053=LINE('',#11422,#2377);
#2054=LINE('',#11428,#2378);
#2055=LINE('',#11434,#2379);
#2056=LINE('',#11440,#2380);
#2057=LINE('',#11446,#2381);
#2058=LINE('',#11452,#2382);
#2059=LINE('',#11458,#2383);
#2060=LINE('',#11464,#2384);
#2061=LINE('',#11470,#2385);
#2062=LINE('',#11476,#2386);
#2063=LINE('',#11482,#2387);
#2064=LINE('',#11488,#2388);
#2065=LINE('',#11494,#2389);
#2066=LINE('',#11500,#2390);
#2067=LINE('',#11506,#2391);
#2068=LINE('',#11512,#2392);
#2069=LINE('',#11518,#2393);
#2070=LINE('',#11524,#2394);
#2071=LINE('',#11530,#2395);
#2072=LINE('',#11536,#2396);
#2073=LINE('',#11542,#2397);
#2074=LINE('',#11548,#2398);
#2075=LINE('',#11554,#2399);
#2076=LINE('',#11560,#2400);
#2077=LINE('',#11566,#2401);
#2078=LINE('',#11572,#2402);
#2079=LINE('',#11578,#2403);
#2080=LINE('',#11584,#2404);
#2081=LINE('',#11590,#2405);
#2082=LINE('',#11596,#2406);
#2083=LINE('',#11602,#2407);
#2084=LINE('',#11608,#2408);
#2085=LINE('',#11614,#2409);
#2086=LINE('',#11620,#2410);
#2087=LINE('',#11626,#2411);
#2088=LINE('',#11632,#2412);
#2089=LINE('',#11638,#2413);
#2090=LINE('',#11644,#2414);
#2091=LINE('',#11650,#2415);
#2092=LINE('',#11656,#2416);
#2093=LINE('',#11662,#2417);
#2094=LINE('',#11668,#2418);
#2095=LINE('',#11674,#2419);
#2096=LINE('',#11680,#2420);
#2097=LINE('',#11686,#2421);
#2098=LINE('',#11692,#2422);
#2099=LINE('',#11698,#2423);
#2100=LINE('',#11704,#2424);
#2101=LINE('',#11710,#2425);
#2102=LINE('',#11716,#2426);
#2103=LINE('',#11722,#2427);
#2104=LINE('',#11728,#2428);
#2105=LINE('',#11734,#2429);
#2106=LINE('',#11740,#2430);
#2107=LINE('',#11746,#2431);
#2108=LINE('',#11752,#2432);
#2109=LINE('',#11758,#2433);
#2110=LINE('',#11764,#2434);
#2111=LINE('',#11770,#2435);
#2112=LINE('',#11776,#2436);
#2113=LINE('',#11782,#2437);
#2114=LINE('',#11788,#2438);
#2115=LINE('',#11794,#2439);
#2116=LINE('',#11800,#2440);
#2117=LINE('',#11806,#2441);
#2118=LINE('',#11812,#2442);
#2119=LINE('',#11818,#2443);
#2120=LINE('',#11824,#2444);
#2121=LINE('',#11830,#2445);
#2122=LINE('',#11836,#2446);
#2123=LINE('',#11842,#2447);
#2124=LINE('',#11848,#2448);
#2125=LINE('',#11854,#2449);
#2126=LINE('',#11860,#2450);
#2127=LINE('',#11866,#2451);
#2128=LINE('',#11872,#2452);
#2129=LINE('',#11878,#2453);
#2130=LINE('',#11884,#2454);
#2131=LINE('',#11890,#2455);
#2132=LINE('',#11896,#2456);
#2133=LINE('',#11902,#2457);
#2134=LINE('',#11908,#2458);
#2135=LINE('',#11914,#2459);
#2136=LINE('',#11920,#2460);
#2137=LINE('',#11926,#2461);
#2138=LINE('',#11932,#2462);
#2139=LINE('',#11938,#2463);
#2140=LINE('',#11944,#2464);
#2141=LINE('',#11950,#2465);
#2142=LINE('',#11956,#2466);
#2143=LINE('',#11962,#2467);
#2144=LINE('',#11968,#2468);
#2145=LINE('',#11974,#2469);
#2146=LINE('',#11980,#2470);
#2147=LINE('',#11986,#2471);
#2148=LINE('',#11992,#2472);
#2149=LINE('',#11998,#2473);
#2150=LINE('',#12004,#2474);
#2151=LINE('',#12010,#2475);
#2152=LINE('',#12016,#2476);
#2153=LINE('',#12022,#2477);
#2154=LINE('',#12028,#2478);
#2155=LINE('',#12034,#2479);
#2156=LINE('',#12040,#2480);
#2157=LINE('',#12046,#2481);
#2158=LINE('',#12052,#2482);
#2159=LINE('',#12058,#2483);
#2160=LINE('',#12064,#2484);
#2161=LINE('',#12070,#2485);
#2162=LINE('',#12076,#2486);
#2163=LINE('',#12082,#2487);
#2164=LINE('',#12088,#2488);
#2165=LINE('',#12094,#2489);
#2166=LINE('',#12100,#2490);
#2167=LINE('',#12106,#2491);
#2168=LINE('',#12112,#2492);
#2169=LINE('',#12118,#2493);
#2170=LINE('',#12124,#2494);
#2171=LINE('',#12130,#2495);
#2172=LINE('',#12136,#2496);
#2173=LINE('',#12142,#2497);
#2174=LINE('',#12148,#2498);
#2175=LINE('',#12154,#2499);
#2176=LINE('',#12160,#2500);
#2177=LINE('',#12166,#2501);
#2178=LINE('',#12172,#2502);
#2179=LINE('',#12178,#2503);
#2180=LINE('',#12184,#2504);
#2181=LINE('',#12190,#2505);
#2182=LINE('',#12196,#2506);
#2183=LINE('',#12202,#2507);
#2184=LINE('',#12208,#2508);
#2185=LINE('',#12214,#2509);
#2186=LINE('',#12220,#2510);
#2187=LINE('',#12226,#2511);
#2188=LINE('',#12232,#2512);
#2189=LINE('',#12238,#2513);
#2190=LINE('',#12244,#2514);
#2191=LINE('',#12250,#2515);
#2192=LINE('',#12256,#2516);
#2193=LINE('',#12262,#2517);
#2194=LINE('',#12268,#2518);
#2195=LINE('',#12274,#2519);
#2196=LINE('',#12280,#2520);
#2197=LINE('',#12285,#2521);
#2198=LINE('',#12287,#2522);
#2199=LINE('',#12289,#2523);
#2200=LINE('',#12290,#2524);
#2201=LINE('',#12296,#2525);
#2202=LINE('',#12299,#2526);
#2203=LINE('',#12301,#2527);
#2204=LINE('',#12302,#2528);
#2205=LINE('',#12308,#2529);
#2206=LINE('',#12311,#2530);
#2207=LINE('',#12313,#2531);
#2208=LINE('',#12314,#2532);
#2209=LINE('',#12320,#2533);
#2210=LINE('',#12323,#2534);
#2211=LINE('',#12325,#2535);
#2212=LINE('',#12326,#2536);
#2213=VECTOR('',#8229,2.5);
#2214=VECTOR('',#8236,2.5);
#2215=VECTOR('',#8243,2.5);
#2216=VECTOR('',#8250,2.5);
#2217=VECTOR('',#8257,2.5);
#2218=VECTOR('',#8264,2.5);
#2219=VECTOR('',#8271,2.5);
#2220=VECTOR('',#8278,2.5);
#2221=VECTOR('',#8285,2.5);
#2222=VECTOR('',#8292,2.5);
#2223=VECTOR('',#8299,2.5);
#2224=VECTOR('',#8306,2.5);
#2225=VECTOR('',#8313,2.5);
#2226=VECTOR('',#8320,2.5);
#2227=VECTOR('',#8327,2.5);
#2228=VECTOR('',#8334,2.5);
#2229=VECTOR('',#8341,2.5);
#2230=VECTOR('',#8348,2.5);
#2231=VECTOR('',#8355,2.5);
#2232=VECTOR('',#8362,2.5);
#2233=VECTOR('',#8369,2.5);
#2234=VECTOR('',#8376,2.5);
#2235=VECTOR('',#8383,2.5);
#2236=VECTOR('',#8390,2.5);
#2237=VECTOR('',#8397,2.5);
#2238=VECTOR('',#8404,2.5);
#2239=VECTOR('',#8411,2.5);
#2240=VECTOR('',#8418,2.5);
#2241=VECTOR('',#8425,2.5);
#2242=VECTOR('',#8432,2.5);
#2243=VECTOR('',#8439,2.5);
#2244=VECTOR('',#8446,2.5);
#2245=VECTOR('',#8453,2.5);
#2246=VECTOR('',#8460,2.5);
#2247=VECTOR('',#8467,2.5);
#2248=VECTOR('',#8474,2.5);
#2249=VECTOR('',#8481,2.5);
#2250=VECTOR('',#8488,2.5);
#2251=VECTOR('',#8495,2.5);
#2252=VECTOR('',#8502,2.5);
#2253=VECTOR('',#8509,2.5);
#2254=VECTOR('',#8516,2.5);
#2255=VECTOR('',#8523,2.5);
#2256=VECTOR('',#8530,2.5);
#2257=VECTOR('',#8537,2.5);
#2258=VECTOR('',#8544,2.5);
#2259=VECTOR('',#8551,2.5);
#2260=VECTOR('',#8558,2.5);
#2261=VECTOR('',#8565,2.5);
#2262=VECTOR('',#8572,2.5);
#2263=VECTOR('',#8579,2.5);
#2264=VECTOR('',#8586,2.5);
#2265=VECTOR('',#8593,2.5);
#2266=VECTOR('',#8600,2.5);
#2267=VECTOR('',#8607,2.5);
#2268=VECTOR('',#8614,2.5);
#2269=VECTOR('',#8621,2.5);
#2270=VECTOR('',#8628,2.5);
#2271=VECTOR('',#8635,2.5);
#2272=VECTOR('',#8642,2.5);
#2273=VECTOR('',#8649,2.5);
#2274=VECTOR('',#8656,2.5);
#2275=VECTOR('',#8663,2.5);
#2276=VECTOR('',#8670,2.5);
#2277=VECTOR('',#8677,2.5);
#2278=VECTOR('',#8684,2.5);
#2279=VECTOR('',#8691,2.5);
#2280=VECTOR('',#8698,2.5);
#2281=VECTOR('',#8705,2.5);
#2282=VECTOR('',#8712,2.5);
#2283=VECTOR('',#8719,2.5);
#2284=VECTOR('',#8726,2.5);
#2285=VECTOR('',#8733,2.5);
#2286=VECTOR('',#8740,2.5);
#2287=VECTOR('',#8747,2.5);
#2288=VECTOR('',#8754,2.5);
#2289=VECTOR('',#8761,2.5);
#2290=VECTOR('',#8768,2.5);
#2291=VECTOR('',#8775,2.5);
#2292=VECTOR('',#8782,2.5);
#2293=VECTOR('',#8789,2.5);
#2294=VECTOR('',#8796,2.5);
#2295=VECTOR('',#8803,2.5);
#2296=VECTOR('',#8810,2.5);
#2297=VECTOR('',#8817,2.5);
#2298=VECTOR('',#8824,2.5);
#2299=VECTOR('',#8831,2.5);
#2300=VECTOR('',#8838,2.5);
#2301=VECTOR('',#8845,2.5);
#2302=VECTOR('',#8852,2.5);
#2303=VECTOR('',#8859,2.5);
#2304=VECTOR('',#8866,2.5);
#2305=VECTOR('',#8873,2.5);
#2306=VECTOR('',#8880,2.5);
#2307=VECTOR('',#8887,2.5);
#2308=VECTOR('',#8894,2.5);
#2309=VECTOR('',#8901,2.5);
#2310=VECTOR('',#8908,2.5);
#2311=VECTOR('',#8915,2.5);
#2312=VECTOR('',#8922,2.5);
#2313=VECTOR('',#8929,2.5);
#2314=VECTOR('',#8936,2.5);
#2315=VECTOR('',#8943,2.5);
#2316=VECTOR('',#8950,2.5);
#2317=VECTOR('',#8957,2.5);
#2318=VECTOR('',#8964,2.5);
#2319=VECTOR('',#8971,2.5);
#2320=VECTOR('',#8978,2.5);
#2321=VECTOR('',#8985,2.5);
#2322=VECTOR('',#8992,2.5);
#2323=VECTOR('',#8999,2.5);
#2324=VECTOR('',#9006,2.5);
#2325=VECTOR('',#9013,2.5);
#2326=VECTOR('',#9020,2.5);
#2327=VECTOR('',#9027,2.5);
#2328=VECTOR('',#9034,2.5);
#2329=VECTOR('',#9041,2.5);
#2330=VECTOR('',#9048,2.5);
#2331=VECTOR('',#9055,2.5);
#2332=VECTOR('',#9062,2.5);
#2333=VECTOR('',#9069,2.5);
#2334=VECTOR('',#9076,2.5);
#2335=VECTOR('',#9083,2.5);
#2336=VECTOR('',#9090,2.5);
#2337=VECTOR('',#9097,2.5);
#2338=VECTOR('',#9104,2.5);
#2339=VECTOR('',#9111,2.5);
#2340=VECTOR('',#9118,2.5);
#2341=VECTOR('',#9125,2.5);
#2342=VECTOR('',#9132,2.5);
#2343=VECTOR('',#9139,2.5);
#2344=VECTOR('',#9146,2.5);
#2345=VECTOR('',#9153,2.5);
#2346=VECTOR('',#9160,2.5);
#2347=VECTOR('',#9167,2.5);
#2348=VECTOR('',#9174,2.5);
#2349=VECTOR('',#9181,2.5);
#2350=VECTOR('',#9188,2.5);
#2351=VECTOR('',#9195,2.5);
#2352=VECTOR('',#9202,2.5);
#2353=VECTOR('',#9209,2.5);
#2354=VECTOR('',#9216,2.5);
#2355=VECTOR('',#9223,2.5);
#2356=VECTOR('',#9230,2.5);
#2357=VECTOR('',#9237,2.5);
#2358=VECTOR('',#9244,2.5);
#2359=VECTOR('',#9251,2.5);
#2360=VECTOR('',#9258,2.5);
#2361=VECTOR('',#9265,2.5);
#2362=VECTOR('',#9272,2.5);
#2363=VECTOR('',#9279,2.5);
#2364=VECTOR('',#9286,2.5);
#2365=VECTOR('',#9293,2.5);
#2366=VECTOR('',#9300,2.5);
#2367=VECTOR('',#9307,2.5);
#2368=VECTOR('',#9314,2.5);
#2369=VECTOR('',#9321,2.5);
#2370=VECTOR('',#9328,2.5);
#2371=VECTOR('',#9335,2.5);
#2372=VECTOR('',#9342,2.5);
#2373=VECTOR('',#9349,2.5);
#2374=VECTOR('',#9356,2.5);
#2375=VECTOR('',#9363,2.5);
#2376=VECTOR('',#9370,2.5);
#2377=VECTOR('',#9377,2.5);
#2378=VECTOR('',#9384,2.5);
#2379=VECTOR('',#9391,2.5);
#2380=VECTOR('',#9398,2.5);
#2381=VECTOR('',#9405,2.5);
#2382=VECTOR('',#9412,2.5);
#2383=VECTOR('',#9419,2.5);
#2384=VECTOR('',#9426,2.5);
#2385=VECTOR('',#9433,2.5);
#2386=VECTOR('',#9440,2.5);
#2387=VECTOR('',#9447,2.5);
#2388=VECTOR('',#9454,2.5);
#2389=VECTOR('',#9461,2.5);
#2390=VECTOR('',#9468,2.5);
#2391=VECTOR('',#9475,2.5);
#2392=VECTOR('',#9482,2.5);
#2393=VECTOR('',#9489,2.5);
#2394=VECTOR('',#9496,2.5);
#2395=VECTOR('',#9503,2.5);
#2396=VECTOR('',#9510,2.5);
#2397=VECTOR('',#9517,2.5);
#2398=VECTOR('',#9524,2.5);
#2399=VECTOR('',#9531,2.5);
#2400=VECTOR('',#9538,2.5);
#2401=VECTOR('',#9545,2.5);
#2402=VECTOR('',#9552,2.5);
#2403=VECTOR('',#9559,2.5);
#2404=VECTOR('',#9566,2.5);
#2405=VECTOR('',#9573,2.5);
#2406=VECTOR('',#9580,2.5);
#2407=VECTOR('',#9587,2.5);
#2408=VECTOR('',#9594,2.5);
#2409=VECTOR('',#9601,2.5);
#2410=VECTOR('',#9608,2.5);
#2411=VECTOR('',#9615,2.5);
#2412=VECTOR('',#9622,2.5);
#2413=VECTOR('',#9629,2.5);
#2414=VECTOR('',#9636,2.5);
#2415=VECTOR('',#9643,2.5);
#2416=VECTOR('',#9650,2.5);
#2417=VECTOR('',#9657,2.5);
#2418=VECTOR('',#9664,2.5);
#2419=VECTOR('',#9671,2.5);
#2420=VECTOR('',#9678,2.5);
#2421=VECTOR('',#9685,2.5);
#2422=VECTOR('',#9692,2.5);
#2423=VECTOR('',#9699,2.5);
#2424=VECTOR('',#9706,2.5);
#2425=VECTOR('',#9713,2.5);
#2426=VECTOR('',#9720,2.5);
#2427=VECTOR('',#9727,2.5);
#2428=VECTOR('',#9734,2.5);
#2429=VECTOR('',#9741,2.5);
#2430=VECTOR('',#9748,2.5);
#2431=VECTOR('',#9755,2.5);
#2432=VECTOR('',#9762,2.5);
#2433=VECTOR('',#9769,2.5);
#2434=VECTOR('',#9776,2.5);
#2435=VECTOR('',#9783,2.5);
#2436=VECTOR('',#9790,2.5);
#2437=VECTOR('',#9797,2.5);
#2438=VECTOR('',#9804,2.5);
#2439=VECTOR('',#9811,2.5);
#2440=VECTOR('',#9818,2.5);
#2441=VECTOR('',#9825,2.5);
#2442=VECTOR('',#9832,2.5);
#2443=VECTOR('',#9839,2.5);
#2444=VECTOR('',#9846,2.5);
#2445=VECTOR('',#9853,2.5);
#2446=VECTOR('',#9860,2.5);
#2447=VECTOR('',#9867,2.5);
#2448=VECTOR('',#9874,2.5);
#2449=VECTOR('',#9881,2.5);
#2450=VECTOR('',#9888,2.5);
#2451=VECTOR('',#9895,2.5);
#2452=VECTOR('',#9902,2.5);
#2453=VECTOR('',#9909,2.5);
#2454=VECTOR('',#9916,2.5);
#2455=VECTOR('',#9923,2.5);
#2456=VECTOR('',#9930,2.5);
#2457=VECTOR('',#9937,2.5);
#2458=VECTOR('',#9944,2.5);
#2459=VECTOR('',#9951,2.5);
#2460=VECTOR('',#9958,2.5);
#2461=VECTOR('',#9965,2.5);
#2462=VECTOR('',#9972,2.5);
#2463=VECTOR('',#9979,2.5);
#2464=VECTOR('',#9986,2.5);
#2465=VECTOR('',#9993,2.5);
#2466=VECTOR('',#10000,2.5);
#2467=VECTOR('',#10007,2.5);
#2468=VECTOR('',#10014,2.5);
#2469=VECTOR('',#10021,2.5);
#2470=VECTOR('',#10028,2.5);
#2471=VECTOR('',#10035,2.5);
#2472=VECTOR('',#10042,2.5);
#2473=VECTOR('',#10049,2.5);
#2474=VECTOR('',#10056,2.5);
#2475=VECTOR('',#10063,2.5);
#2476=VECTOR('',#10070,2.5);
#2477=VECTOR('',#10077,2.5);
#2478=VECTOR('',#10084,2.5);
#2479=VECTOR('',#10091,2.5);
#2480=VECTOR('',#10098,2.5);
#2481=VECTOR('',#10105,2.5);
#2482=VECTOR('',#10112,2.5);
#2483=VECTOR('',#10119,2.5);
#2484=VECTOR('',#10126,2.5);
#2485=VECTOR('',#10133,2.5);
#2486=VECTOR('',#10140,2.5);
#2487=VECTOR('',#10147,2.5);
#2488=VECTOR('',#10154,2.5);
#2489=VECTOR('',#10161,2.5);
#2490=VECTOR('',#10168,2.5);
#2491=VECTOR('',#10175,2.5);
#2492=VECTOR('',#10182,2.5);
#2493=VECTOR('',#10189,2.5);
#2494=VECTOR('',#10196,2.5);
#2495=VECTOR('',#10203,2.5);
#2496=VECTOR('',#10210,2.5);
#2497=VECTOR('',#10217,2.5);
#2498=VECTOR('',#10224,2.5);
#2499=VECTOR('',#10231,2.5);
#2500=VECTOR('',#10238,2.5);
#2501=VECTOR('',#10245,2.5);
#2502=VECTOR('',#10252,2.5);
#2503=VECTOR('',#10259,2.5);
#2504=VECTOR('',#10266,2.5);
#2505=VECTOR('',#10273,2.5);
#2506=VECTOR('',#10280,2.5);
#2507=VECTOR('',#10287,2.5);
#2508=VECTOR('',#10294,2.5);
#2509=VECTOR('',#10301,2.5);
#2510=VECTOR('',#10308,2.5);
#2511=VECTOR('',#10315,2.5);
#2512=VECTOR('',#10322,2.5);
#2513=VECTOR('',#10329,2.5);
#2514=VECTOR('',#10336,2.5);
#2515=VECTOR('',#10343,2.5);
#2516=VECTOR('',#10350,2.5);
#2517=VECTOR('',#10357,2.5);
#2518=VECTOR('',#10364,2.5);
#2519=VECTOR('',#10371,2.5);
#2520=VECTOR('',#10378,2.5);
#2521=VECTOR('',#10383,10.);
#2522=VECTOR('',#10384,10.);
#2523=VECTOR('',#10385,10.);
#2524=VECTOR('',#10386,10.);
#2525=VECTOR('',#10393,10.);
#2526=VECTOR('',#10396,10.);
#2527=VECTOR('',#10397,10.);
#2528=VECTOR('',#10398,10.);
#2529=VECTOR('',#10405,10.);
#2530=VECTOR('',#10408,10.);
#2531=VECTOR('',#10409,10.);
#2532=VECTOR('',#10410,10.);
#2533=VECTOR('',#10417,10.);
#2534=VECTOR('',#10420,10.);
#2535=VECTOR('',#10421,10.);
#2536=VECTOR('',#10422,10.);
#2537=CIRCLE('',#7282,2.5);
#2538=CIRCLE('',#7283,2.5);
#2539=CIRCLE('',#7285,2.5);
#2540=CIRCLE('',#7286,2.5);
#2541=CIRCLE('',#7288,2.5);
#2542=CIRCLE('',#7289,2.5);
#2543=CIRCLE('',#7291,2.5);
#2544=CIRCLE('',#7292,2.5);
#2545=CIRCLE('',#7294,2.5);
#2546=CIRCLE('',#7295,2.5);
#2547=CIRCLE('',#7297,2.5);
#2548=CIRCLE('',#7298,2.5);
#2549=CIRCLE('',#7300,2.5);
#2550=CIRCLE('',#7301,2.5);
#2551=CIRCLE('',#7303,2.5);
#2552=CIRCLE('',#7304,2.5);
#2553=CIRCLE('',#7306,2.5);
#2554=CIRCLE('',#7307,2.5);
#2555=CIRCLE('',#7309,2.5);
#2556=CIRCLE('',#7310,2.5);
#2557=CIRCLE('',#7312,2.5);
#2558=CIRCLE('',#7313,2.5);
#2559=CIRCLE('',#7315,2.5);
#2560=CIRCLE('',#7316,2.5);
#2561=CIRCLE('',#7318,2.5);
#2562=CIRCLE('',#7319,2.5);
#2563=CIRCLE('',#7321,2.5);
#2564=CIRCLE('',#7322,2.5);
#2565=CIRCLE('',#7324,2.5);
#2566=CIRCLE('',#7325,2.5);
#2567=CIRCLE('',#7327,2.5);
#2568=CIRCLE('',#7328,2.5);
#2569=CIRCLE('',#7330,2.5);
#2570=CIRCLE('',#7331,2.5);
#2571=CIRCLE('',#7333,2.5);
#2572=CIRCLE('',#7334,2.5);
#2573=CIRCLE('',#7336,2.5);
#2574=CIRCLE('',#7337,2.5);
#2575=CIRCLE('',#7339,2.5);
#2576=CIRCLE('',#7340,2.5);
#2577=CIRCLE('',#7342,2.5);
#2578=CIRCLE('',#7343,2.5);
#2579=CIRCLE('',#7345,2.5);
#2580=CIRCLE('',#7346,2.5);
#2581=CIRCLE('',#7348,2.5);
#2582=CIRCLE('',#7349,2.5);
#2583=CIRCLE('',#7351,2.5);
#2584=CIRCLE('',#7352,2.5);
#2585=CIRCLE('',#7354,2.5);
#2586=CIRCLE('',#7355,2.5);
#2587=CIRCLE('',#7357,2.5);
#2588=CIRCLE('',#7358,2.5);
#2589=CIRCLE('',#7360,2.5);
#2590=CIRCLE('',#7361,2.5);
#2591=CIRCLE('',#7363,2.5);
#2592=CIRCLE('',#7364,2.5);
#2593=CIRCLE('',#7366,2.5);
#2594=CIRCLE('',#7367,2.5);
#2595=CIRCLE('',#7369,2.5);
#2596=CIRCLE('',#7370,2.5);
#2597=CIRCLE('',#7372,2.5);
#2598=CIRCLE('',#7373,2.5);
#2599=CIRCLE('',#7375,2.5);
#2600=CIRCLE('',#7376,2.5);
#2601=CIRCLE('',#7378,2.5);
#2602=CIRCLE('',#7379,2.5);
#2603=CIRCLE('',#7381,2.5);
#2604=CIRCLE('',#7382,2.5);
#2605=CIRCLE('',#7384,2.5);
#2606=CIRCLE('',#7385,2.5);
#2607=CIRCLE('',#7387,2.5);
#2608=CIRCLE('',#7388,2.5);
#2609=CIRCLE('',#7390,2.5);
#2610=CIRCLE('',#7391,2.5);
#2611=CIRCLE('',#7393,2.5);
#2612=CIRCLE('',#7394,2.5);
#2613=CIRCLE('',#7396,2.5);
#2614=CIRCLE('',#7397,2.5);
#2615=CIRCLE('',#7399,2.5);
#2616=CIRCLE('',#7400,2.5);
#2617=CIRCLE('',#7402,2.5);
#2618=CIRCLE('',#7403,2.5);
#2619=CIRCLE('',#7405,2.5);
#2620=CIRCLE('',#7406,2.5);
#2621=CIRCLE('',#7408,2.5);
#2622=CIRCLE('',#7409,2.5);
#2623=CIRCLE('',#7411,2.5);
#2624=CIRCLE('',#7412,2.5);
#2625=CIRCLE('',#7414,2.5);
#2626=CIRCLE('',#7415,2.5);
#2627=CIRCLE('',#7417,2.5);
#2628=CIRCLE('',#7418,2.5);
#2629=CIRCLE('',#7420,2.5);
#2630=CIRCLE('',#7421,2.5);
#2631=CIRCLE('',#7423,2.5);
#2632=CIRCLE('',#7424,2.5);
#2633=CIRCLE('',#7426,2.5);
#2634=CIRCLE('',#7427,2.5);
#2635=CIRCLE('',#7429,2.5);
#2636=CIRCLE('',#7430,2.5);
#2637=CIRCLE('',#7432,2.5);
#2638=CIRCLE('',#7433,2.5);
#2639=CIRCLE('',#7435,2.5);
#2640=CIRCLE('',#7436,2.5);
#2641=CIRCLE('',#7438,2.5);
#2642=CIRCLE('',#7439,2.5);
#2643=CIRCLE('',#7441,2.5);
#2644=CIRCLE('',#7442,2.5);
#2645=CIRCLE('',#7444,2.5);
#2646=CIRCLE('',#7445,2.5);
#2647=CIRCLE('',#7447,2.5);
#2648=CIRCLE('',#7448,2.5);
#2649=CIRCLE('',#7450,2.5);
#2650=CIRCLE('',#7451,2.5);
#2651=CIRCLE('',#7453,2.5);
#2652=CIRCLE('',#7454,2.5);
#2653=CIRCLE('',#7456,2.5);
#2654=CIRCLE('',#7457,2.5);
#2655=CIRCLE('',#7459,2.5);
#2656=CIRCLE('',#7460,2.5);
#2657=CIRCLE('',#7462,2.5);
#2658=CIRCLE('',#7463,2.5);
#2659=CIRCLE('',#7465,2.5);
#2660=CIRCLE('',#7466,2.5);
#2661=CIRCLE('',#7468,2.5);
#2662=CIRCLE('',#7469,2.5);
#2663=CIRCLE('',#7471,2.5);
#2664=CIRCLE('',#7472,2.5);
#2665=CIRCLE('',#7474,2.5);
#2666=CIRCLE('',#7475,2.5);
#2667=CIRCLE('',#7477,2.5);
#2668=CIRCLE('',#7478,2.5);
#2669=CIRCLE('',#7480,2.5);
#2670=CIRCLE('',#7481,2.5);
#2671=CIRCLE('',#7483,2.5);
#2672=CIRCLE('',#7484,2.5);
#2673=CIRCLE('',#7486,2.5);
#2674=CIRCLE('',#7487,2.5);
#2675=CIRCLE('',#7489,2.5);
#2676=CIRCLE('',#7490,2.5);
#2677=CIRCLE('',#7492,2.5);
#2678=CIRCLE('',#7493,2.5);
#2679=CIRCLE('',#7495,2.5);
#2680=CIRCLE('',#7496,2.5);
#2681=CIRCLE('',#7498,2.5);
#2682=CIRCLE('',#7499,2.5);
#2683=CIRCLE('',#7501,2.5);
#2684=CIRCLE('',#7502,2.5);
#2685=CIRCLE('',#7504,2.5);
#2686=CIRCLE('',#7505,2.5);
#2687=CIRCLE('',#7507,2.5);
#2688=CIRCLE('',#7508,2.5);
#2689=CIRCLE('',#7510,2.5);
#2690=CIRCLE('',#7511,2.5);
#2691=CIRCLE('',#7513,2.5);
#2692=CIRCLE('',#7514,2.5);
#2693=CIRCLE('',#7516,2.5);
#2694=CIRCLE('',#7517,2.5);
#2695=CIRCLE('',#7519,2.5);
#2696=CIRCLE('',#7520,2.5);
#2697=CIRCLE('',#7522,2.5);
#2698=CIRCLE('',#7523,2.5);
#2699=CIRCLE('',#7525,2.5);
#2700=CIRCLE('',#7526,2.5);
#2701=CIRCLE('',#7528,2.5);
#2702=CIRCLE('',#7529,2.5);
#2703=CIRCLE('',#7531,2.5);
#2704=CIRCLE('',#7532,2.5);
#2705=CIRCLE('',#7534,2.5);
#2706=CIRCLE('',#7535,2.5);
#2707=CIRCLE('',#7537,2.5);
#2708=CIRCLE('',#7538,2.5);
#2709=CIRCLE('',#7540,2.5);
#2710=CIRCLE('',#7541,2.5);
#2711=CIRCLE('',#7543,2.5);
#2712=CIRCLE('',#7544,2.5);
#2713=CIRCLE('',#7546,2.5);
#2714=CIRCLE('',#7547,2.5);
#2715=CIRCLE('',#7549,2.5);
#2716=CIRCLE('',#7550,2.5);
#2717=CIRCLE('',#7552,2.5);
#2718=CIRCLE('',#7553,2.5);
#2719=CIRCLE('',#7555,2.5);
#2720=CIRCLE('',#7556,2.5);
#2721=CIRCLE('',#7558,2.5);
#2722=CIRCLE('',#7559,2.5);
#2723=CIRCLE('',#7561,2.5);
#2724=CIRCLE('',#7562,2.5);
#2725=CIRCLE('',#7564,2.5);
#2726=CIRCLE('',#7565,2.5);
#2727=CIRCLE('',#7567,2.5);
#2728=CIRCLE('',#7568,2.5);
#2729=CIRCLE('',#7570,2.5);
#2730=CIRCLE('',#7571,2.5);
#2731=CIRCLE('',#7573,2.5);
#2732=CIRCLE('',#7574,2.5);
#2733=CIRCLE('',#7576,2.5);
#2734=CIRCLE('',#7577,2.5);
#2735=CIRCLE('',#7579,2.5);
#2736=CIRCLE('',#7580,2.5);
#2737=CIRCLE('',#7582,2.5);
#2738=CIRCLE('',#7583,2.5);
#2739=CIRCLE('',#7585,2.5);
#2740=CIRCLE('',#7586,2.5);
#2741=CIRCLE('',#7588,2.5);
#2742=CIRCLE('',#7589,2.5);
#2743=CIRCLE('',#7591,2.5);
#2744=CIRCLE('',#7592,2.5);
#2745=CIRCLE('',#7594,2.5);
#2746=CIRCLE('',#7595,2.5);
#2747=CIRCLE('',#7597,2.5);
#2748=CIRCLE('',#7598,2.5);
#2749=CIRCLE('',#7600,2.5);
#2750=CIRCLE('',#7601,2.5);
#2751=CIRCLE('',#7603,2.5);
#2752=CIRCLE('',#7604,2.5);
#2753=CIRCLE('',#7606,2.5);
#2754=CIRCLE('',#7607,2.5);
#2755=CIRCLE('',#7609,2.5);
#2756=CIRCLE('',#7610,2.5);
#2757=CIRCLE('',#7612,2.5);
#2758=CIRCLE('',#7613,2.5);
#2759=CIRCLE('',#7615,2.5);
#2760=CIRCLE('',#7616,2.5);
#2761=CIRCLE('',#7618,2.5);
#2762=CIRCLE('',#7619,2.5);
#2763=CIRCLE('',#7621,2.5);
#2764=CIRCLE('',#7622,2.5);
#2765=CIRCLE('',#7624,2.5);
#2766=CIRCLE('',#7625,2.5);
#2767=CIRCLE('',#7627,2.5);
#2768=CIRCLE('',#7628,2.5);
#2769=CIRCLE('',#7630,2.5);
#2770=CIRCLE('',#7631,2.5);
#2771=CIRCLE('',#7633,2.5);
#2772=CIRCLE('',#7634,2.5);
#2773=CIRCLE('',#7636,2.5);
#2774=CIRCLE('',#7637,2.5);
#2775=CIRCLE('',#7639,2.5);
#2776=CIRCLE('',#7640,2.5);
#2777=CIRCLE('',#7642,2.5);
#2778=CIRCLE('',#7643,2.5);
#2779=CIRCLE('',#7645,2.5);
#2780=CIRCLE('',#7646,2.5);
#2781=CIRCLE('',#7648,2.5);
#2782=CIRCLE('',#7649,2.5);
#2783=CIRCLE('',#7651,2.5);
#2784=CIRCLE('',#7652,2.5);
#2785=CIRCLE('',#7654,2.5);
#2786=CIRCLE('',#7655,2.5);
#2787=CIRCLE('',#7657,2.5);
#2788=CIRCLE('',#7658,2.5);
#2789=CIRCLE('',#7660,2.5);
#2790=CIRCLE('',#7661,2.5);
#2791=CIRCLE('',#7663,2.5);
#2792=CIRCLE('',#7664,2.5);
#2793=CIRCLE('',#7666,2.5);
#2794=CIRCLE('',#7667,2.5);
#2795=CIRCLE('',#7669,2.5);
#2796=CIRCLE('',#7670,2.5);
#2797=CIRCLE('',#7672,2.5);
#2798=CIRCLE('',#7673,2.5);
#2799=CIRCLE('',#7675,2.5);
#2800=CIRCLE('',#7676,2.5);
#2801=CIRCLE('',#7678,2.5);
#2802=CIRCLE('',#7679,2.5);
#2803=CIRCLE('',#7681,2.5);
#2804=CIRCLE('',#7682,2.5);
#2805=CIRCLE('',#7684,2.5);
#2806=CIRCLE('',#7685,2.5);
#2807=CIRCLE('',#7687,2.5);
#2808=CIRCLE('',#7688,2.5);
#2809=CIRCLE('',#7690,2.5);
#2810=CIRCLE('',#7691,2.5);
#2811=CIRCLE('',#7693,2.5);
#2812=CIRCLE('',#7694,2.5);
#2813=CIRCLE('',#7696,2.5);
#2814=CIRCLE('',#7697,2.5);
#2815=CIRCLE('',#7699,2.5);
#2816=CIRCLE('',#7700,2.5);
#2817=CIRCLE('',#7702,2.5);
#2818=CIRCLE('',#7703,2.5);
#2819=CIRCLE('',#7705,2.5);
#2820=CIRCLE('',#7706,2.5);
#2821=CIRCLE('',#7708,2.5);
#2822=CIRCLE('',#7709,2.5);
#2823=CIRCLE('',#7711,2.5);
#2824=CIRCLE('',#7712,2.5);
#2825=CIRCLE('',#7714,2.5);
#2826=CIRCLE('',#7715,2.5);
#2827=CIRCLE('',#7717,2.5);
#2828=CIRCLE('',#7718,2.5);
#2829=CIRCLE('',#7720,2.5);
#2830=CIRCLE('',#7721,2.5);
#2831=CIRCLE('',#7723,2.5);
#2832=CIRCLE('',#7724,2.5);
#2833=CIRCLE('',#7726,2.5);
#2834=CIRCLE('',#7727,2.5);
#2835=CIRCLE('',#7729,2.5);
#2836=CIRCLE('',#7730,2.5);
#2837=CIRCLE('',#7732,2.5);
#2838=CIRCLE('',#7733,2.5);
#2839=CIRCLE('',#7735,2.5);
#2840=CIRCLE('',#7736,2.5);
#2841=CIRCLE('',#7738,2.5);
#2842=CIRCLE('',#7739,2.5);
#2843=CIRCLE('',#7741,2.5);
#2844=CIRCLE('',#7742,2.5);
#2845=CIRCLE('',#7744,2.5);
#2846=CIRCLE('',#7745,2.5);
#2847=CIRCLE('',#7747,2.5);
#2848=CIRCLE('',#7748,2.5);
#2849=CIRCLE('',#7750,2.5);
#2850=CIRCLE('',#7751,2.5);
#2851=CIRCLE('',#7753,2.5);
#2852=CIRCLE('',#7754,2.5);
#2853=CIRCLE('',#7756,2.5);
#2854=CIRCLE('',#7757,2.5);
#2855=CIRCLE('',#7759,2.5);
#2856=CIRCLE('',#7760,2.5);
#2857=CIRCLE('',#7762,2.5);
#2858=CIRCLE('',#7763,2.5);
#2859=CIRCLE('',#7765,2.5);
#2860=CIRCLE('',#7766,2.5);
#2861=CIRCLE('',#7768,2.5);
#2862=CIRCLE('',#7769,2.5);
#2863=CIRCLE('',#7771,2.5);
#2864=CIRCLE('',#7772,2.5);
#2865=CIRCLE('',#7774,2.5);
#2866=CIRCLE('',#7775,2.5);
#2867=CIRCLE('',#7777,2.5);
#2868=CIRCLE('',#7778,2.5);
#2869=CIRCLE('',#7780,2.5);
#2870=CIRCLE('',#7781,2.5);
#2871=CIRCLE('',#7783,2.5);
#2872=CIRCLE('',#7784,2.5);
#2873=CIRCLE('',#7786,2.5);
#2874=CIRCLE('',#7787,2.5);
#2875=CIRCLE('',#7789,2.5);
#2876=CIRCLE('',#7790,2.5);
#2877=CIRCLE('',#7792,2.5);
#2878=CIRCLE('',#7793,2.5);
#2879=CIRCLE('',#7795,2.5);
#2880=CIRCLE('',#7796,2.5);
#2881=CIRCLE('',#7798,2.5);
#2882=CIRCLE('',#7799,2.5);
#2883=CIRCLE('',#7801,2.5);
#2884=CIRCLE('',#7802,2.5);
#2885=CIRCLE('',#7804,2.5);
#2886=CIRCLE('',#7805,2.5);
#2887=CIRCLE('',#7807,2.5);
#2888=CIRCLE('',#7808,2.5);
#2889=CIRCLE('',#7810,2.5);
#2890=CIRCLE('',#7811,2.5);
#2891=CIRCLE('',#7813,2.5);
#2892=CIRCLE('',#7814,2.5);
#2893=CIRCLE('',#7816,2.5);
#2894=CIRCLE('',#7817,2.5);
#2895=CIRCLE('',#7819,2.5);
#2896=CIRCLE('',#7820,2.5);
#2897=CIRCLE('',#7822,2.5);
#2898=CIRCLE('',#7823,2.5);
#2899=CIRCLE('',#7825,2.5);
#2900=CIRCLE('',#7826,2.5);
#2901=CIRCLE('',#7828,2.5);
#2902=CIRCLE('',#7829,2.5);
#2903=CIRCLE('',#7831,2.5);
#2904=CIRCLE('',#7832,2.5);
#2905=CIRCLE('',#7834,2.5);
#2906=CIRCLE('',#7835,2.5);
#2907=CIRCLE('',#7837,2.5);
#2908=CIRCLE('',#7838,2.5);
#2909=CIRCLE('',#7840,2.5);
#2910=CIRCLE('',#7841,2.5);
#2911=CIRCLE('',#7843,2.5);
#2912=CIRCLE('',#7844,2.5);
#2913=CIRCLE('',#7846,2.5);
#2914=CIRCLE('',#7847,2.5);
#2915=CIRCLE('',#7849,2.5);
#2916=CIRCLE('',#7850,2.5);
#2917=CIRCLE('',#7852,2.5);
#2918=CIRCLE('',#7853,2.5);
#2919=CIRCLE('',#7855,2.5);
#2920=CIRCLE('',#7856,2.5);
#2921=CIRCLE('',#7858,2.5);
#2922=CIRCLE('',#7859,2.5);
#2923=CIRCLE('',#7861,2.5);
#2924=CIRCLE('',#7862,2.5);
#2925=CIRCLE('',#7864,2.5);
#2926=CIRCLE('',#7865,2.5);
#2927=CIRCLE('',#7867,2.5);
#2928=CIRCLE('',#7868,2.5);
#2929=CIRCLE('',#7870,2.5);
#2930=CIRCLE('',#7871,2.5);
#2931=CIRCLE('',#7873,2.5);
#2932=CIRCLE('',#7874,2.5);
#2933=CIRCLE('',#7876,2.5);
#2934=CIRCLE('',#7877,2.5);
#2935=CIRCLE('',#7879,2.5);
#2936=CIRCLE('',#7880,2.5);
#2937=CIRCLE('',#7882,2.5);
#2938=CIRCLE('',#7883,2.5);
#2939=CIRCLE('',#7885,2.5);
#2940=CIRCLE('',#7886,2.5);
#2941=CIRCLE('',#7888,2.5);
#2942=CIRCLE('',#7889,2.5);
#2943=CIRCLE('',#7891,2.5);
#2944=CIRCLE('',#7892,2.5);
#2945=CIRCLE('',#7894,2.5);
#2946=CIRCLE('',#7895,2.5);
#2947=CIRCLE('',#7897,2.5);
#2948=CIRCLE('',#7898,2.5);
#2949=CIRCLE('',#7900,2.5);
#2950=CIRCLE('',#7901,2.5);
#2951=CIRCLE('',#7903,2.5);
#2952=CIRCLE('',#7904,2.5);
#2953=CIRCLE('',#7906,2.5);
#2954=CIRCLE('',#7907,2.5);
#2955=CIRCLE('',#7909,2.5);
#2956=CIRCLE('',#7910,2.5);
#2957=CIRCLE('',#7912,2.5);
#2958=CIRCLE('',#7913,2.5);
#2959=CIRCLE('',#7915,2.5);
#2960=CIRCLE('',#7916,2.5);
#2961=CIRCLE('',#7918,2.5);
#2962=CIRCLE('',#7919,2.5);
#2963=CIRCLE('',#7921,2.5);
#2964=CIRCLE('',#7922,2.5);
#2965=CIRCLE('',#7924,2.5);
#2966=CIRCLE('',#7925,2.5);
#2967=CIRCLE('',#7927,2.5);
#2968=CIRCLE('',#7928,2.5);
#2969=CIRCLE('',#7930,2.5);
#2970=CIRCLE('',#7931,2.5);
#2971=CIRCLE('',#7933,2.5);
#2972=CIRCLE('',#7934,2.5);
#2973=CIRCLE('',#7936,2.5);
#2974=CIRCLE('',#7937,2.5);
#2975=CIRCLE('',#7939,2.5);
#2976=CIRCLE('',#7940,2.5);
#2977=CIRCLE('',#7942,2.5);
#2978=CIRCLE('',#7943,2.5);
#2979=CIRCLE('',#7945,2.5);
#2980=CIRCLE('',#7946,2.5);
#2981=CIRCLE('',#7948,2.5);
#2982=CIRCLE('',#7949,2.5);
#2983=CIRCLE('',#7951,2.5);
#2984=CIRCLE('',#7952,2.5);
#2985=CIRCLE('',#7954,2.5);
#2986=CIRCLE('',#7955,2.5);
#2987=CIRCLE('',#7957,2.5);
#2988=CIRCLE('',#7958,2.5);
#2989=CIRCLE('',#7960,2.5);
#2990=CIRCLE('',#7961,2.5);
#2991=CIRCLE('',#7963,2.5);
#2992=CIRCLE('',#7964,2.5);
#2993=CIRCLE('',#7966,2.5);
#2994=CIRCLE('',#7967,2.5);
#2995=CIRCLE('',#7969,2.5);
#2996=CIRCLE('',#7970,2.5);
#2997=CIRCLE('',#7972,2.5);
#2998=CIRCLE('',#7973,2.5);
#2999=CIRCLE('',#7975,2.5);
#3000=CIRCLE('',#7976,2.5);
#3001=CIRCLE('',#7978,2.5);
#3002=CIRCLE('',#7979,2.5);
#3003=CIRCLE('',#7981,2.5);
#3004=CIRCLE('',#7982,2.5);
#3005=CIRCLE('',#7984,2.5);
#3006=CIRCLE('',#7985,2.5);
#3007=CIRCLE('',#7987,2.5);
#3008=CIRCLE('',#7988,2.5);
#3009=CIRCLE('',#7990,2.5);
#3010=CIRCLE('',#7991,2.5);
#3011=CIRCLE('',#7993,2.5);
#3012=CIRCLE('',#7994,2.5);
#3013=CIRCLE('',#7996,2.5);
#3014=CIRCLE('',#7997,2.5);
#3015=CIRCLE('',#7999,2.5);
#3016=CIRCLE('',#8000,2.5);
#3017=CIRCLE('',#8002,2.5);
#3018=CIRCLE('',#8003,2.5);
#3019=CIRCLE('',#8005,2.5);
#3020=CIRCLE('',#8006,2.5);
#3021=CIRCLE('',#8008,2.5);
#3022=CIRCLE('',#8009,2.5);
#3023=CIRCLE('',#8011,2.5);
#3024=CIRCLE('',#8012,2.5);
#3025=CIRCLE('',#8014,2.5);
#3026=CIRCLE('',#8015,2.5);
#3027=CIRCLE('',#8017,2.5);
#3028=CIRCLE('',#8018,2.5);
#3029=CIRCLE('',#8020,2.5);
#3030=CIRCLE('',#8021,2.5);
#3031=CIRCLE('',#8023,2.5);
#3032=CIRCLE('',#8024,2.5);
#3033=CIRCLE('',#8026,2.5);
#3034=CIRCLE('',#8027,2.5);
#3035=CIRCLE('',#8029,2.5);
#3036=CIRCLE('',#8030,2.5);
#3037=CIRCLE('',#8032,2.5);
#3038=CIRCLE('',#8033,2.5);
#3039=CIRCLE('',#8035,2.5);
#3040=CIRCLE('',#8036,2.5);
#3041=CIRCLE('',#8038,2.5);
#3042=CIRCLE('',#8039,2.5);
#3043=CIRCLE('',#8041,2.5);
#3044=CIRCLE('',#8042,2.5);
#3045=CIRCLE('',#8044,2.5);
#3046=CIRCLE('',#8045,2.5);
#3047=CIRCLE('',#8047,2.5);
#3048=CIRCLE('',#8048,2.5);
#3049=CIRCLE('',#8050,2.5);
#3050=CIRCLE('',#8051,2.5);
#3051=CIRCLE('',#8053,2.5);
#3052=CIRCLE('',#8054,2.5);
#3053=CIRCLE('',#8056,2.5);
#3054=CIRCLE('',#8057,2.5);
#3055=CIRCLE('',#8059,2.5);
#3056=CIRCLE('',#8060,2.5);
#3057=CIRCLE('',#8062,2.5);
#3058=CIRCLE('',#8063,2.5);
#3059=CIRCLE('',#8065,2.5);
#3060=CIRCLE('',#8066,2.5);
#3061=CIRCLE('',#8068,2.5);
#3062=CIRCLE('',#8069,2.5);
#3063=CIRCLE('',#8071,2.5);
#3064=CIRCLE('',#8072,2.5);
#3065=CIRCLE('',#8074,2.5);
#3066=CIRCLE('',#8075,2.5);
#3067=CIRCLE('',#8077,2.5);
#3068=CIRCLE('',#8078,2.5);
#3069=CIRCLE('',#8080,2.5);
#3070=CIRCLE('',#8081,2.5);
#3071=CIRCLE('',#8083,2.5);
#3072=CIRCLE('',#8084,2.5);
#3073=CIRCLE('',#8086,2.5);
#3074=CIRCLE('',#8087,2.5);
#3075=CIRCLE('',#8089,2.5);
#3076=CIRCLE('',#8090,2.5);
#3077=CIRCLE('',#8092,2.5);
#3078=CIRCLE('',#8093,2.5);
#3079=CIRCLE('',#8095,2.5);
#3080=CIRCLE('',#8096,2.5);
#3081=CIRCLE('',#8098,2.5);
#3082=CIRCLE('',#8099,2.5);
#3083=CIRCLE('',#8101,2.5);
#3084=CIRCLE('',#8102,2.5);
#3085=CIRCLE('',#8104,2.5);
#3086=CIRCLE('',#8105,2.5);
#3087=CIRCLE('',#8107,2.5);
#3088=CIRCLE('',#8108,2.5);
#3089=CIRCLE('',#8110,2.5);
#3090=CIRCLE('',#8111,2.5);
#3091=CIRCLE('',#8113,2.5);
#3092=CIRCLE('',#8114,2.5);
#3093=CIRCLE('',#8116,2.5);
#3094=CIRCLE('',#8117,2.5);
#3095=CIRCLE('',#8119,2.5);
#3096=CIRCLE('',#8120,2.5);
#3097=CIRCLE('',#8122,2.5);
#3098=CIRCLE('',#8123,2.5);
#3099=CIRCLE('',#8125,2.5);
#3100=CIRCLE('',#8126,2.5);
#3101=CIRCLE('',#8128,2.5);
#3102=CIRCLE('',#8129,2.5);
#3103=CIRCLE('',#8131,2.5);
#3104=CIRCLE('',#8132,2.5);
#3105=CIRCLE('',#8134,2.5);
#3106=CIRCLE('',#8135,2.5);
#3107=CIRCLE('',#8137,2.5);
#3108=CIRCLE('',#8138,2.5);
#3109=CIRCLE('',#8140,2.5);
#3110=CIRCLE('',#8141,2.5);
#3111=CIRCLE('',#8143,2.5);
#3112=CIRCLE('',#8144,2.5);
#3113=CIRCLE('',#8146,2.5);
#3114=CIRCLE('',#8147,2.5);
#3115=CIRCLE('',#8149,2.5);
#3116=CIRCLE('',#8150,2.5);
#3117=CIRCLE('',#8152,2.5);
#3118=CIRCLE('',#8153,2.5);
#3119=CIRCLE('',#8155,2.5);
#3120=CIRCLE('',#8156,2.5);
#3121=CIRCLE('',#8158,2.5);
#3122=CIRCLE('',#8159,2.5);
#3123=CIRCLE('',#8161,2.5);
#3124=CIRCLE('',#8162,2.5);
#3125=CIRCLE('',#8164,2.5);
#3126=CIRCLE('',#8165,2.5);
#3127=CIRCLE('',#8167,2.5);
#3128=CIRCLE('',#8168,2.5);
#3129=CIRCLE('',#8170,2.5);
#3130=CIRCLE('',#8171,2.5);
#3131=CIRCLE('',#8173,2.5);
#3132=CIRCLE('',#8174,2.5);
#3133=CIRCLE('',#8176,2.5);
#3134=CIRCLE('',#8177,2.5);
#3135=CIRCLE('',#8179,2.5);
#3136=CIRCLE('',#8180,2.5);
#3137=CIRCLE('',#8182,2.5);
#3138=CIRCLE('',#8183,2.5);
#3139=CIRCLE('',#8185,2.5);
#3140=CIRCLE('',#8186,2.5);
#3141=CIRCLE('',#8188,2.5);
#3142=CIRCLE('',#8189,2.5);
#3143=CIRCLE('',#8191,2.5);
#3144=CIRCLE('',#8192,2.5);
#3145=CIRCLE('',#8194,2.5);
#3146=CIRCLE('',#8195,2.5);
#3147=CIRCLE('',#8197,2.5);
#3148=CIRCLE('',#8198,2.5);
#3149=CIRCLE('',#8200,2.5);
#3150=CIRCLE('',#8201,2.5);
#3151=CIRCLE('',#8203,2.5);
#3152=CIRCLE('',#8204,2.5);
#3153=CIRCLE('',#8207,14.9999999999999);
#3154=CIRCLE('',#8208,14.9999999999999);
#3155=CIRCLE('',#8211,15.);
#3156=CIRCLE('',#8212,15.);
#3157=CIRCLE('',#8215,15.);
#3158=CIRCLE('',#8216,15.);
#3159=CIRCLE('',#8219,14.9999999999999);
#3160=CIRCLE('',#8220,14.9999999999999);
#3161=VERTEX_POINT('',#10435);
#3162=VERTEX_POINT('',#10437);
#3163=VERTEX_POINT('',#10441);
#3164=VERTEX_POINT('',#10443);
#3165=VERTEX_POINT('',#10447);
#3166=VERTEX_POINT('',#10449);
#3167=VERTEX_POINT('',#10453);
#3168=VERTEX_POINT('',#10455);
#3169=VERTEX_POINT('',#10459);
#3170=VERTEX_POINT('',#10461);
#3171=VERTEX_POINT('',#10465);
#3172=VERTEX_POINT('',#10467);
#3173=VERTEX_POINT('',#10471);
#3174=VERTEX_POINT('',#10473);
#3175=VERTEX_POINT('',#10477);
#3176=VERTEX_POINT('',#10479);
#3177=VERTEX_POINT('',#10483);
#3178=VERTEX_POINT('',#10485);
#3179=VERTEX_POINT('',#10489);
#3180=VERTEX_POINT('',#10491);
#3181=VERTEX_POINT('',#10495);
#3182=VERTEX_POINT('',#10497);
#3183=VERTEX_POINT('',#10501);
#3184=VERTEX_POINT('',#10503);
#3185=VERTEX_POINT('',#10507);
#3186=VERTEX_POINT('',#10509);
#3187=VERTEX_POINT('',#10513);
#3188=VERTEX_POINT('',#10515);
#3189=VERTEX_POINT('',#10519);
#3190=VERTEX_POINT('',#10521);
#3191=VERTEX_POINT('',#10525);
#3192=VERTEX_POINT('',#10527);
#3193=VERTEX_POINT('',#10531);
#3194=VERTEX_POINT('',#10533);
#3195=VERTEX_POINT('',#10537);
#3196=VERTEX_POINT('',#10539);
#3197=VERTEX_POINT('',#10543);
#3198=VERTEX_POINT('',#10545);
#3199=VERTEX_POINT('',#10549);
#3200=VERTEX_POINT('',#10551);
#3201=VERTEX_POINT('',#10555);
#3202=VERTEX_POINT('',#10557);
#3203=VERTEX_POINT('',#10561);
#3204=VERTEX_POINT('',#10563);
#3205=VERTEX_POINT('',#10567);
#3206=VERTEX_POINT('',#10569);
#3207=VERTEX_POINT('',#10573);
#3208=VERTEX_POINT('',#10575);
#3209=VERTEX_POINT('',#10579);
#3210=VERTEX_POINT('',#10581);
#3211=VERTEX_POINT('',#10585);
#3212=VERTEX_POINT('',#10587);
#3213=VERTEX_POINT('',#10591);
#3214=VERTEX_POINT('',#10593);
#3215=VERTEX_POINT('',#10597);
#3216=VERTEX_POINT('',#10599);
#3217=VERTEX_POINT('',#10603);
#3218=VERTEX_POINT('',#10605);
#3219=VERTEX_POINT('',#10609);
#3220=VERTEX_POINT('',#10611);
#3221=VERTEX_POINT('',#10615);
#3222=VERTEX_POINT('',#10617);
#3223=VERTEX_POINT('',#10621);
#3224=VERTEX_POINT('',#10623);
#3225=VERTEX_POINT('',#10627);
#3226=VERTEX_POINT('',#10629);
#3227=VERTEX_POINT('',#10633);
#3228=VERTEX_POINT('',#10635);
#3229=VERTEX_POINT('',#10639);
#3230=VERTEX_POINT('',#10641);
#3231=VERTEX_POINT('',#10645);
#3232=VERTEX_POINT('',#10647);
#3233=VERTEX_POINT('',#10651);
#3234=VERTEX_POINT('',#10653);
#3235=VERTEX_POINT('',#10657);
#3236=VERTEX_POINT('',#10659);
#3237=VERTEX_POINT('',#10663);
#3238=VERTEX_POINT('',#10665);
#3239=VERTEX_POINT('',#10669);
#3240=VERTEX_POINT('',#10671);
#3241=VERTEX_POINT('',#10675);
#3242=VERTEX_POINT('',#10677);
#3243=VERTEX_POINT('',#10681);
#3244=VERTEX_POINT('',#10683);
#3245=VERTEX_POINT('',#10687);
#3246=VERTEX_POINT('',#10689);
#3247=VERTEX_POINT('',#10693);
#3248=VERTEX_POINT('',#10695);
#3249=VERTEX_POINT('',#10699);
#3250=VERTEX_POINT('',#10701);
#3251=VERTEX_POINT('',#10705);
#3252=VERTEX_POINT('',#10707);
#3253=VERTEX_POINT('',#10711);
#3254=VERTEX_POINT('',#10713);
#3255=VERTEX_POINT('',#10717);
#3256=VERTEX_POINT('',#10719);
#3257=VERTEX_POINT('',#10723);
#3258=VERTEX_POINT('',#10725);
#3259=VERTEX_POINT('',#10729);
#3260=VERTEX_POINT('',#10731);
#3261=VERTEX_POINT('',#10735);
#3262=VERTEX_POINT('',#10737);
#3263=VERTEX_POINT('',#10741);
#3264=VERTEX_POINT('',#10743);
#3265=VERTEX_POINT('',#10747);
#3266=VERTEX_POINT('',#10749);
#3267=VERTEX_POINT('',#10753);
#3268=VERTEX_POINT('',#10755);
#3269=VERTEX_POINT('',#10759);
#3270=VERTEX_POINT('',#10761);
#3271=VERTEX_POINT('',#10765);
#3272=VERTEX_POINT('',#10767);
#3273=VERTEX_POINT('',#10771);
#3274=VERTEX_POINT('',#10773);
#3275=VERTEX_POINT('',#10777);
#3276=VERTEX_POINT('',#10779);
#3277=VERTEX_POINT('',#10783);
#3278=VERTEX_POINT('',#10785);
#3279=VERTEX_POINT('',#10789);
#3280=VERTEX_POINT('',#10791);
#3281=VERTEX_POINT('',#10795);
#3282=VERTEX_POINT('',#10797);
#3283=VERTEX_POINT('',#10801);
#3284=VERTEX_POINT('',#10803);
#3285=VERTEX_POINT('',#10807);
#3286=VERTEX_POINT('',#10809);
#3287=VERTEX_POINT('',#10813);
#3288=VERTEX_POINT('',#10815);
#3289=VERTEX_POINT('',#10819);
#3290=VERTEX_POINT('',#10821);
#3291=VERTEX_POINT('',#10825);
#3292=VERTEX_POINT('',#10827);
#3293=VERTEX_POINT('',#10831);
#3294=VERTEX_POINT('',#10833);
#3295=VERTEX_POINT('',#10837);
#3296=VERTEX_POINT('',#10839);
#3297=VERTEX_POINT('',#10843);
#3298=VERTEX_POINT('',#10845);
#3299=VERTEX_POINT('',#10849);
#3300=VERTEX_POINT('',#10851);
#3301=VERTEX_POINT('',#10855);
#3302=VERTEX_POINT('',#10857);
#3303=VERTEX_POINT('',#10861);
#3304=VERTEX_POINT('',#10863);
#3305=VERTEX_POINT('',#10867);
#3306=VERTEX_POINT('',#10869);
#3307=VERTEX_POINT('',#10873);
#3308=VERTEX_POINT('',#10875);
#3309=VERTEX_POINT('',#10879);
#3310=VERTEX_POINT('',#10881);
#3311=VERTEX_POINT('',#10885);
#3312=VERTEX_POINT('',#10887);
#3313=VERTEX_POINT('',#10891);
#3314=VERTEX_POINT('',#10893);
#3315=VERTEX_POINT('',#10897);
#3316=VERTEX_POINT('',#10899);
#3317=VERTEX_POINT('',#10903);
#3318=VERTEX_POINT('',#10905);
#3319=VERTEX_POINT('',#10909);
#3320=VERTEX_POINT('',#10911);
#3321=VERTEX_POINT('',#10915);
#3322=VERTEX_POINT('',#10917);
#3323=VERTEX_POINT('',#10921);
#3324=VERTEX_POINT('',#10923);
#3325=VERTEX_POINT('',#10927);
#3326=VERTEX_POINT('',#10929);
#3327=VERTEX_POINT('',#10933);
#3328=VERTEX_POINT('',#10935);
#3329=VERTEX_POINT('',#10939);
#3330=VERTEX_POINT('',#10941);
#3331=VERTEX_POINT('',#10945);
#3332=VERTEX_POINT('',#10947);
#3333=VERTEX_POINT('',#10951);
#3334=VERTEX_POINT('',#10953);
#3335=VERTEX_POINT('',#10957);
#3336=VERTEX_POINT('',#10959);
#3337=VERTEX_POINT('',#10963);
#3338=VERTEX_POINT('',#10965);
#3339=VERTEX_POINT('',#10969);
#3340=VERTEX_POINT('',#10971);
#3341=VERTEX_POINT('',#10975);
#3342=VERTEX_POINT('',#10977);
#3343=VERTEX_POINT('',#10981);
#3344=VERTEX_POINT('',#10983);
#3345=VERTEX_POINT('',#10987);
#3346=VERTEX_POINT('',#10989);
#3347=VERTEX_POINT('',#10993);
#3348=VERTEX_POINT('',#10995);
#3349=VERTEX_POINT('',#10999);
#3350=VERTEX_POINT('',#11001);
#3351=VERTEX_POINT('',#11005);
#3352=VERTEX_POINT('',#11007);
#3353=VERTEX_POINT('',#11011);
#3354=VERTEX_POINT('',#11013);
#3355=VERTEX_POINT('',#11017);
#3356=VERTEX_POINT('',#11019);
#3357=VERTEX_POINT('',#11023);
#3358=VERTEX_POINT('',#11025);
#3359=VERTEX_POINT('',#11029);
#3360=VERTEX_POINT('',#11031);
#3361=VERTEX_POINT('',#11035);
#3362=VERTEX_POINT('',#11037);
#3363=VERTEX_POINT('',#11041);
#3364=VERTEX_POINT('',#11043);
#3365=VERTEX_POINT('',#11047);
#3366=VERTEX_POINT('',#11049);
#3367=VERTEX_POINT('',#11053);
#3368=VERTEX_POINT('',#11055);
#3369=VERTEX_POINT('',#11059);
#3370=VERTEX_POINT('',#11061);
#3371=VERTEX_POINT('',#11065);
#3372=VERTEX_POINT('',#11067);
#3373=VERTEX_POINT('',#11071);
#3374=VERTEX_POINT('',#11073);
#3375=VERTEX_POINT('',#11077);
#3376=VERTEX_POINT('',#11079);
#3377=VERTEX_POINT('',#11083);
#3378=VERTEX_POINT('',#11085);
#3379=VERTEX_POINT('',#11089);
#3380=VERTEX_POINT('',#11091);
#3381=VERTEX_POINT('',#11095);
#3382=VERTEX_POINT('',#11097);
#3383=VERTEX_POINT('',#11101);
#3384=VERTEX_POINT('',#11103);
#3385=VERTEX_POINT('',#11107);
#3386=VERTEX_POINT('',#11109);
#3387=VERTEX_POINT('',#11113);
#3388=VERTEX_POINT('',#11115);
#3389=VERTEX_POINT('',#11119);
#3390=VERTEX_POINT('',#11121);
#3391=VERTEX_POINT('',#11125);
#3392=VERTEX_POINT('',#11127);
#3393=VERTEX_POINT('',#11131);
#3394=VERTEX_POINT('',#11133);
#3395=VERTEX_POINT('',#11137);
#3396=VERTEX_POINT('',#11139);
#3397=VERTEX_POINT('',#11143);
#3398=VERTEX_POINT('',#11145);
#3399=VERTEX_POINT('',#11149);
#3400=VERTEX_POINT('',#11151);
#3401=VERTEX_POINT('',#11155);
#3402=VERTEX_POINT('',#11157);
#3403=VERTEX_POINT('',#11161);
#3404=VERTEX_POINT('',#11163);
#3405=VERTEX_POINT('',#11167);
#3406=VERTEX_POINT('',#11169);
#3407=VERTEX_POINT('',#11173);
#3408=VERTEX_POINT('',#11175);
#3409=VERTEX_POINT('',#11179);
#3410=VERTEX_POINT('',#11181);
#3411=VERTEX_POINT('',#11185);
#3412=VERTEX_POINT('',#11187);
#3413=VERTEX_POINT('',#11191);
#3414=VERTEX_POINT('',#11193);
#3415=VERTEX_POINT('',#11197);
#3416=VERTEX_POINT('',#11199);
#3417=VERTEX_POINT('',#11203);
#3418=VERTEX_POINT('',#11205);
#3419=VERTEX_POINT('',#11209);
#3420=VERTEX_POINT('',#11211);
#3421=VERTEX_POINT('',#11215);
#3422=VERTEX_POINT('',#11217);
#3423=VERTEX_POINT('',#11221);
#3424=VERTEX_POINT('',#11223);
#3425=VERTEX_POINT('',#11227);
#3426=VERTEX_POINT('',#11229);
#3427=VERTEX_POINT('',#11233);
#3428=VERTEX_POINT('',#11235);
#3429=VERTEX_POINT('',#11239);
#3430=VERTEX_POINT('',#11241);
#3431=VERTEX_POINT('',#11245);
#3432=VERTEX_POINT('',#11247);
#3433=VERTEX_POINT('',#11251);
#3434=VERTEX_POINT('',#11253);
#3435=VERTEX_POINT('',#11257);
#3436=VERTEX_POINT('',#11259);
#3437=VERTEX_POINT('',#11263);
#3438=VERTEX_POINT('',#11265);
#3439=VERTEX_POINT('',#11269);
#3440=VERTEX_POINT('',#11271);
#3441=VERTEX_POINT('',#11275);
#3442=VERTEX_POINT('',#11277);
#3443=VERTEX_POINT('',#11281);
#3444=VERTEX_POINT('',#11283);
#3445=VERTEX_POINT('',#11287);
#3446=VERTEX_POINT('',#11289);
#3447=VERTEX_POINT('',#11293);
#3448=VERTEX_POINT('',#11295);
#3449=VERTEX_POINT('',#11299);
#3450=VERTEX_POINT('',#11301);
#3451=VERTEX_POINT('',#11305);
#3452=VERTEX_POINT('',#11307);
#3453=VERTEX_POINT('',#11311);
#3454=VERTEX_POINT('',#11313);
#3455=VERTEX_POINT('',#11317);
#3456=VERTEX_POINT('',#11319);
#3457=VERTEX_POINT('',#11323);
#3458=VERTEX_POINT('',#11325);
#3459=VERTEX_POINT('',#11329);
#3460=VERTEX_POINT('',#11331);
#3461=VERTEX_POINT('',#11335);
#3462=VERTEX_POINT('',#11337);
#3463=VERTEX_POINT('',#11341);
#3464=VERTEX_POINT('',#11343);
#3465=VERTEX_POINT('',#11347);
#3466=VERTEX_POINT('',#11349);
#3467=VERTEX_POINT('',#11353);
#3468=VERTEX_POINT('',#11355);
#3469=VERTEX_POINT('',#11359);
#3470=VERTEX_POINT('',#11361);
#3471=VERTEX_POINT('',#11365);
#3472=VERTEX_POINT('',#11367);
#3473=VERTEX_POINT('',#11371);
#3474=VERTEX_POINT('',#11373);
#3475=VERTEX_POINT('',#11377);
#3476=VERTEX_POINT('',#11379);
#3477=VERTEX_POINT('',#11383);
#3478=VERTEX_POINT('',#11385);
#3479=VERTEX_POINT('',#11389);
#3480=VERTEX_POINT('',#11391);
#3481=VERTEX_POINT('',#11395);
#3482=VERTEX_POINT('',#11397);
#3483=VERTEX_POINT('',#11401);
#3484=VERTEX_POINT('',#11403);
#3485=VERTEX_POINT('',#11407);
#3486=VERTEX_POINT('',#11409);
#3487=VERTEX_POINT('',#11413);
#3488=VERTEX_POINT('',#11415);
#3489=VERTEX_POINT('',#11419);
#3490=VERTEX_POINT('',#11421);
#3491=VERTEX_POINT('',#11425);
#3492=VERTEX_POINT('',#11427);
#3493=VERTEX_POINT('',#11431);
#3494=VERTEX_POINT('',#11433);
#3495=VERTEX_POINT('',#11437);
#3496=VERTEX_POINT('',#11439);
#3497=VERTEX_POINT('',#11443);
#3498=VERTEX_POINT('',#11445);
#3499=VERTEX_POINT('',#11449);
#3500=VERTEX_POINT('',#11451);
#3501=VERTEX_POINT('',#11455);
#3502=VERTEX_POINT('',#11457);
#3503=VERTEX_POINT('',#11461);
#3504=VERTEX_POINT('',#11463);
#3505=VERTEX_POINT('',#11467);
#3506=VERTEX_POINT('',#11469);
#3507=VERTEX_POINT('',#11473);
#3508=VERTEX_POINT('',#11475);
#3509=VERTEX_POINT('',#11479);
#3510=VERTEX_POINT('',#11481);
#3511=VERTEX_POINT('',#11485);
#3512=VERTEX_POINT('',#11487);
#3513=VERTEX_POINT('',#11491);
#3514=VERTEX_POINT('',#11493);
#3515=VERTEX_POINT('',#11497);
#3516=VERTEX_POINT('',#11499);
#3517=VERTEX_POINT('',#11503);
#3518=VERTEX_POINT('',#11505);
#3519=VERTEX_POINT('',#11509);
#3520=VERTEX_POINT('',#11511);
#3521=VERTEX_POINT('',#11515);
#3522=VERTEX_POINT('',#11517);
#3523=VERTEX_POINT('',#11521);
#3524=VERTEX_POINT('',#11523);
#3525=VERTEX_POINT('',#11527);
#3526=VERTEX_POINT('',#11529);
#3527=VERTEX_POINT('',#11533);
#3528=VERTEX_POINT('',#11535);
#3529=VERTEX_POINT('',#11539);
#3530=VERTEX_POINT('',#11541);
#3531=VERTEX_POINT('',#11545);
#3532=VERTEX_POINT('',#11547);
#3533=VERTEX_POINT('',#11551);
#3534=VERTEX_POINT('',#11553);
#3535=VERTEX_POINT('',#11557);
#3536=VERTEX_POINT('',#11559);
#3537=VERTEX_POINT('',#11563);
#3538=VERTEX_POINT('',#11565);
#3539=VERTEX_POINT('',#11569);
#3540=VERTEX_POINT('',#11571);
#3541=VERTEX_POINT('',#11575);
#3542=VERTEX_POINT('',#11577);
#3543=VERTEX_POINT('',#11581);
#3544=VERTEX_POINT('',#11583);
#3545=VERTEX_POINT('',#11587);
#3546=VERTEX_POINT('',#11589);
#3547=VERTEX_POINT('',#11593);
#3548=VERTEX_POINT('',#11595);
#3549=VERTEX_POINT('',#11599);
#3550=VERTEX_POINT('',#11601);
#3551=VERTEX_POINT('',#11605);
#3552=VERTEX_POINT('',#11607);
#3553=VERTEX_POINT('',#11611);
#3554=VERTEX_POINT('',#11613);
#3555=VERTEX_POINT('',#11617);
#3556=VERTEX_POINT('',#11619);
#3557=VERTEX_POINT('',#11623);
#3558=VERTEX_POINT('',#11625);
#3559=VERTEX_POINT('',#11629);
#3560=VERTEX_POINT('',#11631);
#3561=VERTEX_POINT('',#11635);
#3562=VERTEX_POINT('',#11637);
#3563=VERTEX_POINT('',#11641);
#3564=VERTEX_POINT('',#11643);
#3565=VERTEX_POINT('',#11647);
#3566=VERTEX_POINT('',#11649);
#3567=VERTEX_POINT('',#11653);
#3568=VERTEX_POINT('',#11655);
#3569=VERTEX_POINT('',#11659);
#3570=VERTEX_POINT('',#11661);
#3571=VERTEX_POINT('',#11665);
#3572=VERTEX_POINT('',#11667);
#3573=VERTEX_POINT('',#11671);
#3574=VERTEX_POINT('',#11673);
#3575=VERTEX_POINT('',#11677);
#3576=VERTEX_POINT('',#11679);
#3577=VERTEX_POINT('',#11683);
#3578=VERTEX_POINT('',#11685);
#3579=VERTEX_POINT('',#11689);
#3580=VERTEX_POINT('',#11691);
#3581=VERTEX_POINT('',#11695);
#3582=VERTEX_POINT('',#11697);
#3583=VERTEX_POINT('',#11701);
#3584=VERTEX_POINT('',#11703);
#3585=VERTEX_POINT('',#11707);
#3586=VERTEX_POINT('',#11709);
#3587=VERTEX_POINT('',#11713);
#3588=VERTEX_POINT('',#11715);
#3589=VERTEX_POINT('',#11719);
#3590=VERTEX_POINT('',#11721);
#3591=VERTEX_POINT('',#11725);
#3592=VERTEX_POINT('',#11727);
#3593=VERTEX_POINT('',#11731);
#3594=VERTEX_POINT('',#11733);
#3595=VERTEX_POINT('',#11737);
#3596=VERTEX_POINT('',#11739);
#3597=VERTEX_POINT('',#11743);
#3598=VERTEX_POINT('',#11745);
#3599=VERTEX_POINT('',#11749);
#3600=VERTEX_POINT('',#11751);
#3601=VERTEX_POINT('',#11755);
#3602=VERTEX_POINT('',#11757);
#3603=VERTEX_POINT('',#11761);
#3604=VERTEX_POINT('',#11763);
#3605=VERTEX_POINT('',#11767);
#3606=VERTEX_POINT('',#11769);
#3607=VERTEX_POINT('',#11773);
#3608=VERTEX_POINT('',#11775);
#3609=VERTEX_POINT('',#11779);
#3610=VERTEX_POINT('',#11781);
#3611=VERTEX_POINT('',#11785);
#3612=VERTEX_POINT('',#11787);
#3613=VERTEX_POINT('',#11791);
#3614=VERTEX_POINT('',#11793);
#3615=VERTEX_POINT('',#11797);
#3616=VERTEX_POINT('',#11799);
#3617=VERTEX_POINT('',#11803);
#3618=VERTEX_POINT('',#11805);
#3619=VERTEX_POINT('',#11809);
#3620=VERTEX_POINT('',#11811);
#3621=VERTEX_POINT('',#11815);
#3622=VERTEX_POINT('',#11817);
#3623=VERTEX_POINT('',#11821);
#3624=VERTEX_POINT('',#11823);
#3625=VERTEX_POINT('',#11827);
#3626=VERTEX_POINT('',#11829);
#3627=VERTEX_POINT('',#11833);
#3628=VERTEX_POINT('',#11835);
#3629=VERTEX_POINT('',#11839);
#3630=VERTEX_POINT('',#11841);
#3631=VERTEX_POINT('',#11845);
#3632=VERTEX_POINT('',#11847);
#3633=VERTEX_POINT('',#11851);
#3634=VERTEX_POINT('',#11853);
#3635=VERTEX_POINT('',#11857);
#3636=VERTEX_POINT('',#11859);
#3637=VERTEX_POINT('',#11863);
#3638=VERTEX_POINT('',#11865);
#3639=VERTEX_POINT('',#11869);
#3640=VERTEX_POINT('',#11871);
#3641=VERTEX_POINT('',#11875);
#3642=VERTEX_POINT('',#11877);
#3643=VERTEX_POINT('',#11881);
#3644=VERTEX_POINT('',#11883);
#3645=VERTEX_POINT('',#11887);
#3646=VERTEX_POINT('',#11889);
#3647=VERTEX_POINT('',#11893);
#3648=VERTEX_POINT('',#11895);
#3649=VERTEX_POINT('',#11899);
#3650=VERTEX_POINT('',#11901);
#3651=VERTEX_POINT('',#11905);
#3652=VERTEX_POINT('',#11907);
#3653=VERTEX_POINT('',#11911);
#3654=VERTEX_POINT('',#11913);
#3655=VERTEX_POINT('',#11917);
#3656=VERTEX_POINT('',#11919);
#3657=VERTEX_POINT('',#11923);
#3658=VERTEX_POINT('',#11925);
#3659=VERTEX_POINT('',#11929);
#3660=VERTEX_POINT('',#11931);
#3661=VERTEX_POINT('',#11935);
#3662=VERTEX_POINT('',#11937);
#3663=VERTEX_POINT('',#11941);
#3664=VERTEX_POINT('',#11943);
#3665=VERTEX_POINT('',#11947);
#3666=VERTEX_POINT('',#11949);
#3667=VERTEX_POINT('',#11953);
#3668=VERTEX_POINT('',#11955);
#3669=VERTEX_POINT('',#11959);
#3670=VERTEX_POINT('',#11961);
#3671=VERTEX_POINT('',#11965);
#3672=VERTEX_POINT('',#11967);
#3673=VERTEX_POINT('',#11971);
#3674=VERTEX_POINT('',#11973);
#3675=VERTEX_POINT('',#11977);
#3676=VERTEX_POINT('',#11979);
#3677=VERTEX_POINT('',#11983);
#3678=VERTEX_POINT('',#11985);
#3679=VERTEX_POINT('',#11989);
#3680=VERTEX_POINT('',#11991);
#3681=VERTEX_POINT('',#11995);
#3682=VERTEX_POINT('',#11997);
#3683=VERTEX_POINT('',#12001);
#3684=VERTEX_POINT('',#12003);
#3685=VERTEX_POINT('',#12007);
#3686=VERTEX_POINT('',#12009);
#3687=VERTEX_POINT('',#12013);
#3688=VERTEX_POINT('',#12015);
#3689=VERTEX_POINT('',#12019);
#3690=VERTEX_POINT('',#12021);
#3691=VERTEX_POINT('',#12025);
#3692=VERTEX_POINT('',#12027);
#3693=VERTEX_POINT('',#12031);
#3694=VERTEX_POINT('',#12033);
#3695=VERTEX_POINT('',#12037);
#3696=VERTEX_POINT('',#12039);
#3697=VERTEX_POINT('',#12043);
#3698=VERTEX_POINT('',#12045);
#3699=VERTEX_POINT('',#12049);
#3700=VERTEX_POINT('',#12051);
#3701=VERTEX_POINT('',#12055);
#3702=VERTEX_POINT('',#12057);
#3703=VERTEX_POINT('',#12061);
#3704=VERTEX_POINT('',#12063);
#3705=VERTEX_POINT('',#12067);
#3706=VERTEX_POINT('',#12069);
#3707=VERTEX_POINT('',#12073);
#3708=VERTEX_POINT('',#12075);
#3709=VERTEX_POINT('',#12079);
#3710=VERTEX_POINT('',#12081);
#3711=VERTEX_POINT('',#12085);
#3712=VERTEX_POINT('',#12087);
#3713=VERTEX_POINT('',#12091);
#3714=VERTEX_POINT('',#12093);
#3715=VERTEX_POINT('',#12097);
#3716=VERTEX_POINT('',#12099);
#3717=VERTEX_POINT('',#12103);
#3718=VERTEX_POINT('',#12105);
#3719=VERTEX_POINT('',#12109);
#3720=VERTEX_POINT('',#12111);
#3721=VERTEX_POINT('',#12115);
#3722=VERTEX_POINT('',#12117);
#3723=VERTEX_POINT('',#12121);
#3724=VERTEX_POINT('',#12123);
#3725=VERTEX_POINT('',#12127);
#3726=VERTEX_POINT('',#12129);
#3727=VERTEX_POINT('',#12133);
#3728=VERTEX_POINT('',#12135);
#3729=VERTEX_POINT('',#12139);
#3730=VERTEX_POINT('',#12141);
#3731=VERTEX_POINT('',#12145);
#3732=VERTEX_POINT('',#12147);
#3733=VERTEX_POINT('',#12151);
#3734=VERTEX_POINT('',#12153);
#3735=VERTEX_POINT('',#12157);
#3736=VERTEX_POINT('',#12159);
#3737=VERTEX_POINT('',#12163);
#3738=VERTEX_POINT('',#12165);
#3739=VERTEX_POINT('',#12169);
#3740=VERTEX_POINT('',#12171);
#3741=VERTEX_POINT('',#12175);
#3742=VERTEX_POINT('',#12177);
#3743=VERTEX_POINT('',#12181);
#3744=VERTEX_POINT('',#12183);
#3745=VERTEX_POINT('',#12187);
#3746=VERTEX_POINT('',#12189);
#3747=VERTEX_POINT('',#12193);
#3748=VERTEX_POINT('',#12195);
#3749=VERTEX_POINT('',#12199);
#3750=VERTEX_POINT('',#12201);
#3751=VERTEX_POINT('',#12205);
#3752=VERTEX_POINT('',#12207);
#3753=VERTEX_POINT('',#12211);
#3754=VERTEX_POINT('',#12213);
#3755=VERTEX_POINT('',#12217);
#3756=VERTEX_POINT('',#12219);
#3757=VERTEX_POINT('',#12223);
#3758=VERTEX_POINT('',#12225);
#3759=VERTEX_POINT('',#12229);
#3760=VERTEX_POINT('',#12231);
#3761=VERTEX_POINT('',#12235);
#3762=VERTEX_POINT('',#12237);
#3763=VERTEX_POINT('',#12241);
#3764=VERTEX_POINT('',#12243);
#3765=VERTEX_POINT('',#12247);
#3766=VERTEX_POINT('',#12249);
#3767=VERTEX_POINT('',#12253);
#3768=VERTEX_POINT('',#12255);
#3769=VERTEX_POINT('',#12259);
#3770=VERTEX_POINT('',#12261);
#3771=VERTEX_POINT('',#12265);
#3772=VERTEX_POINT('',#12267);
#3773=VERTEX_POINT('',#12271);
#3774=VERTEX_POINT('',#12273);
#3775=VERTEX_POINT('',#12277);
#3776=VERTEX_POINT('',#12279);
#3777=VERTEX_POINT('',#12283);
#3778=VERTEX_POINT('',#12284);
#3779=VERTEX_POINT('',#12286);
#3780=VERTEX_POINT('',#12288);
#3781=VERTEX_POINT('',#12292);
#3782=VERTEX_POINT('',#12294);
#3783=VERTEX_POINT('',#12298);
#3784=VERTEX_POINT('',#12300);
#3785=VERTEX_POINT('',#12304);
#3786=VERTEX_POINT('',#12306);
#3787=VERTEX_POINT('',#12310);
#3788=VERTEX_POINT('',#12312);
#3789=VERTEX_POINT('',#12316);
#3790=VERTEX_POINT('',#12318);
#3791=VERTEX_POINT('',#12322);
#3792=VERTEX_POINT('',#12324);
#3793=EDGE_CURVE('',#3161,#3161,#2537,.T.);
#3794=EDGE_CURVE('',#3161,#3162,#1889,.T.);
#3795=EDGE_CURVE('',#3162,#3162,#2538,.T.);
#3796=EDGE_CURVE('',#3163,#3163,#2539,.T.);
#3797=EDGE_CURVE('',#3163,#3164,#1890,.T.);
#3798=EDGE_CURVE('',#3164,#3164,#2540,.T.);
#3799=EDGE_CURVE('',#3165,#3165,#2541,.T.);
#3800=EDGE_CURVE('',#3165,#3166,#1891,.T.);
#3801=EDGE_CURVE('',#3166,#3166,#2542,.T.);
#3802=EDGE_CURVE('',#3167,#3167,#2543,.T.);
#3803=EDGE_CURVE('',#3167,#3168,#1892,.T.);
#3804=EDGE_CURVE('',#3168,#3168,#2544,.T.);
#3805=EDGE_CURVE('',#3169,#3169,#2545,.T.);
#3806=EDGE_CURVE('',#3169,#3170,#1893,.T.);
#3807=EDGE_CURVE('',#3170,#3170,#2546,.T.);
#3808=EDGE_CURVE('',#3171,#3171,#2547,.T.);
#3809=EDGE_CURVE('',#3171,#3172,#1894,.T.);
#3810=EDGE_CURVE('',#3172,#3172,#2548,.T.);
#3811=EDGE_CURVE('',#3173,#3173,#2549,.T.);
#3812=EDGE_CURVE('',#3173,#3174,#1895,.T.);
#3813=EDGE_CURVE('',#3174,#3174,#2550,.T.);
#3814=EDGE_CURVE('',#3175,#3175,#2551,.T.);
#3815=EDGE_CURVE('',#3175,#3176,#1896,.T.);
#3816=EDGE_CURVE('',#3176,#3176,#2552,.T.);
#3817=EDGE_CURVE('',#3177,#3177,#2553,.T.);
#3818=EDGE_CURVE('',#3177,#3178,#1897,.T.);
#3819=EDGE_CURVE('',#3178,#3178,#2554,.T.);
#3820=EDGE_CURVE('',#3179,#3179,#2555,.T.);
#3821=EDGE_CURVE('',#3179,#3180,#1898,.T.);
#3822=EDGE_CURVE('',#3180,#3180,#2556,.T.);
#3823=EDGE_CURVE('',#3181,#3181,#2557,.T.);
#3824=EDGE_CURVE('',#3181,#3182,#1899,.T.);
#3825=EDGE_CURVE('',#3182,#3182,#2558,.T.);
#3826=EDGE_CURVE('',#3183,#3183,#2559,.T.);
#3827=EDGE_CURVE('',#3183,#3184,#1900,.T.);
#3828=EDGE_CURVE('',#3184,#3184,#2560,.T.);
#3829=EDGE_CURVE('',#3185,#3185,#2561,.T.);
#3830=EDGE_CURVE('',#3185,#3186,#1901,.T.);
#3831=EDGE_CURVE('',#3186,#3186,#2562,.T.);
#3832=EDGE_CURVE('',#3187,#3187,#2563,.T.);
#3833=EDGE_CURVE('',#3187,#3188,#1902,.T.);
#3834=EDGE_CURVE('',#3188,#3188,#2564,.T.);
#3835=EDGE_CURVE('',#3189,#3189,#2565,.T.);
#3836=EDGE_CURVE('',#3189,#3190,#1903,.T.);
#3837=EDGE_CURVE('',#3190,#3190,#2566,.T.);
#3838=EDGE_CURVE('',#3191,#3191,#2567,.T.);
#3839=EDGE_CURVE('',#3191,#3192,#1904,.T.);
#3840=EDGE_CURVE('',#3192,#3192,#2568,.T.);
#3841=EDGE_CURVE('',#3193,#3193,#2569,.T.);
#3842=EDGE_CURVE('',#3193,#3194,#1905,.T.);
#3843=EDGE_CURVE('',#3194,#3194,#2570,.T.);
#3844=EDGE_CURVE('',#3195,#3195,#2571,.T.);
#3845=EDGE_CURVE('',#3195,#3196,#1906,.T.);
#3846=EDGE_CURVE('',#3196,#3196,#2572,.T.);
#3847=EDGE_CURVE('',#3197,#3197,#2573,.T.);
#3848=EDGE_CURVE('',#3197,#3198,#1907,.T.);
#3849=EDGE_CURVE('',#3198,#3198,#2574,.T.);
#3850=EDGE_CURVE('',#3199,#3199,#2575,.T.);
#3851=EDGE_CURVE('',#3199,#3200,#1908,.T.);
#3852=EDGE_CURVE('',#3200,#3200,#2576,.T.);
#3853=EDGE_CURVE('',#3201,#3201,#2577,.T.);
#3854=EDGE_CURVE('',#3201,#3202,#1909,.T.);
#3855=EDGE_CURVE('',#3202,#3202,#2578,.T.);
#3856=EDGE_CURVE('',#3203,#3203,#2579,.T.);
#3857=EDGE_CURVE('',#3203,#3204,#1910,.T.);
#3858=EDGE_CURVE('',#3204,#3204,#2580,.T.);
#3859=EDGE_CURVE('',#3205,#3205,#2581,.T.);
#3860=EDGE_CURVE('',#3205,#3206,#1911,.T.);
#3861=EDGE_CURVE('',#3206,#3206,#2582,.T.);
#3862=EDGE_CURVE('',#3207,#3207,#2583,.T.);
#3863=EDGE_CURVE('',#3207,#3208,#1912,.T.);
#3864=EDGE_CURVE('',#3208,#3208,#2584,.T.);
#3865=EDGE_CURVE('',#3209,#3209,#2585,.T.);
#3866=EDGE_CURVE('',#3209,#3210,#1913,.T.);
#3867=EDGE_CURVE('',#3210,#3210,#2586,.T.);
#3868=EDGE_CURVE('',#3211,#3211,#2587,.T.);
#3869=EDGE_CURVE('',#3211,#3212,#1914,.T.);
#3870=EDGE_CURVE('',#3212,#3212,#2588,.T.);
#3871=EDGE_CURVE('',#3213,#3213,#2589,.T.);
#3872=EDGE_CURVE('',#3213,#3214,#1915,.T.);
#3873=EDGE_CURVE('',#3214,#3214,#2590,.T.);
#3874=EDGE_CURVE('',#3215,#3215,#2591,.T.);
#3875=EDGE_CURVE('',#3215,#3216,#1916,.T.);
#3876=EDGE_CURVE('',#3216,#3216,#2592,.T.);
#3877=EDGE_CURVE('',#3217,#3217,#2593,.T.);
#3878=EDGE_CURVE('',#3217,#3218,#1917,.T.);
#3879=EDGE_CURVE('',#3218,#3218,#2594,.T.);
#3880=EDGE_CURVE('',#3219,#3219,#2595,.T.);
#3881=EDGE_CURVE('',#3219,#3220,#1918,.T.);
#3882=EDGE_CURVE('',#3220,#3220,#2596,.T.);
#3883=EDGE_CURVE('',#3221,#3221,#2597,.T.);
#3884=EDGE_CURVE('',#3221,#3222,#1919,.T.);
#3885=EDGE_CURVE('',#3222,#3222,#2598,.T.);
#3886=EDGE_CURVE('',#3223,#3223,#2599,.T.);
#3887=EDGE_CURVE('',#3223,#3224,#1920,.T.);
#3888=EDGE_CURVE('',#3224,#3224,#2600,.T.);
#3889=EDGE_CURVE('',#3225,#3225,#2601,.T.);
#3890=EDGE_CURVE('',#3225,#3226,#1921,.T.);
#3891=EDGE_CURVE('',#3226,#3226,#2602,.T.);
#3892=EDGE_CURVE('',#3227,#3227,#2603,.T.);
#3893=EDGE_CURVE('',#3227,#3228,#1922,.T.);
#3894=EDGE_CURVE('',#3228,#3228,#2604,.T.);
#3895=EDGE_CURVE('',#3229,#3229,#2605,.T.);
#3896=EDGE_CURVE('',#3229,#3230,#1923,.T.);
#3897=EDGE_CURVE('',#3230,#3230,#2606,.T.);
#3898=EDGE_CURVE('',#3231,#3231,#2607,.T.);
#3899=EDGE_CURVE('',#3231,#3232,#1924,.T.);
#3900=EDGE_CURVE('',#3232,#3232,#2608,.T.);
#3901=EDGE_CURVE('',#3233,#3233,#2609,.T.);
#3902=EDGE_CURVE('',#3233,#3234,#1925,.T.);
#3903=EDGE_CURVE('',#3234,#3234,#2610,.T.);
#3904=EDGE_CURVE('',#3235,#3235,#2611,.T.);
#3905=EDGE_CURVE('',#3235,#3236,#1926,.T.);
#3906=EDGE_CURVE('',#3236,#3236,#2612,.T.);
#3907=EDGE_CURVE('',#3237,#3237,#2613,.T.);
#3908=EDGE_CURVE('',#3237,#3238,#1927,.T.);
#3909=EDGE_CURVE('',#3238,#3238,#2614,.T.);
#3910=EDGE_CURVE('',#3239,#3239,#2615,.T.);
#3911=EDGE_CURVE('',#3239,#3240,#1928,.T.);
#3912=EDGE_CURVE('',#3240,#3240,#2616,.T.);
#3913=EDGE_CURVE('',#3241,#3241,#2617,.T.);
#3914=EDGE_CURVE('',#3241,#3242,#1929,.T.);
#3915=EDGE_CURVE('',#3242,#3242,#2618,.T.);
#3916=EDGE_CURVE('',#3243,#3243,#2619,.T.);
#3917=EDGE_CURVE('',#3243,#3244,#1930,.T.);
#3918=EDGE_CURVE('',#3244,#3244,#2620,.T.);
#3919=EDGE_CURVE('',#3245,#3245,#2621,.T.);
#3920=EDGE_CURVE('',#3245,#3246,#1931,.T.);
#3921=EDGE_CURVE('',#3246,#3246,#2622,.T.);
#3922=EDGE_CURVE('',#3247,#3247,#2623,.T.);
#3923=EDGE_CURVE('',#3247,#3248,#1932,.T.);
#3924=EDGE_CURVE('',#3248,#3248,#2624,.T.);
#3925=EDGE_CURVE('',#3249,#3249,#2625,.T.);
#3926=EDGE_CURVE('',#3249,#3250,#1933,.T.);
#3927=EDGE_CURVE('',#3250,#3250,#2626,.T.);
#3928=EDGE_CURVE('',#3251,#3251,#2627,.T.);
#3929=EDGE_CURVE('',#3251,#3252,#1934,.T.);
#3930=EDGE_CURVE('',#3252,#3252,#2628,.T.);
#3931=EDGE_CURVE('',#3253,#3253,#2629,.T.);
#3932=EDGE_CURVE('',#3253,#3254,#1935,.T.);
#3933=EDGE_CURVE('',#3254,#3254,#2630,.T.);
#3934=EDGE_CURVE('',#3255,#3255,#2631,.T.);
#3935=EDGE_CURVE('',#3255,#3256,#1936,.T.);
#3936=EDGE_CURVE('',#3256,#3256,#2632,.T.);
#3937=EDGE_CURVE('',#3257,#3257,#2633,.T.);
#3938=EDGE_CURVE('',#3257,#3258,#1937,.T.);
#3939=EDGE_CURVE('',#3258,#3258,#2634,.T.);
#3940=EDGE_CURVE('',#3259,#3259,#2635,.T.);
#3941=EDGE_CURVE('',#3259,#3260,#1938,.T.);
#3942=EDGE_CURVE('',#3260,#3260,#2636,.T.);
#3943=EDGE_CURVE('',#3261,#3261,#2637,.T.);
#3944=EDGE_CURVE('',#3261,#3262,#1939,.T.);
#3945=EDGE_CURVE('',#3262,#3262,#2638,.T.);
#3946=EDGE_CURVE('',#3263,#3263,#2639,.T.);
#3947=EDGE_CURVE('',#3263,#3264,#1940,.T.);
#3948=EDGE_CURVE('',#3264,#3264,#2640,.T.);
#3949=EDGE_CURVE('',#3265,#3265,#2641,.T.);
#3950=EDGE_CURVE('',#3265,#3266,#1941,.T.);
#3951=EDGE_CURVE('',#3266,#3266,#2642,.T.);
#3952=EDGE_CURVE('',#3267,#3267,#2643,.T.);
#3953=EDGE_CURVE('',#3267,#3268,#1942,.T.);
#3954=EDGE_CURVE('',#3268,#3268,#2644,.T.);
#3955=EDGE_CURVE('',#3269,#3269,#2645,.T.);
#3956=EDGE_CURVE('',#3269,#3270,#1943,.T.);
#3957=EDGE_CURVE('',#3270,#3270,#2646,.T.);
#3958=EDGE_CURVE('',#3271,#3271,#2647,.T.);
#3959=EDGE_CURVE('',#3271,#3272,#1944,.T.);
#3960=EDGE_CURVE('',#3272,#3272,#2648,.T.);
#3961=EDGE_CURVE('',#3273,#3273,#2649,.T.);
#3962=EDGE_CURVE('',#3273,#3274,#1945,.T.);
#3963=EDGE_CURVE('',#3274,#3274,#2650,.T.);
#3964=EDGE_CURVE('',#3275,#3275,#2651,.T.);
#3965=EDGE_CURVE('',#3275,#3276,#1946,.T.);
#3966=EDGE_CURVE('',#3276,#3276,#2652,.T.);
#3967=EDGE_CURVE('',#3277,#3277,#2653,.T.);
#3968=EDGE_CURVE('',#3277,#3278,#1947,.T.);
#3969=EDGE_CURVE('',#3278,#3278,#2654,.T.);
#3970=EDGE_CURVE('',#3279,#3279,#2655,.T.);
#3971=EDGE_CURVE('',#3279,#3280,#1948,.T.);
#3972=EDGE_CURVE('',#3280,#3280,#2656,.T.);
#3973=EDGE_CURVE('',#3281,#3281,#2657,.T.);
#3974=EDGE_CURVE('',#3281,#3282,#1949,.T.);
#3975=EDGE_CURVE('',#3282,#3282,#2658,.T.);
#3976=EDGE_CURVE('',#3283,#3283,#2659,.T.);
#3977=EDGE_CURVE('',#3283,#3284,#1950,.T.);
#3978=EDGE_CURVE('',#3284,#3284,#2660,.T.);
#3979=EDGE_CURVE('',#3285,#3285,#2661,.T.);
#3980=EDGE_CURVE('',#3285,#3286,#1951,.T.);
#3981=EDGE_CURVE('',#3286,#3286,#2662,.T.);
#3982=EDGE_CURVE('',#3287,#3287,#2663,.T.);
#3983=EDGE_CURVE('',#3287,#3288,#1952,.T.);
#3984=EDGE_CURVE('',#3288,#3288,#2664,.T.);
#3985=EDGE_CURVE('',#3289,#3289,#2665,.T.);
#3986=EDGE_CURVE('',#3289,#3290,#1953,.T.);
#3987=EDGE_CURVE('',#3290,#3290,#2666,.T.);
#3988=EDGE_CURVE('',#3291,#3291,#2667,.T.);
#3989=EDGE_CURVE('',#3291,#3292,#1954,.T.);
#3990=EDGE_CURVE('',#3292,#3292,#2668,.T.);
#3991=EDGE_CURVE('',#3293,#3293,#2669,.T.);
#3992=EDGE_CURVE('',#3293,#3294,#1955,.T.);
#3993=EDGE_CURVE('',#3294,#3294,#2670,.T.);
#3994=EDGE_CURVE('',#3295,#3295,#2671,.T.);
#3995=EDGE_CURVE('',#3295,#3296,#1956,.T.);
#3996=EDGE_CURVE('',#3296,#3296,#2672,.T.);
#3997=EDGE_CURVE('',#3297,#3297,#2673,.T.);
#3998=EDGE_CURVE('',#3297,#3298,#1957,.T.);
#3999=EDGE_CURVE('',#3298,#3298,#2674,.T.);
#4000=EDGE_CURVE('',#3299,#3299,#2675,.T.);
#4001=EDGE_CURVE('',#3299,#3300,#1958,.T.);
#4002=EDGE_CURVE('',#3300,#3300,#2676,.T.);
#4003=EDGE_CURVE('',#3301,#3301,#2677,.T.);
#4004=EDGE_CURVE('',#3301,#3302,#1959,.T.);
#4005=EDGE_CURVE('',#3302,#3302,#2678,.T.);
#4006=EDGE_CURVE('',#3303,#3303,#2679,.T.);
#4007=EDGE_CURVE('',#3303,#3304,#1960,.T.);
#4008=EDGE_CURVE('',#3304,#3304,#2680,.T.);
#4009=EDGE_CURVE('',#3305,#3305,#2681,.T.);
#4010=EDGE_CURVE('',#3305,#3306,#1961,.T.);
#4011=EDGE_CURVE('',#3306,#3306,#2682,.T.);
#4012=EDGE_CURVE('',#3307,#3307,#2683,.T.);
#4013=EDGE_CURVE('',#3307,#3308,#1962,.T.);
#4014=EDGE_CURVE('',#3308,#3308,#2684,.T.);
#4015=EDGE_CURVE('',#3309,#3309,#2685,.T.);
#4016=EDGE_CURVE('',#3309,#3310,#1963,.T.);
#4017=EDGE_CURVE('',#3310,#3310,#2686,.T.);
#4018=EDGE_CURVE('',#3311,#3311,#2687,.T.);
#4019=EDGE_CURVE('',#3311,#3312,#1964,.T.);
#4020=EDGE_CURVE('',#3312,#3312,#2688,.T.);
#4021=EDGE_CURVE('',#3313,#3313,#2689,.T.);
#4022=EDGE_CURVE('',#3313,#3314,#1965,.T.);
#4023=EDGE_CURVE('',#3314,#3314,#2690,.T.);
#4024=EDGE_CURVE('',#3315,#3315,#2691,.T.);
#4025=EDGE_CURVE('',#3315,#3316,#1966,.T.);
#4026=EDGE_CURVE('',#3316,#3316,#2692,.T.);
#4027=EDGE_CURVE('',#3317,#3317,#2693,.T.);
#4028=EDGE_CURVE('',#3317,#3318,#1967,.T.);
#4029=EDGE_CURVE('',#3318,#3318,#2694,.T.);
#4030=EDGE_CURVE('',#3319,#3319,#2695,.T.);
#4031=EDGE_CURVE('',#3319,#3320,#1968,.T.);
#4032=EDGE_CURVE('',#3320,#3320,#2696,.T.);
#4033=EDGE_CURVE('',#3321,#3321,#2697,.T.);
#4034=EDGE_CURVE('',#3321,#3322,#1969,.T.);
#4035=EDGE_CURVE('',#3322,#3322,#2698,.T.);
#4036=EDGE_CURVE('',#3323,#3323,#2699,.T.);
#4037=EDGE_CURVE('',#3323,#3324,#1970,.T.);
#4038=EDGE_CURVE('',#3324,#3324,#2700,.T.);
#4039=EDGE_CURVE('',#3325,#3325,#2701,.T.);
#4040=EDGE_CURVE('',#3325,#3326,#1971,.T.);
#4041=EDGE_CURVE('',#3326,#3326,#2702,.T.);
#4042=EDGE_CURVE('',#3327,#3327,#2703,.T.);
#4043=EDGE_CURVE('',#3327,#3328,#1972,.T.);
#4044=EDGE_CURVE('',#3328,#3328,#2704,.T.);
#4045=EDGE_CURVE('',#3329,#3329,#2705,.T.);
#4046=EDGE_CURVE('',#3329,#3330,#1973,.T.);
#4047=EDGE_CURVE('',#3330,#3330,#2706,.T.);
#4048=EDGE_CURVE('',#3331,#3331,#2707,.T.);
#4049=EDGE_CURVE('',#3331,#3332,#1974,.T.);
#4050=EDGE_CURVE('',#3332,#3332,#2708,.T.);
#4051=EDGE_CURVE('',#3333,#3333,#2709,.T.);
#4052=EDGE_CURVE('',#3333,#3334,#1975,.T.);
#4053=EDGE_CURVE('',#3334,#3334,#2710,.T.);
#4054=EDGE_CURVE('',#3335,#3335,#2711,.T.);
#4055=EDGE_CURVE('',#3335,#3336,#1976,.T.);
#4056=EDGE_CURVE('',#3336,#3336,#2712,.T.);
#4057=EDGE_CURVE('',#3337,#3337,#2713,.T.);
#4058=EDGE_CURVE('',#3337,#3338,#1977,.T.);
#4059=EDGE_CURVE('',#3338,#3338,#2714,.T.);
#4060=EDGE_CURVE('',#3339,#3339,#2715,.T.);
#4061=EDGE_CURVE('',#3339,#3340,#1978,.T.);
#4062=EDGE_CURVE('',#3340,#3340,#2716,.T.);
#4063=EDGE_CURVE('',#3341,#3341,#2717,.T.);
#4064=EDGE_CURVE('',#3341,#3342,#1979,.T.);
#4065=EDGE_CURVE('',#3342,#3342,#2718,.T.);
#4066=EDGE_CURVE('',#3343,#3343,#2719,.T.);
#4067=EDGE_CURVE('',#3343,#3344,#1980,.T.);
#4068=EDGE_CURVE('',#3344,#3344,#2720,.T.);
#4069=EDGE_CURVE('',#3345,#3345,#2721,.T.);
#4070=EDGE_CURVE('',#3345,#3346,#1981,.T.);
#4071=EDGE_CURVE('',#3346,#3346,#2722,.T.);
#4072=EDGE_CURVE('',#3347,#3347,#2723,.T.);
#4073=EDGE_CURVE('',#3347,#3348,#1982,.T.);
#4074=EDGE_CURVE('',#3348,#3348,#2724,.T.);
#4075=EDGE_CURVE('',#3349,#3349,#2725,.T.);
#4076=EDGE_CURVE('',#3349,#3350,#1983,.T.);
#4077=EDGE_CURVE('',#3350,#3350,#2726,.T.);
#4078=EDGE_CURVE('',#3351,#3351,#2727,.T.);
#4079=EDGE_CURVE('',#3351,#3352,#1984,.T.);
#4080=EDGE_CURVE('',#3352,#3352,#2728,.T.);
#4081=EDGE_CURVE('',#3353,#3353,#2729,.T.);
#4082=EDGE_CURVE('',#3353,#3354,#1985,.T.);
#4083=EDGE_CURVE('',#3354,#3354,#2730,.T.);
#4084=EDGE_CURVE('',#3355,#3355,#2731,.T.);
#4085=EDGE_CURVE('',#3355,#3356,#1986,.T.);
#4086=EDGE_CURVE('',#3356,#3356,#2732,.T.);
#4087=EDGE_CURVE('',#3357,#3357,#2733,.T.);
#4088=EDGE_CURVE('',#3357,#3358,#1987,.T.);
#4089=EDGE_CURVE('',#3358,#3358,#2734,.T.);
#4090=EDGE_CURVE('',#3359,#3359,#2735,.T.);
#4091=EDGE_CURVE('',#3359,#3360,#1988,.T.);
#4092=EDGE_CURVE('',#3360,#3360,#2736,.T.);
#4093=EDGE_CURVE('',#3361,#3361,#2737,.T.);
#4094=EDGE_CURVE('',#3361,#3362,#1989,.T.);
#4095=EDGE_CURVE('',#3362,#3362,#2738,.T.);
#4096=EDGE_CURVE('',#3363,#3363,#2739,.T.);
#4097=EDGE_CURVE('',#3363,#3364,#1990,.T.);
#4098=EDGE_CURVE('',#3364,#3364,#2740,.T.);
#4099=EDGE_CURVE('',#3365,#3365,#2741,.T.);
#4100=EDGE_CURVE('',#3365,#3366,#1991,.T.);
#4101=EDGE_CURVE('',#3366,#3366,#2742,.T.);
#4102=EDGE_CURVE('',#3367,#3367,#2743,.T.);
#4103=EDGE_CURVE('',#3367,#3368,#1992,.T.);
#4104=EDGE_CURVE('',#3368,#3368,#2744,.T.);
#4105=EDGE_CURVE('',#3369,#3369,#2745,.T.);
#4106=EDGE_CURVE('',#3369,#3370,#1993,.T.);
#4107=EDGE_CURVE('',#3370,#3370,#2746,.T.);
#4108=EDGE_CURVE('',#3371,#3371,#2747,.T.);
#4109=EDGE_CURVE('',#3371,#3372,#1994,.T.);
#4110=EDGE_CURVE('',#3372,#3372,#2748,.T.);
#4111=EDGE_CURVE('',#3373,#3373,#2749,.T.);
#4112=EDGE_CURVE('',#3373,#3374,#1995,.T.);
#4113=EDGE_CURVE('',#3374,#3374,#2750,.T.);
#4114=EDGE_CURVE('',#3375,#3375,#2751,.T.);
#4115=EDGE_CURVE('',#3375,#3376,#1996,.T.);
#4116=EDGE_CURVE('',#3376,#3376,#2752,.T.);
#4117=EDGE_CURVE('',#3377,#3377,#2753,.T.);
#4118=EDGE_CURVE('',#3377,#3378,#1997,.T.);
#4119=EDGE_CURVE('',#3378,#3378,#2754,.T.);
#4120=EDGE_CURVE('',#3379,#3379,#2755,.T.);
#4121=EDGE_CURVE('',#3379,#3380,#1998,.T.);
#4122=EDGE_CURVE('',#3380,#3380,#2756,.T.);
#4123=EDGE_CURVE('',#3381,#3381,#2757,.T.);
#4124=EDGE_CURVE('',#3381,#3382,#1999,.T.);
#4125=EDGE_CURVE('',#3382,#3382,#2758,.T.);
#4126=EDGE_CURVE('',#3383,#3383,#2759,.T.);
#4127=EDGE_CURVE('',#3383,#3384,#2000,.T.);
#4128=EDGE_CURVE('',#3384,#3384,#2760,.T.);
#4129=EDGE_CURVE('',#3385,#3385,#2761,.T.);
#4130=EDGE_CURVE('',#3385,#3386,#2001,.T.);
#4131=EDGE_CURVE('',#3386,#3386,#2762,.T.);
#4132=EDGE_CURVE('',#3387,#3387,#2763,.T.);
#4133=EDGE_CURVE('',#3387,#3388,#2002,.T.);
#4134=EDGE_CURVE('',#3388,#3388,#2764,.T.);
#4135=EDGE_CURVE('',#3389,#3389,#2765,.T.);
#4136=EDGE_CURVE('',#3389,#3390,#2003,.T.);
#4137=EDGE_CURVE('',#3390,#3390,#2766,.T.);
#4138=EDGE_CURVE('',#3391,#3391,#2767,.T.);
#4139=EDGE_CURVE('',#3391,#3392,#2004,.T.);
#4140=EDGE_CURVE('',#3392,#3392,#2768,.T.);
#4141=EDGE_CURVE('',#3393,#3393,#2769,.T.);
#4142=EDGE_CURVE('',#3393,#3394,#2005,.T.);
#4143=EDGE_CURVE('',#3394,#3394,#2770,.T.);
#4144=EDGE_CURVE('',#3395,#3395,#2771,.T.);
#4145=EDGE_CURVE('',#3395,#3396,#2006,.T.);
#4146=EDGE_CURVE('',#3396,#3396,#2772,.T.);
#4147=EDGE_CURVE('',#3397,#3397,#2773,.T.);
#4148=EDGE_CURVE('',#3397,#3398,#2007,.T.);
#4149=EDGE_CURVE('',#3398,#3398,#2774,.T.);
#4150=EDGE_CURVE('',#3399,#3399,#2775,.T.);
#4151=EDGE_CURVE('',#3399,#3400,#2008,.T.);
#4152=EDGE_CURVE('',#3400,#3400,#2776,.T.);
#4153=EDGE_CURVE('',#3401,#3401,#2777,.T.);
#4154=EDGE_CURVE('',#3401,#3402,#2009,.T.);
#4155=EDGE_CURVE('',#3402,#3402,#2778,.T.);
#4156=EDGE_CURVE('',#3403,#3403,#2779,.T.);
#4157=EDGE_CURVE('',#3403,#3404,#2010,.T.);
#4158=EDGE_CURVE('',#3404,#3404,#2780,.T.);
#4159=EDGE_CURVE('',#3405,#3405,#2781,.T.);
#4160=EDGE_CURVE('',#3405,#3406,#2011,.T.);
#4161=EDGE_CURVE('',#3406,#3406,#2782,.T.);
#4162=EDGE_CURVE('',#3407,#3407,#2783,.T.);
#4163=EDGE_CURVE('',#3407,#3408,#2012,.T.);
#4164=EDGE_CURVE('',#3408,#3408,#2784,.T.);
#4165=EDGE_CURVE('',#3409,#3409,#2785,.T.);
#4166=EDGE_CURVE('',#3409,#3410,#2013,.T.);
#4167=EDGE_CURVE('',#3410,#3410,#2786,.T.);
#4168=EDGE_CURVE('',#3411,#3411,#2787,.T.);
#4169=EDGE_CURVE('',#3411,#3412,#2014,.T.);
#4170=EDGE_CURVE('',#3412,#3412,#2788,.T.);
#4171=EDGE_CURVE('',#3413,#3413,#2789,.T.);
#4172=EDGE_CURVE('',#3413,#3414,#2015,.T.);
#4173=EDGE_CURVE('',#3414,#3414,#2790,.T.);
#4174=EDGE_CURVE('',#3415,#3415,#2791,.T.);
#4175=EDGE_CURVE('',#3415,#3416,#2016,.T.);
#4176=EDGE_CURVE('',#3416,#3416,#2792,.T.);
#4177=EDGE_CURVE('',#3417,#3417,#2793,.T.);
#4178=EDGE_CURVE('',#3417,#3418,#2017,.T.);
#4179=EDGE_CURVE('',#3418,#3418,#2794,.T.);
#4180=EDGE_CURVE('',#3419,#3419,#2795,.T.);
#4181=EDGE_CURVE('',#3419,#3420,#2018,.T.);
#4182=EDGE_CURVE('',#3420,#3420,#2796,.T.);
#4183=EDGE_CURVE('',#3421,#3421,#2797,.T.);
#4184=EDGE_CURVE('',#3421,#3422,#2019,.T.);
#4185=EDGE_CURVE('',#3422,#3422,#2798,.T.);
#4186=EDGE_CURVE('',#3423,#3423,#2799,.T.);
#4187=EDGE_CURVE('',#3423,#3424,#2020,.T.);
#4188=EDGE_CURVE('',#3424,#3424,#2800,.T.);
#4189=EDGE_CURVE('',#3425,#3425,#2801,.T.);
#4190=EDGE_CURVE('',#3425,#3426,#2021,.T.);
#4191=EDGE_CURVE('',#3426,#3426,#2802,.T.);
#4192=EDGE_CURVE('',#3427,#3427,#2803,.T.);
#4193=EDGE_CURVE('',#3427,#3428,#2022,.T.);
#4194=EDGE_CURVE('',#3428,#3428,#2804,.T.);
#4195=EDGE_CURVE('',#3429,#3429,#2805,.T.);
#4196=EDGE_CURVE('',#3429,#3430,#2023,.T.);
#4197=EDGE_CURVE('',#3430,#3430,#2806,.T.);
#4198=EDGE_CURVE('',#3431,#3431,#2807,.T.);
#4199=EDGE_CURVE('',#3431,#3432,#2024,.T.);
#4200=EDGE_CURVE('',#3432,#3432,#2808,.T.);
#4201=EDGE_CURVE('',#3433,#3433,#2809,.T.);
#4202=EDGE_CURVE('',#3433,#3434,#2025,.T.);
#4203=EDGE_CURVE('',#3434,#3434,#2810,.T.);
#4204=EDGE_CURVE('',#3435,#3435,#2811,.T.);
#4205=EDGE_CURVE('',#3435,#3436,#2026,.T.);
#4206=EDGE_CURVE('',#3436,#3436,#2812,.T.);
#4207=EDGE_CURVE('',#3437,#3437,#2813,.T.);
#4208=EDGE_CURVE('',#3437,#3438,#2027,.T.);
#4209=EDGE_CURVE('',#3438,#3438,#2814,.T.);
#4210=EDGE_CURVE('',#3439,#3439,#2815,.T.);
#4211=EDGE_CURVE('',#3439,#3440,#2028,.T.);
#4212=EDGE_CURVE('',#3440,#3440,#2816,.T.);
#4213=EDGE_CURVE('',#3441,#3441,#2817,.T.);
#4214=EDGE_CURVE('',#3441,#3442,#2029,.T.);
#4215=EDGE_CURVE('',#3442,#3442,#2818,.T.);
#4216=EDGE_CURVE('',#3443,#3443,#2819,.T.);
#4217=EDGE_CURVE('',#3443,#3444,#2030,.T.);
#4218=EDGE_CURVE('',#3444,#3444,#2820,.T.);
#4219=EDGE_CURVE('',#3445,#3445,#2821,.T.);
#4220=EDGE_CURVE('',#3445,#3446,#2031,.T.);
#4221=EDGE_CURVE('',#3446,#3446,#2822,.T.);
#4222=EDGE_CURVE('',#3447,#3447,#2823,.T.);
#4223=EDGE_CURVE('',#3447,#3448,#2032,.T.);
#4224=EDGE_CURVE('',#3448,#3448,#2824,.T.);
#4225=EDGE_CURVE('',#3449,#3449,#2825,.T.);
#4226=EDGE_CURVE('',#3449,#3450,#2033,.T.);
#4227=EDGE_CURVE('',#3450,#3450,#2826,.T.);
#4228=EDGE_CURVE('',#3451,#3451,#2827,.T.);
#4229=EDGE_CURVE('',#3451,#3452,#2034,.T.);
#4230=EDGE_CURVE('',#3452,#3452,#2828,.T.);
#4231=EDGE_CURVE('',#3453,#3453,#2829,.T.);
#4232=EDGE_CURVE('',#3453,#3454,#2035,.T.);
#4233=EDGE_CURVE('',#3454,#3454,#2830,.T.);
#4234=EDGE_CURVE('',#3455,#3455,#2831,.T.);
#4235=EDGE_CURVE('',#3455,#3456,#2036,.T.);
#4236=EDGE_CURVE('',#3456,#3456,#2832,.T.);
#4237=EDGE_CURVE('',#3457,#3457,#2833,.T.);
#4238=EDGE_CURVE('',#3457,#3458,#2037,.T.);
#4239=EDGE_CURVE('',#3458,#3458,#2834,.T.);
#4240=EDGE_CURVE('',#3459,#3459,#2835,.T.);
#4241=EDGE_CURVE('',#3459,#3460,#2038,.T.);
#4242=EDGE_CURVE('',#3460,#3460,#2836,.T.);
#4243=EDGE_CURVE('',#3461,#3461,#2837,.T.);
#4244=EDGE_CURVE('',#3461,#3462,#2039,.T.);
#4245=EDGE_CURVE('',#3462,#3462,#2838,.T.);
#4246=EDGE_CURVE('',#3463,#3463,#2839,.T.);
#4247=EDGE_CURVE('',#3463,#3464,#2040,.T.);
#4248=EDGE_CURVE('',#3464,#3464,#2840,.T.);
#4249=EDGE_CURVE('',#3465,#3465,#2841,.T.);
#4250=EDGE_CURVE('',#3465,#3466,#2041,.T.);
#4251=EDGE_CURVE('',#3466,#3466,#2842,.T.);
#4252=EDGE_CURVE('',#3467,#3467,#2843,.T.);
#4253=EDGE_CURVE('',#3467,#3468,#2042,.T.);
#4254=EDGE_CURVE('',#3468,#3468,#2844,.T.);
#4255=EDGE_CURVE('',#3469,#3469,#2845,.T.);
#4256=EDGE_CURVE('',#3469,#3470,#2043,.T.);
#4257=EDGE_CURVE('',#3470,#3470,#2846,.T.);
#4258=EDGE_CURVE('',#3471,#3471,#2847,.T.);
#4259=EDGE_CURVE('',#3471,#3472,#2044,.T.);
#4260=EDGE_CURVE('',#3472,#3472,#2848,.T.);
#4261=EDGE_CURVE('',#3473,#3473,#2849,.T.);
#4262=EDGE_CURVE('',#3473,#3474,#2045,.T.);
#4263=EDGE_CURVE('',#3474,#3474,#2850,.T.);
#4264=EDGE_CURVE('',#3475,#3475,#2851,.T.);
#4265=EDGE_CURVE('',#3475,#3476,#2046,.T.);
#4266=EDGE_CURVE('',#3476,#3476,#2852,.T.);
#4267=EDGE_CURVE('',#3477,#3477,#2853,.T.);
#4268=EDGE_CURVE('',#3477,#3478,#2047,.T.);
#4269=EDGE_CURVE('',#3478,#3478,#2854,.T.);
#4270=EDGE_CURVE('',#3479,#3479,#2855,.T.);
#4271=EDGE_CURVE('',#3479,#3480,#2048,.T.);
#4272=EDGE_CURVE('',#3480,#3480,#2856,.T.);
#4273=EDGE_CURVE('',#3481,#3481,#2857,.T.);
#4274=EDGE_CURVE('',#3481,#3482,#2049,.T.);
#4275=EDGE_CURVE('',#3482,#3482,#2858,.T.);
#4276=EDGE_CURVE('',#3483,#3483,#2859,.T.);
#4277=EDGE_CURVE('',#3483,#3484,#2050,.T.);
#4278=EDGE_CURVE('',#3484,#3484,#2860,.T.);
#4279=EDGE_CURVE('',#3485,#3485,#2861,.T.);
#4280=EDGE_CURVE('',#3485,#3486,#2051,.T.);
#4281=EDGE_CURVE('',#3486,#3486,#2862,.T.);
#4282=EDGE_CURVE('',#3487,#3487,#2863,.T.);
#4283=EDGE_CURVE('',#3487,#3488,#2052,.T.);
#4284=EDGE_CURVE('',#3488,#3488,#2864,.T.);
#4285=EDGE_CURVE('',#3489,#3489,#2865,.T.);
#4286=EDGE_CURVE('',#3489,#3490,#2053,.T.);
#4287=EDGE_CURVE('',#3490,#3490,#2866,.T.);
#4288=EDGE_CURVE('',#3491,#3491,#2867,.T.);
#4289=EDGE_CURVE('',#3491,#3492,#2054,.T.);
#4290=EDGE_CURVE('',#3492,#3492,#2868,.T.);
#4291=EDGE_CURVE('',#3493,#3493,#2869,.T.);
#4292=EDGE_CURVE('',#3493,#3494,#2055,.T.);
#4293=EDGE_CURVE('',#3494,#3494,#2870,.T.);
#4294=EDGE_CURVE('',#3495,#3495,#2871,.T.);
#4295=EDGE_CURVE('',#3495,#3496,#2056,.T.);
#4296=EDGE_CURVE('',#3496,#3496,#2872,.T.);
#4297=EDGE_CURVE('',#3497,#3497,#2873,.T.);
#4298=EDGE_CURVE('',#3497,#3498,#2057,.T.);
#4299=EDGE_CURVE('',#3498,#3498,#2874,.T.);
#4300=EDGE_CURVE('',#3499,#3499,#2875,.T.);
#4301=EDGE_CURVE('',#3499,#3500,#2058,.T.);
#4302=EDGE_CURVE('',#3500,#3500,#2876,.T.);
#4303=EDGE_CURVE('',#3501,#3501,#2877,.T.);
#4304=EDGE_CURVE('',#3501,#3502,#2059,.T.);
#4305=EDGE_CURVE('',#3502,#3502,#2878,.T.);
#4306=EDGE_CURVE('',#3503,#3503,#2879,.T.);
#4307=EDGE_CURVE('',#3503,#3504,#2060,.T.);
#4308=EDGE_CURVE('',#3504,#3504,#2880,.T.);
#4309=EDGE_CURVE('',#3505,#3505,#2881,.T.);
#4310=EDGE_CURVE('',#3505,#3506,#2061,.T.);
#4311=EDGE_CURVE('',#3506,#3506,#2882,.T.);
#4312=EDGE_CURVE('',#3507,#3507,#2883,.T.);
#4313=EDGE_CURVE('',#3507,#3508,#2062,.T.);
#4314=EDGE_CURVE('',#3508,#3508,#2884,.T.);
#4315=EDGE_CURVE('',#3509,#3509,#2885,.T.);
#4316=EDGE_CURVE('',#3509,#3510,#2063,.T.);
#4317=EDGE_CURVE('',#3510,#3510,#2886,.T.);
#4318=EDGE_CURVE('',#3511,#3511,#2887,.T.);
#4319=EDGE_CURVE('',#3511,#3512,#2064,.T.);
#4320=EDGE_CURVE('',#3512,#3512,#2888,.T.);
#4321=EDGE_CURVE('',#3513,#3513,#2889,.T.);
#4322=EDGE_CURVE('',#3513,#3514,#2065,.T.);
#4323=EDGE_CURVE('',#3514,#3514,#2890,.T.);
#4324=EDGE_CURVE('',#3515,#3515,#2891,.T.);
#4325=EDGE_CURVE('',#3515,#3516,#2066,.T.);
#4326=EDGE_CURVE('',#3516,#3516,#2892,.T.);
#4327=EDGE_CURVE('',#3517,#3517,#2893,.T.);
#4328=EDGE_CURVE('',#3517,#3518,#2067,.T.);
#4329=EDGE_CURVE('',#3518,#3518,#2894,.T.);
#4330=EDGE_CURVE('',#3519,#3519,#2895,.T.);
#4331=EDGE_CURVE('',#3519,#3520,#2068,.T.);
#4332=EDGE_CURVE('',#3520,#3520,#2896,.T.);
#4333=EDGE_CURVE('',#3521,#3521,#2897,.T.);
#4334=EDGE_CURVE('',#3521,#3522,#2069,.T.);
#4335=EDGE_CURVE('',#3522,#3522,#2898,.T.);
#4336=EDGE_CURVE('',#3523,#3523,#2899,.T.);
#4337=EDGE_CURVE('',#3523,#3524,#2070,.T.);
#4338=EDGE_CURVE('',#3524,#3524,#2900,.T.);
#4339=EDGE_CURVE('',#3525,#3525,#2901,.T.);
#4340=EDGE_CURVE('',#3525,#3526,#2071,.T.);
#4341=EDGE_CURVE('',#3526,#3526,#2902,.T.);
#4342=EDGE_CURVE('',#3527,#3527,#2903,.T.);
#4343=EDGE_CURVE('',#3527,#3528,#2072,.T.);
#4344=EDGE_CURVE('',#3528,#3528,#2904,.T.);
#4345=EDGE_CURVE('',#3529,#3529,#2905,.T.);
#4346=EDGE_CURVE('',#3529,#3530,#2073,.T.);
#4347=EDGE_CURVE('',#3530,#3530,#2906,.T.);
#4348=EDGE_CURVE('',#3531,#3531,#2907,.T.);
#4349=EDGE_CURVE('',#3531,#3532,#2074,.T.);
#4350=EDGE_CURVE('',#3532,#3532,#2908,.T.);
#4351=EDGE_CURVE('',#3533,#3533,#2909,.T.);
#4352=EDGE_CURVE('',#3533,#3534,#2075,.T.);
#4353=EDGE_CURVE('',#3534,#3534,#2910,.T.);
#4354=EDGE_CURVE('',#3535,#3535,#2911,.T.);
#4355=EDGE_CURVE('',#3535,#3536,#2076,.T.);
#4356=EDGE_CURVE('',#3536,#3536,#2912,.T.);
#4357=EDGE_CURVE('',#3537,#3537,#2913,.T.);
#4358=EDGE_CURVE('',#3537,#3538,#2077,.T.);
#4359=EDGE_CURVE('',#3538,#3538,#2914,.T.);
#4360=EDGE_CURVE('',#3539,#3539,#2915,.T.);
#4361=EDGE_CURVE('',#3539,#3540,#2078,.T.);
#4362=EDGE_CURVE('',#3540,#3540,#2916,.T.);
#4363=EDGE_CURVE('',#3541,#3541,#2917,.T.);
#4364=EDGE_CURVE('',#3541,#3542,#2079,.T.);
#4365=EDGE_CURVE('',#3542,#3542,#2918,.T.);
#4366=EDGE_CURVE('',#3543,#3543,#2919,.T.);
#4367=EDGE_CURVE('',#3543,#3544,#2080,.T.);
#4368=EDGE_CURVE('',#3544,#3544,#2920,.T.);
#4369=EDGE_CURVE('',#3545,#3545,#2921,.T.);
#4370=EDGE_CURVE('',#3545,#3546,#2081,.T.);
#4371=EDGE_CURVE('',#3546,#3546,#2922,.T.);
#4372=EDGE_CURVE('',#3547,#3547,#2923,.T.);
#4373=EDGE_CURVE('',#3547,#3548,#2082,.T.);
#4374=EDGE_CURVE('',#3548,#3548,#2924,.T.);
#4375=EDGE_CURVE('',#3549,#3549,#2925,.T.);
#4376=EDGE_CURVE('',#3549,#3550,#2083,.T.);
#4377=EDGE_CURVE('',#3550,#3550,#2926,.T.);
#4378=EDGE_CURVE('',#3551,#3551,#2927,.T.);
#4379=EDGE_CURVE('',#3551,#3552,#2084,.T.);
#4380=EDGE_CURVE('',#3552,#3552,#2928,.T.);
#4381=EDGE_CURVE('',#3553,#3553,#2929,.T.);
#4382=EDGE_CURVE('',#3553,#3554,#2085,.T.);
#4383=EDGE_CURVE('',#3554,#3554,#2930,.T.);
#4384=EDGE_CURVE('',#3555,#3555,#2931,.T.);
#4385=EDGE_CURVE('',#3555,#3556,#2086,.T.);
#4386=EDGE_CURVE('',#3556,#3556,#2932,.T.);
#4387=EDGE_CURVE('',#3557,#3557,#2933,.T.);
#4388=EDGE_CURVE('',#3557,#3558,#2087,.T.);
#4389=EDGE_CURVE('',#3558,#3558,#2934,.T.);
#4390=EDGE_CURVE('',#3559,#3559,#2935,.T.);
#4391=EDGE_CURVE('',#3559,#3560,#2088,.T.);
#4392=EDGE_CURVE('',#3560,#3560,#2936,.T.);
#4393=EDGE_CURVE('',#3561,#3561,#2937,.T.);
#4394=EDGE_CURVE('',#3561,#3562,#2089,.T.);
#4395=EDGE_CURVE('',#3562,#3562,#2938,.T.);
#4396=EDGE_CURVE('',#3563,#3563,#2939,.T.);
#4397=EDGE_CURVE('',#3563,#3564,#2090,.T.);
#4398=EDGE_CURVE('',#3564,#3564,#2940,.T.);
#4399=EDGE_CURVE('',#3565,#3565,#2941,.T.);
#4400=EDGE_CURVE('',#3565,#3566,#2091,.T.);
#4401=EDGE_CURVE('',#3566,#3566,#2942,.T.);
#4402=EDGE_CURVE('',#3567,#3567,#2943,.T.);
#4403=EDGE_CURVE('',#3567,#3568,#2092,.T.);
#4404=EDGE_CURVE('',#3568,#3568,#2944,.T.);
#4405=EDGE_CURVE('',#3569,#3569,#2945,.T.);
#4406=EDGE_CURVE('',#3569,#3570,#2093,.T.);
#4407=EDGE_CURVE('',#3570,#3570,#2946,.T.);
#4408=EDGE_CURVE('',#3571,#3571,#2947,.T.);
#4409=EDGE_CURVE('',#3571,#3572,#2094,.T.);
#4410=EDGE_CURVE('',#3572,#3572,#2948,.T.);
#4411=EDGE_CURVE('',#3573,#3573,#2949,.T.);
#4412=EDGE_CURVE('',#3573,#3574,#2095,.T.);
#4413=EDGE_CURVE('',#3574,#3574,#2950,.T.);
#4414=EDGE_CURVE('',#3575,#3575,#2951,.T.);
#4415=EDGE_CURVE('',#3575,#3576,#2096,.T.);
#4416=EDGE_CURVE('',#3576,#3576,#2952,.T.);
#4417=EDGE_CURVE('',#3577,#3577,#2953,.T.);
#4418=EDGE_CURVE('',#3577,#3578,#2097,.T.);
#4419=EDGE_CURVE('',#3578,#3578,#2954,.T.);
#4420=EDGE_CURVE('',#3579,#3579,#2955,.T.);
#4421=EDGE_CURVE('',#3579,#3580,#2098,.T.);
#4422=EDGE_CURVE('',#3580,#3580,#2956,.T.);
#4423=EDGE_CURVE('',#3581,#3581,#2957,.T.);
#4424=EDGE_CURVE('',#3581,#3582,#2099,.T.);
#4425=EDGE_CURVE('',#3582,#3582,#2958,.T.);
#4426=EDGE_CURVE('',#3583,#3583,#2959,.T.);
#4427=EDGE_CURVE('',#3583,#3584,#2100,.T.);
#4428=EDGE_CURVE('',#3584,#3584,#2960,.T.);
#4429=EDGE_CURVE('',#3585,#3585,#2961,.T.);
#4430=EDGE_CURVE('',#3585,#3586,#2101,.T.);
#4431=EDGE_CURVE('',#3586,#3586,#2962,.T.);
#4432=EDGE_CURVE('',#3587,#3587,#2963,.T.);
#4433=EDGE_CURVE('',#3587,#3588,#2102,.T.);
#4434=EDGE_CURVE('',#3588,#3588,#2964,.T.);
#4435=EDGE_CURVE('',#3589,#3589,#2965,.T.);
#4436=EDGE_CURVE('',#3589,#3590,#2103,.T.);
#4437=EDGE_CURVE('',#3590,#3590,#2966,.T.);
#4438=EDGE_CURVE('',#3591,#3591,#2967,.T.);
#4439=EDGE_CURVE('',#3591,#3592,#2104,.T.);
#4440=EDGE_CURVE('',#3592,#3592,#2968,.T.);
#4441=EDGE_CURVE('',#3593,#3593,#2969,.T.);
#4442=EDGE_CURVE('',#3593,#3594,#2105,.T.);
#4443=EDGE_CURVE('',#3594,#3594,#2970,.T.);
#4444=EDGE_CURVE('',#3595,#3595,#2971,.T.);
#4445=EDGE_CURVE('',#3595,#3596,#2106,.T.);
#4446=EDGE_CURVE('',#3596,#3596,#2972,.T.);
#4447=EDGE_CURVE('',#3597,#3597,#2973,.T.);
#4448=EDGE_CURVE('',#3597,#3598,#2107,.T.);
#4449=EDGE_CURVE('',#3598,#3598,#2974,.T.);
#4450=EDGE_CURVE('',#3599,#3599,#2975,.T.);
#4451=EDGE_CURVE('',#3599,#3600,#2108,.T.);
#4452=EDGE_CURVE('',#3600,#3600,#2976,.T.);
#4453=EDGE_CURVE('',#3601,#3601,#2977,.T.);
#4454=EDGE_CURVE('',#3601,#3602,#2109,.T.);
#4455=EDGE_CURVE('',#3602,#3602,#2978,.T.);
#4456=EDGE_CURVE('',#3603,#3603,#2979,.T.);
#4457=EDGE_CURVE('',#3603,#3604,#2110,.T.);
#4458=EDGE_CURVE('',#3604,#3604,#2980,.T.);
#4459=EDGE_CURVE('',#3605,#3605,#2981,.T.);
#4460=EDGE_CURVE('',#3605,#3606,#2111,.T.);
#4461=EDGE_CURVE('',#3606,#3606,#2982,.T.);
#4462=EDGE_CURVE('',#3607,#3607,#2983,.T.);
#4463=EDGE_CURVE('',#3607,#3608,#2112,.T.);
#4464=EDGE_CURVE('',#3608,#3608,#2984,.T.);
#4465=EDGE_CURVE('',#3609,#3609,#2985,.T.);
#4466=EDGE_CURVE('',#3609,#3610,#2113,.T.);
#4467=EDGE_CURVE('',#3610,#3610,#2986,.T.);
#4468=EDGE_CURVE('',#3611,#3611,#2987,.T.);
#4469=EDGE_CURVE('',#3611,#3612,#2114,.T.);
#4470=EDGE_CURVE('',#3612,#3612,#2988,.T.);
#4471=EDGE_CURVE('',#3613,#3613,#2989,.T.);
#4472=EDGE_CURVE('',#3613,#3614,#2115,.T.);
#4473=EDGE_CURVE('',#3614,#3614,#2990,.T.);
#4474=EDGE_CURVE('',#3615,#3615,#2991,.T.);
#4475=EDGE_CURVE('',#3615,#3616,#2116,.T.);
#4476=EDGE_CURVE('',#3616,#3616,#2992,.T.);
#4477=EDGE_CURVE('',#3617,#3617,#2993,.T.);
#4478=EDGE_CURVE('',#3617,#3618,#2117,.T.);
#4479=EDGE_CURVE('',#3618,#3618,#2994,.T.);
#4480=EDGE_CURVE('',#3619,#3619,#2995,.T.);
#4481=EDGE_CURVE('',#3619,#3620,#2118,.T.);
#4482=EDGE_CURVE('',#3620,#3620,#2996,.T.);
#4483=EDGE_CURVE('',#3621,#3621,#2997,.T.);
#4484=EDGE_CURVE('',#3621,#3622,#2119,.T.);
#4485=EDGE_CURVE('',#3622,#3622,#2998,.T.);
#4486=EDGE_CURVE('',#3623,#3623,#2999,.T.);
#4487=EDGE_CURVE('',#3623,#3624,#2120,.T.);
#4488=EDGE_CURVE('',#3624,#3624,#3000,.T.);
#4489=EDGE_CURVE('',#3625,#3625,#3001,.T.);
#4490=EDGE_CURVE('',#3625,#3626,#2121,.T.);
#4491=EDGE_CURVE('',#3626,#3626,#3002,.T.);
#4492=EDGE_CURVE('',#3627,#3627,#3003,.T.);
#4493=EDGE_CURVE('',#3627,#3628,#2122,.T.);
#4494=EDGE_CURVE('',#3628,#3628,#3004,.T.);
#4495=EDGE_CURVE('',#3629,#3629,#3005,.T.);
#4496=EDGE_CURVE('',#3629,#3630,#2123,.T.);
#4497=EDGE_CURVE('',#3630,#3630,#3006,.T.);
#4498=EDGE_CURVE('',#3631,#3631,#3007,.T.);
#4499=EDGE_CURVE('',#3631,#3632,#2124,.T.);
#4500=EDGE_CURVE('',#3632,#3632,#3008,.T.);
#4501=EDGE_CURVE('',#3633,#3633,#3009,.T.);
#4502=EDGE_CURVE('',#3633,#3634,#2125,.T.);
#4503=EDGE_CURVE('',#3634,#3634,#3010,.T.);
#4504=EDGE_CURVE('',#3635,#3635,#3011,.T.);
#4505=EDGE_CURVE('',#3635,#3636,#2126,.T.);
#4506=EDGE_CURVE('',#3636,#3636,#3012,.T.);
#4507=EDGE_CURVE('',#3637,#3637,#3013,.T.);
#4508=EDGE_CURVE('',#3637,#3638,#2127,.T.);
#4509=EDGE_CURVE('',#3638,#3638,#3014,.T.);
#4510=EDGE_CURVE('',#3639,#3639,#3015,.T.);
#4511=EDGE_CURVE('',#3639,#3640,#2128,.T.);
#4512=EDGE_CURVE('',#3640,#3640,#3016,.T.);
#4513=EDGE_CURVE('',#3641,#3641,#3017,.T.);
#4514=EDGE_CURVE('',#3641,#3642,#2129,.T.);
#4515=EDGE_CURVE('',#3642,#3642,#3018,.T.);
#4516=EDGE_CURVE('',#3643,#3643,#3019,.T.);
#4517=EDGE_CURVE('',#3643,#3644,#2130,.T.);
#4518=EDGE_CURVE('',#3644,#3644,#3020,.T.);
#4519=EDGE_CURVE('',#3645,#3645,#3021,.T.);
#4520=EDGE_CURVE('',#3645,#3646,#2131,.T.);
#4521=EDGE_CURVE('',#3646,#3646,#3022,.T.);
#4522=EDGE_CURVE('',#3647,#3647,#3023,.T.);
#4523=EDGE_CURVE('',#3647,#3648,#2132,.T.);
#4524=EDGE_CURVE('',#3648,#3648,#3024,.T.);
#4525=EDGE_CURVE('',#3649,#3649,#3025,.T.);
#4526=EDGE_CURVE('',#3649,#3650,#2133,.T.);
#4527=EDGE_CURVE('',#3650,#3650,#3026,.T.);
#4528=EDGE_CURVE('',#3651,#3651,#3027,.T.);
#4529=EDGE_CURVE('',#3651,#3652,#2134,.T.);
#4530=EDGE_CURVE('',#3652,#3652,#3028,.T.);
#4531=EDGE_CURVE('',#3653,#3653,#3029,.T.);
#4532=EDGE_CURVE('',#3653,#3654,#2135,.T.);
#4533=EDGE_CURVE('',#3654,#3654,#3030,.T.);
#4534=EDGE_CURVE('',#3655,#3655,#3031,.T.);
#4535=EDGE_CURVE('',#3655,#3656,#2136,.T.);
#4536=EDGE_CURVE('',#3656,#3656,#3032,.T.);
#4537=EDGE_CURVE('',#3657,#3657,#3033,.T.);
#4538=EDGE_CURVE('',#3657,#3658,#2137,.T.);
#4539=EDGE_CURVE('',#3658,#3658,#3034,.T.);
#4540=EDGE_CURVE('',#3659,#3659,#3035,.T.);
#4541=EDGE_CURVE('',#3659,#3660,#2138,.T.);
#4542=EDGE_CURVE('',#3660,#3660,#3036,.T.);
#4543=EDGE_CURVE('',#3661,#3661,#3037,.T.);
#4544=EDGE_CURVE('',#3661,#3662,#2139,.T.);
#4545=EDGE_CURVE('',#3662,#3662,#3038,.T.);
#4546=EDGE_CURVE('',#3663,#3663,#3039,.T.);
#4547=EDGE_CURVE('',#3663,#3664,#2140,.T.);
#4548=EDGE_CURVE('',#3664,#3664,#3040,.T.);
#4549=EDGE_CURVE('',#3665,#3665,#3041,.T.);
#4550=EDGE_CURVE('',#3665,#3666,#2141,.T.);
#4551=EDGE_CURVE('',#3666,#3666,#3042,.T.);
#4552=EDGE_CURVE('',#3667,#3667,#3043,.T.);
#4553=EDGE_CURVE('',#3667,#3668,#2142,.T.);
#4554=EDGE_CURVE('',#3668,#3668,#3044,.T.);
#4555=EDGE_CURVE('',#3669,#3669,#3045,.T.);
#4556=EDGE_CURVE('',#3669,#3670,#2143,.T.);
#4557=EDGE_CURVE('',#3670,#3670,#3046,.T.);
#4558=EDGE_CURVE('',#3671,#3671,#3047,.T.);
#4559=EDGE_CURVE('',#3671,#3672,#2144,.T.);
#4560=EDGE_CURVE('',#3672,#3672,#3048,.T.);
#4561=EDGE_CURVE('',#3673,#3673,#3049,.T.);
#4562=EDGE_CURVE('',#3673,#3674,#2145,.T.);
#4563=EDGE_CURVE('',#3674,#3674,#3050,.T.);
#4564=EDGE_CURVE('',#3675,#3675,#3051,.T.);
#4565=EDGE_CURVE('',#3675,#3676,#2146,.T.);
#4566=EDGE_CURVE('',#3676,#3676,#3052,.T.);
#4567=EDGE_CURVE('',#3677,#3677,#3053,.T.);
#4568=EDGE_CURVE('',#3677,#3678,#2147,.T.);
#4569=EDGE_CURVE('',#3678,#3678,#3054,.T.);
#4570=EDGE_CURVE('',#3679,#3679,#3055,.T.);
#4571=EDGE_CURVE('',#3679,#3680,#2148,.T.);
#4572=EDGE_CURVE('',#3680,#3680,#3056,.T.);
#4573=EDGE_CURVE('',#3681,#3681,#3057,.T.);
#4574=EDGE_CURVE('',#3681,#3682,#2149,.T.);
#4575=EDGE_CURVE('',#3682,#3682,#3058,.T.);
#4576=EDGE_CURVE('',#3683,#3683,#3059,.T.);
#4577=EDGE_CURVE('',#3683,#3684,#2150,.T.);
#4578=EDGE_CURVE('',#3684,#3684,#3060,.T.);
#4579=EDGE_CURVE('',#3685,#3685,#3061,.T.);
#4580=EDGE_CURVE('',#3685,#3686,#2151,.T.);
#4581=EDGE_CURVE('',#3686,#3686,#3062,.T.);
#4582=EDGE_CURVE('',#3687,#3687,#3063,.T.);
#4583=EDGE_CURVE('',#3687,#3688,#2152,.T.);
#4584=EDGE_CURVE('',#3688,#3688,#3064,.T.);
#4585=EDGE_CURVE('',#3689,#3689,#3065,.T.);
#4586=EDGE_CURVE('',#3689,#3690,#2153,.T.);
#4587=EDGE_CURVE('',#3690,#3690,#3066,.T.);
#4588=EDGE_CURVE('',#3691,#3691,#3067,.T.);
#4589=EDGE_CURVE('',#3691,#3692,#2154,.T.);
#4590=EDGE_CURVE('',#3692,#3692,#3068,.T.);
#4591=EDGE_CURVE('',#3693,#3693,#3069,.T.);
#4592=EDGE_CURVE('',#3693,#3694,#2155,.T.);
#4593=EDGE_CURVE('',#3694,#3694,#3070,.T.);
#4594=EDGE_CURVE('',#3695,#3695,#3071,.T.);
#4595=EDGE_CURVE('',#3695,#3696,#2156,.T.);
#4596=EDGE_CURVE('',#3696,#3696,#3072,.T.);
#4597=EDGE_CURVE('',#3697,#3697,#3073,.T.);
#4598=EDGE_CURVE('',#3697,#3698,#2157,.T.);
#4599=EDGE_CURVE('',#3698,#3698,#3074,.T.);
#4600=EDGE_CURVE('',#3699,#3699,#3075,.T.);
#4601=EDGE_CURVE('',#3699,#3700,#2158,.T.);
#4602=EDGE_CURVE('',#3700,#3700,#3076,.T.);
#4603=EDGE_CURVE('',#3701,#3701,#3077,.T.);
#4604=EDGE_CURVE('',#3701,#3702,#2159,.T.);
#4605=EDGE_CURVE('',#3702,#3702,#3078,.T.);
#4606=EDGE_CURVE('',#3703,#3703,#3079,.T.);
#4607=EDGE_CURVE('',#3703,#3704,#2160,.T.);
#4608=EDGE_CURVE('',#3704,#3704,#3080,.T.);
#4609=EDGE_CURVE('',#3705,#3705,#3081,.T.);
#4610=EDGE_CURVE('',#3705,#3706,#2161,.T.);
#4611=EDGE_CURVE('',#3706,#3706,#3082,.T.);
#4612=EDGE_CURVE('',#3707,#3707,#3083,.T.);
#4613=EDGE_CURVE('',#3707,#3708,#2162,.T.);
#4614=EDGE_CURVE('',#3708,#3708,#3084,.T.);
#4615=EDGE_CURVE('',#3709,#3709,#3085,.T.);
#4616=EDGE_CURVE('',#3709,#3710,#2163,.T.);
#4617=EDGE_CURVE('',#3710,#3710,#3086,.T.);
#4618=EDGE_CURVE('',#3711,#3711,#3087,.T.);
#4619=EDGE_CURVE('',#3711,#3712,#2164,.T.);
#4620=EDGE_CURVE('',#3712,#3712,#3088,.T.);
#4621=EDGE_CURVE('',#3713,#3713,#3089,.T.);
#4622=EDGE_CURVE('',#3713,#3714,#2165,.T.);
#4623=EDGE_CURVE('',#3714,#3714,#3090,.T.);
#4624=EDGE_CURVE('',#3715,#3715,#3091,.T.);
#4625=EDGE_CURVE('',#3715,#3716,#2166,.T.);
#4626=EDGE_CURVE('',#3716,#3716,#3092,.T.);
#4627=EDGE_CURVE('',#3717,#3717,#3093,.T.);
#4628=EDGE_CURVE('',#3717,#3718,#2167,.T.);
#4629=EDGE_CURVE('',#3718,#3718,#3094,.T.);
#4630=EDGE_CURVE('',#3719,#3719,#3095,.T.);
#4631=EDGE_CURVE('',#3719,#3720,#2168,.T.);
#4632=EDGE_CURVE('',#3720,#3720,#3096,.T.);
#4633=EDGE_CURVE('',#3721,#3721,#3097,.T.);
#4634=EDGE_CURVE('',#3721,#3722,#2169,.T.);
#4635=EDGE_CURVE('',#3722,#3722,#3098,.T.);
#4636=EDGE_CURVE('',#3723,#3723,#3099,.T.);
#4637=EDGE_CURVE('',#3723,#3724,#2170,.T.);
#4638=EDGE_CURVE('',#3724,#3724,#3100,.T.);
#4639=EDGE_CURVE('',#3725,#3725,#3101,.T.);
#4640=EDGE_CURVE('',#3725,#3726,#2171,.T.);
#4641=EDGE_CURVE('',#3726,#3726,#3102,.T.);
#4642=EDGE_CURVE('',#3727,#3727,#3103,.T.);
#4643=EDGE_CURVE('',#3727,#3728,#2172,.T.);
#4644=EDGE_CURVE('',#3728,#3728,#3104,.T.);
#4645=EDGE_CURVE('',#3729,#3729,#3105,.T.);
#4646=EDGE_CURVE('',#3729,#3730,#2173,.T.);
#4647=EDGE_CURVE('',#3730,#3730,#3106,.T.);
#4648=EDGE_CURVE('',#3731,#3731,#3107,.T.);
#4649=EDGE_CURVE('',#3731,#3732,#2174,.T.);
#4650=EDGE_CURVE('',#3732,#3732,#3108,.T.);
#4651=EDGE_CURVE('',#3733,#3733,#3109,.T.);
#4652=EDGE_CURVE('',#3733,#3734,#2175,.T.);
#4653=EDGE_CURVE('',#3734,#3734,#3110,.T.);
#4654=EDGE_CURVE('',#3735,#3735,#3111,.T.);
#4655=EDGE_CURVE('',#3735,#3736,#2176,.T.);
#4656=EDGE_CURVE('',#3736,#3736,#3112,.T.);
#4657=EDGE_CURVE('',#3737,#3737,#3113,.T.);
#4658=EDGE_CURVE('',#3737,#3738,#2177,.T.);
#4659=EDGE_CURVE('',#3738,#3738,#3114,.T.);
#4660=EDGE_CURVE('',#3739,#3739,#3115,.T.);
#4661=EDGE_CURVE('',#3739,#3740,#2178,.T.);
#4662=EDGE_CURVE('',#3740,#3740,#3116,.T.);
#4663=EDGE_CURVE('',#3741,#3741,#3117,.T.);
#4664=EDGE_CURVE('',#3741,#3742,#2179,.T.);
#4665=EDGE_CURVE('',#3742,#3742,#3118,.T.);
#4666=EDGE_CURVE('',#3743,#3743,#3119,.T.);
#4667=EDGE_CURVE('',#3743,#3744,#2180,.T.);
#4668=EDGE_CURVE('',#3744,#3744,#3120,.T.);
#4669=EDGE_CURVE('',#3745,#3745,#3121,.T.);
#4670=EDGE_CURVE('',#3745,#3746,#2181,.T.);
#4671=EDGE_CURVE('',#3746,#3746,#3122,.T.);
#4672=EDGE_CURVE('',#3747,#3747,#3123,.T.);
#4673=EDGE_CURVE('',#3747,#3748,#2182,.T.);
#4674=EDGE_CURVE('',#3748,#3748,#3124,.T.);
#4675=EDGE_CURVE('',#3749,#3749,#3125,.T.);
#4676=EDGE_CURVE('',#3749,#3750,#2183,.T.);
#4677=EDGE_CURVE('',#3750,#3750,#3126,.T.);
#4678=EDGE_CURVE('',#3751,#3751,#3127,.T.);
#4679=EDGE_CURVE('',#3751,#3752,#2184,.T.);
#4680=EDGE_CURVE('',#3752,#3752,#3128,.T.);
#4681=EDGE_CURVE('',#3753,#3753,#3129,.T.);
#4682=EDGE_CURVE('',#3753,#3754,#2185,.T.);
#4683=EDGE_CURVE('',#3754,#3754,#3130,.T.);
#4684=EDGE_CURVE('',#3755,#3755,#3131,.T.);
#4685=EDGE_CURVE('',#3755,#3756,#2186,.T.);
#4686=EDGE_CURVE('',#3756,#3756,#3132,.T.);
#4687=EDGE_CURVE('',#3757,#3757,#3133,.T.);
#4688=EDGE_CURVE('',#3757,#3758,#2187,.T.);
#4689=EDGE_CURVE('',#3758,#3758,#3134,.T.);
#4690=EDGE_CURVE('',#3759,#3759,#3135,.T.);
#4691=EDGE_CURVE('',#3759,#3760,#2188,.T.);
#4692=EDGE_CURVE('',#3760,#3760,#3136,.T.);
#4693=EDGE_CURVE('',#3761,#3761,#3137,.T.);
#4694=EDGE_CURVE('',#3761,#3762,#2189,.T.);
#4695=EDGE_CURVE('',#3762,#3762,#3138,.T.);
#4696=EDGE_CURVE('',#3763,#3763,#3139,.T.);
#4697=EDGE_CURVE('',#3763,#3764,#2190,.T.);
#4698=EDGE_CURVE('',#3764,#3764,#3140,.T.);
#4699=EDGE_CURVE('',#3765,#3765,#3141,.T.);
#4700=EDGE_CURVE('',#3765,#3766,#2191,.T.);
#4701=EDGE_CURVE('',#3766,#3766,#3142,.T.);
#4702=EDGE_CURVE('',#3767,#3767,#3143,.T.);
#4703=EDGE_CURVE('',#3767,#3768,#2192,.T.);
#4704=EDGE_CURVE('',#3768,#3768,#3144,.T.);
#4705=EDGE_CURVE('',#3769,#3769,#3145,.T.);
#4706=EDGE_CURVE('',#3769,#3770,#2193,.T.);
#4707=EDGE_CURVE('',#3770,#3770,#3146,.T.);
#4708=EDGE_CURVE('',#3771,#3771,#3147,.T.);
#4709=EDGE_CURVE('',#3771,#3772,#2194,.T.);
#4710=EDGE_CURVE('',#3772,#3772,#3148,.T.);
#4711=EDGE_CURVE('',#3773,#3773,#3149,.T.);
#4712=EDGE_CURVE('',#3773,#3774,#2195,.T.);
#4713=EDGE_CURVE('',#3774,#3774,#3150,.T.);
#4714=EDGE_CURVE('',#3775,#3775,#3151,.T.);
#4715=EDGE_CURVE('',#3775,#3776,#2196,.T.);
#4716=EDGE_CURVE('',#3776,#3776,#3152,.T.);
#4717=EDGE_CURVE('',#3777,#3778,#2197,.T.);
#4718=EDGE_CURVE('',#3778,#3779,#2198,.T.);
#4719=EDGE_CURVE('',#3780,#3779,#2199,.T.);
#4720=EDGE_CURVE('',#3777,#3780,#2200,.T.);
#4721=EDGE_CURVE('',#3781,#3777,#3153,.T.);
#4722=EDGE_CURVE('',#3782,#3780,#3154,.T.);
#4723=EDGE_CURVE('',#3781,#3782,#2201,.T.);
#4724=EDGE_CURVE('',#3783,#3781,#2202,.T.);
#4725=EDGE_CURVE('',#3784,#3782,#2203,.T.);
#4726=EDGE_CURVE('',#3783,#3784,#2204,.T.);
#4727=EDGE_CURVE('',#3785,#3783,#3155,.T.);
#4728=EDGE_CURVE('',#3786,#3784,#3156,.T.);
#4729=EDGE_CURVE('',#3785,#3786,#2205,.T.);
#4730=EDGE_CURVE('',#3787,#3785,#2206,.T.);
#4731=EDGE_CURVE('',#3788,#3786,#2207,.T.);
#4732=EDGE_CURVE('',#3787,#3788,#2208,.T.);
#4733=EDGE_CURVE('',#3789,#3787,#3157,.T.);
#4734=EDGE_CURVE('',#3790,#3788,#3158,.T.);
#4735=EDGE_CURVE('',#3789,#3790,#2209,.T.);
#4736=EDGE_CURVE('',#3791,#3789,#2210,.T.);
#4737=EDGE_CURVE('',#3792,#3790,#2211,.T.);
#4738=EDGE_CURVE('',#3791,#3792,#2212,.T.);
#4739=EDGE_CURVE('',#3778,#3791,#3159,.T.);
#4740=EDGE_CURVE('',#3779,#3792,#3160,.T.);
#4741=ORIENTED_EDGE('',*,*,#3793,.T.);
#4742=ORIENTED_EDGE('',*,*,#3794,.T.);
#4743=ORIENTED_EDGE('',*,*,#3795,.F.);
#4744=ORIENTED_EDGE('',*,*,#3794,.F.);
#4745=ORIENTED_EDGE('',*,*,#3796,.T.);
#4746=ORIENTED_EDGE('',*,*,#3797,.T.);
#4747=ORIENTED_EDGE('',*,*,#3798,.F.);
#4748=ORIENTED_EDGE('',*,*,#3797,.F.);
#4749=ORIENTED_EDGE('',*,*,#3799,.T.);
#4750=ORIENTED_EDGE('',*,*,#3800,.T.);
#4751=ORIENTED_EDGE('',*,*,#3801,.F.);
#4752=ORIENTED_EDGE('',*,*,#3800,.F.);
#4753=ORIENTED_EDGE('',*,*,#3802,.T.);
#4754=ORIENTED_EDGE('',*,*,#3803,.T.);
#4755=ORIENTED_EDGE('',*,*,#3804,.F.);
#4756=ORIENTED_EDGE('',*,*,#3803,.F.);
#4757=ORIENTED_EDGE('',*,*,#3805,.T.);
#4758=ORIENTED_EDGE('',*,*,#3806,.T.);
#4759=ORIENTED_EDGE('',*,*,#3807,.F.);
#4760=ORIENTED_EDGE('',*,*,#3806,.F.);
#4761=ORIENTED_EDGE('',*,*,#3808,.T.);
#4762=ORIENTED_EDGE('',*,*,#3809,.T.);
#4763=ORIENTED_EDGE('',*,*,#3810,.F.);
#4764=ORIENTED_EDGE('',*,*,#3809,.F.);
#4765=ORIENTED_EDGE('',*,*,#3811,.T.);
#4766=ORIENTED_EDGE('',*,*,#3812,.T.);
#4767=ORIENTED_EDGE('',*,*,#3813,.F.);
#4768=ORIENTED_EDGE('',*,*,#3812,.F.);
#4769=ORIENTED_EDGE('',*,*,#3814,.T.);
#4770=ORIENTED_EDGE('',*,*,#3815,.T.);
#4771=ORIENTED_EDGE('',*,*,#3816,.F.);
#4772=ORIENTED_EDGE('',*,*,#3815,.F.);
#4773=ORIENTED_EDGE('',*,*,#3817,.T.);
#4774=ORIENTED_EDGE('',*,*,#3818,.T.);
#4775=ORIENTED_EDGE('',*,*,#3819,.F.);
#4776=ORIENTED_EDGE('',*,*,#3818,.F.);
#4777=ORIENTED_EDGE('',*,*,#3820,.T.);
#4778=ORIENTED_EDGE('',*,*,#3821,.T.);
#4779=ORIENTED_EDGE('',*,*,#3822,.F.);
#4780=ORIENTED_EDGE('',*,*,#3821,.F.);
#4781=ORIENTED_EDGE('',*,*,#3823,.T.);
#4782=ORIENTED_EDGE('',*,*,#3824,.T.);
#4783=ORIENTED_EDGE('',*,*,#3825,.F.);
#4784=ORIENTED_EDGE('',*,*,#3824,.F.);
#4785=ORIENTED_EDGE('',*,*,#3826,.T.);
#4786=ORIENTED_EDGE('',*,*,#3827,.T.);
#4787=ORIENTED_EDGE('',*,*,#3828,.F.);
#4788=ORIENTED_EDGE('',*,*,#3827,.F.);
#4789=ORIENTED_EDGE('',*,*,#3829,.T.);
#4790=ORIENTED_EDGE('',*,*,#3830,.T.);
#4791=ORIENTED_EDGE('',*,*,#3831,.F.);
#4792=ORIENTED_EDGE('',*,*,#3830,.F.);
#4793=ORIENTED_EDGE('',*,*,#3832,.T.);
#4794=ORIENTED_EDGE('',*,*,#3833,.T.);
#4795=ORIENTED_EDGE('',*,*,#3834,.F.);
#4796=ORIENTED_EDGE('',*,*,#3833,.F.);
#4797=ORIENTED_EDGE('',*,*,#3835,.T.);
#4798=ORIENTED_EDGE('',*,*,#3836,.T.);
#4799=ORIENTED_EDGE('',*,*,#3837,.F.);
#4800=ORIENTED_EDGE('',*,*,#3836,.F.);
#4801=ORIENTED_EDGE('',*,*,#3838,.T.);
#4802=ORIENTED_EDGE('',*,*,#3839,.T.);
#4803=ORIENTED_EDGE('',*,*,#3840,.F.);
#4804=ORIENTED_EDGE('',*,*,#3839,.F.);
#4805=ORIENTED_EDGE('',*,*,#3841,.T.);
#4806=ORIENTED_EDGE('',*,*,#3842,.T.);
#4807=ORIENTED_EDGE('',*,*,#3843,.F.);
#4808=ORIENTED_EDGE('',*,*,#3842,.F.);
#4809=ORIENTED_EDGE('',*,*,#3844,.T.);
#4810=ORIENTED_EDGE('',*,*,#3845,.T.);
#4811=ORIENTED_EDGE('',*,*,#3846,.F.);
#4812=ORIENTED_EDGE('',*,*,#3845,.F.);
#4813=ORIENTED_EDGE('',*,*,#3847,.T.);
#4814=ORIENTED_EDGE('',*,*,#3848,.T.);
#4815=ORIENTED_EDGE('',*,*,#3849,.F.);
#4816=ORIENTED_EDGE('',*,*,#3848,.F.);
#4817=ORIENTED_EDGE('',*,*,#3850,.T.);
#4818=ORIENTED_EDGE('',*,*,#3851,.T.);
#4819=ORIENTED_EDGE('',*,*,#3852,.F.);
#4820=ORIENTED_EDGE('',*,*,#3851,.F.);
#4821=ORIENTED_EDGE('',*,*,#3853,.T.);
#4822=ORIENTED_EDGE('',*,*,#3854,.T.);
#4823=ORIENTED_EDGE('',*,*,#3855,.F.);
#4824=ORIENTED_EDGE('',*,*,#3854,.F.);
#4825=ORIENTED_EDGE('',*,*,#3856,.T.);
#4826=ORIENTED_EDGE('',*,*,#3857,.T.);
#4827=ORIENTED_EDGE('',*,*,#3858,.F.);
#4828=ORIENTED_EDGE('',*,*,#3857,.F.);
#4829=ORIENTED_EDGE('',*,*,#3859,.T.);
#4830=ORIENTED_EDGE('',*,*,#3860,.T.);
#4831=ORIENTED_EDGE('',*,*,#3861,.F.);
#4832=ORIENTED_EDGE('',*,*,#3860,.F.);
#4833=ORIENTED_EDGE('',*,*,#3862,.T.);
#4834=ORIENTED_EDGE('',*,*,#3863,.T.);
#4835=ORIENTED_EDGE('',*,*,#3864,.F.);
#4836=ORIENTED_EDGE('',*,*,#3863,.F.);
#4837=ORIENTED_EDGE('',*,*,#3865,.T.);
#4838=ORIENTED_EDGE('',*,*,#3866,.T.);
#4839=ORIENTED_EDGE('',*,*,#3867,.F.);
#4840=ORIENTED_EDGE('',*,*,#3866,.F.);
#4841=ORIENTED_EDGE('',*,*,#3868,.T.);
#4842=ORIENTED_EDGE('',*,*,#3869,.T.);
#4843=ORIENTED_EDGE('',*,*,#3870,.F.);
#4844=ORIENTED_EDGE('',*,*,#3869,.F.);
#4845=ORIENTED_EDGE('',*,*,#3871,.T.);
#4846=ORIENTED_EDGE('',*,*,#3872,.T.);
#4847=ORIENTED_EDGE('',*,*,#3873,.F.);
#4848=ORIENTED_EDGE('',*,*,#3872,.F.);
#4849=ORIENTED_EDGE('',*,*,#3874,.T.);
#4850=ORIENTED_EDGE('',*,*,#3875,.T.);
#4851=ORIENTED_EDGE('',*,*,#3876,.F.);
#4852=ORIENTED_EDGE('',*,*,#3875,.F.);
#4853=ORIENTED_EDGE('',*,*,#3877,.T.);
#4854=ORIENTED_EDGE('',*,*,#3878,.T.);
#4855=ORIENTED_EDGE('',*,*,#3879,.F.);
#4856=ORIENTED_EDGE('',*,*,#3878,.F.);
#4857=ORIENTED_EDGE('',*,*,#3880,.T.);
#4858=ORIENTED_EDGE('',*,*,#3881,.T.);
#4859=ORIENTED_EDGE('',*,*,#3882,.F.);
#4860=ORIENTED_EDGE('',*,*,#3881,.F.);
#4861=ORIENTED_EDGE('',*,*,#3883,.T.);
#4862=ORIENTED_EDGE('',*,*,#3884,.T.);
#4863=ORIENTED_EDGE('',*,*,#3885,.F.);
#4864=ORIENTED_EDGE('',*,*,#3884,.F.);
#4865=ORIENTED_EDGE('',*,*,#3886,.T.);
#4866=ORIENTED_EDGE('',*,*,#3887,.T.);
#4867=ORIENTED_EDGE('',*,*,#3888,.F.);
#4868=ORIENTED_EDGE('',*,*,#3887,.F.);
#4869=ORIENTED_EDGE('',*,*,#3889,.T.);
#4870=ORIENTED_EDGE('',*,*,#3890,.T.);
#4871=ORIENTED_EDGE('',*,*,#3891,.F.);
#4872=ORIENTED_EDGE('',*,*,#3890,.F.);
#4873=ORIENTED_EDGE('',*,*,#3892,.T.);
#4874=ORIENTED_EDGE('',*,*,#3893,.T.);
#4875=ORIENTED_EDGE('',*,*,#3894,.F.);
#4876=ORIENTED_EDGE('',*,*,#3893,.F.);
#4877=ORIENTED_EDGE('',*,*,#3895,.T.);
#4878=ORIENTED_EDGE('',*,*,#3896,.T.);
#4879=ORIENTED_EDGE('',*,*,#3897,.F.);
#4880=ORIENTED_EDGE('',*,*,#3896,.F.);
#4881=ORIENTED_EDGE('',*,*,#3898,.T.);
#4882=ORIENTED_EDGE('',*,*,#3899,.T.);
#4883=ORIENTED_EDGE('',*,*,#3900,.F.);
#4884=ORIENTED_EDGE('',*,*,#3899,.F.);
#4885=ORIENTED_EDGE('',*,*,#3901,.T.);
#4886=ORIENTED_EDGE('',*,*,#3902,.T.);
#4887=ORIENTED_EDGE('',*,*,#3903,.F.);
#4888=ORIENTED_EDGE('',*,*,#3902,.F.);
#4889=ORIENTED_EDGE('',*,*,#3904,.T.);
#4890=ORIENTED_EDGE('',*,*,#3905,.T.);
#4891=ORIENTED_EDGE('',*,*,#3906,.F.);
#4892=ORIENTED_EDGE('',*,*,#3905,.F.);
#4893=ORIENTED_EDGE('',*,*,#3907,.T.);
#4894=ORIENTED_EDGE('',*,*,#3908,.T.);
#4895=ORIENTED_EDGE('',*,*,#3909,.F.);
#4896=ORIENTED_EDGE('',*,*,#3908,.F.);
#4897=ORIENTED_EDGE('',*,*,#3910,.T.);
#4898=ORIENTED_EDGE('',*,*,#3911,.T.);
#4899=ORIENTED_EDGE('',*,*,#3912,.F.);
#4900=ORIENTED_EDGE('',*,*,#3911,.F.);
#4901=ORIENTED_EDGE('',*,*,#3913,.T.);
#4902=ORIENTED_EDGE('',*,*,#3914,.T.);
#4903=ORIENTED_EDGE('',*,*,#3915,.F.);
#4904=ORIENTED_EDGE('',*,*,#3914,.F.);
#4905=ORIENTED_EDGE('',*,*,#3916,.T.);
#4906=ORIENTED_EDGE('',*,*,#3917,.T.);
#4907=ORIENTED_EDGE('',*,*,#3918,.F.);
#4908=ORIENTED_EDGE('',*,*,#3917,.F.);
#4909=ORIENTED_EDGE('',*,*,#3919,.T.);
#4910=ORIENTED_EDGE('',*,*,#3920,.T.);
#4911=ORIENTED_EDGE('',*,*,#3921,.F.);
#4912=ORIENTED_EDGE('',*,*,#3920,.F.);
#4913=ORIENTED_EDGE('',*,*,#3922,.T.);
#4914=ORIENTED_EDGE('',*,*,#3923,.T.);
#4915=ORIENTED_EDGE('',*,*,#3924,.F.);
#4916=ORIENTED_EDGE('',*,*,#3923,.F.);
#4917=ORIENTED_EDGE('',*,*,#3925,.T.);
#4918=ORIENTED_EDGE('',*,*,#3926,.T.);
#4919=ORIENTED_EDGE('',*,*,#3927,.F.);
#4920=ORIENTED_EDGE('',*,*,#3926,.F.);
#4921=ORIENTED_EDGE('',*,*,#3928,.T.);
#4922=ORIENTED_EDGE('',*,*,#3929,.T.);
#4923=ORIENTED_EDGE('',*,*,#3930,.F.);
#4924=ORIENTED_EDGE('',*,*,#3929,.F.);
#4925=ORIENTED_EDGE('',*,*,#3931,.T.);
#4926=ORIENTED_EDGE('',*,*,#3932,.T.);
#4927=ORIENTED_EDGE('',*,*,#3933,.F.);
#4928=ORIENTED_EDGE('',*,*,#3932,.F.);
#4929=ORIENTED_EDGE('',*,*,#3934,.T.);
#4930=ORIENTED_EDGE('',*,*,#3935,.T.);
#4931=ORIENTED_EDGE('',*,*,#3936,.F.);
#4932=ORIENTED_EDGE('',*,*,#3935,.F.);
#4933=ORIENTED_EDGE('',*,*,#3937,.T.);
#4934=ORIENTED_EDGE('',*,*,#3938,.T.);
#4935=ORIENTED_EDGE('',*,*,#3939,.F.);
#4936=ORIENTED_EDGE('',*,*,#3938,.F.);
#4937=ORIENTED_EDGE('',*,*,#3940,.T.);
#4938=ORIENTED_EDGE('',*,*,#3941,.T.);
#4939=ORIENTED_EDGE('',*,*,#3942,.F.);
#4940=ORIENTED_EDGE('',*,*,#3941,.F.);
#4941=ORIENTED_EDGE('',*,*,#3943,.T.);
#4942=ORIENTED_EDGE('',*,*,#3944,.T.);
#4943=ORIENTED_EDGE('',*,*,#3945,.F.);
#4944=ORIENTED_EDGE('',*,*,#3944,.F.);
#4945=ORIENTED_EDGE('',*,*,#3946,.T.);
#4946=ORIENTED_EDGE('',*,*,#3947,.T.);
#4947=ORIENTED_EDGE('',*,*,#3948,.F.);
#4948=ORIENTED_EDGE('',*,*,#3947,.F.);
#4949=ORIENTED_EDGE('',*,*,#3949,.T.);
#4950=ORIENTED_EDGE('',*,*,#3950,.T.);
#4951=ORIENTED_EDGE('',*,*,#3951,.F.);
#4952=ORIENTED_EDGE('',*,*,#3950,.F.);
#4953=ORIENTED_EDGE('',*,*,#3952,.T.);
#4954=ORIENTED_EDGE('',*,*,#3953,.T.);
#4955=ORIENTED_EDGE('',*,*,#3954,.F.);
#4956=ORIENTED_EDGE('',*,*,#3953,.F.);
#4957=ORIENTED_EDGE('',*,*,#3955,.T.);
#4958=ORIENTED_EDGE('',*,*,#3956,.T.);
#4959=ORIENTED_EDGE('',*,*,#3957,.F.);
#4960=ORIENTED_EDGE('',*,*,#3956,.F.);
#4961=ORIENTED_EDGE('',*,*,#3958,.T.);
#4962=ORIENTED_EDGE('',*,*,#3959,.T.);
#4963=ORIENTED_EDGE('',*,*,#3960,.F.);
#4964=ORIENTED_EDGE('',*,*,#3959,.F.);
#4965=ORIENTED_EDGE('',*,*,#3961,.T.);
#4966=ORIENTED_EDGE('',*,*,#3962,.T.);
#4967=ORIENTED_EDGE('',*,*,#3963,.F.);
#4968=ORIENTED_EDGE('',*,*,#3962,.F.);
#4969=ORIENTED_EDGE('',*,*,#3964,.T.);
#4970=ORIENTED_EDGE('',*,*,#3965,.T.);
#4971=ORIENTED_EDGE('',*,*,#3966,.F.);
#4972=ORIENTED_EDGE('',*,*,#3965,.F.);
#4973=ORIENTED_EDGE('',*,*,#3967,.T.);
#4974=ORIENTED_EDGE('',*,*,#3968,.T.);
#4975=ORIENTED_EDGE('',*,*,#3969,.F.);
#4976=ORIENTED_EDGE('',*,*,#3968,.F.);
#4977=ORIENTED_EDGE('',*,*,#3970,.T.);
#4978=ORIENTED_EDGE('',*,*,#3971,.T.);
#4979=ORIENTED_EDGE('',*,*,#3972,.F.);
#4980=ORIENTED_EDGE('',*,*,#3971,.F.);
#4981=ORIENTED_EDGE('',*,*,#3973,.T.);
#4982=ORIENTED_EDGE('',*,*,#3974,.T.);
#4983=ORIENTED_EDGE('',*,*,#3975,.F.);
#4984=ORIENTED_EDGE('',*,*,#3974,.F.);
#4985=ORIENTED_EDGE('',*,*,#3976,.T.);
#4986=ORIENTED_EDGE('',*,*,#3977,.T.);
#4987=ORIENTED_EDGE('',*,*,#3978,.F.);
#4988=ORIENTED_EDGE('',*,*,#3977,.F.);
#4989=ORIENTED_EDGE('',*,*,#3979,.T.);
#4990=ORIENTED_EDGE('',*,*,#3980,.T.);
#4991=ORIENTED_EDGE('',*,*,#3981,.F.);
#4992=ORIENTED_EDGE('',*,*,#3980,.F.);
#4993=ORIENTED_EDGE('',*,*,#3982,.T.);
#4994=ORIENTED_EDGE('',*,*,#3983,.T.);
#4995=ORIENTED_EDGE('',*,*,#3984,.F.);
#4996=ORIENTED_EDGE('',*,*,#3983,.F.);
#4997=ORIENTED_EDGE('',*,*,#3985,.T.);
#4998=ORIENTED_EDGE('',*,*,#3986,.T.);
#4999=ORIENTED_EDGE('',*,*,#3987,.F.);
#5000=ORIENTED_EDGE('',*,*,#3986,.F.);
#5001=ORIENTED_EDGE('',*,*,#3988,.T.);
#5002=ORIENTED_EDGE('',*,*,#3989,.T.);
#5003=ORIENTED_EDGE('',*,*,#3990,.F.);
#5004=ORIENTED_EDGE('',*,*,#3989,.F.);
#5005=ORIENTED_EDGE('',*,*,#3991,.T.);
#5006=ORIENTED_EDGE('',*,*,#3992,.T.);
#5007=ORIENTED_EDGE('',*,*,#3993,.F.);
#5008=ORIENTED_EDGE('',*,*,#3992,.F.);
#5009=ORIENTED_EDGE('',*,*,#3994,.T.);
#5010=ORIENTED_EDGE('',*,*,#3995,.T.);
#5011=ORIENTED_EDGE('',*,*,#3996,.F.);
#5012=ORIENTED_EDGE('',*,*,#3995,.F.);
#5013=ORIENTED_EDGE('',*,*,#3997,.T.);
#5014=ORIENTED_EDGE('',*,*,#3998,.T.);
#5015=ORIENTED_EDGE('',*,*,#3999,.F.);
#5016=ORIENTED_EDGE('',*,*,#3998,.F.);
#5017=ORIENTED_EDGE('',*,*,#4000,.T.);
#5018=ORIENTED_EDGE('',*,*,#4001,.T.);
#5019=ORIENTED_EDGE('',*,*,#4002,.F.);
#5020=ORIENTED_EDGE('',*,*,#4001,.F.);
#5021=ORIENTED_EDGE('',*,*,#4003,.T.);
#5022=ORIENTED_EDGE('',*,*,#4004,.T.);
#5023=ORIENTED_EDGE('',*,*,#4005,.F.);
#5024=ORIENTED_EDGE('',*,*,#4004,.F.);
#5025=ORIENTED_EDGE('',*,*,#4006,.T.);
#5026=ORIENTED_EDGE('',*,*,#4007,.T.);
#5027=ORIENTED_EDGE('',*,*,#4008,.F.);
#5028=ORIENTED_EDGE('',*,*,#4007,.F.);
#5029=ORIENTED_EDGE('',*,*,#4009,.T.);
#5030=ORIENTED_EDGE('',*,*,#4010,.T.);
#5031=ORIENTED_EDGE('',*,*,#4011,.F.);
#5032=ORIENTED_EDGE('',*,*,#4010,.F.);
#5033=ORIENTED_EDGE('',*,*,#4012,.T.);
#5034=ORIENTED_EDGE('',*,*,#4013,.T.);
#5035=ORIENTED_EDGE('',*,*,#4014,.F.);
#5036=ORIENTED_EDGE('',*,*,#4013,.F.);
#5037=ORIENTED_EDGE('',*,*,#4015,.T.);
#5038=ORIENTED_EDGE('',*,*,#4016,.T.);
#5039=ORIENTED_EDGE('',*,*,#4017,.F.);
#5040=ORIENTED_EDGE('',*,*,#4016,.F.);
#5041=ORIENTED_EDGE('',*,*,#4018,.T.);
#5042=ORIENTED_EDGE('',*,*,#4019,.T.);
#5043=ORIENTED_EDGE('',*,*,#4020,.F.);
#5044=ORIENTED_EDGE('',*,*,#4019,.F.);
#5045=ORIENTED_EDGE('',*,*,#4021,.T.);
#5046=ORIENTED_EDGE('',*,*,#4022,.T.);
#5047=ORIENTED_EDGE('',*,*,#4023,.F.);
#5048=ORIENTED_EDGE('',*,*,#4022,.F.);
#5049=ORIENTED_EDGE('',*,*,#4024,.T.);
#5050=ORIENTED_EDGE('',*,*,#4025,.T.);
#5051=ORIENTED_EDGE('',*,*,#4026,.F.);
#5052=ORIENTED_EDGE('',*,*,#4025,.F.);
#5053=ORIENTED_EDGE('',*,*,#4027,.T.);
#5054=ORIENTED_EDGE('',*,*,#4028,.T.);
#5055=ORIENTED_EDGE('',*,*,#4029,.F.);
#5056=ORIENTED_EDGE('',*,*,#4028,.F.);
#5057=ORIENTED_EDGE('',*,*,#4030,.T.);
#5058=ORIENTED_EDGE('',*,*,#4031,.T.);
#5059=ORIENTED_EDGE('',*,*,#4032,.F.);
#5060=ORIENTED_EDGE('',*,*,#4031,.F.);
#5061=ORIENTED_EDGE('',*,*,#4033,.T.);
#5062=ORIENTED_EDGE('',*,*,#4034,.T.);
#5063=ORIENTED_EDGE('',*,*,#4035,.F.);
#5064=ORIENTED_EDGE('',*,*,#4034,.F.);
#5065=ORIENTED_EDGE('',*,*,#4036,.T.);
#5066=ORIENTED_EDGE('',*,*,#4037,.T.);
#5067=ORIENTED_EDGE('',*,*,#4038,.F.);
#5068=ORIENTED_EDGE('',*,*,#4037,.F.);
#5069=ORIENTED_EDGE('',*,*,#4039,.T.);
#5070=ORIENTED_EDGE('',*,*,#4040,.T.);
#5071=ORIENTED_EDGE('',*,*,#4041,.F.);
#5072=ORIENTED_EDGE('',*,*,#4040,.F.);
#5073=ORIENTED_EDGE('',*,*,#4042,.T.);
#5074=ORIENTED_EDGE('',*,*,#4043,.T.);
#5075=ORIENTED_EDGE('',*,*,#4044,.F.);
#5076=ORIENTED_EDGE('',*,*,#4043,.F.);
#5077=ORIENTED_EDGE('',*,*,#4045,.T.);
#5078=ORIENTED_EDGE('',*,*,#4046,.T.);
#5079=ORIENTED_EDGE('',*,*,#4047,.F.);
#5080=ORIENTED_EDGE('',*,*,#4046,.F.);
#5081=ORIENTED_EDGE('',*,*,#4048,.T.);
#5082=ORIENTED_EDGE('',*,*,#4049,.T.);
#5083=ORIENTED_EDGE('',*,*,#4050,.F.);
#5084=ORIENTED_EDGE('',*,*,#4049,.F.);
#5085=ORIENTED_EDGE('',*,*,#4051,.T.);
#5086=ORIENTED_EDGE('',*,*,#4052,.T.);
#5087=ORIENTED_EDGE('',*,*,#4053,.F.);
#5088=ORIENTED_EDGE('',*,*,#4052,.F.);
#5089=ORIENTED_EDGE('',*,*,#4054,.T.);
#5090=ORIENTED_EDGE('',*,*,#4055,.T.);
#5091=ORIENTED_EDGE('',*,*,#4056,.F.);
#5092=ORIENTED_EDGE('',*,*,#4055,.F.);
#5093=ORIENTED_EDGE('',*,*,#4057,.T.);
#5094=ORIENTED_EDGE('',*,*,#4058,.T.);
#5095=ORIENTED_EDGE('',*,*,#4059,.F.);
#5096=ORIENTED_EDGE('',*,*,#4058,.F.);
#5097=ORIENTED_EDGE('',*,*,#4060,.T.);
#5098=ORIENTED_EDGE('',*,*,#4061,.T.);
#5099=ORIENTED_EDGE('',*,*,#4062,.F.);
#5100=ORIENTED_EDGE('',*,*,#4061,.F.);
#5101=ORIENTED_EDGE('',*,*,#4063,.T.);
#5102=ORIENTED_EDGE('',*,*,#4064,.T.);
#5103=ORIENTED_EDGE('',*,*,#4065,.F.);
#5104=ORIENTED_EDGE('',*,*,#4064,.F.);
#5105=ORIENTED_EDGE('',*,*,#4066,.T.);
#5106=ORIENTED_EDGE('',*,*,#4067,.T.);
#5107=ORIENTED_EDGE('',*,*,#4068,.F.);
#5108=ORIENTED_EDGE('',*,*,#4067,.F.);
#5109=ORIENTED_EDGE('',*,*,#4069,.T.);
#5110=ORIENTED_EDGE('',*,*,#4070,.T.);
#5111=ORIENTED_EDGE('',*,*,#4071,.F.);
#5112=ORIENTED_EDGE('',*,*,#4070,.F.);
#5113=ORIENTED_EDGE('',*,*,#4072,.T.);
#5114=ORIENTED_EDGE('',*,*,#4073,.T.);
#5115=ORIENTED_EDGE('',*,*,#4074,.F.);
#5116=ORIENTED_EDGE('',*,*,#4073,.F.);
#5117=ORIENTED_EDGE('',*,*,#4075,.T.);
#5118=ORIENTED_EDGE('',*,*,#4076,.T.);
#5119=ORIENTED_EDGE('',*,*,#4077,.F.);
#5120=ORIENTED_EDGE('',*,*,#4076,.F.);
#5121=ORIENTED_EDGE('',*,*,#4078,.T.);
#5122=ORIENTED_EDGE('',*,*,#4079,.T.);
#5123=ORIENTED_EDGE('',*,*,#4080,.F.);
#5124=ORIENTED_EDGE('',*,*,#4079,.F.);
#5125=ORIENTED_EDGE('',*,*,#4081,.T.);
#5126=ORIENTED_EDGE('',*,*,#4082,.T.);
#5127=ORIENTED_EDGE('',*,*,#4083,.F.);
#5128=ORIENTED_EDGE('',*,*,#4082,.F.);
#5129=ORIENTED_EDGE('',*,*,#4084,.T.);
#5130=ORIENTED_EDGE('',*,*,#4085,.T.);
#5131=ORIENTED_EDGE('',*,*,#4086,.F.);
#5132=ORIENTED_EDGE('',*,*,#4085,.F.);
#5133=ORIENTED_EDGE('',*,*,#4087,.T.);
#5134=ORIENTED_EDGE('',*,*,#4088,.T.);
#5135=ORIENTED_EDGE('',*,*,#4089,.F.);
#5136=ORIENTED_EDGE('',*,*,#4088,.F.);
#5137=ORIENTED_EDGE('',*,*,#4090,.T.);
#5138=ORIENTED_EDGE('',*,*,#4091,.T.);
#5139=ORIENTED_EDGE('',*,*,#4092,.F.);
#5140=ORIENTED_EDGE('',*,*,#4091,.F.);
#5141=ORIENTED_EDGE('',*,*,#4093,.T.);
#5142=ORIENTED_EDGE('',*,*,#4094,.T.);
#5143=ORIENTED_EDGE('',*,*,#4095,.F.);
#5144=ORIENTED_EDGE('',*,*,#4094,.F.);
#5145=ORIENTED_EDGE('',*,*,#4096,.T.);
#5146=ORIENTED_EDGE('',*,*,#4097,.T.);
#5147=ORIENTED_EDGE('',*,*,#4098,.F.);
#5148=ORIENTED_EDGE('',*,*,#4097,.F.);
#5149=ORIENTED_EDGE('',*,*,#4099,.T.);
#5150=ORIENTED_EDGE('',*,*,#4100,.T.);
#5151=ORIENTED_EDGE('',*,*,#4101,.F.);
#5152=ORIENTED_EDGE('',*,*,#4100,.F.);
#5153=ORIENTED_EDGE('',*,*,#4102,.T.);
#5154=ORIENTED_EDGE('',*,*,#4103,.T.);
#5155=ORIENTED_EDGE('',*,*,#4104,.F.);
#5156=ORIENTED_EDGE('',*,*,#4103,.F.);
#5157=ORIENTED_EDGE('',*,*,#4105,.T.);
#5158=ORIENTED_EDGE('',*,*,#4106,.T.);
#5159=ORIENTED_EDGE('',*,*,#4107,.F.);
#5160=ORIENTED_EDGE('',*,*,#4106,.F.);
#5161=ORIENTED_EDGE('',*,*,#4108,.T.);
#5162=ORIENTED_EDGE('',*,*,#4109,.T.);
#5163=ORIENTED_EDGE('',*,*,#4110,.F.);
#5164=ORIENTED_EDGE('',*,*,#4109,.F.);
#5165=ORIENTED_EDGE('',*,*,#4111,.T.);
#5166=ORIENTED_EDGE('',*,*,#4112,.T.);
#5167=ORIENTED_EDGE('',*,*,#4113,.F.);
#5168=ORIENTED_EDGE('',*,*,#4112,.F.);
#5169=ORIENTED_EDGE('',*,*,#4114,.T.);
#5170=ORIENTED_EDGE('',*,*,#4115,.T.);
#5171=ORIENTED_EDGE('',*,*,#4116,.F.);
#5172=ORIENTED_EDGE('',*,*,#4115,.F.);
#5173=ORIENTED_EDGE('',*,*,#4117,.T.);
#5174=ORIENTED_EDGE('',*,*,#4118,.T.);
#5175=ORIENTED_EDGE('',*,*,#4119,.F.);
#5176=ORIENTED_EDGE('',*,*,#4118,.F.);
#5177=ORIENTED_EDGE('',*,*,#4120,.T.);
#5178=ORIENTED_EDGE('',*,*,#4121,.T.);
#5179=ORIENTED_EDGE('',*,*,#4122,.F.);
#5180=ORIENTED_EDGE('',*,*,#4121,.F.);
#5181=ORIENTED_EDGE('',*,*,#4123,.T.);
#5182=ORIENTED_EDGE('',*,*,#4124,.T.);
#5183=ORIENTED_EDGE('',*,*,#4125,.F.);
#5184=ORIENTED_EDGE('',*,*,#4124,.F.);
#5185=ORIENTED_EDGE('',*,*,#4126,.T.);
#5186=ORIENTED_EDGE('',*,*,#4127,.T.);
#5187=ORIENTED_EDGE('',*,*,#4128,.F.);
#5188=ORIENTED_EDGE('',*,*,#4127,.F.);
#5189=ORIENTED_EDGE('',*,*,#4129,.T.);
#5190=ORIENTED_EDGE('',*,*,#4130,.T.);
#5191=ORIENTED_EDGE('',*,*,#4131,.F.);
#5192=ORIENTED_EDGE('',*,*,#4130,.F.);
#5193=ORIENTED_EDGE('',*,*,#4132,.T.);
#5194=ORIENTED_EDGE('',*,*,#4133,.T.);
#5195=ORIENTED_EDGE('',*,*,#4134,.F.);
#5196=ORIENTED_EDGE('',*,*,#4133,.F.);
#5197=ORIENTED_EDGE('',*,*,#4135,.T.);
#5198=ORIENTED_EDGE('',*,*,#4136,.T.);
#5199=ORIENTED_EDGE('',*,*,#4137,.F.);
#5200=ORIENTED_EDGE('',*,*,#4136,.F.);
#5201=ORIENTED_EDGE('',*,*,#4138,.T.);
#5202=ORIENTED_EDGE('',*,*,#4139,.T.);
#5203=ORIENTED_EDGE('',*,*,#4140,.F.);
#5204=ORIENTED_EDGE('',*,*,#4139,.F.);
#5205=ORIENTED_EDGE('',*,*,#4141,.T.);
#5206=ORIENTED_EDGE('',*,*,#4142,.T.);
#5207=ORIENTED_EDGE('',*,*,#4143,.F.);
#5208=ORIENTED_EDGE('',*,*,#4142,.F.);
#5209=ORIENTED_EDGE('',*,*,#4144,.T.);
#5210=ORIENTED_EDGE('',*,*,#4145,.T.);
#5211=ORIENTED_EDGE('',*,*,#4146,.F.);
#5212=ORIENTED_EDGE('',*,*,#4145,.F.);
#5213=ORIENTED_EDGE('',*,*,#4147,.T.);
#5214=ORIENTED_EDGE('',*,*,#4148,.T.);
#5215=ORIENTED_EDGE('',*,*,#4149,.F.);
#5216=ORIENTED_EDGE('',*,*,#4148,.F.);
#5217=ORIENTED_EDGE('',*,*,#4150,.T.);
#5218=ORIENTED_EDGE('',*,*,#4151,.T.);
#5219=ORIENTED_EDGE('',*,*,#4152,.F.);
#5220=ORIENTED_EDGE('',*,*,#4151,.F.);
#5221=ORIENTED_EDGE('',*,*,#4153,.T.);
#5222=ORIENTED_EDGE('',*,*,#4154,.T.);
#5223=ORIENTED_EDGE('',*,*,#4155,.F.);
#5224=ORIENTED_EDGE('',*,*,#4154,.F.);
#5225=ORIENTED_EDGE('',*,*,#4156,.T.);
#5226=ORIENTED_EDGE('',*,*,#4157,.T.);
#5227=ORIENTED_EDGE('',*,*,#4158,.F.);
#5228=ORIENTED_EDGE('',*,*,#4157,.F.);
#5229=ORIENTED_EDGE('',*,*,#4159,.T.);
#5230=ORIENTED_EDGE('',*,*,#4160,.T.);
#5231=ORIENTED_EDGE('',*,*,#4161,.F.);
#5232=ORIENTED_EDGE('',*,*,#4160,.F.);
#5233=ORIENTED_EDGE('',*,*,#4162,.T.);
#5234=ORIENTED_EDGE('',*,*,#4163,.T.);
#5235=ORIENTED_EDGE('',*,*,#4164,.F.);
#5236=ORIENTED_EDGE('',*,*,#4163,.F.);
#5237=ORIENTED_EDGE('',*,*,#4165,.T.);
#5238=ORIENTED_EDGE('',*,*,#4166,.T.);
#5239=ORIENTED_EDGE('',*,*,#4167,.F.);
#5240=ORIENTED_EDGE('',*,*,#4166,.F.);
#5241=ORIENTED_EDGE('',*,*,#4168,.T.);
#5242=ORIENTED_EDGE('',*,*,#4169,.T.);
#5243=ORIENTED_EDGE('',*,*,#4170,.F.);
#5244=ORIENTED_EDGE('',*,*,#4169,.F.);
#5245=ORIENTED_EDGE('',*,*,#4171,.T.);
#5246=ORIENTED_EDGE('',*,*,#4172,.T.);
#5247=ORIENTED_EDGE('',*,*,#4173,.F.);
#5248=ORIENTED_EDGE('',*,*,#4172,.F.);
#5249=ORIENTED_EDGE('',*,*,#4174,.T.);
#5250=ORIENTED_EDGE('',*,*,#4175,.T.);
#5251=ORIENTED_EDGE('',*,*,#4176,.F.);
#5252=ORIENTED_EDGE('',*,*,#4175,.F.);
#5253=ORIENTED_EDGE('',*,*,#4177,.T.);
#5254=ORIENTED_EDGE('',*,*,#4178,.T.);
#5255=ORIENTED_EDGE('',*,*,#4179,.F.);
#5256=ORIENTED_EDGE('',*,*,#4178,.F.);
#5257=ORIENTED_EDGE('',*,*,#4180,.T.);
#5258=ORIENTED_EDGE('',*,*,#4181,.T.);
#5259=ORIENTED_EDGE('',*,*,#4182,.F.);
#5260=ORIENTED_EDGE('',*,*,#4181,.F.);
#5261=ORIENTED_EDGE('',*,*,#4183,.T.);
#5262=ORIENTED_EDGE('',*,*,#4184,.T.);
#5263=ORIENTED_EDGE('',*,*,#4185,.F.);
#5264=ORIENTED_EDGE('',*,*,#4184,.F.);
#5265=ORIENTED_EDGE('',*,*,#4186,.T.);
#5266=ORIENTED_EDGE('',*,*,#4187,.T.);
#5267=ORIENTED_EDGE('',*,*,#4188,.F.);
#5268=ORIENTED_EDGE('',*,*,#4187,.F.);
#5269=ORIENTED_EDGE('',*,*,#4189,.T.);
#5270=ORIENTED_EDGE('',*,*,#4190,.T.);
#5271=ORIENTED_EDGE('',*,*,#4191,.F.);
#5272=ORIENTED_EDGE('',*,*,#4190,.F.);
#5273=ORIENTED_EDGE('',*,*,#4192,.T.);
#5274=ORIENTED_EDGE('',*,*,#4193,.T.);
#5275=ORIENTED_EDGE('',*,*,#4194,.F.);
#5276=ORIENTED_EDGE('',*,*,#4193,.F.);
#5277=ORIENTED_EDGE('',*,*,#4195,.T.);
#5278=ORIENTED_EDGE('',*,*,#4196,.T.);
#5279=ORIENTED_EDGE('',*,*,#4197,.F.);
#5280=ORIENTED_EDGE('',*,*,#4196,.F.);
#5281=ORIENTED_EDGE('',*,*,#4198,.T.);
#5282=ORIENTED_EDGE('',*,*,#4199,.T.);
#5283=ORIENTED_EDGE('',*,*,#4200,.F.);
#5284=ORIENTED_EDGE('',*,*,#4199,.F.);
#5285=ORIENTED_EDGE('',*,*,#4201,.T.);
#5286=ORIENTED_EDGE('',*,*,#4202,.T.);
#5287=ORIENTED_EDGE('',*,*,#4203,.F.);
#5288=ORIENTED_EDGE('',*,*,#4202,.F.);
#5289=ORIENTED_EDGE('',*,*,#4204,.T.);
#5290=ORIENTED_EDGE('',*,*,#4205,.T.);
#5291=ORIENTED_EDGE('',*,*,#4206,.F.);
#5292=ORIENTED_EDGE('',*,*,#4205,.F.);
#5293=ORIENTED_EDGE('',*,*,#4207,.T.);
#5294=ORIENTED_EDGE('',*,*,#4208,.T.);
#5295=ORIENTED_EDGE('',*,*,#4209,.F.);
#5296=ORIENTED_EDGE('',*,*,#4208,.F.);
#5297=ORIENTED_EDGE('',*,*,#4210,.T.);
#5298=ORIENTED_EDGE('',*,*,#4211,.T.);
#5299=ORIENTED_EDGE('',*,*,#4212,.F.);
#5300=ORIENTED_EDGE('',*,*,#4211,.F.);
#5301=ORIENTED_EDGE('',*,*,#4213,.T.);
#5302=ORIENTED_EDGE('',*,*,#4214,.T.);
#5303=ORIENTED_EDGE('',*,*,#4215,.F.);
#5304=ORIENTED_EDGE('',*,*,#4214,.F.);
#5305=ORIENTED_EDGE('',*,*,#4216,.T.);
#5306=ORIENTED_EDGE('',*,*,#4217,.T.);
#5307=ORIENTED_EDGE('',*,*,#4218,.F.);
#5308=ORIENTED_EDGE('',*,*,#4217,.F.);
#5309=ORIENTED_EDGE('',*,*,#4219,.T.);
#5310=ORIENTED_EDGE('',*,*,#4220,.T.);
#5311=ORIENTED_EDGE('',*,*,#4221,.F.);
#5312=ORIENTED_EDGE('',*,*,#4220,.F.);
#5313=ORIENTED_EDGE('',*,*,#4222,.T.);
#5314=ORIENTED_EDGE('',*,*,#4223,.T.);
#5315=ORIENTED_EDGE('',*,*,#4224,.F.);
#5316=ORIENTED_EDGE('',*,*,#4223,.F.);
#5317=ORIENTED_EDGE('',*,*,#4225,.T.);
#5318=ORIENTED_EDGE('',*,*,#4226,.T.);
#5319=ORIENTED_EDGE('',*,*,#4227,.F.);
#5320=ORIENTED_EDGE('',*,*,#4226,.F.);
#5321=ORIENTED_EDGE('',*,*,#4228,.T.);
#5322=ORIENTED_EDGE('',*,*,#4229,.T.);
#5323=ORIENTED_EDGE('',*,*,#4230,.F.);
#5324=ORIENTED_EDGE('',*,*,#4229,.F.);
#5325=ORIENTED_EDGE('',*,*,#4231,.T.);
#5326=ORIENTED_EDGE('',*,*,#4232,.T.);
#5327=ORIENTED_EDGE('',*,*,#4233,.F.);
#5328=ORIENTED_EDGE('',*,*,#4232,.F.);
#5329=ORIENTED_EDGE('',*,*,#4234,.T.);
#5330=ORIENTED_EDGE('',*,*,#4235,.T.);
#5331=ORIENTED_EDGE('',*,*,#4236,.F.);
#5332=ORIENTED_EDGE('',*,*,#4235,.F.);
#5333=ORIENTED_EDGE('',*,*,#4237,.T.);
#5334=ORIENTED_EDGE('',*,*,#4238,.T.);
#5335=ORIENTED_EDGE('',*,*,#4239,.F.);
#5336=ORIENTED_EDGE('',*,*,#4238,.F.);
#5337=ORIENTED_EDGE('',*,*,#4240,.T.);
#5338=ORIENTED_EDGE('',*,*,#4241,.T.);
#5339=ORIENTED_EDGE('',*,*,#4242,.F.);
#5340=ORIENTED_EDGE('',*,*,#4241,.F.);
#5341=ORIENTED_EDGE('',*,*,#4243,.T.);
#5342=ORIENTED_EDGE('',*,*,#4244,.T.);
#5343=ORIENTED_EDGE('',*,*,#4245,.F.);
#5344=ORIENTED_EDGE('',*,*,#4244,.F.);
#5345=ORIENTED_EDGE('',*,*,#4246,.T.);
#5346=ORIENTED_EDGE('',*,*,#4247,.T.);
#5347=ORIENTED_EDGE('',*,*,#4248,.F.);
#5348=ORIENTED_EDGE('',*,*,#4247,.F.);
#5349=ORIENTED_EDGE('',*,*,#4249,.T.);
#5350=ORIENTED_EDGE('',*,*,#4250,.T.);
#5351=ORIENTED_EDGE('',*,*,#4251,.F.);
#5352=ORIENTED_EDGE('',*,*,#4250,.F.);
#5353=ORIENTED_EDGE('',*,*,#4252,.T.);
#5354=ORIENTED_EDGE('',*,*,#4253,.T.);
#5355=ORIENTED_EDGE('',*,*,#4254,.F.);
#5356=ORIENTED_EDGE('',*,*,#4253,.F.);
#5357=ORIENTED_EDGE('',*,*,#4255,.T.);
#5358=ORIENTED_EDGE('',*,*,#4256,.T.);
#5359=ORIENTED_EDGE('',*,*,#4257,.F.);
#5360=ORIENTED_EDGE('',*,*,#4256,.F.);
#5361=ORIENTED_EDGE('',*,*,#4258,.T.);
#5362=ORIENTED_EDGE('',*,*,#4259,.T.);
#5363=ORIENTED_EDGE('',*,*,#4260,.F.);
#5364=ORIENTED_EDGE('',*,*,#4259,.F.);
#5365=ORIENTED_EDGE('',*,*,#4261,.T.);
#5366=ORIENTED_EDGE('',*,*,#4262,.T.);
#5367=ORIENTED_EDGE('',*,*,#4263,.F.);
#5368=ORIENTED_EDGE('',*,*,#4262,.F.);
#5369=ORIENTED_EDGE('',*,*,#4264,.T.);
#5370=ORIENTED_EDGE('',*,*,#4265,.T.);
#5371=ORIENTED_EDGE('',*,*,#4266,.F.);
#5372=ORIENTED_EDGE('',*,*,#4265,.F.);
#5373=ORIENTED_EDGE('',*,*,#4267,.T.);
#5374=ORIENTED_EDGE('',*,*,#4268,.T.);
#5375=ORIENTED_EDGE('',*,*,#4269,.F.);
#5376=ORIENTED_EDGE('',*,*,#4268,.F.);
#5377=ORIENTED_EDGE('',*,*,#4270,.T.);
#5378=ORIENTED_EDGE('',*,*,#4271,.T.);
#5379=ORIENTED_EDGE('',*,*,#4272,.F.);
#5380=ORIENTED_EDGE('',*,*,#4271,.F.);
#5381=ORIENTED_EDGE('',*,*,#4273,.T.);
#5382=ORIENTED_EDGE('',*,*,#4274,.T.);
#5383=ORIENTED_EDGE('',*,*,#4275,.F.);
#5384=ORIENTED_EDGE('',*,*,#4274,.F.);
#5385=ORIENTED_EDGE('',*,*,#4276,.T.);
#5386=ORIENTED_EDGE('',*,*,#4277,.T.);
#5387=ORIENTED_EDGE('',*,*,#4278,.F.);
#5388=ORIENTED_EDGE('',*,*,#4277,.F.);
#5389=ORIENTED_EDGE('',*,*,#4279,.T.);
#5390=ORIENTED_EDGE('',*,*,#4280,.T.);
#5391=ORIENTED_EDGE('',*,*,#4281,.F.);
#5392=ORIENTED_EDGE('',*,*,#4280,.F.);
#5393=ORIENTED_EDGE('',*,*,#4282,.T.);
#5394=ORIENTED_EDGE('',*,*,#4283,.T.);
#5395=ORIENTED_EDGE('',*,*,#4284,.F.);
#5396=ORIENTED_EDGE('',*,*,#4283,.F.);
#5397=ORIENTED_EDGE('',*,*,#4285,.T.);
#5398=ORIENTED_EDGE('',*,*,#4286,.T.);
#5399=ORIENTED_EDGE('',*,*,#4287,.F.);
#5400=ORIENTED_EDGE('',*,*,#4286,.F.);
#5401=ORIENTED_EDGE('',*,*,#4288,.T.);
#5402=ORIENTED_EDGE('',*,*,#4289,.T.);
#5403=ORIENTED_EDGE('',*,*,#4290,.F.);
#5404=ORIENTED_EDGE('',*,*,#4289,.F.);
#5405=ORIENTED_EDGE('',*,*,#4291,.T.);
#5406=ORIENTED_EDGE('',*,*,#4292,.T.);
#5407=ORIENTED_EDGE('',*,*,#4293,.F.);
#5408=ORIENTED_EDGE('',*,*,#4292,.F.);
#5409=ORIENTED_EDGE('',*,*,#4294,.T.);
#5410=ORIENTED_EDGE('',*,*,#4295,.T.);
#5411=ORIENTED_EDGE('',*,*,#4296,.F.);
#5412=ORIENTED_EDGE('',*,*,#4295,.F.);
#5413=ORIENTED_EDGE('',*,*,#4297,.T.);
#5414=ORIENTED_EDGE('',*,*,#4298,.T.);
#5415=ORIENTED_EDGE('',*,*,#4299,.F.);
#5416=ORIENTED_EDGE('',*,*,#4298,.F.);
#5417=ORIENTED_EDGE('',*,*,#4300,.T.);
#5418=ORIENTED_EDGE('',*,*,#4301,.T.);
#5419=ORIENTED_EDGE('',*,*,#4302,.F.);
#5420=ORIENTED_EDGE('',*,*,#4301,.F.);
#5421=ORIENTED_EDGE('',*,*,#4303,.T.);
#5422=ORIENTED_EDGE('',*,*,#4304,.T.);
#5423=ORIENTED_EDGE('',*,*,#4305,.F.);
#5424=ORIENTED_EDGE('',*,*,#4304,.F.);
#5425=ORIENTED_EDGE('',*,*,#4306,.T.);
#5426=ORIENTED_EDGE('',*,*,#4307,.T.);
#5427=ORIENTED_EDGE('',*,*,#4308,.F.);
#5428=ORIENTED_EDGE('',*,*,#4307,.F.);
#5429=ORIENTED_EDGE('',*,*,#4309,.T.);
#5430=ORIENTED_EDGE('',*,*,#4310,.T.);
#5431=ORIENTED_EDGE('',*,*,#4311,.F.);
#5432=ORIENTED_EDGE('',*,*,#4310,.F.);
#5433=ORIENTED_EDGE('',*,*,#4312,.T.);
#5434=ORIENTED_EDGE('',*,*,#4313,.T.);
#5435=ORIENTED_EDGE('',*,*,#4314,.F.);
#5436=ORIENTED_EDGE('',*,*,#4313,.F.);
#5437=ORIENTED_EDGE('',*,*,#4315,.T.);
#5438=ORIENTED_EDGE('',*,*,#4316,.T.);
#5439=ORIENTED_EDGE('',*,*,#4317,.F.);
#5440=ORIENTED_EDGE('',*,*,#4316,.F.);
#5441=ORIENTED_EDGE('',*,*,#4318,.T.);
#5442=ORIENTED_EDGE('',*,*,#4319,.T.);
#5443=ORIENTED_EDGE('',*,*,#4320,.F.);
#5444=ORIENTED_EDGE('',*,*,#4319,.F.);
#5445=ORIENTED_EDGE('',*,*,#4321,.T.);
#5446=ORIENTED_EDGE('',*,*,#4322,.T.);
#5447=ORIENTED_EDGE('',*,*,#4323,.F.);
#5448=ORIENTED_EDGE('',*,*,#4322,.F.);
#5449=ORIENTED_EDGE('',*,*,#4324,.T.);
#5450=ORIENTED_EDGE('',*,*,#4325,.T.);
#5451=ORIENTED_EDGE('',*,*,#4326,.F.);
#5452=ORIENTED_EDGE('',*,*,#4325,.F.);
#5453=ORIENTED_EDGE('',*,*,#4327,.T.);
#5454=ORIENTED_EDGE('',*,*,#4328,.T.);
#5455=ORIENTED_EDGE('',*,*,#4329,.F.);
#5456=ORIENTED_EDGE('',*,*,#4328,.F.);
#5457=ORIENTED_EDGE('',*,*,#4330,.T.);
#5458=ORIENTED_EDGE('',*,*,#4331,.T.);
#5459=ORIENTED_EDGE('',*,*,#4332,.F.);
#5460=ORIENTED_EDGE('',*,*,#4331,.F.);
#5461=ORIENTED_EDGE('',*,*,#4333,.T.);
#5462=ORIENTED_EDGE('',*,*,#4334,.T.);
#5463=ORIENTED_EDGE('',*,*,#4335,.F.);
#5464=ORIENTED_EDGE('',*,*,#4334,.F.);
#5465=ORIENTED_EDGE('',*,*,#4336,.T.);
#5466=ORIENTED_EDGE('',*,*,#4337,.T.);
#5467=ORIENTED_EDGE('',*,*,#4338,.F.);
#5468=ORIENTED_EDGE('',*,*,#4337,.F.);
#5469=ORIENTED_EDGE('',*,*,#4339,.T.);
#5470=ORIENTED_EDGE('',*,*,#4340,.T.);
#5471=ORIENTED_EDGE('',*,*,#4341,.F.);
#5472=ORIENTED_EDGE('',*,*,#4340,.F.);
#5473=ORIENTED_EDGE('',*,*,#4342,.T.);
#5474=ORIENTED_EDGE('',*,*,#4343,.T.);
#5475=ORIENTED_EDGE('',*,*,#4344,.F.);
#5476=ORIENTED_EDGE('',*,*,#4343,.F.);
#5477=ORIENTED_EDGE('',*,*,#4345,.T.);
#5478=ORIENTED_EDGE('',*,*,#4346,.T.);
#5479=ORIENTED_EDGE('',*,*,#4347,.F.);
#5480=ORIENTED_EDGE('',*,*,#4346,.F.);
#5481=ORIENTED_EDGE('',*,*,#4348,.T.);
#5482=ORIENTED_EDGE('',*,*,#4349,.T.);
#5483=ORIENTED_EDGE('',*,*,#4350,.F.);
#5484=ORIENTED_EDGE('',*,*,#4349,.F.);
#5485=ORIENTED_EDGE('',*,*,#4351,.T.);
#5486=ORIENTED_EDGE('',*,*,#4352,.T.);
#5487=ORIENTED_EDGE('',*,*,#4353,.F.);
#5488=ORIENTED_EDGE('',*,*,#4352,.F.);
#5489=ORIENTED_EDGE('',*,*,#4354,.T.);
#5490=ORIENTED_EDGE('',*,*,#4355,.T.);
#5491=ORIENTED_EDGE('',*,*,#4356,.F.);
#5492=ORIENTED_EDGE('',*,*,#4355,.F.);
#5493=ORIENTED_EDGE('',*,*,#4357,.T.);
#5494=ORIENTED_EDGE('',*,*,#4358,.T.);
#5495=ORIENTED_EDGE('',*,*,#4359,.F.);
#5496=ORIENTED_EDGE('',*,*,#4358,.F.);
#5497=ORIENTED_EDGE('',*,*,#4360,.T.);
#5498=ORIENTED_EDGE('',*,*,#4361,.T.);
#5499=ORIENTED_EDGE('',*,*,#4362,.F.);
#5500=ORIENTED_EDGE('',*,*,#4361,.F.);
#5501=ORIENTED_EDGE('',*,*,#4363,.T.);
#5502=ORIENTED_EDGE('',*,*,#4364,.T.);
#5503=ORIENTED_EDGE('',*,*,#4365,.F.);
#5504=ORIENTED_EDGE('',*,*,#4364,.F.);
#5505=ORIENTED_EDGE('',*,*,#4366,.T.);
#5506=ORIENTED_EDGE('',*,*,#4367,.T.);
#5507=ORIENTED_EDGE('',*,*,#4368,.F.);
#5508=ORIENTED_EDGE('',*,*,#4367,.F.);
#5509=ORIENTED_EDGE('',*,*,#4369,.T.);
#5510=ORIENTED_EDGE('',*,*,#4370,.T.);
#5511=ORIENTED_EDGE('',*,*,#4371,.F.);
#5512=ORIENTED_EDGE('',*,*,#4370,.F.);
#5513=ORIENTED_EDGE('',*,*,#4372,.T.);
#5514=ORIENTED_EDGE('',*,*,#4373,.T.);
#5515=ORIENTED_EDGE('',*,*,#4374,.F.);
#5516=ORIENTED_EDGE('',*,*,#4373,.F.);
#5517=ORIENTED_EDGE('',*,*,#4375,.T.);
#5518=ORIENTED_EDGE('',*,*,#4376,.T.);
#5519=ORIENTED_EDGE('',*,*,#4377,.F.);
#5520=ORIENTED_EDGE('',*,*,#4376,.F.);
#5521=ORIENTED_EDGE('',*,*,#4378,.T.);
#5522=ORIENTED_EDGE('',*,*,#4379,.T.);
#5523=ORIENTED_EDGE('',*,*,#4380,.F.);
#5524=ORIENTED_EDGE('',*,*,#4379,.F.);
#5525=ORIENTED_EDGE('',*,*,#4381,.T.);
#5526=ORIENTED_EDGE('',*,*,#4382,.T.);
#5527=ORIENTED_EDGE('',*,*,#4383,.F.);
#5528=ORIENTED_EDGE('',*,*,#4382,.F.);
#5529=ORIENTED_EDGE('',*,*,#4384,.T.);
#5530=ORIENTED_EDGE('',*,*,#4385,.T.);
#5531=ORIENTED_EDGE('',*,*,#4386,.F.);
#5532=ORIENTED_EDGE('',*,*,#4385,.F.);
#5533=ORIENTED_EDGE('',*,*,#4387,.T.);
#5534=ORIENTED_EDGE('',*,*,#4388,.T.);
#5535=ORIENTED_EDGE('',*,*,#4389,.F.);
#5536=ORIENTED_EDGE('',*,*,#4388,.F.);
#5537=ORIENTED_EDGE('',*,*,#4390,.T.);
#5538=ORIENTED_EDGE('',*,*,#4391,.T.);
#5539=ORIENTED_EDGE('',*,*,#4392,.F.);
#5540=ORIENTED_EDGE('',*,*,#4391,.F.);
#5541=ORIENTED_EDGE('',*,*,#4393,.T.);
#5542=ORIENTED_EDGE('',*,*,#4394,.T.);
#5543=ORIENTED_EDGE('',*,*,#4395,.F.);
#5544=ORIENTED_EDGE('',*,*,#4394,.F.);
#5545=ORIENTED_EDGE('',*,*,#4396,.T.);
#5546=ORIENTED_EDGE('',*,*,#4397,.T.);
#5547=ORIENTED_EDGE('',*,*,#4398,.F.);
#5548=ORIENTED_EDGE('',*,*,#4397,.F.);
#5549=ORIENTED_EDGE('',*,*,#4399,.T.);
#5550=ORIENTED_EDGE('',*,*,#4400,.T.);
#5551=ORIENTED_EDGE('',*,*,#4401,.F.);
#5552=ORIENTED_EDGE('',*,*,#4400,.F.);
#5553=ORIENTED_EDGE('',*,*,#4402,.T.);
#5554=ORIENTED_EDGE('',*,*,#4403,.T.);
#5555=ORIENTED_EDGE('',*,*,#4404,.F.);
#5556=ORIENTED_EDGE('',*,*,#4403,.F.);
#5557=ORIENTED_EDGE('',*,*,#4405,.T.);
#5558=ORIENTED_EDGE('',*,*,#4406,.T.);
#5559=ORIENTED_EDGE('',*,*,#4407,.F.);
#5560=ORIENTED_EDGE('',*,*,#4406,.F.);
#5561=ORIENTED_EDGE('',*,*,#4408,.T.);
#5562=ORIENTED_EDGE('',*,*,#4409,.T.);
#5563=ORIENTED_EDGE('',*,*,#4410,.F.);
#5564=ORIENTED_EDGE('',*,*,#4409,.F.);
#5565=ORIENTED_EDGE('',*,*,#4411,.T.);
#5566=ORIENTED_EDGE('',*,*,#4412,.T.);
#5567=ORIENTED_EDGE('',*,*,#4413,.F.);
#5568=ORIENTED_EDGE('',*,*,#4412,.F.);
#5569=ORIENTED_EDGE('',*,*,#4414,.T.);
#5570=ORIENTED_EDGE('',*,*,#4415,.T.);
#5571=ORIENTED_EDGE('',*,*,#4416,.F.);
#5572=ORIENTED_EDGE('',*,*,#4415,.F.);
#5573=ORIENTED_EDGE('',*,*,#4417,.T.);
#5574=ORIENTED_EDGE('',*,*,#4418,.T.);
#5575=ORIENTED_EDGE('',*,*,#4419,.F.);
#5576=ORIENTED_EDGE('',*,*,#4418,.F.);
#5577=ORIENTED_EDGE('',*,*,#4420,.T.);
#5578=ORIENTED_EDGE('',*,*,#4421,.T.);
#5579=ORIENTED_EDGE('',*,*,#4422,.F.);
#5580=ORIENTED_EDGE('',*,*,#4421,.F.);
#5581=ORIENTED_EDGE('',*,*,#4423,.T.);
#5582=ORIENTED_EDGE('',*,*,#4424,.T.);
#5583=ORIENTED_EDGE('',*,*,#4425,.F.);
#5584=ORIENTED_EDGE('',*,*,#4424,.F.);
#5585=ORIENTED_EDGE('',*,*,#4426,.T.);
#5586=ORIENTED_EDGE('',*,*,#4427,.T.);
#5587=ORIENTED_EDGE('',*,*,#4428,.F.);
#5588=ORIENTED_EDGE('',*,*,#4427,.F.);
#5589=ORIENTED_EDGE('',*,*,#4429,.T.);
#5590=ORIENTED_EDGE('',*,*,#4430,.T.);
#5591=ORIENTED_EDGE('',*,*,#4431,.F.);
#5592=ORIENTED_EDGE('',*,*,#4430,.F.);
#5593=ORIENTED_EDGE('',*,*,#4432,.T.);
#5594=ORIENTED_EDGE('',*,*,#4433,.T.);
#5595=ORIENTED_EDGE('',*,*,#4434,.F.);
#5596=ORIENTED_EDGE('',*,*,#4433,.F.);
#5597=ORIENTED_EDGE('',*,*,#4435,.T.);
#5598=ORIENTED_EDGE('',*,*,#4436,.T.);
#5599=ORIENTED_EDGE('',*,*,#4437,.F.);
#5600=ORIENTED_EDGE('',*,*,#4436,.F.);
#5601=ORIENTED_EDGE('',*,*,#4438,.T.);
#5602=ORIENTED_EDGE('',*,*,#4439,.T.);
#5603=ORIENTED_EDGE('',*,*,#4440,.F.);
#5604=ORIENTED_EDGE('',*,*,#4439,.F.);
#5605=ORIENTED_EDGE('',*,*,#4441,.T.);
#5606=ORIENTED_EDGE('',*,*,#4442,.T.);
#5607=ORIENTED_EDGE('',*,*,#4443,.F.);
#5608=ORIENTED_EDGE('',*,*,#4442,.F.);
#5609=ORIENTED_EDGE('',*,*,#4444,.T.);
#5610=ORIENTED_EDGE('',*,*,#4445,.T.);
#5611=ORIENTED_EDGE('',*,*,#4446,.F.);
#5612=ORIENTED_EDGE('',*,*,#4445,.F.);
#5613=ORIENTED_EDGE('',*,*,#4447,.T.);
#5614=ORIENTED_EDGE('',*,*,#4448,.T.);
#5615=ORIENTED_EDGE('',*,*,#4449,.F.);
#5616=ORIENTED_EDGE('',*,*,#4448,.F.);
#5617=ORIENTED_EDGE('',*,*,#4450,.T.);
#5618=ORIENTED_EDGE('',*,*,#4451,.T.);
#5619=ORIENTED_EDGE('',*,*,#4452,.F.);
#5620=ORIENTED_EDGE('',*,*,#4451,.F.);
#5621=ORIENTED_EDGE('',*,*,#4453,.T.);
#5622=ORIENTED_EDGE('',*,*,#4454,.T.);
#5623=ORIENTED_EDGE('',*,*,#4455,.F.);
#5624=ORIENTED_EDGE('',*,*,#4454,.F.);
#5625=ORIENTED_EDGE('',*,*,#4456,.T.);
#5626=ORIENTED_EDGE('',*,*,#4457,.T.);
#5627=ORIENTED_EDGE('',*,*,#4458,.F.);
#5628=ORIENTED_EDGE('',*,*,#4457,.F.);
#5629=ORIENTED_EDGE('',*,*,#4459,.T.);
#5630=ORIENTED_EDGE('',*,*,#4460,.T.);
#5631=ORIENTED_EDGE('',*,*,#4461,.F.);
#5632=ORIENTED_EDGE('',*,*,#4460,.F.);
#5633=ORIENTED_EDGE('',*,*,#4462,.T.);
#5634=ORIENTED_EDGE('',*,*,#4463,.T.);
#5635=ORIENTED_EDGE('',*,*,#4464,.F.);
#5636=ORIENTED_EDGE('',*,*,#4463,.F.);
#5637=ORIENTED_EDGE('',*,*,#4465,.T.);
#5638=ORIENTED_EDGE('',*,*,#4466,.T.);
#5639=ORIENTED_EDGE('',*,*,#4467,.F.);
#5640=ORIENTED_EDGE('',*,*,#4466,.F.);
#5641=ORIENTED_EDGE('',*,*,#4468,.T.);
#5642=ORIENTED_EDGE('',*,*,#4469,.T.);
#5643=ORIENTED_EDGE('',*,*,#4470,.F.);
#5644=ORIENTED_EDGE('',*,*,#4469,.F.);
#5645=ORIENTED_EDGE('',*,*,#4471,.T.);
#5646=ORIENTED_EDGE('',*,*,#4472,.T.);
#5647=ORIENTED_EDGE('',*,*,#4473,.F.);
#5648=ORIENTED_EDGE('',*,*,#4472,.F.);
#5649=ORIENTED_EDGE('',*,*,#4474,.T.);
#5650=ORIENTED_EDGE('',*,*,#4475,.T.);
#5651=ORIENTED_EDGE('',*,*,#4476,.F.);
#5652=ORIENTED_EDGE('',*,*,#4475,.F.);
#5653=ORIENTED_EDGE('',*,*,#4477,.T.);
#5654=ORIENTED_EDGE('',*,*,#4478,.T.);
#5655=ORIENTED_EDGE('',*,*,#4479,.F.);
#5656=ORIENTED_EDGE('',*,*,#4478,.F.);
#5657=ORIENTED_EDGE('',*,*,#4480,.T.);
#5658=ORIENTED_EDGE('',*,*,#4481,.T.);
#5659=ORIENTED_EDGE('',*,*,#4482,.F.);
#5660=ORIENTED_EDGE('',*,*,#4481,.F.);
#5661=ORIENTED_EDGE('',*,*,#4483,.T.);
#5662=ORIENTED_EDGE('',*,*,#4484,.T.);
#5663=ORIENTED_EDGE('',*,*,#4485,.F.);
#5664=ORIENTED_EDGE('',*,*,#4484,.F.);
#5665=ORIENTED_EDGE('',*,*,#4486,.T.);
#5666=ORIENTED_EDGE('',*,*,#4487,.T.);
#5667=ORIENTED_EDGE('',*,*,#4488,.F.);
#5668=ORIENTED_EDGE('',*,*,#4487,.F.);
#5669=ORIENTED_EDGE('',*,*,#4489,.T.);
#5670=ORIENTED_EDGE('',*,*,#4490,.T.);
#5671=ORIENTED_EDGE('',*,*,#4491,.F.);
#5672=ORIENTED_EDGE('',*,*,#4490,.F.);
#5673=ORIENTED_EDGE('',*,*,#4492,.T.);
#5674=ORIENTED_EDGE('',*,*,#4493,.T.);
#5675=ORIENTED_EDGE('',*,*,#4494,.F.);
#5676=ORIENTED_EDGE('',*,*,#4493,.F.);
#5677=ORIENTED_EDGE('',*,*,#4495,.T.);
#5678=ORIENTED_EDGE('',*,*,#4496,.T.);
#5679=ORIENTED_EDGE('',*,*,#4497,.F.);
#5680=ORIENTED_EDGE('',*,*,#4496,.F.);
#5681=ORIENTED_EDGE('',*,*,#4498,.T.);
#5682=ORIENTED_EDGE('',*,*,#4499,.T.);
#5683=ORIENTED_EDGE('',*,*,#4500,.F.);
#5684=ORIENTED_EDGE('',*,*,#4499,.F.);
#5685=ORIENTED_EDGE('',*,*,#4501,.T.);
#5686=ORIENTED_EDGE('',*,*,#4502,.T.);
#5687=ORIENTED_EDGE('',*,*,#4503,.F.);
#5688=ORIENTED_EDGE('',*,*,#4502,.F.);
#5689=ORIENTED_EDGE('',*,*,#4504,.T.);
#5690=ORIENTED_EDGE('',*,*,#4505,.T.);
#5691=ORIENTED_EDGE('',*,*,#4506,.F.);
#5692=ORIENTED_EDGE('',*,*,#4505,.F.);
#5693=ORIENTED_EDGE('',*,*,#4507,.T.);
#5694=ORIENTED_EDGE('',*,*,#4508,.T.);
#5695=ORIENTED_EDGE('',*,*,#4509,.F.);
#5696=ORIENTED_EDGE('',*,*,#4508,.F.);
#5697=ORIENTED_EDGE('',*,*,#4510,.T.);
#5698=ORIENTED_EDGE('',*,*,#4511,.T.);
#5699=ORIENTED_EDGE('',*,*,#4512,.F.);
#5700=ORIENTED_EDGE('',*,*,#4511,.F.);
#5701=ORIENTED_EDGE('',*,*,#4513,.T.);
#5702=ORIENTED_EDGE('',*,*,#4514,.T.);
#5703=ORIENTED_EDGE('',*,*,#4515,.F.);
#5704=ORIENTED_EDGE('',*,*,#4514,.F.);
#5705=ORIENTED_EDGE('',*,*,#4516,.T.);
#5706=ORIENTED_EDGE('',*,*,#4517,.T.);
#5707=ORIENTED_EDGE('',*,*,#4518,.F.);
#5708=ORIENTED_EDGE('',*,*,#4517,.F.);
#5709=ORIENTED_EDGE('',*,*,#4519,.T.);
#5710=ORIENTED_EDGE('',*,*,#4520,.T.);
#5711=ORIENTED_EDGE('',*,*,#4521,.F.);
#5712=ORIENTED_EDGE('',*,*,#4520,.F.);
#5713=ORIENTED_EDGE('',*,*,#4522,.T.);
#5714=ORIENTED_EDGE('',*,*,#4523,.T.);
#5715=ORIENTED_EDGE('',*,*,#4524,.F.);
#5716=ORIENTED_EDGE('',*,*,#4523,.F.);
#5717=ORIENTED_EDGE('',*,*,#4525,.T.);
#5718=ORIENTED_EDGE('',*,*,#4526,.T.);
#5719=ORIENTED_EDGE('',*,*,#4527,.F.);
#5720=ORIENTED_EDGE('',*,*,#4526,.F.);
#5721=ORIENTED_EDGE('',*,*,#4528,.T.);
#5722=ORIENTED_EDGE('',*,*,#4529,.T.);
#5723=ORIENTED_EDGE('',*,*,#4530,.F.);
#5724=ORIENTED_EDGE('',*,*,#4529,.F.);
#5725=ORIENTED_EDGE('',*,*,#4531,.T.);
#5726=ORIENTED_EDGE('',*,*,#4532,.T.);
#5727=ORIENTED_EDGE('',*,*,#4533,.F.);
#5728=ORIENTED_EDGE('',*,*,#4532,.F.);
#5729=ORIENTED_EDGE('',*,*,#4534,.T.);
#5730=ORIENTED_EDGE('',*,*,#4535,.T.);
#5731=ORIENTED_EDGE('',*,*,#4536,.F.);
#5732=ORIENTED_EDGE('',*,*,#4535,.F.);
#5733=ORIENTED_EDGE('',*,*,#4537,.T.);
#5734=ORIENTED_EDGE('',*,*,#4538,.T.);
#5735=ORIENTED_EDGE('',*,*,#4539,.F.);
#5736=ORIENTED_EDGE('',*,*,#4538,.F.);
#5737=ORIENTED_EDGE('',*,*,#4540,.T.);
#5738=ORIENTED_EDGE('',*,*,#4541,.T.);
#5739=ORIENTED_EDGE('',*,*,#4542,.F.);
#5740=ORIENTED_EDGE('',*,*,#4541,.F.);
#5741=ORIENTED_EDGE('',*,*,#4543,.T.);
#5742=ORIENTED_EDGE('',*,*,#4544,.T.);
#5743=ORIENTED_EDGE('',*,*,#4545,.F.);
#5744=ORIENTED_EDGE('',*,*,#4544,.F.);
#5745=ORIENTED_EDGE('',*,*,#4546,.T.);
#5746=ORIENTED_EDGE('',*,*,#4547,.T.);
#5747=ORIENTED_EDGE('',*,*,#4548,.F.);
#5748=ORIENTED_EDGE('',*,*,#4547,.F.);
#5749=ORIENTED_EDGE('',*,*,#4549,.T.);
#5750=ORIENTED_EDGE('',*,*,#4550,.T.);
#5751=ORIENTED_EDGE('',*,*,#4551,.F.);
#5752=ORIENTED_EDGE('',*,*,#4550,.F.);
#5753=ORIENTED_EDGE('',*,*,#4552,.T.);
#5754=ORIENTED_EDGE('',*,*,#4553,.T.);
#5755=ORIENTED_EDGE('',*,*,#4554,.F.);
#5756=ORIENTED_EDGE('',*,*,#4553,.F.);
#5757=ORIENTED_EDGE('',*,*,#4555,.T.);
#5758=ORIENTED_EDGE('',*,*,#4556,.T.);
#5759=ORIENTED_EDGE('',*,*,#4557,.F.);
#5760=ORIENTED_EDGE('',*,*,#4556,.F.);
#5761=ORIENTED_EDGE('',*,*,#4558,.T.);
#5762=ORIENTED_EDGE('',*,*,#4559,.T.);
#5763=ORIENTED_EDGE('',*,*,#4560,.F.);
#5764=ORIENTED_EDGE('',*,*,#4559,.F.);
#5765=ORIENTED_EDGE('',*,*,#4561,.T.);
#5766=ORIENTED_EDGE('',*,*,#4562,.T.);
#5767=ORIENTED_EDGE('',*,*,#4563,.F.);
#5768=ORIENTED_EDGE('',*,*,#4562,.F.);
#5769=ORIENTED_EDGE('',*,*,#4564,.T.);
#5770=ORIENTED_EDGE('',*,*,#4565,.T.);
#5771=ORIENTED_EDGE('',*,*,#4566,.F.);
#5772=ORIENTED_EDGE('',*,*,#4565,.F.);
#5773=ORIENTED_EDGE('',*,*,#4567,.T.);
#5774=ORIENTED_EDGE('',*,*,#4568,.T.);
#5775=ORIENTED_EDGE('',*,*,#4569,.F.);
#5776=ORIENTED_EDGE('',*,*,#4568,.F.);
#5777=ORIENTED_EDGE('',*,*,#4570,.T.);
#5778=ORIENTED_EDGE('',*,*,#4571,.T.);
#5779=ORIENTED_EDGE('',*,*,#4572,.F.);
#5780=ORIENTED_EDGE('',*,*,#4571,.F.);
#5781=ORIENTED_EDGE('',*,*,#4573,.T.);
#5782=ORIENTED_EDGE('',*,*,#4574,.T.);
#5783=ORIENTED_EDGE('',*,*,#4575,.F.);
#5784=ORIENTED_EDGE('',*,*,#4574,.F.);
#5785=ORIENTED_EDGE('',*,*,#4576,.T.);
#5786=ORIENTED_EDGE('',*,*,#4577,.T.);
#5787=ORIENTED_EDGE('',*,*,#4578,.F.);
#5788=ORIENTED_EDGE('',*,*,#4577,.F.);
#5789=ORIENTED_EDGE('',*,*,#4579,.T.);
#5790=ORIENTED_EDGE('',*,*,#4580,.T.);
#5791=ORIENTED_EDGE('',*,*,#4581,.F.);
#5792=ORIENTED_EDGE('',*,*,#4580,.F.);
#5793=ORIENTED_EDGE('',*,*,#4582,.T.);
#5794=ORIENTED_EDGE('',*,*,#4583,.T.);
#5795=ORIENTED_EDGE('',*,*,#4584,.F.);
#5796=ORIENTED_EDGE('',*,*,#4583,.F.);
#5797=ORIENTED_EDGE('',*,*,#4585,.T.);
#5798=ORIENTED_EDGE('',*,*,#4586,.T.);
#5799=ORIENTED_EDGE('',*,*,#4587,.F.);
#5800=ORIENTED_EDGE('',*,*,#4586,.F.);
#5801=ORIENTED_EDGE('',*,*,#4588,.T.);
#5802=ORIENTED_EDGE('',*,*,#4589,.T.);
#5803=ORIENTED_EDGE('',*,*,#4590,.F.);
#5804=ORIENTED_EDGE('',*,*,#4589,.F.);
#5805=ORIENTED_EDGE('',*,*,#4591,.T.);
#5806=ORIENTED_EDGE('',*,*,#4592,.T.);
#5807=ORIENTED_EDGE('',*,*,#4593,.F.);
#5808=ORIENTED_EDGE('',*,*,#4592,.F.);
#5809=ORIENTED_EDGE('',*,*,#4594,.T.);
#5810=ORIENTED_EDGE('',*,*,#4595,.T.);
#5811=ORIENTED_EDGE('',*,*,#4596,.F.);
#5812=ORIENTED_EDGE('',*,*,#4595,.F.);
#5813=ORIENTED_EDGE('',*,*,#4597,.T.);
#5814=ORIENTED_EDGE('',*,*,#4598,.T.);
#5815=ORIENTED_EDGE('',*,*,#4599,.F.);
#5816=ORIENTED_EDGE('',*,*,#4598,.F.);
#5817=ORIENTED_EDGE('',*,*,#4600,.T.);
#5818=ORIENTED_EDGE('',*,*,#4601,.T.);
#5819=ORIENTED_EDGE('',*,*,#4602,.F.);
#5820=ORIENTED_EDGE('',*,*,#4601,.F.);
#5821=ORIENTED_EDGE('',*,*,#4603,.T.);
#5822=ORIENTED_EDGE('',*,*,#4604,.T.);
#5823=ORIENTED_EDGE('',*,*,#4605,.F.);
#5824=ORIENTED_EDGE('',*,*,#4604,.F.);
#5825=ORIENTED_EDGE('',*,*,#4606,.T.);
#5826=ORIENTED_EDGE('',*,*,#4607,.T.);
#5827=ORIENTED_EDGE('',*,*,#4608,.F.);
#5828=ORIENTED_EDGE('',*,*,#4607,.F.);
#5829=ORIENTED_EDGE('',*,*,#4609,.T.);
#5830=ORIENTED_EDGE('',*,*,#4610,.T.);
#5831=ORIENTED_EDGE('',*,*,#4611,.F.);
#5832=ORIENTED_EDGE('',*,*,#4610,.F.);
#5833=ORIENTED_EDGE('',*,*,#4612,.T.);
#5834=ORIENTED_EDGE('',*,*,#4613,.T.);
#5835=ORIENTED_EDGE('',*,*,#4614,.F.);
#5836=ORIENTED_EDGE('',*,*,#4613,.F.);
#5837=ORIENTED_EDGE('',*,*,#4615,.T.);
#5838=ORIENTED_EDGE('',*,*,#4616,.T.);
#5839=ORIENTED_EDGE('',*,*,#4617,.F.);
#5840=ORIENTED_EDGE('',*,*,#4616,.F.);
#5841=ORIENTED_EDGE('',*,*,#4618,.T.);
#5842=ORIENTED_EDGE('',*,*,#4619,.T.);
#5843=ORIENTED_EDGE('',*,*,#4620,.F.);
#5844=ORIENTED_EDGE('',*,*,#4619,.F.);
#5845=ORIENTED_EDGE('',*,*,#4621,.T.);
#5846=ORIENTED_EDGE('',*,*,#4622,.T.);
#5847=ORIENTED_EDGE('',*,*,#4623,.F.);
#5848=ORIENTED_EDGE('',*,*,#4622,.F.);
#5849=ORIENTED_EDGE('',*,*,#4624,.T.);
#5850=ORIENTED_EDGE('',*,*,#4625,.T.);
#5851=ORIENTED_EDGE('',*,*,#4626,.F.);
#5852=ORIENTED_EDGE('',*,*,#4625,.F.);
#5853=ORIENTED_EDGE('',*,*,#4627,.T.);
#5854=ORIENTED_EDGE('',*,*,#4628,.T.);
#5855=ORIENTED_EDGE('',*,*,#4629,.F.);
#5856=ORIENTED_EDGE('',*,*,#4628,.F.);
#5857=ORIENTED_EDGE('',*,*,#4630,.T.);
#5858=ORIENTED_EDGE('',*,*,#4631,.T.);
#5859=ORIENTED_EDGE('',*,*,#4632,.F.);
#5860=ORIENTED_EDGE('',*,*,#4631,.F.);
#5861=ORIENTED_EDGE('',*,*,#4633,.T.);
#5862=ORIENTED_EDGE('',*,*,#4634,.T.);
#5863=ORIENTED_EDGE('',*,*,#4635,.F.);
#5864=ORIENTED_EDGE('',*,*,#4634,.F.);
#5865=ORIENTED_EDGE('',*,*,#4636,.T.);
#5866=ORIENTED_EDGE('',*,*,#4637,.T.);
#5867=ORIENTED_EDGE('',*,*,#4638,.F.);
#5868=ORIENTED_EDGE('',*,*,#4637,.F.);
#5869=ORIENTED_EDGE('',*,*,#4639,.T.);
#5870=ORIENTED_EDGE('',*,*,#4640,.T.);
#5871=ORIENTED_EDGE('',*,*,#4641,.F.);
#5872=ORIENTED_EDGE('',*,*,#4640,.F.);
#5873=ORIENTED_EDGE('',*,*,#4642,.T.);
#5874=ORIENTED_EDGE('',*,*,#4643,.T.);
#5875=ORIENTED_EDGE('',*,*,#4644,.F.);
#5876=ORIENTED_EDGE('',*,*,#4643,.F.);
#5877=ORIENTED_EDGE('',*,*,#4645,.T.);
#5878=ORIENTED_EDGE('',*,*,#4646,.T.);
#5879=ORIENTED_EDGE('',*,*,#4647,.F.);
#5880=ORIENTED_EDGE('',*,*,#4646,.F.);
#5881=ORIENTED_EDGE('',*,*,#4648,.T.);
#5882=ORIENTED_EDGE('',*,*,#4649,.T.);
#5883=ORIENTED_EDGE('',*,*,#4650,.F.);
#5884=ORIENTED_EDGE('',*,*,#4649,.F.);
#5885=ORIENTED_EDGE('',*,*,#4651,.T.);
#5886=ORIENTED_EDGE('',*,*,#4652,.T.);
#5887=ORIENTED_EDGE('',*,*,#4653,.F.);
#5888=ORIENTED_EDGE('',*,*,#4652,.F.);
#5889=ORIENTED_EDGE('',*,*,#4654,.T.);
#5890=ORIENTED_EDGE('',*,*,#4655,.T.);
#5891=ORIENTED_EDGE('',*,*,#4656,.F.);
#5892=ORIENTED_EDGE('',*,*,#4655,.F.);
#5893=ORIENTED_EDGE('',*,*,#4657,.T.);
#5894=ORIENTED_EDGE('',*,*,#4658,.T.);
#5895=ORIENTED_EDGE('',*,*,#4659,.F.);
#5896=ORIENTED_EDGE('',*,*,#4658,.F.);
#5897=ORIENTED_EDGE('',*,*,#4660,.T.);
#5898=ORIENTED_EDGE('',*,*,#4661,.T.);
#5899=ORIENTED_EDGE('',*,*,#4662,.F.);
#5900=ORIENTED_EDGE('',*,*,#4661,.F.);
#5901=ORIENTED_EDGE('',*,*,#4663,.T.);
#5902=ORIENTED_EDGE('',*,*,#4664,.T.);
#5903=ORIENTED_EDGE('',*,*,#4665,.F.);
#5904=ORIENTED_EDGE('',*,*,#4664,.F.);
#5905=ORIENTED_EDGE('',*,*,#4666,.T.);
#5906=ORIENTED_EDGE('',*,*,#4667,.T.);
#5907=ORIENTED_EDGE('',*,*,#4668,.F.);
#5908=ORIENTED_EDGE('',*,*,#4667,.F.);
#5909=ORIENTED_EDGE('',*,*,#4669,.T.);
#5910=ORIENTED_EDGE('',*,*,#4670,.T.);
#5911=ORIENTED_EDGE('',*,*,#4671,.F.);
#5912=ORIENTED_EDGE('',*,*,#4670,.F.);
#5913=ORIENTED_EDGE('',*,*,#4672,.T.);
#5914=ORIENTED_EDGE('',*,*,#4673,.T.);
#5915=ORIENTED_EDGE('',*,*,#4674,.F.);
#5916=ORIENTED_EDGE('',*,*,#4673,.F.);
#5917=ORIENTED_EDGE('',*,*,#4675,.T.);
#5918=ORIENTED_EDGE('',*,*,#4676,.T.);
#5919=ORIENTED_EDGE('',*,*,#4677,.F.);
#5920=ORIENTED_EDGE('',*,*,#4676,.F.);
#5921=ORIENTED_EDGE('',*,*,#4678,.T.);
#5922=ORIENTED_EDGE('',*,*,#4679,.T.);
#5923=ORIENTED_EDGE('',*,*,#4680,.F.);
#5924=ORIENTED_EDGE('',*,*,#4679,.F.);
#5925=ORIENTED_EDGE('',*,*,#4681,.T.);
#5926=ORIENTED_EDGE('',*,*,#4682,.T.);
#5927=ORIENTED_EDGE('',*,*,#4683,.F.);
#5928=ORIENTED_EDGE('',*,*,#4682,.F.);
#5929=ORIENTED_EDGE('',*,*,#4684,.T.);
#5930=ORIENTED_EDGE('',*,*,#4685,.T.);
#5931=ORIENTED_EDGE('',*,*,#4686,.F.);
#5932=ORIENTED_EDGE('',*,*,#4685,.F.);
#5933=ORIENTED_EDGE('',*,*,#4687,.T.);
#5934=ORIENTED_EDGE('',*,*,#4688,.T.);
#5935=ORIENTED_EDGE('',*,*,#4689,.F.);
#5936=ORIENTED_EDGE('',*,*,#4688,.F.);
#5937=ORIENTED_EDGE('',*,*,#4690,.T.);
#5938=ORIENTED_EDGE('',*,*,#4691,.T.);
#5939=ORIENTED_EDGE('',*,*,#4692,.F.);
#5940=ORIENTED_EDGE('',*,*,#4691,.F.);
#5941=ORIENTED_EDGE('',*,*,#4693,.T.);
#5942=ORIENTED_EDGE('',*,*,#4694,.T.);
#5943=ORIENTED_EDGE('',*,*,#4695,.F.);
#5944=ORIENTED_EDGE('',*,*,#4694,.F.);
#5945=ORIENTED_EDGE('',*,*,#4696,.T.);
#5946=ORIENTED_EDGE('',*,*,#4697,.T.);
#5947=ORIENTED_EDGE('',*,*,#4698,.F.);
#5948=ORIENTED_EDGE('',*,*,#4697,.F.);
#5949=ORIENTED_EDGE('',*,*,#4699,.T.);
#5950=ORIENTED_EDGE('',*,*,#4700,.T.);
#5951=ORIENTED_EDGE('',*,*,#4701,.F.);
#5952=ORIENTED_EDGE('',*,*,#4700,.F.);
#5953=ORIENTED_EDGE('',*,*,#4702,.T.);
#5954=ORIENTED_EDGE('',*,*,#4703,.T.);
#5955=ORIENTED_EDGE('',*,*,#4704,.F.);
#5956=ORIENTED_EDGE('',*,*,#4703,.F.);
#5957=ORIENTED_EDGE('',*,*,#4705,.T.);
#5958=ORIENTED_EDGE('',*,*,#4706,.T.);
#5959=ORIENTED_EDGE('',*,*,#4707,.F.);
#5960=ORIENTED_EDGE('',*,*,#4706,.F.);
#5961=ORIENTED_EDGE('',*,*,#4708,.T.);
#5962=ORIENTED_EDGE('',*,*,#4709,.T.);
#5963=ORIENTED_EDGE('',*,*,#4710,.F.);
#5964=ORIENTED_EDGE('',*,*,#4709,.F.);
#5965=ORIENTED_EDGE('',*,*,#4711,.T.);
#5966=ORIENTED_EDGE('',*,*,#4712,.T.);
#5967=ORIENTED_EDGE('',*,*,#4713,.F.);
#5968=ORIENTED_EDGE('',*,*,#4712,.F.);
#5969=ORIENTED_EDGE('',*,*,#4714,.T.);
#5970=ORIENTED_EDGE('',*,*,#4715,.T.);
#5971=ORIENTED_EDGE('',*,*,#4716,.F.);
#5972=ORIENTED_EDGE('',*,*,#4715,.F.);
#5973=ORIENTED_EDGE('',*,*,#4717,.T.);
#5974=ORIENTED_EDGE('',*,*,#4718,.T.);
#5975=ORIENTED_EDGE('',*,*,#4719,.F.);
#5976=ORIENTED_EDGE('',*,*,#4720,.F.);
#5977=ORIENTED_EDGE('',*,*,#4721,.T.);
#5978=ORIENTED_EDGE('',*,*,#4720,.T.);
#5979=ORIENTED_EDGE('',*,*,#4722,.F.);
#5980=ORIENTED_EDGE('',*,*,#4723,.F.);
#5981=ORIENTED_EDGE('',*,*,#4724,.T.);
#5982=ORIENTED_EDGE('',*,*,#4723,.T.);
#5983=ORIENTED_EDGE('',*,*,#4725,.F.);
#5984=ORIENTED_EDGE('',*,*,#4726,.F.);
#5985=ORIENTED_EDGE('',*,*,#4727,.T.);
#5986=ORIENTED_EDGE('',*,*,#4726,.T.);
#5987=ORIENTED_EDGE('',*,*,#4728,.F.);
#5988=ORIENTED_EDGE('',*,*,#4729,.F.);
#5989=ORIENTED_EDGE('',*,*,#4730,.T.);
#5990=ORIENTED_EDGE('',*,*,#4729,.T.);
#5991=ORIENTED_EDGE('',*,*,#4731,.F.);
#5992=ORIENTED_EDGE('',*,*,#4732,.F.);
#5993=ORIENTED_EDGE('',*,*,#4733,.T.);
#5994=ORIENTED_EDGE('',*,*,#4732,.T.);
#5995=ORIENTED_EDGE('',*,*,#4734,.F.);
#5996=ORIENTED_EDGE('',*,*,#4735,.F.);
#5997=ORIENTED_EDGE('',*,*,#4736,.T.);
#5998=ORIENTED_EDGE('',*,*,#4735,.T.);
#5999=ORIENTED_EDGE('',*,*,#4737,.F.);
#6000=ORIENTED_EDGE('',*,*,#4738,.F.);
#6001=ORIENTED_EDGE('',*,*,#4739,.T.);
#6002=ORIENTED_EDGE('',*,*,#4738,.T.);
#6003=ORIENTED_EDGE('',*,*,#4740,.F.);
#6004=ORIENTED_EDGE('',*,*,#4718,.F.);
#6005=ORIENTED_EDGE('',*,*,#4740,.T.);
#6006=ORIENTED_EDGE('',*,*,#4737,.T.);
#6007=ORIENTED_EDGE('',*,*,#4734,.T.);
#6008=ORIENTED_EDGE('',*,*,#4731,.T.);
#6009=ORIENTED_EDGE('',*,*,#4728,.T.);
#6010=ORIENTED_EDGE('',*,*,#4725,.T.);
#6011=ORIENTED_EDGE('',*,*,#4722,.T.);
#6012=ORIENTED_EDGE('',*,*,#4719,.T.);
#6013=ORIENTED_EDGE('',*,*,#4716,.T.);
#6014=ORIENTED_EDGE('',*,*,#4713,.T.);
#6015=ORIENTED_EDGE('',*,*,#4710,.T.);
#6016=ORIENTED_EDGE('',*,*,#4707,.T.);
#6017=ORIENTED_EDGE('',*,*,#4704,.T.);
#6018=ORIENTED_EDGE('',*,*,#4701,.T.);
#6019=ORIENTED_EDGE('',*,*,#4698,.T.);
#6020=ORIENTED_EDGE('',*,*,#4695,.T.);
#6021=ORIENTED_EDGE('',*,*,#4692,.T.);
#6022=ORIENTED_EDGE('',*,*,#4689,.T.);
#6023=ORIENTED_EDGE('',*,*,#4686,.T.);
#6024=ORIENTED_EDGE('',*,*,#4683,.T.);
#6025=ORIENTED_EDGE('',*,*,#4680,.T.);
#6026=ORIENTED_EDGE('',*,*,#4677,.T.);
#6027=ORIENTED_EDGE('',*,*,#4674,.T.);
#6028=ORIENTED_EDGE('',*,*,#4671,.T.);
#6029=ORIENTED_EDGE('',*,*,#4668,.T.);
#6030=ORIENTED_EDGE('',*,*,#4665,.T.);
#6031=ORIENTED_EDGE('',*,*,#4662,.T.);
#6032=ORIENTED_EDGE('',*,*,#4659,.T.);
#6033=ORIENTED_EDGE('',*,*,#4656,.T.);
#6034=ORIENTED_EDGE('',*,*,#4653,.T.);
#6035=ORIENTED_EDGE('',*,*,#4650,.T.);
#6036=ORIENTED_EDGE('',*,*,#4647,.T.);
#6037=ORIENTED_EDGE('',*,*,#4644,.T.);
#6038=ORIENTED_EDGE('',*,*,#4641,.T.);
#6039=ORIENTED_EDGE('',*,*,#4638,.T.);
#6040=ORIENTED_EDGE('',*,*,#4635,.T.);
#6041=ORIENTED_EDGE('',*,*,#4632,.T.);
#6042=ORIENTED_EDGE('',*,*,#4629,.T.);
#6043=ORIENTED_EDGE('',*,*,#4626,.T.);
#6044=ORIENTED_EDGE('',*,*,#4623,.T.);
#6045=ORIENTED_EDGE('',*,*,#4620,.T.);
#6046=ORIENTED_EDGE('',*,*,#4617,.T.);
#6047=ORIENTED_EDGE('',*,*,#4614,.T.);
#6048=ORIENTED_EDGE('',*,*,#4611,.T.);
#6049=ORIENTED_EDGE('',*,*,#4608,.T.);
#6050=ORIENTED_EDGE('',*,*,#4605,.T.);
#6051=ORIENTED_EDGE('',*,*,#4602,.T.);
#6052=ORIENTED_EDGE('',*,*,#4599,.T.);
#6053=ORIENTED_EDGE('',*,*,#4596,.T.);
#6054=ORIENTED_EDGE('',*,*,#4593,.T.);
#6055=ORIENTED_EDGE('',*,*,#4590,.T.);
#6056=ORIENTED_EDGE('',*,*,#4587,.T.);
#6057=ORIENTED_EDGE('',*,*,#4584,.T.);
#6058=ORIENTED_EDGE('',*,*,#4581,.T.);
#6059=ORIENTED_EDGE('',*,*,#4578,.T.);
#6060=ORIENTED_EDGE('',*,*,#4575,.T.);
#6061=ORIENTED_EDGE('',*,*,#4572,.T.);
#6062=ORIENTED_EDGE('',*,*,#4569,.T.);
#6063=ORIENTED_EDGE('',*,*,#4566,.T.);
#6064=ORIENTED_EDGE('',*,*,#4563,.T.);
#6065=ORIENTED_EDGE('',*,*,#4560,.T.);
#6066=ORIENTED_EDGE('',*,*,#4557,.T.);
#6067=ORIENTED_EDGE('',*,*,#4554,.T.);
#6068=ORIENTED_EDGE('',*,*,#4551,.T.);
#6069=ORIENTED_EDGE('',*,*,#4548,.T.);
#6070=ORIENTED_EDGE('',*,*,#4545,.T.);
#6071=ORIENTED_EDGE('',*,*,#4542,.T.);
#6072=ORIENTED_EDGE('',*,*,#4539,.T.);
#6073=ORIENTED_EDGE('',*,*,#4536,.T.);
#6074=ORIENTED_EDGE('',*,*,#4533,.T.);
#6075=ORIENTED_EDGE('',*,*,#4530,.T.);
#6076=ORIENTED_EDGE('',*,*,#4527,.T.);
#6077=ORIENTED_EDGE('',*,*,#4524,.T.);
#6078=ORIENTED_EDGE('',*,*,#4521,.T.);
#6079=ORIENTED_EDGE('',*,*,#4518,.T.);
#6080=ORIENTED_EDGE('',*,*,#4515,.T.);
#6081=ORIENTED_EDGE('',*,*,#4512,.T.);
#6082=ORIENTED_EDGE('',*,*,#4509,.T.);
#6083=ORIENTED_EDGE('',*,*,#4506,.T.);
#6084=ORIENTED_EDGE('',*,*,#4503,.T.);
#6085=ORIENTED_EDGE('',*,*,#4500,.T.);
#6086=ORIENTED_EDGE('',*,*,#4497,.T.);
#6087=ORIENTED_EDGE('',*,*,#4494,.T.);
#6088=ORIENTED_EDGE('',*,*,#4491,.T.);
#6089=ORIENTED_EDGE('',*,*,#4488,.T.);
#6090=ORIENTED_EDGE('',*,*,#4485,.T.);
#6091=ORIENTED_EDGE('',*,*,#4482,.T.);
#6092=ORIENTED_EDGE('',*,*,#4479,.T.);
#6093=ORIENTED_EDGE('',*,*,#4476,.T.);
#6094=ORIENTED_EDGE('',*,*,#4473,.T.);
#6095=ORIENTED_EDGE('',*,*,#4470,.T.);
#6096=ORIENTED_EDGE('',*,*,#4467,.T.);
#6097=ORIENTED_EDGE('',*,*,#4464,.T.);
#6098=ORIENTED_EDGE('',*,*,#4461,.T.);
#6099=ORIENTED_EDGE('',*,*,#4458,.T.);
#6100=ORIENTED_EDGE('',*,*,#4455,.T.);
#6101=ORIENTED_EDGE('',*,*,#4452,.T.);
#6102=ORIENTED_EDGE('',*,*,#4449,.T.);
#6103=ORIENTED_EDGE('',*,*,#4446,.T.);
#6104=ORIENTED_EDGE('',*,*,#4443,.T.);
#6105=ORIENTED_EDGE('',*,*,#4440,.T.);
#6106=ORIENTED_EDGE('',*,*,#4437,.T.);
#6107=ORIENTED_EDGE('',*,*,#4434,.T.);
#6108=ORIENTED_EDGE('',*,*,#4431,.T.);
#6109=ORIENTED_EDGE('',*,*,#4428,.T.);
#6110=ORIENTED_EDGE('',*,*,#4425,.T.);
#6111=ORIENTED_EDGE('',*,*,#4422,.T.);
#6112=ORIENTED_EDGE('',*,*,#4419,.T.);
#6113=ORIENTED_EDGE('',*,*,#4416,.T.);
#6114=ORIENTED_EDGE('',*,*,#4413,.T.);
#6115=ORIENTED_EDGE('',*,*,#4410,.T.);
#6116=ORIENTED_EDGE('',*,*,#4407,.T.);
#6117=ORIENTED_EDGE('',*,*,#4404,.T.);
#6118=ORIENTED_EDGE('',*,*,#4401,.T.);
#6119=ORIENTED_EDGE('',*,*,#4398,.T.);
#6120=ORIENTED_EDGE('',*,*,#4395,.T.);
#6121=ORIENTED_EDGE('',*,*,#4392,.T.);
#6122=ORIENTED_EDGE('',*,*,#4389,.T.);
#6123=ORIENTED_EDGE('',*,*,#4386,.T.);
#6124=ORIENTED_EDGE('',*,*,#4383,.T.);
#6125=ORIENTED_EDGE('',*,*,#4380,.T.);
#6126=ORIENTED_EDGE('',*,*,#4377,.T.);
#6127=ORIENTED_EDGE('',*,*,#4374,.T.);
#6128=ORIENTED_EDGE('',*,*,#4371,.T.);
#6129=ORIENTED_EDGE('',*,*,#4368,.T.);
#6130=ORIENTED_EDGE('',*,*,#4365,.T.);
#6131=ORIENTED_EDGE('',*,*,#4362,.T.);
#6132=ORIENTED_EDGE('',*,*,#4359,.T.);
#6133=ORIENTED_EDGE('',*,*,#4356,.T.);
#6134=ORIENTED_EDGE('',*,*,#4353,.T.);
#6135=ORIENTED_EDGE('',*,*,#4350,.T.);
#6136=ORIENTED_EDGE('',*,*,#4347,.T.);
#6137=ORIENTED_EDGE('',*,*,#4344,.T.);
#6138=ORIENTED_EDGE('',*,*,#4341,.T.);
#6139=ORIENTED_EDGE('',*,*,#4338,.T.);
#6140=ORIENTED_EDGE('',*,*,#4335,.T.);
#6141=ORIENTED_EDGE('',*,*,#4332,.T.);
#6142=ORIENTED_EDGE('',*,*,#4329,.T.);
#6143=ORIENTED_EDGE('',*,*,#4326,.T.);
#6144=ORIENTED_EDGE('',*,*,#4323,.T.);
#6145=ORIENTED_EDGE('',*,*,#4320,.T.);
#6146=ORIENTED_EDGE('',*,*,#4317,.T.);
#6147=ORIENTED_EDGE('',*,*,#4314,.T.);
#6148=ORIENTED_EDGE('',*,*,#4311,.T.);
#6149=ORIENTED_EDGE('',*,*,#4308,.T.);
#6150=ORIENTED_EDGE('',*,*,#4305,.T.);
#6151=ORIENTED_EDGE('',*,*,#4302,.T.);
#6152=ORIENTED_EDGE('',*,*,#4299,.T.);
#6153=ORIENTED_EDGE('',*,*,#4296,.T.);
#6154=ORIENTED_EDGE('',*,*,#4293,.T.);
#6155=ORIENTED_EDGE('',*,*,#4290,.T.);
#6156=ORIENTED_EDGE('',*,*,#4287,.T.);
#6157=ORIENTED_EDGE('',*,*,#4284,.T.);
#6158=ORIENTED_EDGE('',*,*,#4281,.T.);
#6159=ORIENTED_EDGE('',*,*,#4278,.T.);
#6160=ORIENTED_EDGE('',*,*,#4275,.T.);
#6161=ORIENTED_EDGE('',*,*,#4272,.T.);
#6162=ORIENTED_EDGE('',*,*,#4269,.T.);
#6163=ORIENTED_EDGE('',*,*,#4266,.T.);
#6164=ORIENTED_EDGE('',*,*,#4263,.T.);
#6165=ORIENTED_EDGE('',*,*,#4260,.T.);
#6166=ORIENTED_EDGE('',*,*,#4257,.T.);
#6167=ORIENTED_EDGE('',*,*,#4254,.T.);
#6168=ORIENTED_EDGE('',*,*,#4251,.T.);
#6169=ORIENTED_EDGE('',*,*,#4248,.T.);
#6170=ORIENTED_EDGE('',*,*,#4245,.T.);
#6171=ORIENTED_EDGE('',*,*,#4242,.T.);
#6172=ORIENTED_EDGE('',*,*,#4239,.T.);
#6173=ORIENTED_EDGE('',*,*,#4236,.T.);
#6174=ORIENTED_EDGE('',*,*,#4233,.T.);
#6175=ORIENTED_EDGE('',*,*,#4230,.T.);
#6176=ORIENTED_EDGE('',*,*,#4227,.T.);
#6177=ORIENTED_EDGE('',*,*,#4224,.T.);
#6178=ORIENTED_EDGE('',*,*,#4221,.T.);
#6179=ORIENTED_EDGE('',*,*,#4218,.T.);
#6180=ORIENTED_EDGE('',*,*,#4215,.T.);
#6181=ORIENTED_EDGE('',*,*,#4212,.T.);
#6182=ORIENTED_EDGE('',*,*,#4209,.T.);
#6183=ORIENTED_EDGE('',*,*,#4206,.T.);
#6184=ORIENTED_EDGE('',*,*,#4203,.T.);
#6185=ORIENTED_EDGE('',*,*,#4200,.T.);
#6186=ORIENTED_EDGE('',*,*,#4197,.T.);
#6187=ORIENTED_EDGE('',*,*,#4194,.T.);
#6188=ORIENTED_EDGE('',*,*,#4191,.T.);
#6189=ORIENTED_EDGE('',*,*,#4188,.T.);
#6190=ORIENTED_EDGE('',*,*,#4185,.T.);
#6191=ORIENTED_EDGE('',*,*,#4182,.T.);
#6192=ORIENTED_EDGE('',*,*,#4179,.T.);
#6193=ORIENTED_EDGE('',*,*,#4176,.T.);
#6194=ORIENTED_EDGE('',*,*,#4173,.T.);
#6195=ORIENTED_EDGE('',*,*,#4170,.T.);
#6196=ORIENTED_EDGE('',*,*,#4167,.T.);
#6197=ORIENTED_EDGE('',*,*,#4164,.T.);
#6198=ORIENTED_EDGE('',*,*,#4161,.T.);
#6199=ORIENTED_EDGE('',*,*,#4158,.T.);
#6200=ORIENTED_EDGE('',*,*,#4155,.T.);
#6201=ORIENTED_EDGE('',*,*,#4152,.T.);
#6202=ORIENTED_EDGE('',*,*,#4149,.T.);
#6203=ORIENTED_EDGE('',*,*,#4146,.T.);
#6204=ORIENTED_EDGE('',*,*,#4143,.T.);
#6205=ORIENTED_EDGE('',*,*,#4140,.T.);
#6206=ORIENTED_EDGE('',*,*,#4137,.T.);
#6207=ORIENTED_EDGE('',*,*,#4134,.T.);
#6208=ORIENTED_EDGE('',*,*,#4131,.T.);
#6209=ORIENTED_EDGE('',*,*,#4128,.T.);
#6210=ORIENTED_EDGE('',*,*,#4125,.T.);
#6211=ORIENTED_EDGE('',*,*,#4122,.T.);
#6212=ORIENTED_EDGE('',*,*,#4119,.T.);
#6213=ORIENTED_EDGE('',*,*,#4116,.T.);
#6214=ORIENTED_EDGE('',*,*,#4113,.T.);
#6215=ORIENTED_EDGE('',*,*,#4110,.T.);
#6216=ORIENTED_EDGE('',*,*,#4107,.T.);
#6217=ORIENTED_EDGE('',*,*,#4104,.T.);
#6218=ORIENTED_EDGE('',*,*,#4101,.T.);
#6219=ORIENTED_EDGE('',*,*,#4098,.T.);
#6220=ORIENTED_EDGE('',*,*,#4095,.T.);
#6221=ORIENTED_EDGE('',*,*,#4092,.T.);
#6222=ORIENTED_EDGE('',*,*,#4089,.T.);
#6223=ORIENTED_EDGE('',*,*,#4086,.T.);
#6224=ORIENTED_EDGE('',*,*,#4083,.T.);
#6225=ORIENTED_EDGE('',*,*,#4080,.T.);
#6226=ORIENTED_EDGE('',*,*,#4077,.T.);
#6227=ORIENTED_EDGE('',*,*,#4074,.T.);
#6228=ORIENTED_EDGE('',*,*,#4071,.T.);
#6229=ORIENTED_EDGE('',*,*,#4068,.T.);
#6230=ORIENTED_EDGE('',*,*,#4065,.T.);
#6231=ORIENTED_EDGE('',*,*,#4062,.T.);
#6232=ORIENTED_EDGE('',*,*,#4059,.T.);
#6233=ORIENTED_EDGE('',*,*,#4056,.T.);
#6234=ORIENTED_EDGE('',*,*,#4053,.T.);
#6235=ORIENTED_EDGE('',*,*,#4050,.T.);
#6236=ORIENTED_EDGE('',*,*,#4047,.T.);
#6237=ORIENTED_EDGE('',*,*,#4044,.T.);
#6238=ORIENTED_EDGE('',*,*,#4041,.T.);
#6239=ORIENTED_EDGE('',*,*,#4038,.T.);
#6240=ORIENTED_EDGE('',*,*,#4035,.T.);
#6241=ORIENTED_EDGE('',*,*,#4032,.T.);
#6242=ORIENTED_EDGE('',*,*,#4029,.T.);
#6243=ORIENTED_EDGE('',*,*,#4026,.T.);
#6244=ORIENTED_EDGE('',*,*,#4023,.T.);
#6245=ORIENTED_EDGE('',*,*,#4020,.T.);
#6246=ORIENTED_EDGE('',*,*,#4017,.T.);
#6247=ORIENTED_EDGE('',*,*,#4014,.T.);
#6248=ORIENTED_EDGE('',*,*,#4011,.T.);
#6249=ORIENTED_EDGE('',*,*,#4008,.T.);
#6250=ORIENTED_EDGE('',*,*,#4005,.T.);
#6251=ORIENTED_EDGE('',*,*,#4002,.T.);
#6252=ORIENTED_EDGE('',*,*,#3999,.T.);
#6253=ORIENTED_EDGE('',*,*,#3996,.T.);
#6254=ORIENTED_EDGE('',*,*,#3993,.T.);
#6255=ORIENTED_EDGE('',*,*,#3990,.T.);
#6256=ORIENTED_EDGE('',*,*,#3987,.T.);
#6257=ORIENTED_EDGE('',*,*,#3984,.T.);
#6258=ORIENTED_EDGE('',*,*,#3981,.T.);
#6259=ORIENTED_EDGE('',*,*,#3978,.T.);
#6260=ORIENTED_EDGE('',*,*,#3975,.T.);
#6261=ORIENTED_EDGE('',*,*,#3972,.T.);
#6262=ORIENTED_EDGE('',*,*,#3969,.T.);
#6263=ORIENTED_EDGE('',*,*,#3966,.T.);
#6264=ORIENTED_EDGE('',*,*,#3963,.T.);
#6265=ORIENTED_EDGE('',*,*,#3960,.T.);
#6266=ORIENTED_EDGE('',*,*,#3957,.T.);
#6267=ORIENTED_EDGE('',*,*,#3954,.T.);
#6268=ORIENTED_EDGE('',*,*,#3951,.T.);
#6269=ORIENTED_EDGE('',*,*,#3948,.T.);
#6270=ORIENTED_EDGE('',*,*,#3945,.T.);
#6271=ORIENTED_EDGE('',*,*,#3942,.T.);
#6272=ORIENTED_EDGE('',*,*,#3939,.T.);
#6273=ORIENTED_EDGE('',*,*,#3936,.T.);
#6274=ORIENTED_EDGE('',*,*,#3933,.T.);
#6275=ORIENTED_EDGE('',*,*,#3930,.T.);
#6276=ORIENTED_EDGE('',*,*,#3927,.T.);
#6277=ORIENTED_EDGE('',*,*,#3924,.T.);
#6278=ORIENTED_EDGE('',*,*,#3921,.T.);
#6279=ORIENTED_EDGE('',*,*,#3918,.T.);
#6280=ORIENTED_EDGE('',*,*,#3915,.T.);
#6281=ORIENTED_EDGE('',*,*,#3912,.T.);
#6282=ORIENTED_EDGE('',*,*,#3909,.T.);
#6283=ORIENTED_EDGE('',*,*,#3906,.T.);
#6284=ORIENTED_EDGE('',*,*,#3903,.T.);
#6285=ORIENTED_EDGE('',*,*,#3900,.T.);
#6286=ORIENTED_EDGE('',*,*,#3897,.T.);
#6287=ORIENTED_EDGE('',*,*,#3894,.T.);
#6288=ORIENTED_EDGE('',*,*,#3891,.T.);
#6289=ORIENTED_EDGE('',*,*,#3888,.T.);
#6290=ORIENTED_EDGE('',*,*,#3885,.T.);
#6291=ORIENTED_EDGE('',*,*,#3882,.T.);
#6292=ORIENTED_EDGE('',*,*,#3879,.T.);
#6293=ORIENTED_EDGE('',*,*,#3876,.T.);
#6294=ORIENTED_EDGE('',*,*,#3873,.T.);
#6295=ORIENTED_EDGE('',*,*,#3870,.T.);
#6296=ORIENTED_EDGE('',*,*,#3867,.T.);
#6297=ORIENTED_EDGE('',*,*,#3864,.T.);
#6298=ORIENTED_EDGE('',*,*,#3861,.T.);
#6299=ORIENTED_EDGE('',*,*,#3858,.T.);
#6300=ORIENTED_EDGE('',*,*,#3855,.T.);
#6301=ORIENTED_EDGE('',*,*,#3852,.T.);
#6302=ORIENTED_EDGE('',*,*,#3849,.T.);
#6303=ORIENTED_EDGE('',*,*,#3846,.T.);
#6304=ORIENTED_EDGE('',*,*,#3843,.T.);
#6305=ORIENTED_EDGE('',*,*,#3840,.T.);
#6306=ORIENTED_EDGE('',*,*,#3837,.T.);
#6307=ORIENTED_EDGE('',*,*,#3834,.T.);
#6308=ORIENTED_EDGE('',*,*,#3831,.T.);
#6309=ORIENTED_EDGE('',*,*,#3828,.T.);
#6310=ORIENTED_EDGE('',*,*,#3825,.T.);
#6311=ORIENTED_EDGE('',*,*,#3822,.T.);
#6312=ORIENTED_EDGE('',*,*,#3819,.T.);
#6313=ORIENTED_EDGE('',*,*,#3816,.T.);
#6314=ORIENTED_EDGE('',*,*,#3813,.T.);
#6315=ORIENTED_EDGE('',*,*,#3810,.T.);
#6316=ORIENTED_EDGE('',*,*,#3807,.T.);
#6317=ORIENTED_EDGE('',*,*,#3804,.T.);
#6318=ORIENTED_EDGE('',*,*,#3801,.T.);
#6319=ORIENTED_EDGE('',*,*,#3798,.T.);
#6320=ORIENTED_EDGE('',*,*,#3795,.T.);
#6321=ORIENTED_EDGE('',*,*,#4739,.F.);
#6322=ORIENTED_EDGE('',*,*,#4717,.F.);
#6323=ORIENTED_EDGE('',*,*,#4721,.F.);
#6324=ORIENTED_EDGE('',*,*,#4724,.F.);
#6325=ORIENTED_EDGE('',*,*,#4727,.F.);
#6326=ORIENTED_EDGE('',*,*,#4730,.F.);
#6327=ORIENTED_EDGE('',*,*,#4733,.F.);
#6328=ORIENTED_EDGE('',*,*,#4736,.F.);
#6329=ORIENTED_EDGE('',*,*,#4714,.F.);
#6330=ORIENTED_EDGE('',*,*,#4711,.F.);
#6331=ORIENTED_EDGE('',*,*,#4708,.F.);
#6332=ORIENTED_EDGE('',*,*,#4705,.F.);
#6333=ORIENTED_EDGE('',*,*,#4702,.F.);
#6334=ORIENTED_EDGE('',*,*,#4699,.F.);
#6335=ORIENTED_EDGE('',*,*,#4696,.F.);
#6336=ORIENTED_EDGE('',*,*,#4693,.F.);
#6337=ORIENTED_EDGE('',*,*,#4690,.F.);
#6338=ORIENTED_EDGE('',*,*,#4687,.F.);
#6339=ORIENTED_EDGE('',*,*,#4684,.F.);
#6340=ORIENTED_EDGE('',*,*,#4681,.F.);
#6341=ORIENTED_EDGE('',*,*,#4678,.F.);
#6342=ORIENTED_EDGE('',*,*,#4675,.F.);
#6343=ORIENTED_EDGE('',*,*,#4672,.F.);
#6344=ORIENTED_EDGE('',*,*,#4669,.F.);
#6345=ORIENTED_EDGE('',*,*,#4666,.F.);
#6346=ORIENTED_EDGE('',*,*,#4663,.F.);
#6347=ORIENTED_EDGE('',*,*,#4660,.F.);
#6348=ORIENTED_EDGE('',*,*,#4657,.F.);
#6349=ORIENTED_EDGE('',*,*,#4654,.F.);
#6350=ORIENTED_EDGE('',*,*,#4651,.F.);
#6351=ORIENTED_EDGE('',*,*,#4648,.F.);
#6352=ORIENTED_EDGE('',*,*,#4645,.F.);
#6353=ORIENTED_EDGE('',*,*,#4642,.F.);
#6354=ORIENTED_EDGE('',*,*,#4639,.F.);
#6355=ORIENTED_EDGE('',*,*,#4636,.F.);
#6356=ORIENTED_EDGE('',*,*,#4633,.F.);
#6357=ORIENTED_EDGE('',*,*,#4630,.F.);
#6358=ORIENTED_EDGE('',*,*,#4627,.F.);
#6359=ORIENTED_EDGE('',*,*,#4624,.F.);
#6360=ORIENTED_EDGE('',*,*,#4621,.F.);
#6361=ORIENTED_EDGE('',*,*,#4618,.F.);
#6362=ORIENTED_EDGE('',*,*,#4615,.F.);
#6363=ORIENTED_EDGE('',*,*,#4612,.F.);
#6364=ORIENTED_EDGE('',*,*,#4609,.F.);
#6365=ORIENTED_EDGE('',*,*,#4606,.F.);
#6366=ORIENTED_EDGE('',*,*,#4603,.F.);
#6367=ORIENTED_EDGE('',*,*,#4600,.F.);
#6368=ORIENTED_EDGE('',*,*,#4597,.F.);
#6369=ORIENTED_EDGE('',*,*,#4594,.F.);
#6370=ORIENTED_EDGE('',*,*,#4591,.F.);
#6371=ORIENTED_EDGE('',*,*,#4588,.F.);
#6372=ORIENTED_EDGE('',*,*,#4585,.F.);
#6373=ORIENTED_EDGE('',*,*,#4582,.F.);
#6374=ORIENTED_EDGE('',*,*,#4579,.F.);
#6375=ORIENTED_EDGE('',*,*,#4576,.F.);
#6376=ORIENTED_EDGE('',*,*,#4573,.F.);
#6377=ORIENTED_EDGE('',*,*,#4570,.F.);
#6378=ORIENTED_EDGE('',*,*,#4567,.F.);
#6379=ORIENTED_EDGE('',*,*,#4564,.F.);
#6380=ORIENTED_EDGE('',*,*,#4561,.F.);
#6381=ORIENTED_EDGE('',*,*,#4558,.F.);
#6382=ORIENTED_EDGE('',*,*,#4555,.F.);
#6383=ORIENTED_EDGE('',*,*,#4552,.F.);
#6384=ORIENTED_EDGE('',*,*,#4549,.F.);
#6385=ORIENTED_EDGE('',*,*,#4546,.F.);
#6386=ORIENTED_EDGE('',*,*,#4543,.F.);
#6387=ORIENTED_EDGE('',*,*,#4540,.F.);
#6388=ORIENTED_EDGE('',*,*,#4537,.F.);
#6389=ORIENTED_EDGE('',*,*,#4534,.F.);
#6390=ORIENTED_EDGE('',*,*,#4531,.F.);
#6391=ORIENTED_EDGE('',*,*,#4528,.F.);
#6392=ORIENTED_EDGE('',*,*,#4525,.F.);
#6393=ORIENTED_EDGE('',*,*,#4522,.F.);
#6394=ORIENTED_EDGE('',*,*,#4519,.F.);
#6395=ORIENTED_EDGE('',*,*,#4516,.F.);
#6396=ORIENTED_EDGE('',*,*,#4513,.F.);
#6397=ORIENTED_EDGE('',*,*,#4510,.F.);
#6398=ORIENTED_EDGE('',*,*,#4507,.F.);
#6399=ORIENTED_EDGE('',*,*,#4504,.F.);
#6400=ORIENTED_EDGE('',*,*,#4501,.F.);
#6401=ORIENTED_EDGE('',*,*,#4498,.F.);
#6402=ORIENTED_EDGE('',*,*,#4495,.F.);
#6403=ORIENTED_EDGE('',*,*,#4492,.F.);
#6404=ORIENTED_EDGE('',*,*,#4489,.F.);
#6405=ORIENTED_EDGE('',*,*,#4486,.F.);
#6406=ORIENTED_EDGE('',*,*,#4483,.F.);
#6407=ORIENTED_EDGE('',*,*,#4480,.F.);
#6408=ORIENTED_EDGE('',*,*,#4477,.F.);
#6409=ORIENTED_EDGE('',*,*,#4474,.F.);
#6410=ORIENTED_EDGE('',*,*,#4471,.F.);
#6411=ORIENTED_EDGE('',*,*,#4468,.F.);
#6412=ORIENTED_EDGE('',*,*,#4465,.F.);
#6413=ORIENTED_EDGE('',*,*,#4462,.F.);
#6414=ORIENTED_EDGE('',*,*,#4459,.F.);
#6415=ORIENTED_EDGE('',*,*,#4456,.F.);
#6416=ORIENTED_EDGE('',*,*,#4453,.F.);
#6417=ORIENTED_EDGE('',*,*,#4450,.F.);
#6418=ORIENTED_EDGE('',*,*,#4447,.F.);
#6419=ORIENTED_EDGE('',*,*,#4444,.F.);
#6420=ORIENTED_EDGE('',*,*,#4441,.F.);
#6421=ORIENTED_EDGE('',*,*,#4438,.F.);
#6422=ORIENTED_EDGE('',*,*,#4435,.F.);
#6423=ORIENTED_EDGE('',*,*,#4432,.F.);
#6424=ORIENTED_EDGE('',*,*,#4429,.F.);
#6425=ORIENTED_EDGE('',*,*,#4426,.F.);
#6426=ORIENTED_EDGE('',*,*,#4423,.F.);
#6427=ORIENTED_EDGE('',*,*,#4420,.F.);
#6428=ORIENTED_EDGE('',*,*,#4417,.F.);
#6429=ORIENTED_EDGE('',*,*,#4414,.F.);
#6430=ORIENTED_EDGE('',*,*,#4411,.F.);
#6431=ORIENTED_EDGE('',*,*,#4408,.F.);
#6432=ORIENTED_EDGE('',*,*,#4405,.F.);
#6433=ORIENTED_EDGE('',*,*,#4402,.F.);
#6434=ORIENTED_EDGE('',*,*,#4399,.F.);
#6435=ORIENTED_EDGE('',*,*,#4396,.F.);
#6436=ORIENTED_EDGE('',*,*,#4393,.F.);
#6437=ORIENTED_EDGE('',*,*,#4390,.F.);
#6438=ORIENTED_EDGE('',*,*,#4387,.F.);
#6439=ORIENTED_EDGE('',*,*,#4384,.F.);
#6440=ORIENTED_EDGE('',*,*,#4381,.F.);
#6441=ORIENTED_EDGE('',*,*,#4378,.F.);
#6442=ORIENTED_EDGE('',*,*,#4375,.F.);
#6443=ORIENTED_EDGE('',*,*,#4372,.F.);
#6444=ORIENTED_EDGE('',*,*,#4369,.F.);
#6445=ORIENTED_EDGE('',*,*,#4366,.F.);
#6446=ORIENTED_EDGE('',*,*,#4363,.F.);
#6447=ORIENTED_EDGE('',*,*,#4360,.F.);
#6448=ORIENTED_EDGE('',*,*,#4357,.F.);
#6449=ORIENTED_EDGE('',*,*,#4354,.F.);
#6450=ORIENTED_EDGE('',*,*,#4351,.F.);
#6451=ORIENTED_EDGE('',*,*,#4348,.F.);
#6452=ORIENTED_EDGE('',*,*,#4345,.F.);
#6453=ORIENTED_EDGE('',*,*,#4342,.F.);
#6454=ORIENTED_EDGE('',*,*,#4339,.F.);
#6455=ORIENTED_EDGE('',*,*,#4336,.F.);
#6456=ORIENTED_EDGE('',*,*,#4333,.F.);
#6457=ORIENTED_EDGE('',*,*,#4330,.F.);
#6458=ORIENTED_EDGE('',*,*,#4327,.F.);
#6459=ORIENTED_EDGE('',*,*,#4324,.F.);
#6460=ORIENTED_EDGE('',*,*,#4321,.F.);
#6461=ORIENTED_EDGE('',*,*,#4318,.F.);
#6462=ORIENTED_EDGE('',*,*,#4315,.F.);
#6463=ORIENTED_EDGE('',*,*,#4312,.F.);
#6464=ORIENTED_EDGE('',*,*,#4309,.F.);
#6465=ORIENTED_EDGE('',*,*,#4306,.F.);
#6466=ORIENTED_EDGE('',*,*,#4303,.F.);
#6467=ORIENTED_EDGE('',*,*,#4300,.F.);
#6468=ORIENTED_EDGE('',*,*,#4297,.F.);
#6469=ORIENTED_EDGE('',*,*,#4294,.F.);
#6470=ORIENTED_EDGE('',*,*,#4291,.F.);
#6471=ORIENTED_EDGE('',*,*,#4288,.F.);
#6472=ORIENTED_EDGE('',*,*,#4285,.F.);
#6473=ORIENTED_EDGE('',*,*,#4282,.F.);
#6474=ORIENTED_EDGE('',*,*,#4279,.F.);
#6475=ORIENTED_EDGE('',*,*,#4276,.F.);
#6476=ORIENTED_EDGE('',*,*,#4273,.F.);
#6477=ORIENTED_EDGE('',*,*,#4270,.F.);
#6478=ORIENTED_EDGE('',*,*,#4267,.F.);
#6479=ORIENTED_EDGE('',*,*,#4264,.F.);
#6480=ORIENTED_EDGE('',*,*,#4261,.F.);
#6481=ORIENTED_EDGE('',*,*,#4258,.F.);
#6482=ORIENTED_EDGE('',*,*,#4255,.F.);
#6483=ORIENTED_EDGE('',*,*,#4252,.F.);
#6484=ORIENTED_EDGE('',*,*,#4249,.F.);
#6485=ORIENTED_EDGE('',*,*,#4246,.F.);
#6486=ORIENTED_EDGE('',*,*,#4243,.F.);
#6487=ORIENTED_EDGE('',*,*,#4240,.F.);
#6488=ORIENTED_EDGE('',*,*,#4237,.F.);
#6489=ORIENTED_EDGE('',*,*,#4234,.F.);
#6490=ORIENTED_EDGE('',*,*,#4231,.F.);
#6491=ORIENTED_EDGE('',*,*,#4228,.F.);
#6492=ORIENTED_EDGE('',*,*,#4225,.F.);
#6493=ORIENTED_EDGE('',*,*,#4222,.F.);
#6494=ORIENTED_EDGE('',*,*,#4219,.F.);
#6495=ORIENTED_EDGE('',*,*,#4216,.F.);
#6496=ORIENTED_EDGE('',*,*,#4213,.F.);
#6497=ORIENTED_EDGE('',*,*,#4210,.F.);
#6498=ORIENTED_EDGE('',*,*,#4207,.F.);
#6499=ORIENTED_EDGE('',*,*,#4204,.F.);
#6500=ORIENTED_EDGE('',*,*,#4201,.F.);
#6501=ORIENTED_EDGE('',*,*,#4198,.F.);
#6502=ORIENTED_EDGE('',*,*,#4195,.F.);
#6503=ORIENTED_EDGE('',*,*,#4192,.F.);
#6504=ORIENTED_EDGE('',*,*,#4189,.F.);
#6505=ORIENTED_EDGE('',*,*,#4186,.F.);
#6506=ORIENTED_EDGE('',*,*,#4183,.F.);
#6507=ORIENTED_EDGE('',*,*,#4180,.F.);
#6508=ORIENTED_EDGE('',*,*,#4177,.F.);
#6509=ORIENTED_EDGE('',*,*,#4174,.F.);
#6510=ORIENTED_EDGE('',*,*,#4171,.F.);
#6511=ORIENTED_EDGE('',*,*,#4168,.F.);
#6512=ORIENTED_EDGE('',*,*,#4165,.F.);
#6513=ORIENTED_EDGE('',*,*,#4162,.F.);
#6514=ORIENTED_EDGE('',*,*,#4159,.F.);
#6515=ORIENTED_EDGE('',*,*,#4156,.F.);
#6516=ORIENTED_EDGE('',*,*,#4153,.F.);
#6517=ORIENTED_EDGE('',*,*,#4150,.F.);
#6518=ORIENTED_EDGE('',*,*,#4147,.F.);
#6519=ORIENTED_EDGE('',*,*,#4144,.F.);
#6520=ORIENTED_EDGE('',*,*,#4141,.F.);
#6521=ORIENTED_EDGE('',*,*,#4138,.F.);
#6522=ORIENTED_EDGE('',*,*,#4135,.F.);
#6523=ORIENTED_EDGE('',*,*,#4132,.F.);
#6524=ORIENTED_EDGE('',*,*,#4129,.F.);
#6525=ORIENTED_EDGE('',*,*,#4126,.F.);
#6526=ORIENTED_EDGE('',*,*,#4123,.F.);
#6527=ORIENTED_EDGE('',*,*,#4120,.F.);
#6528=ORIENTED_EDGE('',*,*,#4117,.F.);
#6529=ORIENTED_EDGE('',*,*,#4114,.F.);
#6530=ORIENTED_EDGE('',*,*,#4111,.F.);
#6531=ORIENTED_EDGE('',*,*,#4108,.F.);
#6532=ORIENTED_EDGE('',*,*,#4105,.F.);
#6533=ORIENTED_EDGE('',*,*,#4102,.F.);
#6534=ORIENTED_EDGE('',*,*,#4099,.F.);
#6535=ORIENTED_EDGE('',*,*,#4096,.F.);
#6536=ORIENTED_EDGE('',*,*,#4093,.F.);
#6537=ORIENTED_EDGE('',*,*,#4090,.F.);
#6538=ORIENTED_EDGE('',*,*,#4087,.F.);
#6539=ORIENTED_EDGE('',*,*,#4084,.F.);
#6540=ORIENTED_EDGE('',*,*,#4081,.F.);
#6541=ORIENTED_EDGE('',*,*,#4078,.F.);
#6542=ORIENTED_EDGE('',*,*,#4075,.F.);
#6543=ORIENTED_EDGE('',*,*,#4072,.F.);
#6544=ORIENTED_EDGE('',*,*,#4069,.F.);
#6545=ORIENTED_EDGE('',*,*,#4066,.F.);
#6546=ORIENTED_EDGE('',*,*,#4063,.F.);
#6547=ORIENTED_EDGE('',*,*,#4060,.F.);
#6548=ORIENTED_EDGE('',*,*,#4057,.F.);
#6549=ORIENTED_EDGE('',*,*,#4054,.F.);
#6550=ORIENTED_EDGE('',*,*,#4051,.F.);
#6551=ORIENTED_EDGE('',*,*,#4048,.F.);
#6552=ORIENTED_EDGE('',*,*,#4045,.F.);
#6553=ORIENTED_EDGE('',*,*,#4042,.F.);
#6554=ORIENTED_EDGE('',*,*,#4039,.F.);
#6555=ORIENTED_EDGE('',*,*,#4036,.F.);
#6556=ORIENTED_EDGE('',*,*,#4033,.F.);
#6557=ORIENTED_EDGE('',*,*,#4030,.F.);
#6558=ORIENTED_EDGE('',*,*,#4027,.F.);
#6559=ORIENTED_EDGE('',*,*,#4024,.F.);
#6560=ORIENTED_EDGE('',*,*,#4021,.F.);
#6561=ORIENTED_EDGE('',*,*,#4018,.F.);
#6562=ORIENTED_EDGE('',*,*,#4015,.F.);
#6563=ORIENTED_EDGE('',*,*,#4012,.F.);
#6564=ORIENTED_EDGE('',*,*,#4009,.F.);
#6565=ORIENTED_EDGE('',*,*,#4006,.F.);
#6566=ORIENTED_EDGE('',*,*,#4003,.F.);
#6567=ORIENTED_EDGE('',*,*,#4000,.F.);
#6568=ORIENTED_EDGE('',*,*,#3997,.F.);
#6569=ORIENTED_EDGE('',*,*,#3994,.F.);
#6570=ORIENTED_EDGE('',*,*,#3991,.F.);
#6571=ORIENTED_EDGE('',*,*,#3988,.F.);
#6572=ORIENTED_EDGE('',*,*,#3985,.F.);
#6573=ORIENTED_EDGE('',*,*,#3982,.F.);
#6574=ORIENTED_EDGE('',*,*,#3979,.F.);
#6575=ORIENTED_EDGE('',*,*,#3976,.F.);
#6576=ORIENTED_EDGE('',*,*,#3973,.F.);
#6577=ORIENTED_EDGE('',*,*,#3970,.F.);
#6578=ORIENTED_EDGE('',*,*,#3967,.F.);
#6579=ORIENTED_EDGE('',*,*,#3964,.F.);
#6580=ORIENTED_EDGE('',*,*,#3961,.F.);
#6581=ORIENTED_EDGE('',*,*,#3958,.F.);
#6582=ORIENTED_EDGE('',*,*,#3955,.F.);
#6583=ORIENTED_EDGE('',*,*,#3952,.F.);
#6584=ORIENTED_EDGE('',*,*,#3949,.F.);
#6585=ORIENTED_EDGE('',*,*,#3946,.F.);
#6586=ORIENTED_EDGE('',*,*,#3943,.F.);
#6587=ORIENTED_EDGE('',*,*,#3940,.F.);
#6588=ORIENTED_EDGE('',*,*,#3937,.F.);
#6589=ORIENTED_EDGE('',*,*,#3934,.F.);
#6590=ORIENTED_EDGE('',*,*,#3931,.F.);
#6591=ORIENTED_EDGE('',*,*,#3928,.F.);
#6592=ORIENTED_EDGE('',*,*,#3925,.F.);
#6593=ORIENTED_EDGE('',*,*,#3922,.F.);
#6594=ORIENTED_EDGE('',*,*,#3919,.F.);
#6595=ORIENTED_EDGE('',*,*,#3916,.F.);
#6596=ORIENTED_EDGE('',*,*,#3913,.F.);
#6597=ORIENTED_EDGE('',*,*,#3910,.F.);
#6598=ORIENTED_EDGE('',*,*,#3907,.F.);
#6599=ORIENTED_EDGE('',*,*,#3904,.F.);
#6600=ORIENTED_EDGE('',*,*,#3901,.F.);
#6601=ORIENTED_EDGE('',*,*,#3898,.F.);
#6602=ORIENTED_EDGE('',*,*,#3895,.F.);
#6603=ORIENTED_EDGE('',*,*,#3892,.F.);
#6604=ORIENTED_EDGE('',*,*,#3889,.F.);
#6605=ORIENTED_EDGE('',*,*,#3886,.F.);
#6606=ORIENTED_EDGE('',*,*,#3883,.F.);
#6607=ORIENTED_EDGE('',*,*,#3880,.F.);
#6608=ORIENTED_EDGE('',*,*,#3877,.F.);
#6609=ORIENTED_EDGE('',*,*,#3874,.F.);
#6610=ORIENTED_EDGE('',*,*,#3871,.F.);
#6611=ORIENTED_EDGE('',*,*,#3868,.F.);
#6612=ORIENTED_EDGE('',*,*,#3865,.F.);
#6613=ORIENTED_EDGE('',*,*,#3862,.F.);
#6614=ORIENTED_EDGE('',*,*,#3859,.F.);
#6615=ORIENTED_EDGE('',*,*,#3856,.F.);
#6616=ORIENTED_EDGE('',*,*,#3853,.F.);
#6617=ORIENTED_EDGE('',*,*,#3850,.F.);
#6618=ORIENTED_EDGE('',*,*,#3847,.F.);
#6619=ORIENTED_EDGE('',*,*,#3844,.F.);
#6620=ORIENTED_EDGE('',*,*,#3841,.F.);
#6621=ORIENTED_EDGE('',*,*,#3838,.F.);
#6622=ORIENTED_EDGE('',*,*,#3835,.F.);
#6623=ORIENTED_EDGE('',*,*,#3832,.F.);
#6624=ORIENTED_EDGE('',*,*,#3829,.F.);
#6625=ORIENTED_EDGE('',*,*,#3826,.F.);
#6626=ORIENTED_EDGE('',*,*,#3823,.F.);
#6627=ORIENTED_EDGE('',*,*,#3820,.F.);
#6628=ORIENTED_EDGE('',*,*,#3817,.F.);
#6629=ORIENTED_EDGE('',*,*,#3814,.F.);
#6630=ORIENTED_EDGE('',*,*,#3811,.F.);
#6631=ORIENTED_EDGE('',*,*,#3808,.F.);
#6632=ORIENTED_EDGE('',*,*,#3805,.F.);
#6633=ORIENTED_EDGE('',*,*,#3802,.F.);
#6634=ORIENTED_EDGE('',*,*,#3799,.F.);
#6635=ORIENTED_EDGE('',*,*,#3796,.F.);
#6636=ORIENTED_EDGE('',*,*,#3793,.F.);
#6637=CYLINDRICAL_SURFACE('',#7281,2.5);
#6638=CYLINDRICAL_SURFACE('',#7284,2.5);
#6639=CYLINDRICAL_SURFACE('',#7287,2.5);
#6640=CYLINDRICAL_SURFACE('',#7290,2.5);
#6641=CYLINDRICAL_SURFACE('',#7293,2.5);
#6642=CYLINDRICAL_SURFACE('',#7296,2.5);
#6643=CYLINDRICAL_SURFACE('',#7299,2.5);
#6644=CYLINDRICAL_SURFACE('',#7302,2.5);
#6645=CYLINDRICAL_SURFACE('',#7305,2.5);
#6646=CYLINDRICAL_SURFACE('',#7308,2.5);
#6647=CYLINDRICAL_SURFACE('',#7311,2.5);
#6648=CYLINDRICAL_SURFACE('',#7314,2.5);
#6649=CYLINDRICAL_SURFACE('',#7317,2.5);
#6650=CYLINDRICAL_SURFACE('',#7320,2.5);
#6651=CYLINDRICAL_SURFACE('',#7323,2.5);
#6652=CYLINDRICAL_SURFACE('',#7326,2.5);
#6653=CYLINDRICAL_SURFACE('',#7329,2.5);
#6654=CYLINDRICAL_SURFACE('',#7332,2.5);
#6655=CYLINDRICAL_SURFACE('',#7335,2.5);
#6656=CYLINDRICAL_SURFACE('',#7338,2.5);
#6657=CYLINDRICAL_SURFACE('',#7341,2.5);
#6658=CYLINDRICAL_SURFACE('',#7344,2.5);
#6659=CYLINDRICAL_SURFACE('',#7347,2.5);
#6660=CYLINDRICAL_SURFACE('',#7350,2.5);
#6661=CYLINDRICAL_SURFACE('',#7353,2.5);
#6662=CYLINDRICAL_SURFACE('',#7356,2.5);
#6663=CYLINDRICAL_SURFACE('',#7359,2.5);
#6664=CYLINDRICAL_SURFACE('',#7362,2.5);
#6665=CYLINDRICAL_SURFACE('',#7365,2.5);
#6666=CYLINDRICAL_SURFACE('',#7368,2.5);
#6667=CYLINDRICAL_SURFACE('',#7371,2.5);
#6668=CYLINDRICAL_SURFACE('',#7374,2.5);
#6669=CYLINDRICAL_SURFACE('',#7377,2.5);
#6670=CYLINDRICAL_SURFACE('',#7380,2.5);
#6671=CYLINDRICAL_SURFACE('',#7383,2.5);
#6672=CYLINDRICAL_SURFACE('',#7386,2.5);
#6673=CYLINDRICAL_SURFACE('',#7389,2.5);
#6674=CYLINDRICAL_SURFACE('',#7392,2.5);
#6675=CYLINDRICAL_SURFACE('',#7395,2.5);
#6676=CYLINDRICAL_SURFACE('',#7398,2.5);
#6677=CYLINDRICAL_SURFACE('',#7401,2.5);
#6678=CYLINDRICAL_SURFACE('',#7404,2.5);
#6679=CYLINDRICAL_SURFACE('',#7407,2.5);
#6680=CYLINDRICAL_SURFACE('',#7410,2.5);
#6681=CYLINDRICAL_SURFACE('',#7413,2.5);
#6682=CYLINDRICAL_SURFACE('',#7416,2.5);
#6683=CYLINDRICAL_SURFACE('',#7419,2.5);
#6684=CYLINDRICAL_SURFACE('',#7422,2.5);
#6685=CYLINDRICAL_SURFACE('',#7425,2.5);
#6686=CYLINDRICAL_SURFACE('',#7428,2.5);
#6687=CYLINDRICAL_SURFACE('',#7431,2.5);
#6688=CYLINDRICAL_SURFACE('',#7434,2.5);
#6689=CYLINDRICAL_SURFACE('',#7437,2.5);
#6690=CYLINDRICAL_SURFACE('',#7440,2.5);
#6691=CYLINDRICAL_SURFACE('',#7443,2.5);
#6692=CYLINDRICAL_SURFACE('',#7446,2.5);
#6693=CYLINDRICAL_SURFACE('',#7449,2.5);
#6694=CYLINDRICAL_SURFACE('',#7452,2.5);
#6695=CYLINDRICAL_SURFACE('',#7455,2.5);
#6696=CYLINDRICAL_SURFACE('',#7458,2.5);
#6697=CYLINDRICAL_SURFACE('',#7461,2.5);
#6698=CYLINDRICAL_SURFACE('',#7464,2.5);
#6699=CYLINDRICAL_SURFACE('',#7467,2.5);
#6700=CYLINDRICAL_SURFACE('',#7470,2.5);
#6701=CYLINDRICAL_SURFACE('',#7473,2.5);
#6702=CYLINDRICAL_SURFACE('',#7476,2.5);
#6703=CYLINDRICAL_SURFACE('',#7479,2.5);
#6704=CYLINDRICAL_SURFACE('',#7482,2.5);
#6705=CYLINDRICAL_SURFACE('',#7485,2.5);
#6706=CYLINDRICAL_SURFACE('',#7488,2.5);
#6707=CYLINDRICAL_SURFACE('',#7491,2.5);
#6708=CYLINDRICAL_SURFACE('',#7494,2.5);
#6709=CYLINDRICAL_SURFACE('',#7497,2.5);
#6710=CYLINDRICAL_SURFACE('',#7500,2.5);
#6711=CYLINDRICAL_SURFACE('',#7503,2.5);
#6712=CYLINDRICAL_SURFACE('',#7506,2.5);
#6713=CYLINDRICAL_SURFACE('',#7509,2.5);
#6714=CYLINDRICAL_SURFACE('',#7512,2.5);
#6715=CYLINDRICAL_SURFACE('',#7515,2.5);
#6716=CYLINDRICAL_SURFACE('',#7518,2.5);
#6717=CYLINDRICAL_SURFACE('',#7521,2.5);
#6718=CYLINDRICAL_SURFACE('',#7524,2.5);
#6719=CYLINDRICAL_SURFACE('',#7527,2.5);
#6720=CYLINDRICAL_SURFACE('',#7530,2.5);
#6721=CYLINDRICAL_SURFACE('',#7533,2.5);
#6722=CYLINDRICAL_SURFACE('',#7536,2.5);
#6723=CYLINDRICAL_SURFACE('',#7539,2.5);
#6724=CYLINDRICAL_SURFACE('',#7542,2.5);
#6725=CYLINDRICAL_SURFACE('',#7545,2.5);
#6726=CYLINDRICAL_SURFACE('',#7548,2.5);
#6727=CYLINDRICAL_SURFACE('',#7551,2.5);
#6728=CYLINDRICAL_SURFACE('',#7554,2.5);
#6729=CYLINDRICAL_SURFACE('',#7557,2.5);
#6730=CYLINDRICAL_SURFACE('',#7560,2.5);
#6731=CYLINDRICAL_SURFACE('',#7563,2.5);
#6732=CYLINDRICAL_SURFACE('',#7566,2.5);
#6733=CYLINDRICAL_SURFACE('',#7569,2.5);
#6734=CYLINDRICAL_SURFACE('',#7572,2.5);
#6735=CYLINDRICAL_SURFACE('',#7575,2.5);
#6736=CYLINDRICAL_SURFACE('',#7578,2.5);
#6737=CYLINDRICAL_SURFACE('',#7581,2.5);
#6738=CYLINDRICAL_SURFACE('',#7584,2.5);
#6739=CYLINDRICAL_SURFACE('',#7587,2.5);
#6740=CYLINDRICAL_SURFACE('',#7590,2.5);
#6741=CYLINDRICAL_SURFACE('',#7593,2.5);
#6742=CYLINDRICAL_SURFACE('',#7596,2.5);
#6743=CYLINDRICAL_SURFACE('',#7599,2.5);
#6744=CYLINDRICAL_SURFACE('',#7602,2.5);
#6745=CYLINDRICAL_SURFACE('',#7605,2.5);
#6746=CYLINDRICAL_SURFACE('',#7608,2.5);
#6747=CYLINDRICAL_SURFACE('',#7611,2.5);
#6748=CYLINDRICAL_SURFACE('',#7614,2.5);
#6749=CYLINDRICAL_SURFACE('',#7617,2.5);
#6750=CYLINDRICAL_SURFACE('',#7620,2.5);
#6751=CYLINDRICAL_SURFACE('',#7623,2.5);
#6752=CYLINDRICAL_SURFACE('',#7626,2.5);
#6753=CYLINDRICAL_SURFACE('',#7629,2.5);
#6754=CYLINDRICAL_SURFACE('',#7632,2.5);
#6755=CYLINDRICAL_SURFACE('',#7635,2.5);
#6756=CYLINDRICAL_SURFACE('',#7638,2.5);
#6757=CYLINDRICAL_SURFACE('',#7641,2.5);
#6758=CYLINDRICAL_SURFACE('',#7644,2.5);
#6759=CYLINDRICAL_SURFACE('',#7647,2.5);
#6760=CYLINDRICAL_SURFACE('',#7650,2.5);
#6761=CYLINDRICAL_SURFACE('',#7653,2.5);
#6762=CYLINDRICAL_SURFACE('',#7656,2.5);
#6763=CYLINDRICAL_SURFACE('',#7659,2.5);
#6764=CYLINDRICAL_SURFACE('',#7662,2.5);
#6765=CYLINDRICAL_SURFACE('',#7665,2.5);
#6766=CYLINDRICAL_SURFACE('',#7668,2.5);
#6767=CYLINDRICAL_SURFACE('',#7671,2.5);
#6768=CYLINDRICAL_SURFACE('',#7674,2.5);
#6769=CYLINDRICAL_SURFACE('',#7677,2.5);
#6770=CYLINDRICAL_SURFACE('',#7680,2.5);
#6771=CYLINDRICAL_SURFACE('',#7683,2.5);
#6772=CYLINDRICAL_SURFACE('',#7686,2.5);
#6773=CYLINDRICAL_SURFACE('',#7689,2.5);
#6774=CYLINDRICAL_SURFACE('',#7692,2.5);
#6775=CYLINDRICAL_SURFACE('',#7695,2.5);
#6776=CYLINDRICAL_SURFACE('',#7698,2.5);
#6777=CYLINDRICAL_SURFACE('',#7701,2.5);
#6778=CYLINDRICAL_SURFACE('',#7704,2.5);
#6779=CYLINDRICAL_SURFACE('',#7707,2.5);
#6780=CYLINDRICAL_SURFACE('',#7710,2.5);
#6781=CYLINDRICAL_SURFACE('',#7713,2.5);
#6782=CYLINDRICAL_SURFACE('',#7716,2.5);
#6783=CYLINDRICAL_SURFACE('',#7719,2.5);
#6784=CYLINDRICAL_SURFACE('',#7722,2.5);
#6785=CYLINDRICAL_SURFACE('',#7725,2.5);
#6786=CYLINDRICAL_SURFACE('',#7728,2.5);
#6787=CYLINDRICAL_SURFACE('',#7731,2.5);
#6788=CYLINDRICAL_SURFACE('',#7734,2.5);
#6789=CYLINDRICAL_SURFACE('',#7737,2.5);
#6790=CYLINDRICAL_SURFACE('',#7740,2.5);
#6791=CYLINDRICAL_SURFACE('',#7743,2.5);
#6792=CYLINDRICAL_SURFACE('',#7746,2.5);
#6793=CYLINDRICAL_SURFACE('',#7749,2.5);
#6794=CYLINDRICAL_SURFACE('',#7752,2.5);
#6795=CYLINDRICAL_SURFACE('',#7755,2.5);
#6796=CYLINDRICAL_SURFACE('',#7758,2.5);
#6797=CYLINDRICAL_SURFACE('',#7761,2.5);
#6798=CYLINDRICAL_SURFACE('',#7764,2.5);
#6799=CYLINDRICAL_SURFACE('',#7767,2.5);
#6800=CYLINDRICAL_SURFACE('',#7770,2.5);
#6801=CYLINDRICAL_SURFACE('',#7773,2.5);
#6802=CYLINDRICAL_SURFACE('',#7776,2.5);
#6803=CYLINDRICAL_SURFACE('',#7779,2.5);
#6804=CYLINDRICAL_SURFACE('',#7782,2.5);
#6805=CYLINDRICAL_SURFACE('',#7785,2.5);
#6806=CYLINDRICAL_SURFACE('',#7788,2.5);
#6807=CYLINDRICAL_SURFACE('',#7791,2.5);
#6808=CYLINDRICAL_SURFACE('',#7794,2.5);
#6809=CYLINDRICAL_SURFACE('',#7797,2.5);
#6810=CYLINDRICAL_SURFACE('',#7800,2.5);
#6811=CYLINDRICAL_SURFACE('',#7803,2.5);
#6812=CYLINDRICAL_SURFACE('',#7806,2.5);
#6813=CYLINDRICAL_SURFACE('',#7809,2.5);
#6814=CYLINDRICAL_SURFACE('',#7812,2.5);
#6815=CYLINDRICAL_SURFACE('',#7815,2.5);
#6816=CYLINDRICAL_SURFACE('',#7818,2.5);
#6817=CYLINDRICAL_SURFACE('',#7821,2.5);
#6818=CYLINDRICAL_SURFACE('',#7824,2.5);
#6819=CYLINDRICAL_SURFACE('',#7827,2.5);
#6820=CYLINDRICAL_SURFACE('',#7830,2.5);
#6821=CYLINDRICAL_SURFACE('',#7833,2.5);
#6822=CYLINDRICAL_SURFACE('',#7836,2.5);
#6823=CYLINDRICAL_SURFACE('',#7839,2.5);
#6824=CYLINDRICAL_SURFACE('',#7842,2.5);
#6825=CYLINDRICAL_SURFACE('',#7845,2.5);
#6826=CYLINDRICAL_SURFACE('',#7848,2.5);
#6827=CYLINDRICAL_SURFACE('',#7851,2.5);
#6828=CYLINDRICAL_SURFACE('',#7854,2.5);
#6829=CYLINDRICAL_SURFACE('',#7857,2.5);
#6830=CYLINDRICAL_SURFACE('',#7860,2.5);
#6831=CYLINDRICAL_SURFACE('',#7863,2.5);
#6832=CYLINDRICAL_SURFACE('',#7866,2.5);
#6833=CYLINDRICAL_SURFACE('',#7869,2.5);
#6834=CYLINDRICAL_SURFACE('',#7872,2.5);
#6835=CYLINDRICAL_SURFACE('',#7875,2.5);
#6836=CYLINDRICAL_SURFACE('',#7878,2.5);
#6837=CYLINDRICAL_SURFACE('',#7881,2.5);
#6838=CYLINDRICAL_SURFACE('',#7884,2.5);
#6839=CYLINDRICAL_SURFACE('',#7887,2.5);
#6840=CYLINDRICAL_SURFACE('',#7890,2.5);
#6841=CYLINDRICAL_SURFACE('',#7893,2.5);
#6842=CYLINDRICAL_SURFACE('',#7896,2.5);
#6843=CYLINDRICAL_SURFACE('',#7899,2.5);
#6844=CYLINDRICAL_SURFACE('',#7902,2.5);
#6845=CYLINDRICAL_SURFACE('',#7905,2.5);
#6846=CYLINDRICAL_SURFACE('',#7908,2.5);
#6847=CYLINDRICAL_SURFACE('',#7911,2.5);
#6848=CYLINDRICAL_SURFACE('',#7914,2.5);
#6849=CYLINDRICAL_SURFACE('',#7917,2.5);
#6850=CYLINDRICAL_SURFACE('',#7920,2.5);
#6851=CYLINDRICAL_SURFACE('',#7923,2.5);
#6852=CYLINDRICAL_SURFACE('',#7926,2.5);
#6853=CYLINDRICAL_SURFACE('',#7929,2.5);
#6854=CYLINDRICAL_SURFACE('',#7932,2.5);
#6855=CYLINDRICAL_SURFACE('',#7935,2.5);
#6856=CYLINDRICAL_SURFACE('',#7938,2.5);
#6857=CYLINDRICAL_SURFACE('',#7941,2.5);
#6858=CYLINDRICAL_SURFACE('',#7944,2.5);
#6859=CYLINDRICAL_SURFACE('',#7947,2.5);
#6860=CYLINDRICAL_SURFACE('',#7950,2.5);
#6861=CYLINDRICAL_SURFACE('',#7953,2.5);
#6862=CYLINDRICAL_SURFACE('',#7956,2.5);
#6863=CYLINDRICAL_SURFACE('',#7959,2.5);
#6864=CYLINDRICAL_SURFACE('',#7962,2.5);
#6865=CYLINDRICAL_SURFACE('',#7965,2.5);
#6866=CYLINDRICAL_SURFACE('',#7968,2.5);
#6867=CYLINDRICAL_SURFACE('',#7971,2.5);
#6868=CYLINDRICAL_SURFACE('',#7974,2.5);
#6869=CYLINDRICAL_SURFACE('',#7977,2.5);
#6870=CYLINDRICAL_SURFACE('',#7980,2.5);
#6871=CYLINDRICAL_SURFACE('',#7983,2.5);
#6872=CYLINDRICAL_SURFACE('',#7986,2.5);
#6873=CYLINDRICAL_SURFACE('',#7989,2.5);
#6874=CYLINDRICAL_SURFACE('',#7992,2.5);
#6875=CYLINDRICAL_SURFACE('',#7995,2.5);
#6876=CYLINDRICAL_SURFACE('',#7998,2.5);
#6877=CYLINDRICAL_SURFACE('',#8001,2.5);
#6878=CYLINDRICAL_SURFACE('',#8004,2.5);
#6879=CYLINDRICAL_SURFACE('',#8007,2.5);
#6880=CYLINDRICAL_SURFACE('',#8010,2.5);
#6881=CYLINDRICAL_SURFACE('',#8013,2.5);
#6882=CYLINDRICAL_SURFACE('',#8016,2.5);
#6883=CYLINDRICAL_SURFACE('',#8019,2.5);
#6884=CYLINDRICAL_SURFACE('',#8022,2.5);
#6885=CYLINDRICAL_SURFACE('',#8025,2.5);
#6886=CYLINDRICAL_SURFACE('',#8028,2.5);
#6887=CYLINDRICAL_SURFACE('',#8031,2.5);
#6888=CYLINDRICAL_SURFACE('',#8034,2.5);
#6889=CYLINDRICAL_SURFACE('',#8037,2.5);
#6890=CYLINDRICAL_SURFACE('',#8040,2.5);
#6891=CYLINDRICAL_SURFACE('',#8043,2.5);
#6892=CYLINDRICAL_SURFACE('',#8046,2.5);
#6893=CYLINDRICAL_SURFACE('',#8049,2.5);
#6894=CYLINDRICAL_SURFACE('',#8052,2.5);
#6895=CYLINDRICAL_SURFACE('',#8055,2.5);
#6896=CYLINDRICAL_SURFACE('',#8058,2.5);
#6897=CYLINDRICAL_SURFACE('',#8061,2.5);
#6898=CYLINDRICAL_SURFACE('',#8064,2.5);
#6899=CYLINDRICAL_SURFACE('',#8067,2.5);
#6900=CYLINDRICAL_SURFACE('',#8070,2.5);
#6901=CYLINDRICAL_SURFACE('',#8073,2.5);
#6902=CYLINDRICAL_SURFACE('',#8076,2.5);
#6903=CYLINDRICAL_SURFACE('',#8079,2.5);
#6904=CYLINDRICAL_SURFACE('',#8082,2.5);
#6905=CYLINDRICAL_SURFACE('',#8085,2.5);
#6906=CYLINDRICAL_SURFACE('',#8088,2.5);
#6907=CYLINDRICAL_SURFACE('',#8091,2.5);
#6908=CYLINDRICAL_SURFACE('',#8094,2.5);
#6909=CYLINDRICAL_SURFACE('',#8097,2.5);
#6910=CYLINDRICAL_SURFACE('',#8100,2.5);
#6911=CYLINDRICAL_SURFACE('',#8103,2.5);
#6912=CYLINDRICAL_SURFACE('',#8106,2.5);
#6913=CYLINDRICAL_SURFACE('',#8109,2.5);
#6914=CYLINDRICAL_SURFACE('',#8112,2.5);
#6915=CYLINDRICAL_SURFACE('',#8115,2.5);
#6916=CYLINDRICAL_SURFACE('',#8118,2.5);
#6917=CYLINDRICAL_SURFACE('',#8121,2.5);
#6918=CYLINDRICAL_SURFACE('',#8124,2.5);
#6919=CYLINDRICAL_SURFACE('',#8127,2.5);
#6920=CYLINDRICAL_SURFACE('',#8130,2.5);
#6921=CYLINDRICAL_SURFACE('',#8133,2.5);
#6922=CYLINDRICAL_SURFACE('',#8136,2.5);
#6923=CYLINDRICAL_SURFACE('',#8139,2.5);
#6924=CYLINDRICAL_SURFACE('',#8142,2.5);
#6925=CYLINDRICAL_SURFACE('',#8145,2.5);
#6926=CYLINDRICAL_SURFACE('',#8148,2.5);
#6927=CYLINDRICAL_SURFACE('',#8151,2.5);
#6928=CYLINDRICAL_SURFACE('',#8154,2.5);
#6929=CYLINDRICAL_SURFACE('',#8157,2.5);
#6930=CYLINDRICAL_SURFACE('',#8160,2.5);
#6931=CYLINDRICAL_SURFACE('',#8163,2.5);
#6932=CYLINDRICAL_SURFACE('',#8166,2.5);
#6933=CYLINDRICAL_SURFACE('',#8169,2.5);
#6934=CYLINDRICAL_SURFACE('',#8172,2.5);
#6935=CYLINDRICAL_SURFACE('',#8175,2.5);
#6936=CYLINDRICAL_SURFACE('',#8178,2.5);
#6937=CYLINDRICAL_SURFACE('',#8181,2.5);
#6938=CYLINDRICAL_SURFACE('',#8184,2.5);
#6939=CYLINDRICAL_SURFACE('',#8187,2.5);
#6940=CYLINDRICAL_SURFACE('',#8190,2.5);
#6941=CYLINDRICAL_SURFACE('',#8193,2.5);
#6942=CYLINDRICAL_SURFACE('',#8196,2.5);
#6943=CYLINDRICAL_SURFACE('',#8199,2.5);
#6944=CYLINDRICAL_SURFACE('',#8202,2.5);
#6945=CYLINDRICAL_SURFACE('',#8206,14.9999999999999);
#6946=CYLINDRICAL_SURFACE('',#8210,15.);
#6947=CYLINDRICAL_SURFACE('',#8214,15.);
#6948=CYLINDRICAL_SURFACE('',#8218,14.9999999999999);
#6949=ADVANCED_FACE('',(#637),#6637,.F.);
#6950=ADVANCED_FACE('',(#638),#6638,.F.);
#6951=ADVANCED_FACE('',(#639),#6639,.F.);
#6952=ADVANCED_FACE('',(#640),#6640,.F.);
#6953=ADVANCED_FACE('',(#641),#6641,.F.);
#6954=ADVANCED_FACE('',(#642),#6642,.F.);
#6955=ADVANCED_FACE('',(#643),#6643,.F.);
#6956=ADVANCED_FACE('',(#644),#6644,.F.);
#6957=ADVANCED_FACE('',(#645),#6645,.F.);
#6958=ADVANCED_FACE('',(#646),#6646,.F.);
#6959=ADVANCED_FACE('',(#647),#6647,.F.);
#6960=ADVANCED_FACE('',(#648),#6648,.F.);
#6961=ADVANCED_FACE('',(#649),#6649,.F.);
#6962=ADVANCED_FACE('',(#650),#6650,.F.);
#6963=ADVANCED_FACE('',(#651),#6651,.F.);
#6964=ADVANCED_FACE('',(#652),#6652,.F.);
#6965=ADVANCED_FACE('',(#653),#6653,.F.);
#6966=ADVANCED_FACE('',(#654),#6654,.F.);
#6967=ADVANCED_FACE('',(#655),#6655,.F.);
#6968=ADVANCED_FACE('',(#656),#6656,.F.);
#6969=ADVANCED_FACE('',(#657),#6657,.F.);
#6970=ADVANCED_FACE('',(#658),#6658,.F.);
#6971=ADVANCED_FACE('',(#659),#6659,.F.);
#6972=ADVANCED_FACE('',(#660),#6660,.F.);
#6973=ADVANCED_FACE('',(#661),#6661,.F.);
#6974=ADVANCED_FACE('',(#662),#6662,.F.);
#6975=ADVANCED_FACE('',(#663),#6663,.F.);
#6976=ADVANCED_FACE('',(#664),#6664,.F.);
#6977=ADVANCED_FACE('',(#665),#6665,.F.);
#6978=ADVANCED_FACE('',(#666),#6666,.F.);
#6979=ADVANCED_FACE('',(#667),#6667,.F.);
#6980=ADVANCED_FACE('',(#668),#6668,.F.);
#6981=ADVANCED_FACE('',(#669),#6669,.F.);
#6982=ADVANCED_FACE('',(#670),#6670,.F.);
#6983=ADVANCED_FACE('',(#671),#6671,.F.);
#6984=ADVANCED_FACE('',(#672),#6672,.F.);
#6985=ADVANCED_FACE('',(#673),#6673,.F.);
#6986=ADVANCED_FACE('',(#674),#6674,.F.);
#6987=ADVANCED_FACE('',(#675),#6675,.F.);
#6988=ADVANCED_FACE('',(#676),#6676,.F.);
#6989=ADVANCED_FACE('',(#677),#6677,.F.);
#6990=ADVANCED_FACE('',(#678),#6678,.F.);
#6991=ADVANCED_FACE('',(#679),#6679,.F.);
#6992=ADVANCED_FACE('',(#680),#6680,.F.);
#6993=ADVANCED_FACE('',(#681),#6681,.F.);
#6994=ADVANCED_FACE('',(#682),#6682,.F.);
#6995=ADVANCED_FACE('',(#683),#6683,.F.);
#6996=ADVANCED_FACE('',(#684),#6684,.F.);
#6997=ADVANCED_FACE('',(#685),#6685,.F.);
#6998=ADVANCED_FACE('',(#686),#6686,.F.);
#6999=ADVANCED_FACE('',(#687),#6687,.F.);
#7000=ADVANCED_FACE('',(#688),#6688,.F.);
#7001=ADVANCED_FACE('',(#689),#6689,.F.);
#7002=ADVANCED_FACE('',(#690),#6690,.F.);
#7003=ADVANCED_FACE('',(#691),#6691,.F.);
#7004=ADVANCED_FACE('',(#692),#6692,.F.);
#7005=ADVANCED_FACE('',(#693),#6693,.F.);
#7006=ADVANCED_FACE('',(#694),#6694,.F.);
#7007=ADVANCED_FACE('',(#695),#6695,.F.);
#7008=ADVANCED_FACE('',(#696),#6696,.F.);
#7009=ADVANCED_FACE('',(#697),#6697,.F.);
#7010=ADVANCED_FACE('',(#698),#6698,.F.);
#7011=ADVANCED_FACE('',(#699),#6699,.F.);
#7012=ADVANCED_FACE('',(#700),#6700,.F.);
#7013=ADVANCED_FACE('',(#701),#6701,.F.);
#7014=ADVANCED_FACE('',(#702),#6702,.F.);
#7015=ADVANCED_FACE('',(#703),#6703,.F.);
#7016=ADVANCED_FACE('',(#704),#6704,.F.);
#7017=ADVANCED_FACE('',(#705),#6705,.F.);
#7018=ADVANCED_FACE('',(#706),#6706,.F.);
#7019=ADVANCED_FACE('',(#707),#6707,.F.);
#7020=ADVANCED_FACE('',(#708),#6708,.F.);
#7021=ADVANCED_FACE('',(#709),#6709,.F.);
#7022=ADVANCED_FACE('',(#710),#6710,.F.);
#7023=ADVANCED_FACE('',(#711),#6711,.F.);
#7024=ADVANCED_FACE('',(#712),#6712,.F.);
#7025=ADVANCED_FACE('',(#713),#6713,.F.);
#7026=ADVANCED_FACE('',(#714),#6714,.F.);
#7027=ADVANCED_FACE('',(#715),#6715,.F.);
#7028=ADVANCED_FACE('',(#716),#6716,.F.);
#7029=ADVANCED_FACE('',(#717),#6717,.F.);
#7030=ADVANCED_FACE('',(#718),#6718,.F.);
#7031=ADVANCED_FACE('',(#719),#6719,.F.);
#7032=ADVANCED_FACE('',(#720),#6720,.F.);
#7033=ADVANCED_FACE('',(#721),#6721,.F.);
#7034=ADVANCED_FACE('',(#722),#6722,.F.);
#7035=ADVANCED_FACE('',(#723),#6723,.F.);
#7036=ADVANCED_FACE('',(#724),#6724,.F.);
#7037=ADVANCED_FACE('',(#725),#6725,.F.);
#7038=ADVANCED_FACE('',(#726),#6726,.F.);
#7039=ADVANCED_FACE('',(#727),#6727,.F.);
#7040=ADVANCED_FACE('',(#728),#6728,.F.);
#7041=ADVANCED_FACE('',(#729),#6729,.F.);
#7042=ADVANCED_FACE('',(#730),#6730,.F.);
#7043=ADVANCED_FACE('',(#731),#6731,.F.);
#7044=ADVANCED_FACE('',(#732),#6732,.F.);
#7045=ADVANCED_FACE('',(#733),#6733,.F.);
#7046=ADVANCED_FACE('',(#734),#6734,.F.);
#7047=ADVANCED_FACE('',(#735),#6735,.F.);
#7048=ADVANCED_FACE('',(#736),#6736,.F.);
#7049=ADVANCED_FACE('',(#737),#6737,.F.);
#7050=ADVANCED_FACE('',(#738),#6738,.F.);
#7051=ADVANCED_FACE('',(#739),#6739,.F.);
#7052=ADVANCED_FACE('',(#740),#6740,.F.);
#7053=ADVANCED_FACE('',(#741),#6741,.F.);
#7054=ADVANCED_FACE('',(#742),#6742,.F.);
#7055=ADVANCED_FACE('',(#743),#6743,.F.);
#7056=ADVANCED_FACE('',(#744),#6744,.F.);
#7057=ADVANCED_FACE('',(#745),#6745,.F.);
#7058=ADVANCED_FACE('',(#746),#6746,.F.);
#7059=ADVANCED_FACE('',(#747),#6747,.F.);
#7060=ADVANCED_FACE('',(#748),#6748,.F.);
#7061=ADVANCED_FACE('',(#749),#6749,.F.);
#7062=ADVANCED_FACE('',(#750),#6750,.F.);
#7063=ADVANCED_FACE('',(#751),#6751,.F.);
#7064=ADVANCED_FACE('',(#752),#6752,.F.);
#7065=ADVANCED_FACE('',(#753),#6753,.F.);
#7066=ADVANCED_FACE('',(#754),#6754,.F.);
#7067=ADVANCED_FACE('',(#755),#6755,.F.);
#7068=ADVANCED_FACE('',(#756),#6756,.F.);
#7069=ADVANCED_FACE('',(#757),#6757,.F.);
#7070=ADVANCED_FACE('',(#758),#6758,.F.);
#7071=ADVANCED_FACE('',(#759),#6759,.F.);
#7072=ADVANCED_FACE('',(#760),#6760,.F.);
#7073=ADVANCED_FACE('',(#761),#6761,.F.);
#7074=ADVANCED_FACE('',(#762),#6762,.F.);
#7075=ADVANCED_FACE('',(#763),#6763,.F.);
#7076=ADVANCED_FACE('',(#764),#6764,.F.);
#7077=ADVANCED_FACE('',(#765),#6765,.F.);
#7078=ADVANCED_FACE('',(#766),#6766,.F.);
#7079=ADVANCED_FACE('',(#767),#6767,.F.);
#7080=ADVANCED_FACE('',(#768),#6768,.F.);
#7081=ADVANCED_FACE('',(#769),#6769,.F.);
#7082=ADVANCED_FACE('',(#770),#6770,.F.);
#7083=ADVANCED_FACE('',(#771),#6771,.F.);
#7084=ADVANCED_FACE('',(#772),#6772,.F.);
#7085=ADVANCED_FACE('',(#773),#6773,.F.);
#7086=ADVANCED_FACE('',(#774),#6774,.F.);
#7087=ADVANCED_FACE('',(#775),#6775,.F.);
#7088=ADVANCED_FACE('',(#776),#6776,.F.);
#7089=ADVANCED_FACE('',(#777),#6777,.F.);
#7090=ADVANCED_FACE('',(#778),#6778,.F.);
#7091=ADVANCED_FACE('',(#779),#6779,.F.);
#7092=ADVANCED_FACE('',(#780),#6780,.F.);
#7093=ADVANCED_FACE('',(#781),#6781,.F.);
#7094=ADVANCED_FACE('',(#782),#6782,.F.);
#7095=ADVANCED_FACE('',(#783),#6783,.F.);
#7096=ADVANCED_FACE('',(#784),#6784,.F.);
#7097=ADVANCED_FACE('',(#785),#6785,.F.);
#7098=ADVANCED_FACE('',(#786),#6786,.F.);
#7099=ADVANCED_FACE('',(#787),#6787,.F.);
#7100=ADVANCED_FACE('',(#788),#6788,.F.);
#7101=ADVANCED_FACE('',(#789),#6789,.F.);
#7102=ADVANCED_FACE('',(#790),#6790,.F.);
#7103=ADVANCED_FACE('',(#791),#6791,.F.);
#7104=ADVANCED_FACE('',(#792),#6792,.F.);
#7105=ADVANCED_FACE('',(#793),#6793,.F.);
#7106=ADVANCED_FACE('',(#794),#6794,.F.);
#7107=ADVANCED_FACE('',(#795),#6795,.F.);
#7108=ADVANCED_FACE('',(#796),#6796,.F.);
#7109=ADVANCED_FACE('',(#797),#6797,.F.);
#7110=ADVANCED_FACE('',(#798),#6798,.F.);
#7111=ADVANCED_FACE('',(#799),#6799,.F.);
#7112=ADVANCED_FACE('',(#800),#6800,.F.);
#7113=ADVANCED_FACE('',(#801),#6801,.F.);
#7114=ADVANCED_FACE('',(#802),#6802,.F.);
#7115=ADVANCED_FACE('',(#803),#6803,.F.);
#7116=ADVANCED_FACE('',(#804),#6804,.F.);
#7117=ADVANCED_FACE('',(#805),#6805,.F.);
#7118=ADVANCED_FACE('',(#806),#6806,.F.);
#7119=ADVANCED_FACE('',(#807),#6807,.F.);
#7120=ADVANCED_FACE('',(#808),#6808,.F.);
#7121=ADVANCED_FACE('',(#809),#6809,.F.);
#7122=ADVANCED_FACE('',(#810),#6810,.F.);
#7123=ADVANCED_FACE('',(#811),#6811,.F.);
#7124=ADVANCED_FACE('',(#812),#6812,.F.);
#7125=ADVANCED_FACE('',(#813),#6813,.F.);
#7126=ADVANCED_FACE('',(#814),#6814,.F.);
#7127=ADVANCED_FACE('',(#815),#6815,.F.);
#7128=ADVANCED_FACE('',(#816),#6816,.F.);
#7129=ADVANCED_FACE('',(#817),#6817,.F.);
#7130=ADVANCED_FACE('',(#818),#6818,.F.);
#7131=ADVANCED_FACE('',(#819),#6819,.F.);
#7132=ADVANCED_FACE('',(#820),#6820,.F.);
#7133=ADVANCED_FACE('',(#821),#6821,.F.);
#7134=ADVANCED_FACE('',(#822),#6822,.F.);
#7135=ADVANCED_FACE('',(#823),#6823,.F.);
#7136=ADVANCED_FACE('',(#824),#6824,.F.);
#7137=ADVANCED_FACE('',(#825),#6825,.F.);
#7138=ADVANCED_FACE('',(#826),#6826,.F.);
#7139=ADVANCED_FACE('',(#827),#6827,.F.);
#7140=ADVANCED_FACE('',(#828),#6828,.F.);
#7141=ADVANCED_FACE('',(#829),#6829,.F.);
#7142=ADVANCED_FACE('',(#830),#6830,.F.);
#7143=ADVANCED_FACE('',(#831),#6831,.F.);
#7144=ADVANCED_FACE('',(#832),#6832,.F.);
#7145=ADVANCED_FACE('',(#833),#6833,.F.);
#7146=ADVANCED_FACE('',(#834),#6834,.F.);
#7147=ADVANCED_FACE('',(#835),#6835,.F.);
#7148=ADVANCED_FACE('',(#836),#6836,.F.);
#7149=ADVANCED_FACE('',(#837),#6837,.F.);
#7150=ADVANCED_FACE('',(#838),#6838,.F.);
#7151=ADVANCED_FACE('',(#839),#6839,.F.);
#7152=ADVANCED_FACE('',(#840),#6840,.F.);
#7153=ADVANCED_FACE('',(#841),#6841,.F.);
#7154=ADVANCED_FACE('',(#842),#6842,.F.);
#7155=ADVANCED_FACE('',(#843),#6843,.F.);
#7156=ADVANCED_FACE('',(#844),#6844,.F.);
#7157=ADVANCED_FACE('',(#845),#6845,.F.);
#7158=ADVANCED_FACE('',(#846),#6846,.F.);
#7159=ADVANCED_FACE('',(#847),#6847,.F.);
#7160=ADVANCED_FACE('',(#848),#6848,.F.);
#7161=ADVANCED_FACE('',(#849),#6849,.F.);
#7162=ADVANCED_FACE('',(#850),#6850,.F.);
#7163=ADVANCED_FACE('',(#851),#6851,.F.);
#7164=ADVANCED_FACE('',(#852),#6852,.F.);
#7165=ADVANCED_FACE('',(#853),#6853,.F.);
#7166=ADVANCED_FACE('',(#854),#6854,.F.);
#7167=ADVANCED_FACE('',(#855),#6855,.F.);
#7168=ADVANCED_FACE('',(#856),#6856,.F.);
#7169=ADVANCED_FACE('',(#857),#6857,.F.);
#7170=ADVANCED_FACE('',(#858),#6858,.F.);
#7171=ADVANCED_FACE('',(#859),#6859,.F.);
#7172=ADVANCED_FACE('',(#860),#6860,.F.);
#7173=ADVANCED_FACE('',(#861),#6861,.F.);
#7174=ADVANCED_FACE('',(#862),#6862,.F.);
#7175=ADVANCED_FACE('',(#863),#6863,.F.);
#7176=ADVANCED_FACE('',(#864),#6864,.F.);
#7177=ADVANCED_FACE('',(#865),#6865,.F.);
#7178=ADVANCED_FACE('',(#866),#6866,.F.);
#7179=ADVANCED_FACE('',(#867),#6867,.F.);
#7180=ADVANCED_FACE('',(#868),#6868,.F.);
#7181=ADVANCED_FACE('',(#869),#6869,.F.);
#7182=ADVANCED_FACE('',(#870),#6870,.F.);
#7183=ADVANCED_FACE('',(#871),#6871,.F.);
#7184=ADVANCED_FACE('',(#872),#6872,.F.);
#7185=ADVANCED_FACE('',(#873),#6873,.F.);
#7186=ADVANCED_FACE('',(#874),#6874,.F.);
#7187=ADVANCED_FACE('',(#875),#6875,.F.);
#7188=ADVANCED_FACE('',(#876),#6876,.F.);
#7189=ADVANCED_FACE('',(#877),#6877,.F.);
#7190=ADVANCED_FACE('',(#878),#6878,.F.);
#7191=ADVANCED_FACE('',(#879),#6879,.F.);
#7192=ADVANCED_FACE('',(#880),#6880,.F.);
#7193=ADVANCED_FACE('',(#881),#6881,.F.);
#7194=ADVANCED_FACE('',(#882),#6882,.F.);
#7195=ADVANCED_FACE('',(#883),#6883,.F.);
#7196=ADVANCED_FACE('',(#884),#6884,.F.);
#7197=ADVANCED_FACE('',(#885),#6885,.F.);
#7198=ADVANCED_FACE('',(#886),#6886,.F.);
#7199=ADVANCED_FACE('',(#887),#6887,.F.);
#7200=ADVANCED_FACE('',(#888),#6888,.F.);
#7201=ADVANCED_FACE('',(#889),#6889,.F.);
#7202=ADVANCED_FACE('',(#890),#6890,.F.);
#7203=ADVANCED_FACE('',(#891),#6891,.F.);
#7204=ADVANCED_FACE('',(#892),#6892,.F.);
#7205=ADVANCED_FACE('',(#893),#6893,.F.);
#7206=ADVANCED_FACE('',(#894),#6894,.F.);
#7207=ADVANCED_FACE('',(#895),#6895,.F.);
#7208=ADVANCED_FACE('',(#896),#6896,.F.);
#7209=ADVANCED_FACE('',(#897),#6897,.F.);
#7210=ADVANCED_FACE('',(#898),#6898,.F.);
#7211=ADVANCED_FACE('',(#899),#6899,.F.);
#7212=ADVANCED_FACE('',(#900),#6900,.F.);
#7213=ADVANCED_FACE('',(#901),#6901,.F.);
#7214=ADVANCED_FACE('',(#902),#6902,.F.);
#7215=ADVANCED_FACE('',(#903),#6903,.F.);
#7216=ADVANCED_FACE('',(#904),#6904,.F.);
#7217=ADVANCED_FACE('',(#905),#6905,.F.);
#7218=ADVANCED_FACE('',(#906),#6906,.F.);
#7219=ADVANCED_FACE('',(#907),#6907,.F.);
#7220=ADVANCED_FACE('',(#908),#6908,.F.);
#7221=ADVANCED_FACE('',(#909),#6909,.F.);
#7222=ADVANCED_FACE('',(#910),#6910,.F.);
#7223=ADVANCED_FACE('',(#911),#6911,.F.);
#7224=ADVANCED_FACE('',(#912),#6912,.F.);
#7225=ADVANCED_FACE('',(#913),#6913,.F.);
#7226=ADVANCED_FACE('',(#914),#6914,.F.);
#7227=ADVANCED_FACE('',(#915),#6915,.F.);
#7228=ADVANCED_FACE('',(#916),#6916,.F.);
#7229=ADVANCED_FACE('',(#917),#6917,.F.);
#7230=ADVANCED_FACE('',(#918),#6918,.F.);
#7231=ADVANCED_FACE('',(#919),#6919,.F.);
#7232=ADVANCED_FACE('',(#920),#6920,.F.);
#7233=ADVANCED_FACE('',(#921),#6921,.F.);
#7234=ADVANCED_FACE('',(#922),#6922,.F.);
#7235=ADVANCED_FACE('',(#923),#6923,.F.);
#7236=ADVANCED_FACE('',(#924),#6924,.F.);
#7237=ADVANCED_FACE('',(#925),#6925,.F.);
#7238=ADVANCED_FACE('',(#926),#6926,.F.);
#7239=ADVANCED_FACE('',(#927),#6927,.F.);
#7240=ADVANCED_FACE('',(#928),#6928,.F.);
#7241=ADVANCED_FACE('',(#929),#6929,.F.);
#7242=ADVANCED_FACE('',(#930),#6930,.F.);
#7243=ADVANCED_FACE('',(#931),#6931,.F.);
#7244=ADVANCED_FACE('',(#932),#6932,.F.);
#7245=ADVANCED_FACE('',(#933),#6933,.F.);
#7246=ADVANCED_FACE('',(#934),#6934,.F.);
#7247=ADVANCED_FACE('',(#935),#6935,.F.);
#7248=ADVANCED_FACE('',(#936),#6936,.F.);
#7249=ADVANCED_FACE('',(#937),#6937,.F.);
#7250=ADVANCED_FACE('',(#938),#6938,.F.);
#7251=ADVANCED_FACE('',(#939),#6939,.F.);
#7252=ADVANCED_FACE('',(#940),#6940,.F.);
#7253=ADVANCED_FACE('',(#941),#6941,.F.);
#7254=ADVANCED_FACE('',(#942),#6942,.F.);
#7255=ADVANCED_FACE('',(#943),#6943,.F.);
#7256=ADVANCED_FACE('',(#944),#6944,.F.);
#7257=ADVANCED_FACE('',(#945),#631,.T.);
#7258=ADVANCED_FACE('',(#946),#6945,.T.);
#7259=ADVANCED_FACE('',(#947),#632,.T.);
#7260=ADVANCED_FACE('',(#948),#6946,.T.);
#7261=ADVANCED_FACE('',(#949),#633,.T.);
#7262=ADVANCED_FACE('',(#950),#6947,.T.);
#7263=ADVANCED_FACE('',(#951),#634,.T.);
#7264=ADVANCED_FACE('',(#952),#6948,.T.);
#7265=ADVANCED_FACE('',(#953,#15,#16,#17,#18,#19,#20,#21,#22,#23,#24,#25,
#26,#27,#28,#29,#30,#31,#32,#33,#34,#35,#36,#37,#38,#39,#40,#41,#42,#43,
#44,#45,#46,#47,#48,#49,#50,#51,#52,#53,#54,#55,#56,#57,#58,#59,#60,#61,
#62,#63,#64,#65,#66,#67,#68,#69,#70,#71,#72,#73,#74,#75,#76,#77,#78,#79,
#80,#81,#82,#83,#84,#85,#86,#87,#88,#89,#90,#91,#92,#93,#94,#95,#96,#97,
#98,#99,#100,#101,#102,#103,#104,#105,#106,#107,#108,#109,#110,#111,#112,
#113,#114,#115,#116,#117,#118,#119,#120,#121,#122,#123,#124,#125,#126,#127,
#128,#129,#130,#131,#132,#133,#134,#135,#136,#137,#138,#139,#140,#141,#142,
#143,#144,#145,#146,#147,#148,#149,#150,#151,#152,#153,#154,#155,#156,#157,
#158,#159,#160,#161,#162,#163,#164,#165,#166,#167,#168,#169,#170,#171,#172,
#173,#174,#175,#176,#177,#178,#179,#180,#181,#182,#183,#184,#185,#186,#187,
#188,#189,#190,#191,#192,#193,#194,#195,#196,#197,#198,#199,#200,#201,#202,
#203,#204,#205,#206,#207,#208,#209,#210,#211,#212,#213,#214,#215,#216,#217,
#218,#219,#220,#221,#222,#223,#224,#225,#226,#227,#228,#229,#230,#231,#232,
#233,#234,#235,#236,#237,#238,#239,#240,#241,#242,#243,#244,#245,#246,#247,
#248,#249,#250,#251,#252,#253,#254,#255,#256,#257,#258,#259,#260,#261,#262,
#263,#264,#265,#266,#267,#268,#269,#270,#271,#272,#273,#274,#275,#276,#277,
#278,#279,#280,#281,#282,#283,#284,#285,#286,#287,#288,#289,#290,#291,#292,
#293,#294,#295,#296,#297,#298,#299,#300,#301,#302,#303,#304,#305,#306,#307,
#308,#309,#310,#311,#312,#313,#314,#315,#316,#317,#318,#319,#320,#321,#322),
#635,.T.);
#7266=ADVANCED_FACE('',(#954,#323,#324,#325,#326,#327,#328,#329,#330,#331,
#332,#333,#334,#335,#336,#337,#338,#339,#340,#341,#342,#343,#344,#345,#346,
#347,#348,#349,#350,#351,#352,#353,#354,#355,#356,#357,#358,#359,#360,#361,
#362,#363,#364,#365,#366,#367,#368,#369,#370,#371,#372,#373,#374,#375,#376,
#377,#378,#379,#380,#381,#382,#383,#384,#385,#386,#387,#388,#389,#390,#391,
#392,#393,#394,#395,#396,#397,#398,#399,#400,#401,#402,#403,#404,#405,#406,
#407,#408,#409,#410,#411,#412,#413,#414,#415,#416,#417,#418,#419,#420,#421,
#422,#423,#424,#425,#426,#427,#428,#429,#430,#431,#432,#433,#434,#435,#436,
#437,#438,#439,#440,#441,#442,#443,#444,#445,#446,#447,#448,#449,#450,#451,
#452,#453,#454,#455,#456,#457,#458,#459,#460,#461,#462,#463,#464,#465,#466,
#467,#468,#469,#470,#471,#472,#473,#474,#475,#476,#477,#478,#479,#480,#481,
#482,#483,#484,#485,#486,#487,#488,#489,#490,#491,#492,#493,#494,#495,#496,
#497,#498,#499,#500,#501,#502,#503,#504,#505,#506,#507,#508,#509,#510,#511,
#512,#513,#514,#515,#516,#517,#518,#519,#520,#521,#522,#523,#524,#525,#526,
#527,#528,#529,#530,#531,#532,#533,#534,#535,#536,#537,#538,#539,#540,#541,
#542,#543,#544,#545,#546,#547,#548,#549,#550,#551,#552,#553,#554,#555,#556,
#557,#558,#559,#560,#561,#562,#563,#564,#565,#566,#567,#568,#569,#570,#571,
#572,#573,#574,#575,#576,#577,#578,#579,#580,#581,#582,#583,#584,#585,#586,
#587,#588,#589,#590,#591,#592,#593,#594,#595,#596,#597,#598,#599,#600,#601,
#602,#603,#604,#605,#606,#607,#608,#609,#610,#611,#612,#613,#614,#615,#616,
#617,#618,#619,#620,#621,#622,#623,#624,#625,#626,#627,#628,#629,#630),
#636,.F.);
#7267=CLOSED_SHELL('',(#6949,#6950,#6951,#6952,#6953,#6954,#6955,#6956,
#6957,#6958,#6959,#6960,#6961,#6962,#6963,#6964,#6965,#6966,#6967,#6968,
#6969,#6970,#6971,#6972,#6973,#6974,#6975,#6976,#6977,#6978,#6979,#6980,
#6981,#6982,#6983,#6984,#6985,#6986,#6987,#6988,#6989,#6990,#6991,#6992,
#6993,#6994,#6995,#6996,#6997,#6998,#6999,#7000,#7001,#7002,#7003,#7004,
#7005,#7006,#7007,#7008,#7009,#7010,#7011,#7012,#7013,#7014,#7015,#7016,
#7017,#7018,#7019,#7020,#7021,#7022,#7023,#7024,#7025,#7026,#7027,#7028,
#7029,#7030,#7031,#7032,#7033,#7034,#7035,#7036,#7037,#7038,#7039,#7040,
#7041,#7042,#7043,#7044,#7045,#7046,#7047,#7048,#7049,#7050,#7051,#7052,
#7053,#7054,#7055,#7056,#7057,#7058,#7059,#7060,#7061,#7062,#7063,#7064,
#7065,#7066,#7067,#7068,#7069,#7070,#7071,#7072,#7073,#7074,#7075,#7076,
#7077,#7078,#7079,#7080,#7081,#7082,#7083,#7084,#7085,#7086,#7087,#7088,
#7089,#7090,#7091,#7092,#7093,#7094,#7095,#7096,#7097,#7098,#7099,#7100,
#7101,#7102,#7103,#7104,#7105,#7106,#7107,#7108,#7109,#7110,#7111,#7112,
#7113,#7114,#7115,#7116,#7117,#7118,#7119,#7120,#7121,#7122,#7123,#7124,
#7125,#7126,#7127,#7128,#7129,#7130,#7131,#7132,#7133,#7134,#7135,#7136,
#7137,#7138,#7139,#7140,#7141,#7142,#7143,#7144,#7145,#7146,#7147,#7148,
#7149,#7150,#7151,#7152,#7153,#7154,#7155,#7156,#7157,#7158,#7159,#7160,
#7161,#7162,#7163,#7164,#7165,#7166,#7167,#7168,#7169,#7170,#7171,#7172,
#7173,#7174,#7175,#7176,#7177,#7178,#7179,#7180,#7181,#7182,#7183,#7184,
#7185,#7186,#7187,#7188,#7189,#7190,#7191,#7192,#7193,#7194,#7195,#7196,
#7197,#7198,#7199,#7200,#7201,#7202,#7203,#7204,#7205,#7206,#7207,#7208,
#7209,#7210,#7211,#7212,#7213,#7214,#7215,#7216,#7217,#7218,#7219,#7220,
#7221,#7222,#7223,#7224,#7225,#7226,#7227,#7228,#7229,#7230,#7231,#7232,
#7233,#7234,#7235,#7236,#7237,#7238,#7239,#7240,#7241,#7242,#7243,#7244,
#7245,#7246,#7247,#7248,#7249,#7250,#7251,#7252,#7253,#7254,#7255,#7256,
#7257,#7258,#7259,#7260,#7261,#7262,#7263,#7264,#7265,#7266));
#7268=DERIVED_UNIT_ELEMENT(#7270,1.);
#7269=DERIVED_UNIT_ELEMENT(#12337,-3.);
#7270=(
MASS_UNIT()
NAMED_UNIT(*)
SI_UNIT(.KILO.,.GRAM.)
);
#7271=DERIVED_UNIT((#7268,#7269));
#7272=MEASURE_REPRESENTATION_ITEM('density measure',
POSITIVE_RATIO_MEASURE(7850.),#7271);
#7273=PROPERTY_DEFINITION_REPRESENTATION(#7278,#7275);
#7274=PROPERTY_DEFINITION_REPRESENTATION(#7279,#7276);
#7275=REPRESENTATION('material name',(#7277),#12334);
#7276=REPRESENTATION('density',(#7272),#12334);
#7277=DESCRIPTIVE_REPRESENTATION_ITEM('Steel','Steel');
#7278=PROPERTY_DEFINITION('material property','material name',#12344);
#7279=PROPERTY_DEFINITION('material property','density of part',#12344);
#7280=AXIS2_PLACEMENT_3D('',#10433,#8223,#8224);
#7281=AXIS2_PLACEMENT_3D('',#10434,#8225,#8226);
#7282=AXIS2_PLACEMENT_3D('',#10436,#8227,#8228);
#7283=AXIS2_PLACEMENT_3D('',#10439,#8230,#8231);
#7284=AXIS2_PLACEMENT_3D('',#10440,#8232,#8233);
#7285=AXIS2_PLACEMENT_3D('',#10442,#8234,#8235);
#7286=AXIS2_PLACEMENT_3D('',#10445,#8237,#8238);
#7287=AXIS2_PLACEMENT_3D('',#10446,#8239,#8240);
#7288=AXIS2_PLACEMENT_3D('',#10448,#8241,#8242);
#7289=AXIS2_PLACEMENT_3D('',#10451,#8244,#8245);
#7290=AXIS2_PLACEMENT_3D('',#10452,#8246,#8247);
#7291=AXIS2_PLACEMENT_3D('',#10454,#8248,#8249);
#7292=AXIS2_PLACEMENT_3D('',#10457,#8251,#8252);
#7293=AXIS2_PLACEMENT_3D('',#10458,#8253,#8254);
#7294=AXIS2_PLACEMENT_3D('',#10460,#8255,#8256);
#7295=AXIS2_PLACEMENT_3D('',#10463,#8258,#8259);
#7296=AXIS2_PLACEMENT_3D('',#10464,#8260,#8261);
#7297=AXIS2_PLACEMENT_3D('',#10466,#8262,#8263);
#7298=AXIS2_PLACEMENT_3D('',#10469,#8265,#8266);
#7299=AXIS2_PLACEMENT_3D('',#10470,#8267,#8268);
#7300=AXIS2_PLACEMENT_3D('',#10472,#8269,#8270);
#7301=AXIS2_PLACEMENT_3D('',#10475,#8272,#8273);
#7302=AXIS2_PLACEMENT_3D('',#10476,#8274,#8275);
#7303=AXIS2_PLACEMENT_3D('',#10478,#8276,#8277);
#7304=AXIS2_PLACEMENT_3D('',#10481,#8279,#8280);
#7305=AXIS2_PLACEMENT_3D('',#10482,#8281,#8282);
#7306=AXIS2_PLACEMENT_3D('',#10484,#8283,#8284);
#7307=AXIS2_PLACEMENT_3D('',#10487,#8286,#8287);
#7308=AXIS2_PLACEMENT_3D('',#10488,#8288,#8289);
#7309=AXIS2_PLACEMENT_3D('',#10490,#8290,#8291);
#7310=AXIS2_PLACEMENT_3D('',#10493,#8293,#8294);
#7311=AXIS2_PLACEMENT_3D('',#10494,#8295,#8296);
#7312=AXIS2_PLACEMENT_3D('',#10496,#8297,#8298);
#7313=AXIS2_PLACEMENT_3D('',#10499,#8300,#8301);
#7314=AXIS2_PLACEMENT_3D('',#10500,#8302,#8303);
#7315=AXIS2_PLACEMENT_3D('',#10502,#8304,#8305);
#7316=AXIS2_PLACEMENT_3D('',#10505,#8307,#8308);
#7317=AXIS2_PLACEMENT_3D('',#10506,#8309,#8310);
#7318=AXIS2_PLACEMENT_3D('',#10508,#8311,#8312);
#7319=AXIS2_PLACEMENT_3D('',#10511,#8314,#8315);
#7320=AXIS2_PLACEMENT_3D('',#10512,#8316,#8317);
#7321=AXIS2_PLACEMENT_3D('',#10514,#8318,#8319);
#7322=AXIS2_PLACEMENT_3D('',#10517,#8321,#8322);
#7323=AXIS2_PLACEMENT_3D('',#10518,#8323,#8324);
#7324=AXIS2_PLACEMENT_3D('',#10520,#8325,#8326);
#7325=AXIS2_PLACEMENT_3D('',#10523,#8328,#8329);
#7326=AXIS2_PLACEMENT_3D('',#10524,#8330,#8331);
#7327=AXIS2_PLACEMENT_3D('',#10526,#8332,#8333);
#7328=AXIS2_PLACEMENT_3D('',#10529,#8335,#8336);
#7329=AXIS2_PLACEMENT_3D('',#10530,#8337,#8338);
#7330=AXIS2_PLACEMENT_3D('',#10532,#8339,#8340);
#7331=AXIS2_PLACEMENT_3D('',#10535,#8342,#8343);
#7332=AXIS2_PLACEMENT_3D('',#10536,#8344,#8345);
#7333=AXIS2_PLACEMENT_3D('',#10538,#8346,#8347);
#7334=AXIS2_PLACEMENT_3D('',#10541,#8349,#8350);
#7335=AXIS2_PLACEMENT_3D('',#10542,#8351,#8352);
#7336=AXIS2_PLACEMENT_3D('',#10544,#8353,#8354);
#7337=AXIS2_PLACEMENT_3D('',#10547,#8356,#8357);
#7338=AXIS2_PLACEMENT_3D('',#10548,#8358,#8359);
#7339=AXIS2_PLACEMENT_3D('',#10550,#8360,#8361);
#7340=AXIS2_PLACEMENT_3D('',#10553,#8363,#8364);
#7341=AXIS2_PLACEMENT_3D('',#10554,#8365,#8366);
#7342=AXIS2_PLACEMENT_3D('',#10556,#8367,#8368);
#7343=AXIS2_PLACEMENT_3D('',#10559,#8370,#8371);
#7344=AXIS2_PLACEMENT_3D('',#10560,#8372,#8373);
#7345=AXIS2_PLACEMENT_3D('',#10562,#8374,#8375);
#7346=AXIS2_PLACEMENT_3D('',#10565,#8377,#8378);
#7347=AXIS2_PLACEMENT_3D('',#10566,#8379,#8380);
#7348=AXIS2_PLACEMENT_3D('',#10568,#8381,#8382);
#7349=AXIS2_PLACEMENT_3D('',#10571,#8384,#8385);
#7350=AXIS2_PLACEMENT_3D('',#10572,#8386,#8387);
#7351=AXIS2_PLACEMENT_3D('',#10574,#8388,#8389);
#7352=AXIS2_PLACEMENT_3D('',#10577,#8391,#8392);
#7353=AXIS2_PLACEMENT_3D('',#10578,#8393,#8394);
#7354=AXIS2_PLACEMENT_3D('',#10580,#8395,#8396);
#7355=AXIS2_PLACEMENT_3D('',#10583,#8398,#8399);
#7356=AXIS2_PLACEMENT_3D('',#10584,#8400,#8401);
#7357=AXIS2_PLACEMENT_3D('',#10586,#8402,#8403);
#7358=AXIS2_PLACEMENT_3D('',#10589,#8405,#8406);
#7359=AXIS2_PLACEMENT_3D('',#10590,#8407,#8408);
#7360=AXIS2_PLACEMENT_3D('',#10592,#8409,#8410);
#7361=AXIS2_PLACEMENT_3D('',#10595,#8412,#8413);
#7362=AXIS2_PLACEMENT_3D('',#10596,#8414,#8415);
#7363=AXIS2_PLACEMENT_3D('',#10598,#8416,#8417);
#7364=AXIS2_PLACEMENT_3D('',#10601,#8419,#8420);
#7365=AXIS2_PLACEMENT_3D('',#10602,#8421,#8422);
#7366=AXIS2_PLACEMENT_3D('',#10604,#8423,#8424);
#7367=AXIS2_PLACEMENT_3D('',#10607,#8426,#8427);
#7368=AXIS2_PLACEMENT_3D('',#10608,#8428,#8429);
#7369=AXIS2_PLACEMENT_3D('',#10610,#8430,#8431);
#7370=AXIS2_PLACEMENT_3D('',#10613,#8433,#8434);
#7371=AXIS2_PLACEMENT_3D('',#10614,#8435,#8436);
#7372=AXIS2_PLACEMENT_3D('',#10616,#8437,#8438);
#7373=AXIS2_PLACEMENT_3D('',#10619,#8440,#8441);
#7374=AXIS2_PLACEMENT_3D('',#10620,#8442,#8443);
#7375=AXIS2_PLACEMENT_3D('',#10622,#8444,#8445);
#7376=AXIS2_PLACEMENT_3D('',#10625,#8447,#8448);
#7377=AXIS2_PLACEMENT_3D('',#10626,#8449,#8450);
#7378=AXIS2_PLACEMENT_3D('',#10628,#8451,#8452);
#7379=AXIS2_PLACEMENT_3D('',#10631,#8454,#8455);
#7380=AXIS2_PLACEMENT_3D('',#10632,#8456,#8457);
#7381=AXIS2_PLACEMENT_3D('',#10634,#8458,#8459);
#7382=AXIS2_PLACEMENT_3D('',#10637,#8461,#8462);
#7383=AXIS2_PLACEMENT_3D('',#10638,#8463,#8464);
#7384=AXIS2_PLACEMENT_3D('',#10640,#8465,#8466);
#7385=AXIS2_PLACEMENT_3D('',#10643,#8468,#8469);
#7386=AXIS2_PLACEMENT_3D('',#10644,#8470,#8471);
#7387=AXIS2_PLACEMENT_3D('',#10646,#8472,#8473);
#7388=AXIS2_PLACEMENT_3D('',#10649,#8475,#8476);
#7389=AXIS2_PLACEMENT_3D('',#10650,#8477,#8478);
#7390=AXIS2_PLACEMENT_3D('',#10652,#8479,#8480);
#7391=AXIS2_PLACEMENT_3D('',#10655,#8482,#8483);
#7392=AXIS2_PLACEMENT_3D('',#10656,#8484,#8485);
#7393=AXIS2_PLACEMENT_3D('',#10658,#8486,#8487);
#7394=AXIS2_PLACEMENT_3D('',#10661,#8489,#8490);
#7395=AXIS2_PLACEMENT_3D('',#10662,#8491,#8492);
#7396=AXIS2_PLACEMENT_3D('',#10664,#8493,#8494);
#7397=AXIS2_PLACEMENT_3D('',#10667,#8496,#8497);
#7398=AXIS2_PLACEMENT_3D('',#10668,#8498,#8499);
#7399=AXIS2_PLACEMENT_3D('',#10670,#8500,#8501);
#7400=AXIS2_PLACEMENT_3D('',#10673,#8503,#8504);
#7401=AXIS2_PLACEMENT_3D('',#10674,#8505,#8506);
#7402=AXIS2_PLACEMENT_3D('',#10676,#8507,#8508);
#7403=AXIS2_PLACEMENT_3D('',#10679,#8510,#8511);
#7404=AXIS2_PLACEMENT_3D('',#10680,#8512,#8513);
#7405=AXIS2_PLACEMENT_3D('',#10682,#8514,#8515);
#7406=AXIS2_PLACEMENT_3D('',#10685,#8517,#8518);
#7407=AXIS2_PLACEMENT_3D('',#10686,#8519,#8520);
#7408=AXIS2_PLACEMENT_3D('',#10688,#8521,#8522);
#7409=AXIS2_PLACEMENT_3D('',#10691,#8524,#8525);
#7410=AXIS2_PLACEMENT_3D('',#10692,#8526,#8527);
#7411=AXIS2_PLACEMENT_3D('',#10694,#8528,#8529);
#7412=AXIS2_PLACEMENT_3D('',#10697,#8531,#8532);
#7413=AXIS2_PLACEMENT_3D('',#10698,#8533,#8534);
#7414=AXIS2_PLACEMENT_3D('',#10700,#8535,#8536);
#7415=AXIS2_PLACEMENT_3D('',#10703,#8538,#8539);
#7416=AXIS2_PLACEMENT_3D('',#10704,#8540,#8541);
#7417=AXIS2_PLACEMENT_3D('',#10706,#8542,#8543);
#7418=AXIS2_PLACEMENT_3D('',#10709,#8545,#8546);
#7419=AXIS2_PLACEMENT_3D('',#10710,#8547,#8548);
#7420=AXIS2_PLACEMENT_3D('',#10712,#8549,#8550);
#7421=AXIS2_PLACEMENT_3D('',#10715,#8552,#8553);
#7422=AXIS2_PLACEMENT_3D('',#10716,#8554,#8555);
#7423=AXIS2_PLACEMENT_3D('',#10718,#8556,#8557);
#7424=AXIS2_PLACEMENT_3D('',#10721,#8559,#8560);
#7425=AXIS2_PLACEMENT_3D('',#10722,#8561,#8562);
#7426=AXIS2_PLACEMENT_3D('',#10724,#8563,#8564);
#7427=AXIS2_PLACEMENT_3D('',#10727,#8566,#8567);
#7428=AXIS2_PLACEMENT_3D('',#10728,#8568,#8569);
#7429=AXIS2_PLACEMENT_3D('',#10730,#8570,#8571);
#7430=AXIS2_PLACEMENT_3D('',#10733,#8573,#8574);
#7431=AXIS2_PLACEMENT_3D('',#10734,#8575,#8576);
#7432=AXIS2_PLACEMENT_3D('',#10736,#8577,#8578);
#7433=AXIS2_PLACEMENT_3D('',#10739,#8580,#8581);
#7434=AXIS2_PLACEMENT_3D('',#10740,#8582,#8583);
#7435=AXIS2_PLACEMENT_3D('',#10742,#8584,#8585);
#7436=AXIS2_PLACEMENT_3D('',#10745,#8587,#8588);
#7437=AXIS2_PLACEMENT_3D('',#10746,#8589,#8590);
#7438=AXIS2_PLACEMENT_3D('',#10748,#8591,#8592);
#7439=AXIS2_PLACEMENT_3D('',#10751,#8594,#8595);
#7440=AXIS2_PLACEMENT_3D('',#10752,#8596,#8597);
#7441=AXIS2_PLACEMENT_3D('',#10754,#8598,#8599);
#7442=AXIS2_PLACEMENT_3D('',#10757,#8601,#8602);
#7443=AXIS2_PLACEMENT_3D('',#10758,#8603,#8604);
#7444=AXIS2_PLACEMENT_3D('',#10760,#8605,#8606);
#7445=AXIS2_PLACEMENT_3D('',#10763,#8608,#8609);
#7446=AXIS2_PLACEMENT_3D('',#10764,#8610,#8611);
#7447=AXIS2_PLACEMENT_3D('',#10766,#8612,#8613);
#7448=AXIS2_PLACEMENT_3D('',#10769,#8615,#8616);
#7449=AXIS2_PLACEMENT_3D('',#10770,#8617,#8618);
#7450=AXIS2_PLACEMENT_3D('',#10772,#8619,#8620);
#7451=AXIS2_PLACEMENT_3D('',#10775,#8622,#8623);
#7452=AXIS2_PLACEMENT_3D('',#10776,#8624,#8625);
#7453=AXIS2_PLACEMENT_3D('',#10778,#8626,#8627);
#7454=AXIS2_PLACEMENT_3D('',#10781,#8629,#8630);
#7455=AXIS2_PLACEMENT_3D('',#10782,#8631,#8632);
#7456=AXIS2_PLACEMENT_3D('',#10784,#8633,#8634);
#7457=AXIS2_PLACEMENT_3D('',#10787,#8636,#8637);
#7458=AXIS2_PLACEMENT_3D('',#10788,#8638,#8639);
#7459=AXIS2_PLACEMENT_3D('',#10790,#8640,#8641);
#7460=AXIS2_PLACEMENT_3D('',#10793,#8643,#8644);
#7461=AXIS2_PLACEMENT_3D('',#10794,#8645,#8646);
#7462=AXIS2_PLACEMENT_3D('',#10796,#8647,#8648);
#7463=AXIS2_PLACEMENT_3D('',#10799,#8650,#8651);
#7464=AXIS2_PLACEMENT_3D('',#10800,#8652,#8653);
#7465=AXIS2_PLACEMENT_3D('',#10802,#8654,#8655);
#7466=AXIS2_PLACEMENT_3D('',#10805,#8657,#8658);
#7467=AXIS2_PLACEMENT_3D('',#10806,#8659,#8660);
#7468=AXIS2_PLACEMENT_3D('',#10808,#8661,#8662);
#7469=AXIS2_PLACEMENT_3D('',#10811,#8664,#8665);
#7470=AXIS2_PLACEMENT_3D('',#10812,#8666,#8667);
#7471=AXIS2_PLACEMENT_3D('',#10814,#8668,#8669);
#7472=AXIS2_PLACEMENT_3D('',#10817,#8671,#8672);
#7473=AXIS2_PLACEMENT_3D('',#10818,#8673,#8674);
#7474=AXIS2_PLACEMENT_3D('',#10820,#8675,#8676);
#7475=AXIS2_PLACEMENT_3D('',#10823,#8678,#8679);
#7476=AXIS2_PLACEMENT_3D('',#10824,#8680,#8681);
#7477=AXIS2_PLACEMENT_3D('',#10826,#8682,#8683);
#7478=AXIS2_PLACEMENT_3D('',#10829,#8685,#8686);
#7479=AXIS2_PLACEMENT_3D('',#10830,#8687,#8688);
#7480=AXIS2_PLACEMENT_3D('',#10832,#8689,#8690);
#7481=AXIS2_PLACEMENT_3D('',#10835,#8692,#8693);
#7482=AXIS2_PLACEMENT_3D('',#10836,#8694,#8695);
#7483=AXIS2_PLACEMENT_3D('',#10838,#8696,#8697);
#7484=AXIS2_PLACEMENT_3D('',#10841,#8699,#8700);
#7485=AXIS2_PLACEMENT_3D('',#10842,#8701,#8702);
#7486=AXIS2_PLACEMENT_3D('',#10844,#8703,#8704);
#7487=AXIS2_PLACEMENT_3D('',#10847,#8706,#8707);
#7488=AXIS2_PLACEMENT_3D('',#10848,#8708,#8709);
#7489=AXIS2_PLACEMENT_3D('',#10850,#8710,#8711);
#7490=AXIS2_PLACEMENT_3D('',#10853,#8713,#8714);
#7491=AXIS2_PLACEMENT_3D('',#10854,#8715,#8716);
#7492=AXIS2_PLACEMENT_3D('',#10856,#8717,#8718);
#7493=AXIS2_PLACEMENT_3D('',#10859,#8720,#8721);
#7494=AXIS2_PLACEMENT_3D('',#10860,#8722,#8723);
#7495=AXIS2_PLACEMENT_3D('',#10862,#8724,#8725);
#7496=AXIS2_PLACEMENT_3D('',#10865,#8727,#8728);
#7497=AXIS2_PLACEMENT_3D('',#10866,#8729,#8730);
#7498=AXIS2_PLACEMENT_3D('',#10868,#8731,#8732);
#7499=AXIS2_PLACEMENT_3D('',#10871,#8734,#8735);
#7500=AXIS2_PLACEMENT_3D('',#10872,#8736,#8737);
#7501=AXIS2_PLACEMENT_3D('',#10874,#8738,#8739);
#7502=AXIS2_PLACEMENT_3D('',#10877,#8741,#8742);
#7503=AXIS2_PLACEMENT_3D('',#10878,#8743,#8744);
#7504=AXIS2_PLACEMENT_3D('',#10880,#8745,#8746);
#7505=AXIS2_PLACEMENT_3D('',#10883,#8748,#8749);
#7506=AXIS2_PLACEMENT_3D('',#10884,#8750,#8751);
#7507=AXIS2_PLACEMENT_3D('',#10886,#8752,#8753);
#7508=AXIS2_PLACEMENT_3D('',#10889,#8755,#8756);
#7509=AXIS2_PLACEMENT_3D('',#10890,#8757,#8758);
#7510=AXIS2_PLACEMENT_3D('',#10892,#8759,#8760);
#7511=AXIS2_PLACEMENT_3D('',#10895,#8762,#8763);
#7512=AXIS2_PLACEMENT_3D('',#10896,#8764,#8765);
#7513=AXIS2_PLACEMENT_3D('',#10898,#8766,#8767);
#7514=AXIS2_PLACEMENT_3D('',#10901,#8769,#8770);
#7515=AXIS2_PLACEMENT_3D('',#10902,#8771,#8772);
#7516=AXIS2_PLACEMENT_3D('',#10904,#8773,#8774);
#7517=AXIS2_PLACEMENT_3D('',#10907,#8776,#8777);
#7518=AXIS2_PLACEMENT_3D('',#10908,#8778,#8779);
#7519=AXIS2_PLACEMENT_3D('',#10910,#8780,#8781);
#7520=AXIS2_PLACEMENT_3D('',#10913,#8783,#8784);
#7521=AXIS2_PLACEMENT_3D('',#10914,#8785,#8786);
#7522=AXIS2_PLACEMENT_3D('',#10916,#8787,#8788);
#7523=AXIS2_PLACEMENT_3D('',#10919,#8790,#8791);
#7524=AXIS2_PLACEMENT_3D('',#10920,#8792,#8793);
#7525=AXIS2_PLACEMENT_3D('',#10922,#8794,#8795);
#7526=AXIS2_PLACEMENT_3D('',#10925,#8797,#8798);
#7527=AXIS2_PLACEMENT_3D('',#10926,#8799,#8800);
#7528=AXIS2_PLACEMENT_3D('',#10928,#8801,#8802);
#7529=AXIS2_PLACEMENT_3D('',#10931,#8804,#8805);
#7530=AXIS2_PLACEMENT_3D('',#10932,#8806,#8807);
#7531=AXIS2_PLACEMENT_3D('',#10934,#8808,#8809);
#7532=AXIS2_PLACEMENT_3D('',#10937,#8811,#8812);
#7533=AXIS2_PLACEMENT_3D('',#10938,#8813,#8814);
#7534=AXIS2_PLACEMENT_3D('',#10940,#8815,#8816);
#7535=AXIS2_PLACEMENT_3D('',#10943,#8818,#8819);
#7536=AXIS2_PLACEMENT_3D('',#10944,#8820,#8821);
#7537=AXIS2_PLACEMENT_3D('',#10946,#8822,#8823);
#7538=AXIS2_PLACEMENT_3D('',#10949,#8825,#8826);
#7539=AXIS2_PLACEMENT_3D('',#10950,#8827,#8828);
#7540=AXIS2_PLACEMENT_3D('',#10952,#8829,#8830);
#7541=AXIS2_PLACEMENT_3D('',#10955,#8832,#8833);
#7542=AXIS2_PLACEMENT_3D('',#10956,#8834,#8835);
#7543=AXIS2_PLACEMENT_3D('',#10958,#8836,#8837);
#7544=AXIS2_PLACEMENT_3D('',#10961,#8839,#8840);
#7545=AXIS2_PLACEMENT_3D('',#10962,#8841,#8842);
#7546=AXIS2_PLACEMENT_3D('',#10964,#8843,#8844);
#7547=AXIS2_PLACEMENT_3D('',#10967,#8846,#8847);
#7548=AXIS2_PLACEMENT_3D('',#10968,#8848,#8849);
#7549=AXIS2_PLACEMENT_3D('',#10970,#8850,#8851);
#7550=AXIS2_PLACEMENT_3D('',#10973,#8853,#8854);
#7551=AXIS2_PLACEMENT_3D('',#10974,#8855,#8856);
#7552=AXIS2_PLACEMENT_3D('',#10976,#8857,#8858);
#7553=AXIS2_PLACEMENT_3D('',#10979,#8860,#8861);
#7554=AXIS2_PLACEMENT_3D('',#10980,#8862,#8863);
#7555=AXIS2_PLACEMENT_3D('',#10982,#8864,#8865);
#7556=AXIS2_PLACEMENT_3D('',#10985,#8867,#8868);
#7557=AXIS2_PLACEMENT_3D('',#10986,#8869,#8870);
#7558=AXIS2_PLACEMENT_3D('',#10988,#8871,#8872);
#7559=AXIS2_PLACEMENT_3D('',#10991,#8874,#8875);
#7560=AXIS2_PLACEMENT_3D('',#10992,#8876,#8877);
#7561=AXIS2_PLACEMENT_3D('',#10994,#8878,#8879);
#7562=AXIS2_PLACEMENT_3D('',#10997,#8881,#8882);
#7563=AXIS2_PLACEMENT_3D('',#10998,#8883,#8884);
#7564=AXIS2_PLACEMENT_3D('',#11000,#8885,#8886);
#7565=AXIS2_PLACEMENT_3D('',#11003,#8888,#8889);
#7566=AXIS2_PLACEMENT_3D('',#11004,#8890,#8891);
#7567=AXIS2_PLACEMENT_3D('',#11006,#8892,#8893);
#7568=AXIS2_PLACEMENT_3D('',#11009,#8895,#8896);
#7569=AXIS2_PLACEMENT_3D('',#11010,#8897,#8898);
#7570=AXIS2_PLACEMENT_3D('',#11012,#8899,#8900);
#7571=AXIS2_PLACEMENT_3D('',#11015,#8902,#8903);
#7572=AXIS2_PLACEMENT_3D('',#11016,#8904,#8905);
#7573=AXIS2_PLACEMENT_3D('',#11018,#8906,#8907);
#7574=AXIS2_PLACEMENT_3D('',#11021,#8909,#8910);
#7575=AXIS2_PLACEMENT_3D('',#11022,#8911,#8912);
#7576=AXIS2_PLACEMENT_3D('',#11024,#8913,#8914);
#7577=AXIS2_PLACEMENT_3D('',#11027,#8916,#8917);
#7578=AXIS2_PLACEMENT_3D('',#11028,#8918,#8919);
#7579=AXIS2_PLACEMENT_3D('',#11030,#8920,#8921);
#7580=AXIS2_PLACEMENT_3D('',#11033,#8923,#8924);
#7581=AXIS2_PLACEMENT_3D('',#11034,#8925,#8926);
#7582=AXIS2_PLACEMENT_3D('',#11036,#8927,#8928);
#7583=AXIS2_PLACEMENT_3D('',#11039,#8930,#8931);
#7584=AXIS2_PLACEMENT_3D('',#11040,#8932,#8933);
#7585=AXIS2_PLACEMENT_3D('',#11042,#8934,#8935);
#7586=AXIS2_PLACEMENT_3D('',#11045,#8937,#8938);
#7587=AXIS2_PLACEMENT_3D('',#11046,#8939,#8940);
#7588=AXIS2_PLACEMENT_3D('',#11048,#8941,#8942);
#7589=AXIS2_PLACEMENT_3D('',#11051,#8944,#8945);
#7590=AXIS2_PLACEMENT_3D('',#11052,#8946,#8947);
#7591=AXIS2_PLACEMENT_3D('',#11054,#8948,#8949);
#7592=AXIS2_PLACEMENT_3D('',#11057,#8951,#8952);
#7593=AXIS2_PLACEMENT_3D('',#11058,#8953,#8954);
#7594=AXIS2_PLACEMENT_3D('',#11060,#8955,#8956);
#7595=AXIS2_PLACEMENT_3D('',#11063,#8958,#8959);
#7596=AXIS2_PLACEMENT_3D('',#11064,#8960,#8961);
#7597=AXIS2_PLACEMENT_3D('',#11066,#8962,#8963);
#7598=AXIS2_PLACEMENT_3D('',#11069,#8965,#8966);
#7599=AXIS2_PLACEMENT_3D('',#11070,#8967,#8968);
#7600=AXIS2_PLACEMENT_3D('',#11072,#8969,#8970);
#7601=AXIS2_PLACEMENT_3D('',#11075,#8972,#8973);
#7602=AXIS2_PLACEMENT_3D('',#11076,#8974,#8975);
#7603=AXIS2_PLACEMENT_3D('',#11078,#8976,#8977);
#7604=AXIS2_PLACEMENT_3D('',#11081,#8979,#8980);
#7605=AXIS2_PLACEMENT_3D('',#11082,#8981,#8982);
#7606=AXIS2_PLACEMENT_3D('',#11084,#8983,#8984);
#7607=AXIS2_PLACEMENT_3D('',#11087,#8986,#8987);
#7608=AXIS2_PLACEMENT_3D('',#11088,#8988,#8989);
#7609=AXIS2_PLACEMENT_3D('',#11090,#8990,#8991);
#7610=AXIS2_PLACEMENT_3D('',#11093,#8993,#8994);
#7611=AXIS2_PLACEMENT_3D('',#11094,#8995,#8996);
#7612=AXIS2_PLACEMENT_3D('',#11096,#8997,#8998);
#7613=AXIS2_PLACEMENT_3D('',#11099,#9000,#9001);
#7614=AXIS2_PLACEMENT_3D('',#11100,#9002,#9003);
#7615=AXIS2_PLACEMENT_3D('',#11102,#9004,#9005);
#7616=AXIS2_PLACEMENT_3D('',#11105,#9007,#9008);
#7617=AXIS2_PLACEMENT_3D('',#11106,#9009,#9010);
#7618=AXIS2_PLACEMENT_3D('',#11108,#9011,#9012);
#7619=AXIS2_PLACEMENT_3D('',#11111,#9014,#9015);
#7620=AXIS2_PLACEMENT_3D('',#11112,#9016,#9017);
#7621=AXIS2_PLACEMENT_3D('',#11114,#9018,#9019);
#7622=AXIS2_PLACEMENT_3D('',#11117,#9021,#9022);
#7623=AXIS2_PLACEMENT_3D('',#11118,#9023,#9024);
#7624=AXIS2_PLACEMENT_3D('',#11120,#9025,#9026);
#7625=AXIS2_PLACEMENT_3D('',#11123,#9028,#9029);
#7626=AXIS2_PLACEMENT_3D('',#11124,#9030,#9031);
#7627=AXIS2_PLACEMENT_3D('',#11126,#9032,#9033);
#7628=AXIS2_PLACEMENT_3D('',#11129,#9035,#9036);
#7629=AXIS2_PLACEMENT_3D('',#11130,#9037,#9038);
#7630=AXIS2_PLACEMENT_3D('',#11132,#9039,#9040);
#7631=AXIS2_PLACEMENT_3D('',#11135,#9042,#9043);
#7632=AXIS2_PLACEMENT_3D('',#11136,#9044,#9045);
#7633=AXIS2_PLACEMENT_3D('',#11138,#9046,#9047);
#7634=AXIS2_PLACEMENT_3D('',#11141,#9049,#9050);
#7635=AXIS2_PLACEMENT_3D('',#11142,#9051,#9052);
#7636=AXIS2_PLACEMENT_3D('',#11144,#9053,#9054);
#7637=AXIS2_PLACEMENT_3D('',#11147,#9056,#9057);
#7638=AXIS2_PLACEMENT_3D('',#11148,#9058,#9059);
#7639=AXIS2_PLACEMENT_3D('',#11150,#9060,#9061);
#7640=AXIS2_PLACEMENT_3D('',#11153,#9063,#9064);
#7641=AXIS2_PLACEMENT_3D('',#11154,#9065,#9066);
#7642=AXIS2_PLACEMENT_3D('',#11156,#9067,#9068);
#7643=AXIS2_PLACEMENT_3D('',#11159,#9070,#9071);
#7644=AXIS2_PLACEMENT_3D('',#11160,#9072,#9073);
#7645=AXIS2_PLACEMENT_3D('',#11162,#9074,#9075);
#7646=AXIS2_PLACEMENT_3D('',#11165,#9077,#9078);
#7647=AXIS2_PLACEMENT_3D('',#11166,#9079,#9080);
#7648=AXIS2_PLACEMENT_3D('',#11168,#9081,#9082);
#7649=AXIS2_PLACEMENT_3D('',#11171,#9084,#9085);
#7650=AXIS2_PLACEMENT_3D('',#11172,#9086,#9087);
#7651=AXIS2_PLACEMENT_3D('',#11174,#9088,#9089);
#7652=AXIS2_PLACEMENT_3D('',#11177,#9091,#9092);
#7653=AXIS2_PLACEMENT_3D('',#11178,#9093,#9094);
#7654=AXIS2_PLACEMENT_3D('',#11180,#9095,#9096);
#7655=AXIS2_PLACEMENT_3D('',#11183,#9098,#9099);
#7656=AXIS2_PLACEMENT_3D('',#11184,#9100,#9101);
#7657=AXIS2_PLACEMENT_3D('',#11186,#9102,#9103);
#7658=AXIS2_PLACEMENT_3D('',#11189,#9105,#9106);
#7659=AXIS2_PLACEMENT_3D('',#11190,#9107,#9108);
#7660=AXIS2_PLACEMENT_3D('',#11192,#9109,#9110);
#7661=AXIS2_PLACEMENT_3D('',#11195,#9112,#9113);
#7662=AXIS2_PLACEMENT_3D('',#11196,#9114,#9115);
#7663=AXIS2_PLACEMENT_3D('',#11198,#9116,#9117);
#7664=AXIS2_PLACEMENT_3D('',#11201,#9119,#9120);
#7665=AXIS2_PLACEMENT_3D('',#11202,#9121,#9122);
#7666=AXIS2_PLACEMENT_3D('',#11204,#9123,#9124);
#7667=AXIS2_PLACEMENT_3D('',#11207,#9126,#9127);
#7668=AXIS2_PLACEMENT_3D('',#11208,#9128,#9129);
#7669=AXIS2_PLACEMENT_3D('',#11210,#9130,#9131);
#7670=AXIS2_PLACEMENT_3D('',#11213,#9133,#9134);
#7671=AXIS2_PLACEMENT_3D('',#11214,#9135,#9136);
#7672=AXIS2_PLACEMENT_3D('',#11216,#9137,#9138);
#7673=AXIS2_PLACEMENT_3D('',#11219,#9140,#9141);
#7674=AXIS2_PLACEMENT_3D('',#11220,#9142,#9143);
#7675=AXIS2_PLACEMENT_3D('',#11222,#9144,#9145);
#7676=AXIS2_PLACEMENT_3D('',#11225,#9147,#9148);
#7677=AXIS2_PLACEMENT_3D('',#11226,#9149,#9150);
#7678=AXIS2_PLACEMENT_3D('',#11228,#9151,#9152);
#7679=AXIS2_PLACEMENT_3D('',#11231,#9154,#9155);
#7680=AXIS2_PLACEMENT_3D('',#11232,#9156,#9157);
#7681=AXIS2_PLACEMENT_3D('',#11234,#9158,#9159);
#7682=AXIS2_PLACEMENT_3D('',#11237,#9161,#9162);
#7683=AXIS2_PLACEMENT_3D('',#11238,#9163,#9164);
#7684=AXIS2_PLACEMENT_3D('',#11240,#9165,#9166);
#7685=AXIS2_PLACEMENT_3D('',#11243,#9168,#9169);
#7686=AXIS2_PLACEMENT_3D('',#11244,#9170,#9171);
#7687=AXIS2_PLACEMENT_3D('',#11246,#9172,#9173);
#7688=AXIS2_PLACEMENT_3D('',#11249,#9175,#9176);
#7689=AXIS2_PLACEMENT_3D('',#11250,#9177,#9178);
#7690=AXIS2_PLACEMENT_3D('',#11252,#9179,#9180);
#7691=AXIS2_PLACEMENT_3D('',#11255,#9182,#9183);
#7692=AXIS2_PLACEMENT_3D('',#11256,#9184,#9185);
#7693=AXIS2_PLACEMENT_3D('',#11258,#9186,#9187);
#7694=AXIS2_PLACEMENT_3D('',#11261,#9189,#9190);
#7695=AXIS2_PLACEMENT_3D('',#11262,#9191,#9192);
#7696=AXIS2_PLACEMENT_3D('',#11264,#9193,#9194);
#7697=AXIS2_PLACEMENT_3D('',#11267,#9196,#9197);
#7698=AXIS2_PLACEMENT_3D('',#11268,#9198,#9199);
#7699=AXIS2_PLACEMENT_3D('',#11270,#9200,#9201);
#7700=AXIS2_PLACEMENT_3D('',#11273,#9203,#9204);
#7701=AXIS2_PLACEMENT_3D('',#11274,#9205,#9206);
#7702=AXIS2_PLACEMENT_3D('',#11276,#9207,#9208);
#7703=AXIS2_PLACEMENT_3D('',#11279,#9210,#9211);
#7704=AXIS2_PLACEMENT_3D('',#11280,#9212,#9213);
#7705=AXIS2_PLACEMENT_3D('',#11282,#9214,#9215);
#7706=AXIS2_PLACEMENT_3D('',#11285,#9217,#9218);
#7707=AXIS2_PLACEMENT_3D('',#11286,#9219,#9220);
#7708=AXIS2_PLACEMENT_3D('',#11288,#9221,#9222);
#7709=AXIS2_PLACEMENT_3D('',#11291,#9224,#9225);
#7710=AXIS2_PLACEMENT_3D('',#11292,#9226,#9227);
#7711=AXIS2_PLACEMENT_3D('',#11294,#9228,#9229);
#7712=AXIS2_PLACEMENT_3D('',#11297,#9231,#9232);
#7713=AXIS2_PLACEMENT_3D('',#11298,#9233,#9234);
#7714=AXIS2_PLACEMENT_3D('',#11300,#9235,#9236);
#7715=AXIS2_PLACEMENT_3D('',#11303,#9238,#9239);
#7716=AXIS2_PLACEMENT_3D('',#11304,#9240,#9241);
#7717=AXIS2_PLACEMENT_3D('',#11306,#9242,#9243);
#7718=AXIS2_PLACEMENT_3D('',#11309,#9245,#9246);
#7719=AXIS2_PLACEMENT_3D('',#11310,#9247,#9248);
#7720=AXIS2_PLACEMENT_3D('',#11312,#9249,#9250);
#7721=AXIS2_PLACEMENT_3D('',#11315,#9252,#9253);
#7722=AXIS2_PLACEMENT_3D('',#11316,#9254,#9255);
#7723=AXIS2_PLACEMENT_3D('',#11318,#9256,#9257);
#7724=AXIS2_PLACEMENT_3D('',#11321,#9259,#9260);
#7725=AXIS2_PLACEMENT_3D('',#11322,#9261,#9262);
#7726=AXIS2_PLACEMENT_3D('',#11324,#9263,#9264);
#7727=AXIS2_PLACEMENT_3D('',#11327,#9266,#9267);
#7728=AXIS2_PLACEMENT_3D('',#11328,#9268,#9269);
#7729=AXIS2_PLACEMENT_3D('',#11330,#9270,#9271);
#7730=AXIS2_PLACEMENT_3D('',#11333,#9273,#9274);
#7731=AXIS2_PLACEMENT_3D('',#11334,#9275,#9276);
#7732=AXIS2_PLACEMENT_3D('',#11336,#9277,#9278);
#7733=AXIS2_PLACEMENT_3D('',#11339,#9280,#9281);
#7734=AXIS2_PLACEMENT_3D('',#11340,#9282,#9283);
#7735=AXIS2_PLACEMENT_3D('',#11342,#9284,#9285);
#7736=AXIS2_PLACEMENT_3D('',#11345,#9287,#9288);
#7737=AXIS2_PLACEMENT_3D('',#11346,#9289,#9290);
#7738=AXIS2_PLACEMENT_3D('',#11348,#9291,#9292);
#7739=AXIS2_PLACEMENT_3D('',#11351,#9294,#9295);
#7740=AXIS2_PLACEMENT_3D('',#11352,#9296,#9297);
#7741=AXIS2_PLACEMENT_3D('',#11354,#9298,#9299);
#7742=AXIS2_PLACEMENT_3D('',#11357,#9301,#9302);
#7743=AXIS2_PLACEMENT_3D('',#11358,#9303,#9304);
#7744=AXIS2_PLACEMENT_3D('',#11360,#9305,#9306);
#7745=AXIS2_PLACEMENT_3D('',#11363,#9308,#9309);
#7746=AXIS2_PLACEMENT_3D('',#11364,#9310,#9311);
#7747=AXIS2_PLACEMENT_3D('',#11366,#9312,#9313);
#7748=AXIS2_PLACEMENT_3D('',#11369,#9315,#9316);
#7749=AXIS2_PLACEMENT_3D('',#11370,#9317,#9318);
#7750=AXIS2_PLACEMENT_3D('',#11372,#9319,#9320);
#7751=AXIS2_PLACEMENT_3D('',#11375,#9322,#9323);
#7752=AXIS2_PLACEMENT_3D('',#11376,#9324,#9325);
#7753=AXIS2_PLACEMENT_3D('',#11378,#9326,#9327);
#7754=AXIS2_PLACEMENT_3D('',#11381,#9329,#9330);
#7755=AXIS2_PLACEMENT_3D('',#11382,#9331,#9332);
#7756=AXIS2_PLACEMENT_3D('',#11384,#9333,#9334);
#7757=AXIS2_PLACEMENT_3D('',#11387,#9336,#9337);
#7758=AXIS2_PLACEMENT_3D('',#11388,#9338,#9339);
#7759=AXIS2_PLACEMENT_3D('',#11390,#9340,#9341);
#7760=AXIS2_PLACEMENT_3D('',#11393,#9343,#9344);
#7761=AXIS2_PLACEMENT_3D('',#11394,#9345,#9346);
#7762=AXIS2_PLACEMENT_3D('',#11396,#9347,#9348);
#7763=AXIS2_PLACEMENT_3D('',#11399,#9350,#9351);
#7764=AXIS2_PLACEMENT_3D('',#11400,#9352,#9353);
#7765=AXIS2_PLACEMENT_3D('',#11402,#9354,#9355);
#7766=AXIS2_PLACEMENT_3D('',#11405,#9357,#9358);
#7767=AXIS2_PLACEMENT_3D('',#11406,#9359,#9360);
#7768=AXIS2_PLACEMENT_3D('',#11408,#9361,#9362);
#7769=AXIS2_PLACEMENT_3D('',#11411,#9364,#9365);
#7770=AXIS2_PLACEMENT_3D('',#11412,#9366,#9367);
#7771=AXIS2_PLACEMENT_3D('',#11414,#9368,#9369);
#7772=AXIS2_PLACEMENT_3D('',#11417,#9371,#9372);
#7773=AXIS2_PLACEMENT_3D('',#11418,#9373,#9374);
#7774=AXIS2_PLACEMENT_3D('',#11420,#9375,#9376);
#7775=AXIS2_PLACEMENT_3D('',#11423,#9378,#9379);
#7776=AXIS2_PLACEMENT_3D('',#11424,#9380,#9381);
#7777=AXIS2_PLACEMENT_3D('',#11426,#9382,#9383);
#7778=AXIS2_PLACEMENT_3D('',#11429,#9385,#9386);
#7779=AXIS2_PLACEMENT_3D('',#11430,#9387,#9388);
#7780=AXIS2_PLACEMENT_3D('',#11432,#9389,#9390);
#7781=AXIS2_PLACEMENT_3D('',#11435,#9392,#9393);
#7782=AXIS2_PLACEMENT_3D('',#11436,#9394,#9395);
#7783=AXIS2_PLACEMENT_3D('',#11438,#9396,#9397);
#7784=AXIS2_PLACEMENT_3D('',#11441,#9399,#9400);
#7785=AXIS2_PLACEMENT_3D('',#11442,#9401,#9402);
#7786=AXIS2_PLACEMENT_3D('',#11444,#9403,#9404);
#7787=AXIS2_PLACEMENT_3D('',#11447,#9406,#9407);
#7788=AXIS2_PLACEMENT_3D('',#11448,#9408,#9409);
#7789=AXIS2_PLACEMENT_3D('',#11450,#9410,#9411);
#7790=AXIS2_PLACEMENT_3D('',#11453,#9413,#9414);
#7791=AXIS2_PLACEMENT_3D('',#11454,#9415,#9416);
#7792=AXIS2_PLACEMENT_3D('',#11456,#9417,#9418);
#7793=AXIS2_PLACEMENT_3D('',#11459,#9420,#9421);
#7794=AXIS2_PLACEMENT_3D('',#11460,#9422,#9423);
#7795=AXIS2_PLACEMENT_3D('',#11462,#9424,#9425);
#7796=AXIS2_PLACEMENT_3D('',#11465,#9427,#9428);
#7797=AXIS2_PLACEMENT_3D('',#11466,#9429,#9430);
#7798=AXIS2_PLACEMENT_3D('',#11468,#9431,#9432);
#7799=AXIS2_PLACEMENT_3D('',#11471,#9434,#9435);
#7800=AXIS2_PLACEMENT_3D('',#11472,#9436,#9437);
#7801=AXIS2_PLACEMENT_3D('',#11474,#9438,#9439);
#7802=AXIS2_PLACEMENT_3D('',#11477,#9441,#9442);
#7803=AXIS2_PLACEMENT_3D('',#11478,#9443,#9444);
#7804=AXIS2_PLACEMENT_3D('',#11480,#9445,#9446);
#7805=AXIS2_PLACEMENT_3D('',#11483,#9448,#9449);
#7806=AXIS2_PLACEMENT_3D('',#11484,#9450,#9451);
#7807=AXIS2_PLACEMENT_3D('',#11486,#9452,#9453);
#7808=AXIS2_PLACEMENT_3D('',#11489,#9455,#9456);
#7809=AXIS2_PLACEMENT_3D('',#11490,#9457,#9458);
#7810=AXIS2_PLACEMENT_3D('',#11492,#9459,#9460);
#7811=AXIS2_PLACEMENT_3D('',#11495,#9462,#9463);
#7812=AXIS2_PLACEMENT_3D('',#11496,#9464,#9465);
#7813=AXIS2_PLACEMENT_3D('',#11498,#9466,#9467);
#7814=AXIS2_PLACEMENT_3D('',#11501,#9469,#9470);
#7815=AXIS2_PLACEMENT_3D('',#11502,#9471,#9472);
#7816=AXIS2_PLACEMENT_3D('',#11504,#9473,#9474);
#7817=AXIS2_PLACEMENT_3D('',#11507,#9476,#9477);
#7818=AXIS2_PLACEMENT_3D('',#11508,#9478,#9479);
#7819=AXIS2_PLACEMENT_3D('',#11510,#9480,#9481);
#7820=AXIS2_PLACEMENT_3D('',#11513,#9483,#9484);
#7821=AXIS2_PLACEMENT_3D('',#11514,#9485,#9486);
#7822=AXIS2_PLACEMENT_3D('',#11516,#9487,#9488);
#7823=AXIS2_PLACEMENT_3D('',#11519,#9490,#9491);
#7824=AXIS2_PLACEMENT_3D('',#11520,#9492,#9493);
#7825=AXIS2_PLACEMENT_3D('',#11522,#9494,#9495);
#7826=AXIS2_PLACEMENT_3D('',#11525,#9497,#9498);
#7827=AXIS2_PLACEMENT_3D('',#11526,#9499,#9500);
#7828=AXIS2_PLACEMENT_3D('',#11528,#9501,#9502);
#7829=AXIS2_PLACEMENT_3D('',#11531,#9504,#9505);
#7830=AXIS2_PLACEMENT_3D('',#11532,#9506,#9507);
#7831=AXIS2_PLACEMENT_3D('',#11534,#9508,#9509);
#7832=AXIS2_PLACEMENT_3D('',#11537,#9511,#9512);
#7833=AXIS2_PLACEMENT_3D('',#11538,#9513,#9514);
#7834=AXIS2_PLACEMENT_3D('',#11540,#9515,#9516);
#7835=AXIS2_PLACEMENT_3D('',#11543,#9518,#9519);
#7836=AXIS2_PLACEMENT_3D('',#11544,#9520,#9521);
#7837=AXIS2_PLACEMENT_3D('',#11546,#9522,#9523);
#7838=AXIS2_PLACEMENT_3D('',#11549,#9525,#9526);
#7839=AXIS2_PLACEMENT_3D('',#11550,#9527,#9528);
#7840=AXIS2_PLACEMENT_3D('',#11552,#9529,#9530);
#7841=AXIS2_PLACEMENT_3D('',#11555,#9532,#9533);
#7842=AXIS2_PLACEMENT_3D('',#11556,#9534,#9535);
#7843=AXIS2_PLACEMENT_3D('',#11558,#9536,#9537);
#7844=AXIS2_PLACEMENT_3D('',#11561,#9539,#9540);
#7845=AXIS2_PLACEMENT_3D('',#11562,#9541,#9542);
#7846=AXIS2_PLACEMENT_3D('',#11564,#9543,#9544);
#7847=AXIS2_PLACEMENT_3D('',#11567,#9546,#9547);
#7848=AXIS2_PLACEMENT_3D('',#11568,#9548,#9549);
#7849=AXIS2_PLACEMENT_3D('',#11570,#9550,#9551);
#7850=AXIS2_PLACEMENT_3D('',#11573,#9553,#9554);
#7851=AXIS2_PLACEMENT_3D('',#11574,#9555,#9556);
#7852=AXIS2_PLACEMENT_3D('',#11576,#9557,#9558);
#7853=AXIS2_PLACEMENT_3D('',#11579,#9560,#9561);
#7854=AXIS2_PLACEMENT_3D('',#11580,#9562,#9563);
#7855=AXIS2_PLACEMENT_3D('',#11582,#9564,#9565);
#7856=AXIS2_PLACEMENT_3D('',#11585,#9567,#9568);
#7857=AXIS2_PLACEMENT_3D('',#11586,#9569,#9570);
#7858=AXIS2_PLACEMENT_3D('',#11588,#9571,#9572);
#7859=AXIS2_PLACEMENT_3D('',#11591,#9574,#9575);
#7860=AXIS2_PLACEMENT_3D('',#11592,#9576,#9577);
#7861=AXIS2_PLACEMENT_3D('',#11594,#9578,#9579);
#7862=AXIS2_PLACEMENT_3D('',#11597,#9581,#9582);
#7863=AXIS2_PLACEMENT_3D('',#11598,#9583,#9584);
#7864=AXIS2_PLACEMENT_3D('',#11600,#9585,#9586);
#7865=AXIS2_PLACEMENT_3D('',#11603,#9588,#9589);
#7866=AXIS2_PLACEMENT_3D('',#11604,#9590,#9591);
#7867=AXIS2_PLACEMENT_3D('',#11606,#9592,#9593);
#7868=AXIS2_PLACEMENT_3D('',#11609,#9595,#9596);
#7869=AXIS2_PLACEMENT_3D('',#11610,#9597,#9598);
#7870=AXIS2_PLACEMENT_3D('',#11612,#9599,#9600);
#7871=AXIS2_PLACEMENT_3D('',#11615,#9602,#9603);
#7872=AXIS2_PLACEMENT_3D('',#11616,#9604,#9605);
#7873=AXIS2_PLACEMENT_3D('',#11618,#9606,#9607);
#7874=AXIS2_PLACEMENT_3D('',#11621,#9609,#9610);
#7875=AXIS2_PLACEMENT_3D('',#11622,#9611,#9612);
#7876=AXIS2_PLACEMENT_3D('',#11624,#9613,#9614);
#7877=AXIS2_PLACEMENT_3D('',#11627,#9616,#9617);
#7878=AXIS2_PLACEMENT_3D('',#11628,#9618,#9619);
#7879=AXIS2_PLACEMENT_3D('',#11630,#9620,#9621);
#7880=AXIS2_PLACEMENT_3D('',#11633,#9623,#9624);
#7881=AXIS2_PLACEMENT_3D('',#11634,#9625,#9626);
#7882=AXIS2_PLACEMENT_3D('',#11636,#9627,#9628);
#7883=AXIS2_PLACEMENT_3D('',#11639,#9630,#9631);
#7884=AXIS2_PLACEMENT_3D('',#11640,#9632,#9633);
#7885=AXIS2_PLACEMENT_3D('',#11642,#9634,#9635);
#7886=AXIS2_PLACEMENT_3D('',#11645,#9637,#9638);
#7887=AXIS2_PLACEMENT_3D('',#11646,#9639,#9640);
#7888=AXIS2_PLACEMENT_3D('',#11648,#9641,#9642);
#7889=AXIS2_PLACEMENT_3D('',#11651,#9644,#9645);
#7890=AXIS2_PLACEMENT_3D('',#11652,#9646,#9647);
#7891=AXIS2_PLACEMENT_3D('',#11654,#9648,#9649);
#7892=AXIS2_PLACEMENT_3D('',#11657,#9651,#9652);
#7893=AXIS2_PLACEMENT_3D('',#11658,#9653,#9654);
#7894=AXIS2_PLACEMENT_3D('',#11660,#9655,#9656);
#7895=AXIS2_PLACEMENT_3D('',#11663,#9658,#9659);
#7896=AXIS2_PLACEMENT_3D('',#11664,#9660,#9661);
#7897=AXIS2_PLACEMENT_3D('',#11666,#9662,#9663);
#7898=AXIS2_PLACEMENT_3D('',#11669,#9665,#9666);
#7899=AXIS2_PLACEMENT_3D('',#11670,#9667,#9668);
#7900=AXIS2_PLACEMENT_3D('',#11672,#9669,#9670);
#7901=AXIS2_PLACEMENT_3D('',#11675,#9672,#9673);
#7902=AXIS2_PLACEMENT_3D('',#11676,#9674,#9675);
#7903=AXIS2_PLACEMENT_3D('',#11678,#9676,#9677);
#7904=AXIS2_PLACEMENT_3D('',#11681,#9679,#9680);
#7905=AXIS2_PLACEMENT_3D('',#11682,#9681,#9682);
#7906=AXIS2_PLACEMENT_3D('',#11684,#9683,#9684);
#7907=AXIS2_PLACEMENT_3D('',#11687,#9686,#9687);
#7908=AXIS2_PLACEMENT_3D('',#11688,#9688,#9689);
#7909=AXIS2_PLACEMENT_3D('',#11690,#9690,#9691);
#7910=AXIS2_PLACEMENT_3D('',#11693,#9693,#9694);
#7911=AXIS2_PLACEMENT_3D('',#11694,#9695,#9696);
#7912=AXIS2_PLACEMENT_3D('',#11696,#9697,#9698);
#7913=AXIS2_PLACEMENT_3D('',#11699,#9700,#9701);
#7914=AXIS2_PLACEMENT_3D('',#11700,#9702,#9703);
#7915=AXIS2_PLACEMENT_3D('',#11702,#9704,#9705);
#7916=AXIS2_PLACEMENT_3D('',#11705,#9707,#9708);
#7917=AXIS2_PLACEMENT_3D('',#11706,#9709,#9710);
#7918=AXIS2_PLACEMENT_3D('',#11708,#9711,#9712);
#7919=AXIS2_PLACEMENT_3D('',#11711,#9714,#9715);
#7920=AXIS2_PLACEMENT_3D('',#11712,#9716,#9717);
#7921=AXIS2_PLACEMENT_3D('',#11714,#9718,#9719);
#7922=AXIS2_PLACEMENT_3D('',#11717,#9721,#9722);
#7923=AXIS2_PLACEMENT_3D('',#11718,#9723,#9724);
#7924=AXIS2_PLACEMENT_3D('',#11720,#9725,#9726);
#7925=AXIS2_PLACEMENT_3D('',#11723,#9728,#9729);
#7926=AXIS2_PLACEMENT_3D('',#11724,#9730,#9731);
#7927=AXIS2_PLACEMENT_3D('',#11726,#9732,#9733);
#7928=AXIS2_PLACEMENT_3D('',#11729,#9735,#9736);
#7929=AXIS2_PLACEMENT_3D('',#11730,#9737,#9738);
#7930=AXIS2_PLACEMENT_3D('',#11732,#9739,#9740);
#7931=AXIS2_PLACEMENT_3D('',#11735,#9742,#9743);
#7932=AXIS2_PLACEMENT_3D('',#11736,#9744,#9745);
#7933=AXIS2_PLACEMENT_3D('',#11738,#9746,#9747);
#7934=AXIS2_PLACEMENT_3D('',#11741,#9749,#9750);
#7935=AXIS2_PLACEMENT_3D('',#11742,#9751,#9752);
#7936=AXIS2_PLACEMENT_3D('',#11744,#9753,#9754);
#7937=AXIS2_PLACEMENT_3D('',#11747,#9756,#9757);
#7938=AXIS2_PLACEMENT_3D('',#11748,#9758,#9759);
#7939=AXIS2_PLACEMENT_3D('',#11750,#9760,#9761);
#7940=AXIS2_PLACEMENT_3D('',#11753,#9763,#9764);
#7941=AXIS2_PLACEMENT_3D('',#11754,#9765,#9766);
#7942=AXIS2_PLACEMENT_3D('',#11756,#9767,#9768);
#7943=AXIS2_PLACEMENT_3D('',#11759,#9770,#9771);
#7944=AXIS2_PLACEMENT_3D('',#11760,#9772,#9773);
#7945=AXIS2_PLACEMENT_3D('',#11762,#9774,#9775);
#7946=AXIS2_PLACEMENT_3D('',#11765,#9777,#9778);
#7947=AXIS2_PLACEMENT_3D('',#11766,#9779,#9780);
#7948=AXIS2_PLACEMENT_3D('',#11768,#9781,#9782);
#7949=AXIS2_PLACEMENT_3D('',#11771,#9784,#9785);
#7950=AXIS2_PLACEMENT_3D('',#11772,#9786,#9787);
#7951=AXIS2_PLACEMENT_3D('',#11774,#9788,#9789);
#7952=AXIS2_PLACEMENT_3D('',#11777,#9791,#9792);
#7953=AXIS2_PLACEMENT_3D('',#11778,#9793,#9794);
#7954=AXIS2_PLACEMENT_3D('',#11780,#9795,#9796);
#7955=AXIS2_PLACEMENT_3D('',#11783,#9798,#9799);
#7956=AXIS2_PLACEMENT_3D('',#11784,#9800,#9801);
#7957=AXIS2_PLACEMENT_3D('',#11786,#9802,#9803);
#7958=AXIS2_PLACEMENT_3D('',#11789,#9805,#9806);
#7959=AXIS2_PLACEMENT_3D('',#11790,#9807,#9808);
#7960=AXIS2_PLACEMENT_3D('',#11792,#9809,#9810);
#7961=AXIS2_PLACEMENT_3D('',#11795,#9812,#9813);
#7962=AXIS2_PLACEMENT_3D('',#11796,#9814,#9815);
#7963=AXIS2_PLACEMENT_3D('',#11798,#9816,#9817);
#7964=AXIS2_PLACEMENT_3D('',#11801,#9819,#9820);
#7965=AXIS2_PLACEMENT_3D('',#11802,#9821,#9822);
#7966=AXIS2_PLACEMENT_3D('',#11804,#9823,#9824);
#7967=AXIS2_PLACEMENT_3D('',#11807,#9826,#9827);
#7968=AXIS2_PLACEMENT_3D('',#11808,#9828,#9829);
#7969=AXIS2_PLACEMENT_3D('',#11810,#9830,#9831);
#7970=AXIS2_PLACEMENT_3D('',#11813,#9833,#9834);
#7971=AXIS2_PLACEMENT_3D('',#11814,#9835,#9836);
#7972=AXIS2_PLACEMENT_3D('',#11816,#9837,#9838);
#7973=AXIS2_PLACEMENT_3D('',#11819,#9840,#9841);
#7974=AXIS2_PLACEMENT_3D('',#11820,#9842,#9843);
#7975=AXIS2_PLACEMENT_3D('',#11822,#9844,#9845);
#7976=AXIS2_PLACEMENT_3D('',#11825,#9847,#9848);
#7977=AXIS2_PLACEMENT_3D('',#11826,#9849,#9850);
#7978=AXIS2_PLACEMENT_3D('',#11828,#9851,#9852);
#7979=AXIS2_PLACEMENT_3D('',#11831,#9854,#9855);
#7980=AXIS2_PLACEMENT_3D('',#11832,#9856,#9857);
#7981=AXIS2_PLACEMENT_3D('',#11834,#9858,#9859);
#7982=AXIS2_PLACEMENT_3D('',#11837,#9861,#9862);
#7983=AXIS2_PLACEMENT_3D('',#11838,#9863,#9864);
#7984=AXIS2_PLACEMENT_3D('',#11840,#9865,#9866);
#7985=AXIS2_PLACEMENT_3D('',#11843,#9868,#9869);
#7986=AXIS2_PLACEMENT_3D('',#11844,#9870,#9871);
#7987=AXIS2_PLACEMENT_3D('',#11846,#9872,#9873);
#7988=AXIS2_PLACEMENT_3D('',#11849,#9875,#9876);
#7989=AXIS2_PLACEMENT_3D('',#11850,#9877,#9878);
#7990=AXIS2_PLACEMENT_3D('',#11852,#9879,#9880);
#7991=AXIS2_PLACEMENT_3D('',#11855,#9882,#9883);
#7992=AXIS2_PLACEMENT_3D('',#11856,#9884,#9885);
#7993=AXIS2_PLACEMENT_3D('',#11858,#9886,#9887);
#7994=AXIS2_PLACEMENT_3D('',#11861,#9889,#9890);
#7995=AXIS2_PLACEMENT_3D('',#11862,#9891,#9892);
#7996=AXIS2_PLACEMENT_3D('',#11864,#9893,#9894);
#7997=AXIS2_PLACEMENT_3D('',#11867,#9896,#9897);
#7998=AXIS2_PLACEMENT_3D('',#11868,#9898,#9899);
#7999=AXIS2_PLACEMENT_3D('',#11870,#9900,#9901);
#8000=AXIS2_PLACEMENT_3D('',#11873,#9903,#9904);
#8001=AXIS2_PLACEMENT_3D('',#11874,#9905,#9906);
#8002=AXIS2_PLACEMENT_3D('',#11876,#9907,#9908);
#8003=AXIS2_PLACEMENT_3D('',#11879,#9910,#9911);
#8004=AXIS2_PLACEMENT_3D('',#11880,#9912,#9913);
#8005=AXIS2_PLACEMENT_3D('',#11882,#9914,#9915);
#8006=AXIS2_PLACEMENT_3D('',#11885,#9917,#9918);
#8007=AXIS2_PLACEMENT_3D('',#11886,#9919,#9920);
#8008=AXIS2_PLACEMENT_3D('',#11888,#9921,#9922);
#8009=AXIS2_PLACEMENT_3D('',#11891,#9924,#9925);
#8010=AXIS2_PLACEMENT_3D('',#11892,#9926,#9927);
#8011=AXIS2_PLACEMENT_3D('',#11894,#9928,#9929);
#8012=AXIS2_PLACEMENT_3D('',#11897,#9931,#9932);
#8013=AXIS2_PLACEMENT_3D('',#11898,#9933,#9934);
#8014=AXIS2_PLACEMENT_3D('',#11900,#9935,#9936);
#8015=AXIS2_PLACEMENT_3D('',#11903,#9938,#9939);
#8016=AXIS2_PLACEMENT_3D('',#11904,#9940,#9941);
#8017=AXIS2_PLACEMENT_3D('',#11906,#9942,#9943);
#8018=AXIS2_PLACEMENT_3D('',#11909,#9945,#9946);
#8019=AXIS2_PLACEMENT_3D('',#11910,#9947,#9948);
#8020=AXIS2_PLACEMENT_3D('',#11912,#9949,#9950);
#8021=AXIS2_PLACEMENT_3D('',#11915,#9952,#9953);
#8022=AXIS2_PLACEMENT_3D('',#11916,#9954,#9955);
#8023=AXIS2_PLACEMENT_3D('',#11918,#9956,#9957);
#8024=AXIS2_PLACEMENT_3D('',#11921,#9959,#9960);
#8025=AXIS2_PLACEMENT_3D('',#11922,#9961,#9962);
#8026=AXIS2_PLACEMENT_3D('',#11924,#9963,#9964);
#8027=AXIS2_PLACEMENT_3D('',#11927,#9966,#9967);
#8028=AXIS2_PLACEMENT_3D('',#11928,#9968,#9969);
#8029=AXIS2_PLACEMENT_3D('',#11930,#9970,#9971);
#8030=AXIS2_PLACEMENT_3D('',#11933,#9973,#9974);
#8031=AXIS2_PLACEMENT_3D('',#11934,#9975,#9976);
#8032=AXIS2_PLACEMENT_3D('',#11936,#9977,#9978);
#8033=AXIS2_PLACEMENT_3D('',#11939,#9980,#9981);
#8034=AXIS2_PLACEMENT_3D('',#11940,#9982,#9983);
#8035=AXIS2_PLACEMENT_3D('',#11942,#9984,#9985);
#8036=AXIS2_PLACEMENT_3D('',#11945,#9987,#9988);
#8037=AXIS2_PLACEMENT_3D('',#11946,#9989,#9990);
#8038=AXIS2_PLACEMENT_3D('',#11948,#9991,#9992);
#8039=AXIS2_PLACEMENT_3D('',#11951,#9994,#9995);
#8040=AXIS2_PLACEMENT_3D('',#11952,#9996,#9997);
#8041=AXIS2_PLACEMENT_3D('',#11954,#9998,#9999);
#8042=AXIS2_PLACEMENT_3D('',#11957,#10001,#10002);
#8043=AXIS2_PLACEMENT_3D('',#11958,#10003,#10004);
#8044=AXIS2_PLACEMENT_3D('',#11960,#10005,#10006);
#8045=AXIS2_PLACEMENT_3D('',#11963,#10008,#10009);
#8046=AXIS2_PLACEMENT_3D('',#11964,#10010,#10011);
#8047=AXIS2_PLACEMENT_3D('',#11966,#10012,#10013);
#8048=AXIS2_PLACEMENT_3D('',#11969,#10015,#10016);
#8049=AXIS2_PLACEMENT_3D('',#11970,#10017,#10018);
#8050=AXIS2_PLACEMENT_3D('',#11972,#10019,#10020);
#8051=AXIS2_PLACEMENT_3D('',#11975,#10022,#10023);
#8052=AXIS2_PLACEMENT_3D('',#11976,#10024,#10025);
#8053=AXIS2_PLACEMENT_3D('',#11978,#10026,#10027);
#8054=AXIS2_PLACEMENT_3D('',#11981,#10029,#10030);
#8055=AXIS2_PLACEMENT_3D('',#11982,#10031,#10032);
#8056=AXIS2_PLACEMENT_3D('',#11984,#10033,#10034);
#8057=AXIS2_PLACEMENT_3D('',#11987,#10036,#10037);
#8058=AXIS2_PLACEMENT_3D('',#11988,#10038,#10039);
#8059=AXIS2_PLACEMENT_3D('',#11990,#10040,#10041);
#8060=AXIS2_PLACEMENT_3D('',#11993,#10043,#10044);
#8061=AXIS2_PLACEMENT_3D('',#11994,#10045,#10046);
#8062=AXIS2_PLACEMENT_3D('',#11996,#10047,#10048);
#8063=AXIS2_PLACEMENT_3D('',#11999,#10050,#10051);
#8064=AXIS2_PLACEMENT_3D('',#12000,#10052,#10053);
#8065=AXIS2_PLACEMENT_3D('',#12002,#10054,#10055);
#8066=AXIS2_PLACEMENT_3D('',#12005,#10057,#10058);
#8067=AXIS2_PLACEMENT_3D('',#12006,#10059,#10060);
#8068=AXIS2_PLACEMENT_3D('',#12008,#10061,#10062);
#8069=AXIS2_PLACEMENT_3D('',#12011,#10064,#10065);
#8070=AXIS2_PLACEMENT_3D('',#12012,#10066,#10067);
#8071=AXIS2_PLACEMENT_3D('',#12014,#10068,#10069);
#8072=AXIS2_PLACEMENT_3D('',#12017,#10071,#10072);
#8073=AXIS2_PLACEMENT_3D('',#12018,#10073,#10074);
#8074=AXIS2_PLACEMENT_3D('',#12020,#10075,#10076);
#8075=AXIS2_PLACEMENT_3D('',#12023,#10078,#10079);
#8076=AXIS2_PLACEMENT_3D('',#12024,#10080,#10081);
#8077=AXIS2_PLACEMENT_3D('',#12026,#10082,#10083);
#8078=AXIS2_PLACEMENT_3D('',#12029,#10085,#10086);
#8079=AXIS2_PLACEMENT_3D('',#12030,#10087,#10088);
#8080=AXIS2_PLACEMENT_3D('',#12032,#10089,#10090);
#8081=AXIS2_PLACEMENT_3D('',#12035,#10092,#10093);
#8082=AXIS2_PLACEMENT_3D('',#12036,#10094,#10095);
#8083=AXIS2_PLACEMENT_3D('',#12038,#10096,#10097);
#8084=AXIS2_PLACEMENT_3D('',#12041,#10099,#10100);
#8085=AXIS2_PLACEMENT_3D('',#12042,#10101,#10102);
#8086=AXIS2_PLACEMENT_3D('',#12044,#10103,#10104);
#8087=AXIS2_PLACEMENT_3D('',#12047,#10106,#10107);
#8088=AXIS2_PLACEMENT_3D('',#12048,#10108,#10109);
#8089=AXIS2_PLACEMENT_3D('',#12050,#10110,#10111);
#8090=AXIS2_PLACEMENT_3D('',#12053,#10113,#10114);
#8091=AXIS2_PLACEMENT_3D('',#12054,#10115,#10116);
#8092=AXIS2_PLACEMENT_3D('',#12056,#10117,#10118);
#8093=AXIS2_PLACEMENT_3D('',#12059,#10120,#10121);
#8094=AXIS2_PLACEMENT_3D('',#12060,#10122,#10123);
#8095=AXIS2_PLACEMENT_3D('',#12062,#10124,#10125);
#8096=AXIS2_PLACEMENT_3D('',#12065,#10127,#10128);
#8097=AXIS2_PLACEMENT_3D('',#12066,#10129,#10130);
#8098=AXIS2_PLACEMENT_3D('',#12068,#10131,#10132);
#8099=AXIS2_PLACEMENT_3D('',#12071,#10134,#10135);
#8100=AXIS2_PLACEMENT_3D('',#12072,#10136,#10137);
#8101=AXIS2_PLACEMENT_3D('',#12074,#10138,#10139);
#8102=AXIS2_PLACEMENT_3D('',#12077,#10141,#10142);
#8103=AXIS2_PLACEMENT_3D('',#12078,#10143,#10144);
#8104=AXIS2_PLACEMENT_3D('',#12080,#10145,#10146);
#8105=AXIS2_PLACEMENT_3D('',#12083,#10148,#10149);
#8106=AXIS2_PLACEMENT_3D('',#12084,#10150,#10151);
#8107=AXIS2_PLACEMENT_3D('',#12086,#10152,#10153);
#8108=AXIS2_PLACEMENT_3D('',#12089,#10155,#10156);
#8109=AXIS2_PLACEMENT_3D('',#12090,#10157,#10158);
#8110=AXIS2_PLACEMENT_3D('',#12092,#10159,#10160);
#8111=AXIS2_PLACEMENT_3D('',#12095,#10162,#10163);
#8112=AXIS2_PLACEMENT_3D('',#12096,#10164,#10165);
#8113=AXIS2_PLACEMENT_3D('',#12098,#10166,#10167);
#8114=AXIS2_PLACEMENT_3D('',#12101,#10169,#10170);
#8115=AXIS2_PLACEMENT_3D('',#12102,#10171,#10172);
#8116=AXIS2_PLACEMENT_3D('',#12104,#10173,#10174);
#8117=AXIS2_PLACEMENT_3D('',#12107,#10176,#10177);
#8118=AXIS2_PLACEMENT_3D('',#12108,#10178,#10179);
#8119=AXIS2_PLACEMENT_3D('',#12110,#10180,#10181);
#8120=AXIS2_PLACEMENT_3D('',#12113,#10183,#10184);
#8121=AXIS2_PLACEMENT_3D('',#12114,#10185,#10186);
#8122=AXIS2_PLACEMENT_3D('',#12116,#10187,#10188);
#8123=AXIS2_PLACEMENT_3D('',#12119,#10190,#10191);
#8124=AXIS2_PLACEMENT_3D('',#12120,#10192,#10193);
#8125=AXIS2_PLACEMENT_3D('',#12122,#10194,#10195);
#8126=AXIS2_PLACEMENT_3D('',#12125,#10197,#10198);
#8127=AXIS2_PLACEMENT_3D('',#12126,#10199,#10200);
#8128=AXIS2_PLACEMENT_3D('',#12128,#10201,#10202);
#8129=AXIS2_PLACEMENT_3D('',#12131,#10204,#10205);
#8130=AXIS2_PLACEMENT_3D('',#12132,#10206,#10207);
#8131=AXIS2_PLACEMENT_3D('',#12134,#10208,#10209);
#8132=AXIS2_PLACEMENT_3D('',#12137,#10211,#10212);
#8133=AXIS2_PLACEMENT_3D('',#12138,#10213,#10214);
#8134=AXIS2_PLACEMENT_3D('',#12140,#10215,#10216);
#8135=AXIS2_PLACEMENT_3D('',#12143,#10218,#10219);
#8136=AXIS2_PLACEMENT_3D('',#12144,#10220,#10221);
#8137=AXIS2_PLACEMENT_3D('',#12146,#10222,#10223);
#8138=AXIS2_PLACEMENT_3D('',#12149,#10225,#10226);
#8139=AXIS2_PLACEMENT_3D('',#12150,#10227,#10228);
#8140=AXIS2_PLACEMENT_3D('',#12152,#10229,#10230);
#8141=AXIS2_PLACEMENT_3D('',#12155,#10232,#10233);
#8142=AXIS2_PLACEMENT_3D('',#12156,#10234,#10235);
#8143=AXIS2_PLACEMENT_3D('',#12158,#10236,#10237);
#8144=AXIS2_PLACEMENT_3D('',#12161,#10239,#10240);
#8145=AXIS2_PLACEMENT_3D('',#12162,#10241,#10242);
#8146=AXIS2_PLACEMENT_3D('',#12164,#10243,#10244);
#8147=AXIS2_PLACEMENT_3D('',#12167,#10246,#10247);
#8148=AXIS2_PLACEMENT_3D('',#12168,#10248,#10249);
#8149=AXIS2_PLACEMENT_3D('',#12170,#10250,#10251);
#8150=AXIS2_PLACEMENT_3D('',#12173,#10253,#10254);
#8151=AXIS2_PLACEMENT_3D('',#12174,#10255,#10256);
#8152=AXIS2_PLACEMENT_3D('',#12176,#10257,#10258);
#8153=AXIS2_PLACEMENT_3D('',#12179,#10260,#10261);
#8154=AXIS2_PLACEMENT_3D('',#12180,#10262,#10263);
#8155=AXIS2_PLACEMENT_3D('',#12182,#10264,#10265);
#8156=AXIS2_PLACEMENT_3D('',#12185,#10267,#10268);
#8157=AXIS2_PLACEMENT_3D('',#12186,#10269,#10270);
#8158=AXIS2_PLACEMENT_3D('',#12188,#10271,#10272);
#8159=AXIS2_PLACEMENT_3D('',#12191,#10274,#10275);
#8160=AXIS2_PLACEMENT_3D('',#12192,#10276,#10277);
#8161=AXIS2_PLACEMENT_3D('',#12194,#10278,#10279);
#8162=AXIS2_PLACEMENT_3D('',#12197,#10281,#10282);
#8163=AXIS2_PLACEMENT_3D('',#12198,#10283,#10284);
#8164=AXIS2_PLACEMENT_3D('',#12200,#10285,#10286);
#8165=AXIS2_PLACEMENT_3D('',#12203,#10288,#10289);
#8166=AXIS2_PLACEMENT_3D('',#12204,#10290,#10291);
#8167=AXIS2_PLACEMENT_3D('',#12206,#10292,#10293);
#8168=AXIS2_PLACEMENT_3D('',#12209,#10295,#10296);
#8169=AXIS2_PLACEMENT_3D('',#12210,#10297,#10298);
#8170=AXIS2_PLACEMENT_3D('',#12212,#10299,#10300);
#8171=AXIS2_PLACEMENT_3D('',#12215,#10302,#10303);
#8172=AXIS2_PLACEMENT_3D('',#12216,#10304,#10305);
#8173=AXIS2_PLACEMENT_3D('',#12218,#10306,#10307);
#8174=AXIS2_PLACEMENT_3D('',#12221,#10309,#10310);
#8175=AXIS2_PLACEMENT_3D('',#12222,#10311,#10312);
#8176=AXIS2_PLACEMENT_3D('',#12224,#10313,#10314);
#8177=AXIS2_PLACEMENT_3D('',#12227,#10316,#10317);
#8178=AXIS2_PLACEMENT_3D('',#12228,#10318,#10319);
#8179=AXIS2_PLACEMENT_3D('',#12230,#10320,#10321);
#8180=AXIS2_PLACEMENT_3D('',#12233,#10323,#10324);
#8181=AXIS2_PLACEMENT_3D('',#12234,#10325,#10326);
#8182=AXIS2_PLACEMENT_3D('',#12236,#10327,#10328);
#8183=AXIS2_PLACEMENT_3D('',#12239,#10330,#10331);
#8184=AXIS2_PLACEMENT_3D('',#12240,#10332,#10333);
#8185=AXIS2_PLACEMENT_3D('',#12242,#10334,#10335);
#8186=AXIS2_PLACEMENT_3D('',#12245,#10337,#10338);
#8187=AXIS2_PLACEMENT_3D('',#12246,#10339,#10340);
#8188=AXIS2_PLACEMENT_3D('',#12248,#10341,#10342);
#8189=AXIS2_PLACEMENT_3D('',#12251,#10344,#10345);
#8190=AXIS2_PLACEMENT_3D('',#12252,#10346,#10347);
#8191=AXIS2_PLACEMENT_3D('',#12254,#10348,#10349);
#8192=AXIS2_PLACEMENT_3D('',#12257,#10351,#10352);
#8193=AXIS2_PLACEMENT_3D('',#12258,#10353,#10354);
#8194=AXIS2_PLACEMENT_3D('',#12260,#10355,#10356);
#8195=AXIS2_PLACEMENT_3D('',#12263,#10358,#10359);
#8196=AXIS2_PLACEMENT_3D('',#12264,#10360,#10361);
#8197=AXIS2_PLACEMENT_3D('',#12266,#10362,#10363);
#8198=AXIS2_PLACEMENT_3D('',#12269,#10365,#10366);
#8199=AXIS2_PLACEMENT_3D('',#12270,#10367,#10368);
#8200=AXIS2_PLACEMENT_3D('',#12272,#10369,#10370);
#8201=AXIS2_PLACEMENT_3D('',#12275,#10372,#10373);
#8202=AXIS2_PLACEMENT_3D('',#12276,#10374,#10375);
#8203=AXIS2_PLACEMENT_3D('',#12278,#10376,#10377);
#8204=AXIS2_PLACEMENT_3D('',#12281,#10379,#10380);
#8205=AXIS2_PLACEMENT_3D('',#12282,#10381,#10382);
#8206=AXIS2_PLACEMENT_3D('',#12291,#10387,#10388);
#8207=AXIS2_PLACEMENT_3D('',#12293,#10389,#10390);
#8208=AXIS2_PLACEMENT_3D('',#12295,#10391,#10392);
#8209=AXIS2_PLACEMENT_3D('',#12297,#10394,#10395);
#8210=AXIS2_PLACEMENT_3D('',#12303,#10399,#10400);
#8211=AXIS2_PLACEMENT_3D('',#12305,#10401,#10402);
#8212=AXIS2_PLACEMENT_3D('',#12307,#10403,#10404);
#8213=AXIS2_PLACEMENT_3D('',#12309,#10406,#10407);
#8214=AXIS2_PLACEMENT_3D('',#12315,#10411,#10412);
#8215=AXIS2_PLACEMENT_3D('',#12317,#10413,#10414);
#8216=AXIS2_PLACEMENT_3D('',#12319,#10415,#10416);
#8217=AXIS2_PLACEMENT_3D('',#12321,#10418,#10419);
#8218=AXIS2_PLACEMENT_3D('',#12327,#10423,#10424);
#8219=AXIS2_PLACEMENT_3D('',#12328,#10425,#10426);
#8220=AXIS2_PLACEMENT_3D('',#12329,#10427,#10428);
#8221=AXIS2_PLACEMENT_3D('',#12330,#10429,#10430);
#8222=AXIS2_PLACEMENT_3D('',#12331,#10431,#10432);
#8223=DIRECTION('axis',(0.,0.,1.));
#8224=DIRECTION('refdir',(1.,0.,0.));
#8225=DIRECTION('center_axis',(0.,0.,1.));
#8226=DIRECTION('ref_axis',(1.,0.,0.));
#8227=DIRECTION('center_axis',(0.,0.,-1.));
#8228=DIRECTION('ref_axis',(1.,0.,0.));
#8229=DIRECTION('',(0.,0.,1.));
#8230=DIRECTION('center_axis',(0.,0.,-1.));
#8231=DIRECTION('ref_axis',(1.,0.,0.));
#8232=DIRECTION('center_axis',(0.,0.,1.));
#8233=DIRECTION('ref_axis',(1.,0.,0.));
#8234=DIRECTION('center_axis',(0.,0.,-1.));
#8235=DIRECTION('ref_axis',(1.,0.,0.));
#8236=DIRECTION('',(0.,0.,1.));
#8237=DIRECTION('center_axis',(0.,0.,-1.));
#8238=DIRECTION('ref_axis',(1.,0.,0.));
#8239=DIRECTION('center_axis',(0.,0.,1.));
#8240=DIRECTION('ref_axis',(1.,0.,0.));
#8241=DIRECTION('center_axis',(0.,0.,-1.));
#8242=DIRECTION('ref_axis',(1.,0.,0.));
#8243=DIRECTION('',(0.,0.,1.));
#8244=DIRECTION('center_axis',(0.,0.,-1.));
#8245=DIRECTION('ref_axis',(1.,0.,0.));
#8246=DIRECTION('center_axis',(0.,0.,1.));
#8247=DIRECTION('ref_axis',(1.,0.,0.));
#8248=DIRECTION('center_axis',(0.,0.,-1.));
#8249=DIRECTION('ref_axis',(1.,0.,0.));
#8250=DIRECTION('',(0.,0.,1.));
#8251=DIRECTION('center_axis',(0.,0.,-1.));
#8252=DIRECTION('ref_axis',(1.,0.,0.));
#8253=DIRECTION('center_axis',(0.,0.,1.));
#8254=DIRECTION('ref_axis',(1.,0.,0.));
#8255=DIRECTION('center_axis',(0.,0.,-1.));
#8256=DIRECTION('ref_axis',(1.,0.,0.));
#8257=DIRECTION('',(0.,0.,1.));
#8258=DIRECTION('center_axis',(0.,0.,-1.));
#8259=DIRECTION('ref_axis',(1.,0.,0.));
#8260=DIRECTION('center_axis',(0.,0.,1.));
#8261=DIRECTION('ref_axis',(1.,0.,0.));
#8262=DIRECTION('center_axis',(0.,0.,-1.));
#8263=DIRECTION('ref_axis',(1.,0.,0.));
#8264=DIRECTION('',(0.,0.,1.));
#8265=DIRECTION('center_axis',(0.,0.,-1.));
#8266=DIRECTION('ref_axis',(1.,0.,0.));
#8267=DIRECTION('center_axis',(0.,0.,1.));
#8268=DIRECTION('ref_axis',(1.,0.,0.));
#8269=DIRECTION('center_axis',(0.,0.,-1.));
#8270=DIRECTION('ref_axis',(1.,0.,0.));
#8271=DIRECTION('',(0.,0.,1.));
#8272=DIRECTION('center_axis',(0.,0.,-1.));
#8273=DIRECTION('ref_axis',(1.,0.,0.));
#8274=DIRECTION('center_axis',(0.,0.,1.));
#8275=DIRECTION('ref_axis',(1.,0.,0.));
#8276=DIRECTION('center_axis',(0.,0.,-1.));
#8277=DIRECTION('ref_axis',(1.,0.,0.));
#8278=DIRECTION('',(0.,0.,1.));
#8279=DIRECTION('center_axis',(0.,0.,-1.));
#8280=DIRECTION('ref_axis',(1.,0.,0.));
#8281=DIRECTION('center_axis',(0.,0.,1.));
#8282=DIRECTION('ref_axis',(1.,0.,0.));
#8283=DIRECTION('center_axis',(0.,0.,-1.));
#8284=DIRECTION('ref_axis',(1.,0.,0.));
#8285=DIRECTION('',(0.,0.,1.));
#8286=DIRECTION('center_axis',(0.,0.,-1.));
#8287=DIRECTION('ref_axis',(1.,0.,0.));
#8288=DIRECTION('center_axis',(0.,0.,1.));
#8289=DIRECTION('ref_axis',(1.,0.,0.));
#8290=DIRECTION('center_axis',(0.,0.,-1.));
#8291=DIRECTION('ref_axis',(1.,0.,0.));
#8292=DIRECTION('',(0.,0.,1.));
#8293=DIRECTION('center_axis',(0.,0.,-1.));
#8294=DIRECTION('ref_axis',(1.,0.,0.));
#8295=DIRECTION('center_axis',(0.,0.,1.));
#8296=DIRECTION('ref_axis',(1.,0.,0.));
#8297=DIRECTION('center_axis',(0.,0.,-1.));
#8298=DIRECTION('ref_axis',(1.,0.,0.));
#8299=DIRECTION('',(0.,0.,1.));
#8300=DIRECTION('center_axis',(0.,0.,-1.));
#8301=DIRECTION('ref_axis',(1.,0.,0.));
#8302=DIRECTION('center_axis',(0.,0.,1.));
#8303=DIRECTION('ref_axis',(1.,0.,0.));
#8304=DIRECTION('center_axis',(0.,0.,-1.));
#8305=DIRECTION('ref_axis',(1.,0.,0.));
#8306=DIRECTION('',(0.,0.,1.));
#8307=DIRECTION('center_axis',(0.,0.,-1.));
#8308=DIRECTION('ref_axis',(1.,0.,0.));
#8309=DIRECTION('center_axis',(0.,0.,1.));
#8310=DIRECTION('ref_axis',(1.,0.,0.));
#8311=DIRECTION('center_axis',(0.,0.,-1.));
#8312=DIRECTION('ref_axis',(1.,0.,0.));
#8313=DIRECTION('',(0.,0.,1.));
#8314=DIRECTION('center_axis',(0.,0.,-1.));
#8315=DIRECTION('ref_axis',(1.,0.,0.));
#8316=DIRECTION('center_axis',(0.,0.,1.));
#8317=DIRECTION('ref_axis',(1.,0.,0.));
#8318=DIRECTION('center_axis',(0.,0.,-1.));
#8319=DIRECTION('ref_axis',(1.,0.,0.));
#8320=DIRECTION('',(0.,0.,1.));
#8321=DIRECTION('center_axis',(0.,0.,-1.));
#8322=DIRECTION('ref_axis',(1.,0.,0.));
#8323=DIRECTION('center_axis',(0.,0.,1.));
#8324=DIRECTION('ref_axis',(1.,0.,0.));
#8325=DIRECTION('center_axis',(0.,0.,-1.));
#8326=DIRECTION('ref_axis',(1.,0.,0.));
#8327=DIRECTION('',(0.,0.,1.));
#8328=DIRECTION('center_axis',(0.,0.,-1.));
#8329=DIRECTION('ref_axis',(1.,0.,0.));
#8330=DIRECTION('center_axis',(0.,0.,1.));
#8331=DIRECTION('ref_axis',(1.,0.,0.));
#8332=DIRECTION('center_axis',(0.,0.,-1.));
#8333=DIRECTION('ref_axis',(1.,0.,0.));
#8334=DIRECTION('',(0.,0.,1.));
#8335=DIRECTION('center_axis',(0.,0.,-1.));
#8336=DIRECTION('ref_axis',(1.,0.,0.));
#8337=DIRECTION('center_axis',(0.,0.,1.));
#8338=DIRECTION('ref_axis',(1.,0.,0.));
#8339=DIRECTION('center_axis',(0.,0.,-1.));
#8340=DIRECTION('ref_axis',(1.,0.,0.));
#8341=DIRECTION('',(0.,0.,1.));
#8342=DIRECTION('center_axis',(0.,0.,-1.));
#8343=DIRECTION('ref_axis',(1.,0.,0.));
#8344=DIRECTION('center_axis',(0.,0.,1.));
#8345=DIRECTION('ref_axis',(1.,0.,0.));
#8346=DIRECTION('center_axis',(0.,0.,-1.));
#8347=DIRECTION('ref_axis',(1.,0.,0.));
#8348=DIRECTION('',(0.,0.,1.));
#8349=DIRECTION('center_axis',(0.,0.,-1.));
#8350=DIRECTION('ref_axis',(1.,0.,0.));
#8351=DIRECTION('center_axis',(0.,0.,1.));
#8352=DIRECTION('ref_axis',(1.,0.,0.));
#8353=DIRECTION('center_axis',(0.,0.,-1.));
#8354=DIRECTION('ref_axis',(1.,0.,0.));
#8355=DIRECTION('',(0.,0.,1.));
#8356=DIRECTION('center_axis',(0.,0.,-1.));
#8357=DIRECTION('ref_axis',(1.,0.,0.));
#8358=DIRECTION('center_axis',(0.,0.,1.));
#8359=DIRECTION('ref_axis',(1.,0.,0.));
#8360=DIRECTION('center_axis',(0.,0.,-1.));
#8361=DIRECTION('ref_axis',(1.,0.,0.));
#8362=DIRECTION('',(0.,0.,1.));
#8363=DIRECTION('center_axis',(0.,0.,-1.));
#8364=DIRECTION('ref_axis',(1.,0.,0.));
#8365=DIRECTION('center_axis',(0.,0.,1.));
#8366=DIRECTION('ref_axis',(1.,0.,0.));
#8367=DIRECTION('center_axis',(0.,0.,-1.));
#8368=DIRECTION('ref_axis',(1.,0.,0.));
#8369=DIRECTION('',(0.,0.,1.));
#8370=DIRECTION('center_axis',(0.,0.,-1.));
#8371=DIRECTION('ref_axis',(1.,0.,0.));
#8372=DIRECTION('center_axis',(0.,0.,1.));
#8373=DIRECTION('ref_axis',(1.,0.,0.));
#8374=DIRECTION('center_axis',(0.,0.,-1.));
#8375=DIRECTION('ref_axis',(1.,0.,0.));
#8376=DIRECTION('',(0.,0.,1.));
#8377=DIRECTION('center_axis',(0.,0.,-1.));
#8378=DIRECTION('ref_axis',(1.,0.,0.));
#8379=DIRECTION('center_axis',(0.,0.,1.));
#8380=DIRECTION('ref_axis',(1.,0.,0.));
#8381=DIRECTION('center_axis',(0.,0.,-1.));
#8382=DIRECTION('ref_axis',(1.,0.,0.));
#8383=DIRECTION('',(0.,0.,1.));
#8384=DIRECTION('center_axis',(0.,0.,-1.));
#8385=DIRECTION('ref_axis',(1.,0.,0.));
#8386=DIRECTION('center_axis',(0.,0.,1.));
#8387=DIRECTION('ref_axis',(1.,0.,0.));
#8388=DIRECTION('center_axis',(0.,0.,-1.));
#8389=DIRECTION('ref_axis',(1.,0.,0.));
#8390=DIRECTION('',(0.,0.,1.));
#8391=DIRECTION('center_axis',(0.,0.,-1.));
#8392=DIRECTION('ref_axis',(1.,0.,0.));
#8393=DIRECTION('center_axis',(0.,0.,1.));
#8394=DIRECTION('ref_axis',(1.,0.,0.));
#8395=DIRECTION('center_axis',(0.,0.,-1.));
#8396=DIRECTION('ref_axis',(1.,0.,0.));
#8397=DIRECTION('',(0.,0.,1.));
#8398=DIRECTION('center_axis',(0.,0.,-1.));
#8399=DIRECTION('ref_axis',(1.,0.,0.));
#8400=DIRECTION('center_axis',(0.,0.,1.));
#8401=DIRECTION('ref_axis',(1.,0.,0.));
#8402=DIRECTION('center_axis',(0.,0.,-1.));
#8403=DIRECTION('ref_axis',(1.,0.,0.));
#8404=DIRECTION('',(0.,0.,1.));
#8405=DIRECTION('center_axis',(0.,0.,-1.));
#8406=DIRECTION('ref_axis',(1.,0.,0.));
#8407=DIRECTION('center_axis',(0.,0.,1.));
#8408=DIRECTION('ref_axis',(1.,0.,0.));
#8409=DIRECTION('center_axis',(0.,0.,-1.));
#8410=DIRECTION('ref_axis',(1.,0.,0.));
#8411=DIRECTION('',(0.,0.,1.));
#8412=DIRECTION('center_axis',(0.,0.,-1.));
#8413=DIRECTION('ref_axis',(1.,0.,0.));
#8414=DIRECTION('center_axis',(0.,0.,1.));
#8415=DIRECTION('ref_axis',(1.,0.,0.));
#8416=DIRECTION('center_axis',(0.,0.,-1.));
#8417=DIRECTION('ref_axis',(1.,0.,0.));
#8418=DIRECTION('',(0.,0.,1.));
#8419=DIRECTION('center_axis',(0.,0.,-1.));
#8420=DIRECTION('ref_axis',(1.,0.,0.));
#8421=DIRECTION('center_axis',(0.,0.,1.));
#8422=DIRECTION('ref_axis',(1.,0.,0.));
#8423=DIRECTION('center_axis',(0.,0.,-1.));
#8424=DIRECTION('ref_axis',(1.,0.,0.));
#8425=DIRECTION('',(0.,0.,1.));
#8426=DIRECTION('center_axis',(0.,0.,-1.));
#8427=DIRECTION('ref_axis',(1.,0.,0.));
#8428=DIRECTION('center_axis',(0.,0.,1.));
#8429=DIRECTION('ref_axis',(1.,0.,0.));
#8430=DIRECTION('center_axis',(0.,0.,-1.));
#8431=DIRECTION('ref_axis',(1.,0.,0.));
#8432=DIRECTION('',(0.,0.,1.));
#8433=DIRECTION('center_axis',(0.,0.,-1.));
#8434=DIRECTION('ref_axis',(1.,0.,0.));
#8435=DIRECTION('center_axis',(0.,0.,1.));
#8436=DIRECTION('ref_axis',(1.,0.,0.));
#8437=DIRECTION('center_axis',(0.,0.,-1.));
#8438=DIRECTION('ref_axis',(1.,0.,0.));
#8439=DIRECTION('',(0.,0.,1.));
#8440=DIRECTION('center_axis',(0.,0.,-1.));
#8441=DIRECTION('ref_axis',(1.,0.,0.));
#8442=DIRECTION('center_axis',(0.,0.,1.));
#8443=DIRECTION('ref_axis',(1.,0.,0.));
#8444=DIRECTION('center_axis',(0.,0.,-1.));
#8445=DIRECTION('ref_axis',(1.,0.,0.));
#8446=DIRECTION('',(0.,0.,1.));
#8447=DIRECTION('center_axis',(0.,0.,-1.));
#8448=DIRECTION('ref_axis',(1.,0.,0.));
#8449=DIRECTION('center_axis',(0.,0.,1.));
#8450=DIRECTION('ref_axis',(1.,0.,0.));
#8451=DIRECTION('center_axis',(0.,0.,-1.));
#8452=DIRECTION('ref_axis',(1.,0.,0.));
#8453=DIRECTION('',(0.,0.,1.));
#8454=DIRECTION('center_axis',(0.,0.,-1.));
#8455=DIRECTION('ref_axis',(1.,0.,0.));
#8456=DIRECTION('center_axis',(0.,0.,1.));
#8457=DIRECTION('ref_axis',(1.,0.,0.));
#8458=DIRECTION('center_axis',(0.,0.,-1.));
#8459=DIRECTION('ref_axis',(1.,0.,0.));
#8460=DIRECTION('',(0.,0.,1.));
#8461=DIRECTION('center_axis',(0.,0.,-1.));
#8462=DIRECTION('ref_axis',(1.,0.,0.));
#8463=DIRECTION('center_axis',(0.,0.,1.));
#8464=DIRECTION('ref_axis',(1.,0.,0.));
#8465=DIRECTION('center_axis',(0.,0.,-1.));
#8466=DIRECTION('ref_axis',(1.,0.,0.));
#8467=DIRECTION('',(0.,0.,1.));
#8468=DIRECTION('center_axis',(0.,0.,-1.));
#8469=DIRECTION('ref_axis',(1.,0.,0.));
#8470=DIRECTION('center_axis',(0.,0.,1.));
#8471=DIRECTION('ref_axis',(1.,0.,0.));
#8472=DIRECTION('center_axis',(0.,0.,-1.));
#8473=DIRECTION('ref_axis',(1.,0.,0.));
#8474=DIRECTION('',(0.,0.,1.));
#8475=DIRECTION('center_axis',(0.,0.,-1.));
#8476=DIRECTION('ref_axis',(1.,0.,0.));
#8477=DIRECTION('center_axis',(0.,0.,1.));
#8478=DIRECTION('ref_axis',(1.,0.,0.));
#8479=DIRECTION('center_axis',(0.,0.,-1.));
#8480=DIRECTION('ref_axis',(1.,0.,0.));
#8481=DIRECTION('',(0.,0.,1.));
#8482=DIRECTION('center_axis',(0.,0.,-1.));
#8483=DIRECTION('ref_axis',(1.,0.,0.));
#8484=DIRECTION('center_axis',(0.,0.,1.));
#8485=DIRECTION('ref_axis',(1.,0.,0.));
#8486=DIRECTION('center_axis',(0.,0.,-1.));
#8487=DIRECTION('ref_axis',(1.,0.,0.));
#8488=DIRECTION('',(0.,0.,1.));
#8489=DIRECTION('center_axis',(0.,0.,-1.));
#8490=DIRECTION('ref_axis',(1.,0.,0.));
#8491=DIRECTION('center_axis',(0.,0.,1.));
#8492=DIRECTION('ref_axis',(1.,0.,0.));
#8493=DIRECTION('center_axis',(0.,0.,-1.));
#8494=DIRECTION('ref_axis',(1.,0.,0.));
#8495=DIRECTION('',(0.,0.,1.));
#8496=DIRECTION('center_axis',(0.,0.,-1.));
#8497=DIRECTION('ref_axis',(1.,0.,0.));
#8498=DIRECTION('center_axis',(0.,0.,1.));
#8499=DIRECTION('ref_axis',(1.,0.,0.));
#8500=DIRECTION('center_axis',(0.,0.,-1.));
#8501=DIRECTION('ref_axis',(1.,0.,0.));
#8502=DIRECTION('',(0.,0.,1.));
#8503=DIRECTION('center_axis',(0.,0.,-1.));
#8504=DIRECTION('ref_axis',(1.,0.,0.));
#8505=DIRECTION('center_axis',(0.,0.,1.));
#8506=DIRECTION('ref_axis',(1.,0.,0.));
#8507=DIRECTION('center_axis',(0.,0.,-1.));
#8508=DIRECTION('ref_axis',(1.,0.,0.));
#8509=DIRECTION('',(0.,0.,1.));
#8510=DIRECTION('center_axis',(0.,0.,-1.));
#8511=DIRECTION('ref_axis',(1.,0.,0.));
#8512=DIRECTION('center_axis',(0.,0.,1.));
#8513=DIRECTION('ref_axis',(1.,0.,0.));
#8514=DIRECTION('center_axis',(0.,0.,-1.));
#8515=DIRECTION('ref_axis',(1.,0.,0.));
#8516=DIRECTION('',(0.,0.,1.));
#8517=DIRECTION('center_axis',(0.,0.,-1.));
#8518=DIRECTION('ref_axis',(1.,0.,0.));
#8519=DIRECTION('center_axis',(0.,0.,1.));
#8520=DIRECTION('ref_axis',(1.,0.,0.));
#8521=DIRECTION('center_axis',(0.,0.,-1.));
#8522=DIRECTION('ref_axis',(1.,0.,0.));
#8523=DIRECTION('',(0.,0.,1.));
#8524=DIRECTION('center_axis',(0.,0.,-1.));
#8525=DIRECTION('ref_axis',(1.,0.,0.));
#8526=DIRECTION('center_axis',(0.,0.,1.));
#8527=DIRECTION('ref_axis',(1.,0.,0.));
#8528=DIRECTION('center_axis',(0.,0.,-1.));
#8529=DIRECTION('ref_axis',(1.,0.,0.));
#8530=DIRECTION('',(0.,0.,1.));
#8531=DIRECTION('center_axis',(0.,0.,-1.));
#8532=DIRECTION('ref_axis',(1.,0.,0.));
#8533=DIRECTION('center_axis',(0.,0.,1.));
#8534=DIRECTION('ref_axis',(1.,0.,0.));
#8535=DIRECTION('center_axis',(0.,0.,-1.));
#8536=DIRECTION('ref_axis',(1.,0.,0.));
#8537=DIRECTION('',(0.,0.,1.));
#8538=DIRECTION('center_axis',(0.,0.,-1.));
#8539=DIRECTION('ref_axis',(1.,0.,0.));
#8540=DIRECTION('center_axis',(0.,0.,1.));
#8541=DIRECTION('ref_axis',(1.,0.,0.));
#8542=DIRECTION('center_axis',(0.,0.,-1.));
#8543=DIRECTION('ref_axis',(1.,0.,0.));
#8544=DIRECTION('',(0.,0.,1.));
#8545=DIRECTION('center_axis',(0.,0.,-1.));
#8546=DIRECTION('ref_axis',(1.,0.,0.));
#8547=DIRECTION('center_axis',(0.,0.,1.));
#8548=DIRECTION('ref_axis',(1.,0.,0.));
#8549=DIRECTION('center_axis',(0.,0.,-1.));
#8550=DIRECTION('ref_axis',(1.,0.,0.));
#8551=DIRECTION('',(0.,0.,1.));
#8552=DIRECTION('center_axis',(0.,0.,-1.));
#8553=DIRECTION('ref_axis',(1.,0.,0.));
#8554=DIRECTION('center_axis',(0.,0.,1.));
#8555=DIRECTION('ref_axis',(1.,0.,0.));
#8556=DIRECTION('center_axis',(0.,0.,-1.));
#8557=DIRECTION('ref_axis',(1.,0.,0.));
#8558=DIRECTION('',(0.,0.,1.));
#8559=DIRECTION('center_axis',(0.,0.,-1.));
#8560=DIRECTION('ref_axis',(1.,0.,0.));
#8561=DIRECTION('center_axis',(0.,0.,1.));
#8562=DIRECTION('ref_axis',(1.,0.,0.));
#8563=DIRECTION('center_axis',(0.,0.,-1.));
#8564=DIRECTION('ref_axis',(1.,0.,0.));
#8565=DIRECTION('',(0.,0.,1.));
#8566=DIRECTION('center_axis',(0.,0.,-1.));
#8567=DIRECTION('ref_axis',(1.,0.,0.));
#8568=DIRECTION('center_axis',(0.,0.,1.));
#8569=DIRECTION('ref_axis',(1.,0.,0.));
#8570=DIRECTION('center_axis',(0.,0.,-1.));
#8571=DIRECTION('ref_axis',(1.,0.,0.));
#8572=DIRECTION('',(0.,0.,1.));
#8573=DIRECTION('center_axis',(0.,0.,-1.));
#8574=DIRECTION('ref_axis',(1.,0.,0.));
#8575=DIRECTION('center_axis',(0.,0.,1.));
#8576=DIRECTION('ref_axis',(1.,0.,0.));
#8577=DIRECTION('center_axis',(0.,0.,-1.));
#8578=DIRECTION('ref_axis',(1.,0.,0.));
#8579=DIRECTION('',(0.,0.,1.));
#8580=DIRECTION('center_axis',(0.,0.,-1.));
#8581=DIRECTION('ref_axis',(1.,0.,0.));
#8582=DIRECTION('center_axis',(0.,0.,1.));
#8583=DIRECTION('ref_axis',(1.,0.,0.));
#8584=DIRECTION('center_axis',(0.,0.,-1.));
#8585=DIRECTION('ref_axis',(1.,0.,0.));
#8586=DIRECTION('',(0.,0.,1.));
#8587=DIRECTION('center_axis',(0.,0.,-1.));
#8588=DIRECTION('ref_axis',(1.,0.,0.));
#8589=DIRECTION('center_axis',(0.,0.,1.));
#8590=DIRECTION('ref_axis',(1.,0.,0.));
#8591=DIRECTION('center_axis',(0.,0.,-1.));
#8592=DIRECTION('ref_axis',(1.,0.,0.));
#8593=DIRECTION('',(0.,0.,1.));
#8594=DIRECTION('center_axis',(0.,0.,-1.));
#8595=DIRECTION('ref_axis',(1.,0.,0.));
#8596=DIRECTION('center_axis',(0.,0.,1.));
#8597=DIRECTION('ref_axis',(1.,0.,0.));
#8598=DIRECTION('center_axis',(0.,0.,-1.));
#8599=DIRECTION('ref_axis',(1.,0.,0.));
#8600=DIRECTION('',(0.,0.,1.));
#8601=DIRECTION('center_axis',(0.,0.,-1.));
#8602=DIRECTION('ref_axis',(1.,0.,0.));
#8603=DIRECTION('center_axis',(0.,0.,1.));
#8604=DIRECTION('ref_axis',(1.,0.,0.));
#8605=DIRECTION('center_axis',(0.,0.,-1.));
#8606=DIRECTION('ref_axis',(1.,0.,0.));
#8607=DIRECTION('',(0.,0.,1.));
#8608=DIRECTION('center_axis',(0.,0.,-1.));
#8609=DIRECTION('ref_axis',(1.,0.,0.));
#8610=DIRECTION('center_axis',(0.,0.,1.));
#8611=DIRECTION('ref_axis',(1.,0.,0.));
#8612=DIRECTION('center_axis',(0.,0.,-1.));
#8613=DIRECTION('ref_axis',(1.,0.,0.));
#8614=DIRECTION('',(0.,0.,1.));
#8615=DIRECTION('center_axis',(0.,0.,-1.));
#8616=DIRECTION('ref_axis',(1.,0.,0.));
#8617=DIRECTION('center_axis',(0.,0.,1.));
#8618=DIRECTION('ref_axis',(1.,0.,0.));
#8619=DIRECTION('center_axis',(0.,0.,-1.));
#8620=DIRECTION('ref_axis',(1.,0.,0.));
#8621=DIRECTION('',(0.,0.,1.));
#8622=DIRECTION('center_axis',(0.,0.,-1.));
#8623=DIRECTION('ref_axis',(1.,0.,0.));
#8624=DIRECTION('center_axis',(0.,0.,1.));
#8625=DIRECTION('ref_axis',(1.,0.,0.));
#8626=DIRECTION('center_axis',(0.,0.,-1.));
#8627=DIRECTION('ref_axis',(1.,0.,0.));
#8628=DIRECTION('',(0.,0.,1.));
#8629=DIRECTION('center_axis',(0.,0.,-1.));
#8630=DIRECTION('ref_axis',(1.,0.,0.));
#8631=DIRECTION('center_axis',(0.,0.,1.));
#8632=DIRECTION('ref_axis',(1.,0.,0.));
#8633=DIRECTION('center_axis',(0.,0.,-1.));
#8634=DIRECTION('ref_axis',(1.,0.,0.));
#8635=DIRECTION('',(0.,0.,1.));
#8636=DIRECTION('center_axis',(0.,0.,-1.));
#8637=DIRECTION('ref_axis',(1.,0.,0.));
#8638=DIRECTION('center_axis',(0.,0.,1.));
#8639=DIRECTION('ref_axis',(1.,0.,0.));
#8640=DIRECTION('center_axis',(0.,0.,-1.));
#8641=DIRECTION('ref_axis',(1.,0.,0.));
#8642=DIRECTION('',(0.,0.,1.));
#8643=DIRECTION('center_axis',(0.,0.,-1.));
#8644=DIRECTION('ref_axis',(1.,0.,0.));
#8645=DIRECTION('center_axis',(0.,0.,1.));
#8646=DIRECTION('ref_axis',(1.,0.,0.));
#8647=DIRECTION('center_axis',(0.,0.,-1.));
#8648=DIRECTION('ref_axis',(1.,0.,0.));
#8649=DIRECTION('',(0.,0.,1.));
#8650=DIRECTION('center_axis',(0.,0.,-1.));
#8651=DIRECTION('ref_axis',(1.,0.,0.));
#8652=DIRECTION('center_axis',(0.,0.,1.));
#8653=DIRECTION('ref_axis',(1.,0.,0.));
#8654=DIRECTION('center_axis',(0.,0.,-1.));
#8655=DIRECTION('ref_axis',(1.,0.,0.));
#8656=DIRECTION('',(0.,0.,1.));
#8657=DIRECTION('center_axis',(0.,0.,-1.));
#8658=DIRECTION('ref_axis',(1.,0.,0.));
#8659=DIRECTION('center_axis',(0.,0.,1.));
#8660=DIRECTION('ref_axis',(1.,0.,0.));
#8661=DIRECTION('center_axis',(0.,0.,-1.));
#8662=DIRECTION('ref_axis',(1.,0.,0.));
#8663=DIRECTION('',(0.,0.,1.));
#8664=DIRECTION('center_axis',(0.,0.,-1.));
#8665=DIRECTION('ref_axis',(1.,0.,0.));
#8666=DIRECTION('center_axis',(0.,0.,1.));
#8667=DIRECTION('ref_axis',(1.,0.,0.));
#8668=DIRECTION('center_axis',(0.,0.,-1.));
#8669=DIRECTION('ref_axis',(1.,0.,0.));
#8670=DIRECTION('',(0.,0.,1.));
#8671=DIRECTION('center_axis',(0.,0.,-1.));
#8672=DIRECTION('ref_axis',(1.,0.,0.));
#8673=DIRECTION('center_axis',(0.,0.,1.));
#8674=DIRECTION('ref_axis',(1.,0.,0.));
#8675=DIRECTION('center_axis',(0.,0.,-1.));
#8676=DIRECTION('ref_axis',(1.,0.,0.));
#8677=DIRECTION('',(0.,0.,1.));
#8678=DIRECTION('center_axis',(0.,0.,-1.));
#8679=DIRECTION('ref_axis',(1.,0.,0.));
#8680=DIRECTION('center_axis',(0.,0.,1.));
#8681=DIRECTION('ref_axis',(1.,0.,0.));
#8682=DIRECTION('center_axis',(0.,0.,-1.));
#8683=DIRECTION('ref_axis',(1.,0.,0.));
#8684=DIRECTION('',(0.,0.,1.));
#8685=DIRECTION('center_axis',(0.,0.,-1.));
#8686=DIRECTION('ref_axis',(1.,0.,0.));
#8687=DIRECTION('center_axis',(0.,0.,1.));
#8688=DIRECTION('ref_axis',(1.,0.,0.));
#8689=DIRECTION('center_axis',(0.,0.,-1.));
#8690=DIRECTION('ref_axis',(1.,0.,0.));
#8691=DIRECTION('',(0.,0.,1.));
#8692=DIRECTION('center_axis',(0.,0.,-1.));
#8693=DIRECTION('ref_axis',(1.,0.,0.));
#8694=DIRECTION('center_axis',(0.,0.,1.));
#8695=DIRECTION('ref_axis',(1.,0.,0.));
#8696=DIRECTION('center_axis',(0.,0.,-1.));
#8697=DIRECTION('ref_axis',(1.,0.,0.));
#8698=DIRECTION('',(0.,0.,1.));
#8699=DIRECTION('center_axis',(0.,0.,-1.));
#8700=DIRECTION('ref_axis',(1.,0.,0.));
#8701=DIRECTION('center_axis',(0.,0.,1.));
#8702=DIRECTION('ref_axis',(1.,0.,0.));
#8703=DIRECTION('center_axis',(0.,0.,-1.));
#8704=DIRECTION('ref_axis',(1.,0.,0.));
#8705=DIRECTION('',(0.,0.,1.));
#8706=DIRECTION('center_axis',(0.,0.,-1.));
#8707=DIRECTION('ref_axis',(1.,0.,0.));
#8708=DIRECTION('center_axis',(0.,0.,1.));
#8709=DIRECTION('ref_axis',(1.,0.,0.));
#8710=DIRECTION('center_axis',(0.,0.,-1.));
#8711=DIRECTION('ref_axis',(1.,0.,0.));
#8712=DIRECTION('',(0.,0.,1.));
#8713=DIRECTION('center_axis',(0.,0.,-1.));
#8714=DIRECTION('ref_axis',(1.,0.,0.));
#8715=DIRECTION('center_axis',(0.,0.,1.));
#8716=DIRECTION('ref_axis',(1.,0.,0.));
#8717=DIRECTION('center_axis',(0.,0.,-1.));
#8718=DIRECTION('ref_axis',(1.,0.,0.));
#8719=DIRECTION('',(0.,0.,1.));
#8720=DIRECTION('center_axis',(0.,0.,-1.));
#8721=DIRECTION('ref_axis',(1.,0.,0.));
#8722=DIRECTION('center_axis',(0.,0.,1.));
#8723=DIRECTION('ref_axis',(1.,0.,0.));
#8724=DIRECTION('center_axis',(0.,0.,-1.));
#8725=DIRECTION('ref_axis',(1.,0.,0.));
#8726=DIRECTION('',(0.,0.,1.));
#8727=DIRECTION('center_axis',(0.,0.,-1.));
#8728=DIRECTION('ref_axis',(1.,0.,0.));
#8729=DIRECTION('center_axis',(0.,0.,1.));
#8730=DIRECTION('ref_axis',(1.,0.,0.));
#8731=DIRECTION('center_axis',(0.,0.,-1.));
#8732=DIRECTION('ref_axis',(1.,0.,0.));
#8733=DIRECTION('',(0.,0.,1.));
#8734=DIRECTION('center_axis',(0.,0.,-1.));
#8735=DIRECTION('ref_axis',(1.,0.,0.));
#8736=DIRECTION('center_axis',(0.,0.,1.));
#8737=DIRECTION('ref_axis',(1.,0.,0.));
#8738=DIRECTION('center_axis',(0.,0.,-1.));
#8739=DIRECTION('ref_axis',(1.,0.,0.));
#8740=DIRECTION('',(0.,0.,1.));
#8741=DIRECTION('center_axis',(0.,0.,-1.));
#8742=DIRECTION('ref_axis',(1.,0.,0.));
#8743=DIRECTION('center_axis',(0.,0.,1.));
#8744=DIRECTION('ref_axis',(1.,0.,0.));
#8745=DIRECTION('center_axis',(0.,0.,-1.));
#8746=DIRECTION('ref_axis',(1.,0.,0.));
#8747=DIRECTION('',(0.,0.,1.));
#8748=DIRECTION('center_axis',(0.,0.,-1.));
#8749=DIRECTION('ref_axis',(1.,0.,0.));
#8750=DIRECTION('center_axis',(0.,0.,1.));
#8751=DIRECTION('ref_axis',(1.,0.,0.));
#8752=DIRECTION('center_axis',(0.,0.,-1.));
#8753=DIRECTION('ref_axis',(1.,0.,0.));
#8754=DIRECTION('',(0.,0.,1.));
#8755=DIRECTION('center_axis',(0.,0.,-1.));
#8756=DIRECTION('ref_axis',(1.,0.,0.));
#8757=DIRECTION('center_axis',(0.,0.,1.));
#8758=DIRECTION('ref_axis',(1.,0.,0.));
#8759=DIRECTION('center_axis',(0.,0.,-1.));
#8760=DIRECTION('ref_axis',(1.,0.,0.));
#8761=DIRECTION('',(0.,0.,1.));
#8762=DIRECTION('center_axis',(0.,0.,-1.));
#8763=DIRECTION('ref_axis',(1.,0.,0.));
#8764=DIRECTION('center_axis',(0.,0.,1.));
#8765=DIRECTION('ref_axis',(1.,0.,0.));
#8766=DIRECTION('center_axis',(0.,0.,-1.));
#8767=DIRECTION('ref_axis',(1.,0.,0.));
#8768=DIRECTION('',(0.,0.,1.));
#8769=DIRECTION('center_axis',(0.,0.,-1.));
#8770=DIRECTION('ref_axis',(1.,0.,0.));
#8771=DIRECTION('center_axis',(0.,0.,1.));
#8772=DIRECTION('ref_axis',(1.,0.,0.));
#8773=DIRECTION('center_axis',(0.,0.,-1.));
#8774=DIRECTION('ref_axis',(1.,0.,0.));
#8775=DIRECTION('',(0.,0.,1.));
#8776=DIRECTION('center_axis',(0.,0.,-1.));
#8777=DIRECTION('ref_axis',(1.,0.,0.));
#8778=DIRECTION('center_axis',(0.,0.,1.));
#8779=DIRECTION('ref_axis',(1.,0.,0.));
#8780=DIRECTION('center_axis',(0.,0.,-1.));
#8781=DIRECTION('ref_axis',(1.,0.,0.));
#8782=DIRECTION('',(0.,0.,1.));
#8783=DIRECTION('center_axis',(0.,0.,-1.));
#8784=DIRECTION('ref_axis',(1.,0.,0.));
#8785=DIRECTION('center_axis',(0.,0.,1.));
#8786=DIRECTION('ref_axis',(1.,0.,0.));
#8787=DIRECTION('center_axis',(0.,0.,-1.));
#8788=DIRECTION('ref_axis',(1.,0.,0.));
#8789=DIRECTION('',(0.,0.,1.));
#8790=DIRECTION('center_axis',(0.,0.,-1.));
#8791=DIRECTION('ref_axis',(1.,0.,0.));
#8792=DIRECTION('center_axis',(0.,0.,1.));
#8793=DIRECTION('ref_axis',(1.,0.,0.));
#8794=DIRECTION('center_axis',(0.,0.,-1.));
#8795=DIRECTION('ref_axis',(1.,0.,0.));
#8796=DIRECTION('',(0.,0.,1.));
#8797=DIRECTION('center_axis',(0.,0.,-1.));
#8798=DIRECTION('ref_axis',(1.,0.,0.));
#8799=DIRECTION('center_axis',(0.,0.,1.));
#8800=DIRECTION('ref_axis',(1.,0.,0.));
#8801=DIRECTION('center_axis',(0.,0.,-1.));
#8802=DIRECTION('ref_axis',(1.,0.,0.));
#8803=DIRECTION('',(0.,0.,1.));
#8804=DIRECTION('center_axis',(0.,0.,-1.));
#8805=DIRECTION('ref_axis',(1.,0.,0.));
#8806=DIRECTION('center_axis',(0.,0.,1.));
#8807=DIRECTION('ref_axis',(1.,0.,0.));
#8808=DIRECTION('center_axis',(0.,0.,-1.));
#8809=DIRECTION('ref_axis',(1.,0.,0.));
#8810=DIRECTION('',(0.,0.,1.));
#8811=DIRECTION('center_axis',(0.,0.,-1.));
#8812=DIRECTION('ref_axis',(1.,0.,0.));
#8813=DIRECTION('center_axis',(0.,0.,1.));
#8814=DIRECTION('ref_axis',(1.,0.,0.));
#8815=DIRECTION('center_axis',(0.,0.,-1.));
#8816=DIRECTION('ref_axis',(1.,0.,0.));
#8817=DIRECTION('',(0.,0.,1.));
#8818=DIRECTION('center_axis',(0.,0.,-1.));
#8819=DIRECTION('ref_axis',(1.,0.,0.));
#8820=DIRECTION('center_axis',(0.,0.,1.));
#8821=DIRECTION('ref_axis',(1.,0.,0.));
#8822=DIRECTION('center_axis',(0.,0.,-1.));
#8823=DIRECTION('ref_axis',(1.,0.,0.));
#8824=DIRECTION('',(0.,0.,1.));
#8825=DIRECTION('center_axis',(0.,0.,-1.));
#8826=DIRECTION('ref_axis',(1.,0.,0.));
#8827=DIRECTION('center_axis',(0.,0.,1.));
#8828=DIRECTION('ref_axis',(1.,0.,0.));
#8829=DIRECTION('center_axis',(0.,0.,-1.));
#8830=DIRECTION('ref_axis',(1.,0.,0.));
#8831=DIRECTION('',(0.,0.,1.));
#8832=DIRECTION('center_axis',(0.,0.,-1.));
#8833=DIRECTION('ref_axis',(1.,0.,0.));
#8834=DIRECTION('center_axis',(0.,0.,1.));
#8835=DIRECTION('ref_axis',(1.,0.,0.));
#8836=DIRECTION('center_axis',(0.,0.,-1.));
#8837=DIRECTION('ref_axis',(1.,0.,0.));
#8838=DIRECTION('',(0.,0.,1.));
#8839=DIRECTION('center_axis',(0.,0.,-1.));
#8840=DIRECTION('ref_axis',(1.,0.,0.));
#8841=DIRECTION('center_axis',(0.,0.,1.));
#8842=DIRECTION('ref_axis',(1.,0.,0.));
#8843=DIRECTION('center_axis',(0.,0.,-1.));
#8844=DIRECTION('ref_axis',(1.,0.,0.));
#8845=DIRECTION('',(0.,0.,1.));
#8846=DIRECTION('center_axis',(0.,0.,-1.));
#8847=DIRECTION('ref_axis',(1.,0.,0.));
#8848=DIRECTION('center_axis',(0.,0.,1.));
#8849=DIRECTION('ref_axis',(1.,0.,0.));
#8850=DIRECTION('center_axis',(0.,0.,-1.));
#8851=DIRECTION('ref_axis',(1.,0.,0.));
#8852=DIRECTION('',(0.,0.,1.));
#8853=DIRECTION('center_axis',(0.,0.,-1.));
#8854=DIRECTION('ref_axis',(1.,0.,0.));
#8855=DIRECTION('center_axis',(0.,0.,1.));
#8856=DIRECTION('ref_axis',(1.,0.,0.));
#8857=DIRECTION('center_axis',(0.,0.,-1.));
#8858=DIRECTION('ref_axis',(1.,0.,0.));
#8859=DIRECTION('',(0.,0.,1.));
#8860=DIRECTION('center_axis',(0.,0.,-1.));
#8861=DIRECTION('ref_axis',(1.,0.,0.));
#8862=DIRECTION('center_axis',(0.,0.,1.));
#8863=DIRECTION('ref_axis',(1.,0.,0.));
#8864=DIRECTION('center_axis',(0.,0.,-1.));
#8865=DIRECTION('ref_axis',(1.,0.,0.));
#8866=DIRECTION('',(0.,0.,1.));
#8867=DIRECTION('center_axis',(0.,0.,-1.));
#8868=DIRECTION('ref_axis',(1.,0.,0.));
#8869=DIRECTION('center_axis',(0.,0.,1.));
#8870=DIRECTION('ref_axis',(1.,0.,0.));
#8871=DIRECTION('center_axis',(0.,0.,-1.));
#8872=DIRECTION('ref_axis',(1.,0.,0.));
#8873=DIRECTION('',(0.,0.,1.));
#8874=DIRECTION('center_axis',(0.,0.,-1.));
#8875=DIRECTION('ref_axis',(1.,0.,0.));
#8876=DIRECTION('center_axis',(0.,0.,1.));
#8877=DIRECTION('ref_axis',(1.,0.,0.));
#8878=DIRECTION('center_axis',(0.,0.,-1.));
#8879=DIRECTION('ref_axis',(1.,0.,0.));
#8880=DIRECTION('',(0.,0.,1.));
#8881=DIRECTION('center_axis',(0.,0.,-1.));
#8882=DIRECTION('ref_axis',(1.,0.,0.));
#8883=DIRECTION('center_axis',(0.,0.,1.));
#8884=DIRECTION('ref_axis',(1.,0.,0.));
#8885=DIRECTION('center_axis',(0.,0.,-1.));
#8886=DIRECTION('ref_axis',(1.,0.,0.));
#8887=DIRECTION('',(0.,0.,1.));
#8888=DIRECTION('center_axis',(0.,0.,-1.));
#8889=DIRECTION('ref_axis',(1.,0.,0.));
#8890=DIRECTION('center_axis',(0.,0.,1.));
#8891=DIRECTION('ref_axis',(1.,0.,0.));
#8892=DIRECTION('center_axis',(0.,0.,-1.));
#8893=DIRECTION('ref_axis',(1.,0.,0.));
#8894=DIRECTION('',(0.,0.,1.));
#8895=DIRECTION('center_axis',(0.,0.,-1.));
#8896=DIRECTION('ref_axis',(1.,0.,0.));
#8897=DIRECTION('center_axis',(0.,0.,1.));
#8898=DIRECTION('ref_axis',(1.,0.,0.));
#8899=DIRECTION('center_axis',(0.,0.,-1.));
#8900=DIRECTION('ref_axis',(1.,0.,0.));
#8901=DIRECTION('',(0.,0.,1.));
#8902=DIRECTION('center_axis',(0.,0.,-1.));
#8903=DIRECTION('ref_axis',(1.,0.,0.));
#8904=DIRECTION('center_axis',(0.,0.,1.));
#8905=DIRECTION('ref_axis',(1.,0.,0.));
#8906=DIRECTION('center_axis',(0.,0.,-1.));
#8907=DIRECTION('ref_axis',(1.,0.,0.));
#8908=DIRECTION('',(0.,0.,1.));
#8909=DIRECTION('center_axis',(0.,0.,-1.));
#8910=DIRECTION('ref_axis',(1.,0.,0.));
#8911=DIRECTION('center_axis',(0.,0.,1.));
#8912=DIRECTION('ref_axis',(1.,0.,0.));
#8913=DIRECTION('center_axis',(0.,0.,-1.));
#8914=DIRECTION('ref_axis',(1.,0.,0.));
#8915=DIRECTION('',(0.,0.,1.));
#8916=DIRECTION('center_axis',(0.,0.,-1.));
#8917=DIRECTION('ref_axis',(1.,0.,0.));
#8918=DIRECTION('center_axis',(0.,0.,1.));
#8919=DIRECTION('ref_axis',(1.,0.,0.));
#8920=DIRECTION('center_axis',(0.,0.,-1.));
#8921=DIRECTION('ref_axis',(1.,0.,0.));
#8922=DIRECTION('',(0.,0.,1.));
#8923=DIRECTION('center_axis',(0.,0.,-1.));
#8924=DIRECTION('ref_axis',(1.,0.,0.));
#8925=DIRECTION('center_axis',(0.,0.,1.));
#8926=DIRECTION('ref_axis',(1.,0.,0.));
#8927=DIRECTION('center_axis',(0.,0.,-1.));
#8928=DIRECTION('ref_axis',(1.,0.,0.));
#8929=DIRECTION('',(0.,0.,1.));
#8930=DIRECTION('center_axis',(0.,0.,-1.));
#8931=DIRECTION('ref_axis',(1.,0.,0.));
#8932=DIRECTION('center_axis',(0.,0.,1.));
#8933=DIRECTION('ref_axis',(1.,0.,0.));
#8934=DIRECTION('center_axis',(0.,0.,-1.));
#8935=DIRECTION('ref_axis',(1.,0.,0.));
#8936=DIRECTION('',(0.,0.,1.));
#8937=DIRECTION('center_axis',(0.,0.,-1.));
#8938=DIRECTION('ref_axis',(1.,0.,0.));
#8939=DIRECTION('center_axis',(0.,0.,1.));
#8940=DIRECTION('ref_axis',(1.,0.,0.));
#8941=DIRECTION('center_axis',(0.,0.,-1.));
#8942=DIRECTION('ref_axis',(1.,0.,0.));
#8943=DIRECTION('',(0.,0.,1.));
#8944=DIRECTION('center_axis',(0.,0.,-1.));
#8945=DIRECTION('ref_axis',(1.,0.,0.));
#8946=DIRECTION('center_axis',(0.,0.,1.));
#8947=DIRECTION('ref_axis',(1.,0.,0.));
#8948=DIRECTION('center_axis',(0.,0.,-1.));
#8949=DIRECTION('ref_axis',(1.,0.,0.));
#8950=DIRECTION('',(0.,0.,1.));
#8951=DIRECTION('center_axis',(0.,0.,-1.));
#8952=DIRECTION('ref_axis',(1.,0.,0.));
#8953=DIRECTION('center_axis',(0.,0.,1.));
#8954=DIRECTION('ref_axis',(1.,0.,0.));
#8955=DIRECTION('center_axis',(0.,0.,-1.));
#8956=DIRECTION('ref_axis',(1.,0.,0.));
#8957=DIRECTION('',(0.,0.,1.));
#8958=DIRECTION('center_axis',(0.,0.,-1.));
#8959=DIRECTION('ref_axis',(1.,0.,0.));
#8960=DIRECTION('center_axis',(0.,0.,1.));
#8961=DIRECTION('ref_axis',(1.,0.,0.));
#8962=DIRECTION('center_axis',(0.,0.,-1.));
#8963=DIRECTION('ref_axis',(1.,0.,0.));
#8964=DIRECTION('',(0.,0.,1.));
#8965=DIRECTION('center_axis',(0.,0.,-1.));
#8966=DIRECTION('ref_axis',(1.,0.,0.));
#8967=DIRECTION('center_axis',(0.,0.,1.));
#8968=DIRECTION('ref_axis',(1.,0.,0.));
#8969=DIRECTION('center_axis',(0.,0.,-1.));
#8970=DIRECTION('ref_axis',(1.,0.,0.));
#8971=DIRECTION('',(0.,0.,1.));
#8972=DIRECTION('center_axis',(0.,0.,-1.));
#8973=DIRECTION('ref_axis',(1.,0.,0.));
#8974=DIRECTION('center_axis',(0.,0.,1.));
#8975=DIRECTION('ref_axis',(1.,0.,0.));
#8976=DIRECTION('center_axis',(0.,0.,-1.));
#8977=DIRECTION('ref_axis',(1.,0.,0.));
#8978=DIRECTION('',(0.,0.,1.));
#8979=DIRECTION('center_axis',(0.,0.,-1.));
#8980=DIRECTION('ref_axis',(1.,0.,0.));
#8981=DIRECTION('center_axis',(0.,0.,1.));
#8982=DIRECTION('ref_axis',(1.,0.,0.));
#8983=DIRECTION('center_axis',(0.,0.,-1.));
#8984=DIRECTION('ref_axis',(1.,0.,0.));
#8985=DIRECTION('',(0.,0.,1.));
#8986=DIRECTION('center_axis',(0.,0.,-1.));
#8987=DIRECTION('ref_axis',(1.,0.,0.));
#8988=DIRECTION('center_axis',(0.,0.,1.));
#8989=DIRECTION('ref_axis',(1.,0.,0.));
#8990=DIRECTION('center_axis',(0.,0.,-1.));
#8991=DIRECTION('ref_axis',(1.,0.,0.));
#8992=DIRECTION('',(0.,0.,1.));
#8993=DIRECTION('center_axis',(0.,0.,-1.));
#8994=DIRECTION('ref_axis',(1.,0.,0.));
#8995=DIRECTION('center_axis',(0.,0.,1.));
#8996=DIRECTION('ref_axis',(1.,0.,0.));
#8997=DIRECTION('center_axis',(0.,0.,-1.));
#8998=DIRECTION('ref_axis',(1.,0.,0.));
#8999=DIRECTION('',(0.,0.,1.));
#9000=DIRECTION('center_axis',(0.,0.,-1.));
#9001=DIRECTION('ref_axis',(1.,0.,0.));
#9002=DIRECTION('center_axis',(0.,0.,1.));
#9003=DIRECTION('ref_axis',(1.,0.,0.));
#9004=DIRECTION('center_axis',(0.,0.,-1.));
#9005=DIRECTION('ref_axis',(1.,0.,0.));
#9006=DIRECTION('',(0.,0.,1.));
#9007=DIRECTION('center_axis',(0.,0.,-1.));
#9008=DIRECTION('ref_axis',(1.,0.,0.));
#9009=DIRECTION('center_axis',(0.,0.,1.));
#9010=DIRECTION('ref_axis',(1.,0.,0.));
#9011=DIRECTION('center_axis',(0.,0.,-1.));
#9012=DIRECTION('ref_axis',(1.,0.,0.));
#9013=DIRECTION('',(0.,0.,1.));
#9014=DIRECTION('center_axis',(0.,0.,-1.));
#9015=DIRECTION('ref_axis',(1.,0.,0.));
#9016=DIRECTION('center_axis',(0.,0.,1.));
#9017=DIRECTION('ref_axis',(1.,0.,0.));
#9018=DIRECTION('center_axis',(0.,0.,-1.));
#9019=DIRECTION('ref_axis',(1.,0.,0.));
#9020=DIRECTION('',(0.,0.,1.));
#9021=DIRECTION('center_axis',(0.,0.,-1.));
#9022=DIRECTION('ref_axis',(1.,0.,0.));
#9023=DIRECTION('center_axis',(0.,0.,1.));
#9024=DIRECTION('ref_axis',(1.,0.,0.));
#9025=DIRECTION('center_axis',(0.,0.,-1.));
#9026=DIRECTION('ref_axis',(1.,0.,0.));
#9027=DIRECTION('',(0.,0.,1.));
#9028=DIRECTION('center_axis',(0.,0.,-1.));
#9029=DIRECTION('ref_axis',(1.,0.,0.));
#9030=DIRECTION('center_axis',(0.,0.,1.));
#9031=DIRECTION('ref_axis',(1.,0.,0.));
#9032=DIRECTION('center_axis',(0.,0.,-1.));
#9033=DIRECTION('ref_axis',(1.,0.,0.));
#9034=DIRECTION('',(0.,0.,1.));
#9035=DIRECTION('center_axis',(0.,0.,-1.));
#9036=DIRECTION('ref_axis',(1.,0.,0.));
#9037=DIRECTION('center_axis',(0.,0.,1.));
#9038=DIRECTION('ref_axis',(1.,0.,0.));
#9039=DIRECTION('center_axis',(0.,0.,-1.));
#9040=DIRECTION('ref_axis',(1.,0.,0.));
#9041=DIRECTION('',(0.,0.,1.));
#9042=DIRECTION('center_axis',(0.,0.,-1.));
#9043=DIRECTION('ref_axis',(1.,0.,0.));
#9044=DIRECTION('center_axis',(0.,0.,1.));
#9045=DIRECTION('ref_axis',(1.,0.,0.));
#9046=DIRECTION('center_axis',(0.,0.,-1.));
#9047=DIRECTION('ref_axis',(1.,0.,0.));
#9048=DIRECTION('',(0.,0.,1.));
#9049=DIRECTION('center_axis',(0.,0.,-1.));
#9050=DIRECTION('ref_axis',(1.,0.,0.));
#9051=DIRECTION('center_axis',(0.,0.,1.));
#9052=DIRECTION('ref_axis',(1.,0.,0.));
#9053=DIRECTION('center_axis',(0.,0.,-1.));
#9054=DIRECTION('ref_axis',(1.,0.,0.));
#9055=DIRECTION('',(0.,0.,1.));
#9056=DIRECTION('center_axis',(0.,0.,-1.));
#9057=DIRECTION('ref_axis',(1.,0.,0.));
#9058=DIRECTION('center_axis',(0.,0.,1.));
#9059=DIRECTION('ref_axis',(1.,0.,0.));
#9060=DIRECTION('center_axis',(0.,0.,-1.));
#9061=DIRECTION('ref_axis',(1.,0.,0.));
#9062=DIRECTION('',(0.,0.,1.));
#9063=DIRECTION('center_axis',(0.,0.,-1.));
#9064=DIRECTION('ref_axis',(1.,0.,0.));
#9065=DIRECTION('center_axis',(0.,0.,1.));
#9066=DIRECTION('ref_axis',(1.,0.,0.));
#9067=DIRECTION('center_axis',(0.,0.,-1.));
#9068=DIRECTION('ref_axis',(1.,0.,0.));
#9069=DIRECTION('',(0.,0.,1.));
#9070=DIRECTION('center_axis',(0.,0.,-1.));
#9071=DIRECTION('ref_axis',(1.,0.,0.));
#9072=DIRECTION('center_axis',(0.,0.,1.));
#9073=DIRECTION('ref_axis',(1.,0.,0.));
#9074=DIRECTION('center_axis',(0.,0.,-1.));
#9075=DIRECTION('ref_axis',(1.,0.,0.));
#9076=DIRECTION('',(0.,0.,1.));
#9077=DIRECTION('center_axis',(0.,0.,-1.));
#9078=DIRECTION('ref_axis',(1.,0.,0.));
#9079=DIRECTION('center_axis',(0.,0.,1.));
#9080=DIRECTION('ref_axis',(1.,0.,0.));
#9081=DIRECTION('center_axis',(0.,0.,-1.));
#9082=DIRECTION('ref_axis',(1.,0.,0.));
#9083=DIRECTION('',(0.,0.,1.));
#9084=DIRECTION('center_axis',(0.,0.,-1.));
#9085=DIRECTION('ref_axis',(1.,0.,0.));
#9086=DIRECTION('center_axis',(0.,0.,1.));
#9087=DIRECTION('ref_axis',(1.,0.,0.));
#9088=DIRECTION('center_axis',(0.,0.,-1.));
#9089=DIRECTION('ref_axis',(1.,0.,0.));
#9090=DIRECTION('',(0.,0.,1.));
#9091=DIRECTION('center_axis',(0.,0.,-1.));
#9092=DIRECTION('ref_axis',(1.,0.,0.));
#9093=DIRECTION('center_axis',(0.,0.,1.));
#9094=DIRECTION('ref_axis',(1.,0.,0.));
#9095=DIRECTION('center_axis',(0.,0.,-1.));
#9096=DIRECTION('ref_axis',(1.,0.,0.));
#9097=DIRECTION('',(0.,0.,1.));
#9098=DIRECTION('center_axis',(0.,0.,-1.));
#9099=DIRECTION('ref_axis',(1.,0.,0.));
#9100=DIRECTION('center_axis',(0.,0.,1.));
#9101=DIRECTION('ref_axis',(1.,0.,0.));
#9102=DIRECTION('center_axis',(0.,0.,-1.));
#9103=DIRECTION('ref_axis',(1.,0.,0.));
#9104=DIRECTION('',(0.,0.,1.));
#9105=DIRECTION('center_axis',(0.,0.,-1.));
#9106=DIRECTION('ref_axis',(1.,0.,0.));
#9107=DIRECTION('center_axis',(0.,0.,1.));
#9108=DIRECTION('ref_axis',(1.,0.,0.));
#9109=DIRECTION('center_axis',(0.,0.,-1.));
#9110=DIRECTION('ref_axis',(1.,0.,0.));
#9111=DIRECTION('',(0.,0.,1.));
#9112=DIRECTION('center_axis',(0.,0.,-1.));
#9113=DIRECTION('ref_axis',(1.,0.,0.));
#9114=DIRECTION('center_axis',(0.,0.,1.));
#9115=DIRECTION('ref_axis',(1.,0.,0.));
#9116=DIRECTION('center_axis',(0.,0.,-1.));
#9117=DIRECTION('ref_axis',(1.,0.,0.));
#9118=DIRECTION('',(0.,0.,1.));
#9119=DIRECTION('center_axis',(0.,0.,-1.));
#9120=DIRECTION('ref_axis',(1.,0.,0.));
#9121=DIRECTION('center_axis',(0.,0.,1.));
#9122=DIRECTION('ref_axis',(1.,0.,0.));
#9123=DIRECTION('center_axis',(0.,0.,-1.));
#9124=DIRECTION('ref_axis',(1.,0.,0.));
#9125=DIRECTION('',(0.,0.,1.));
#9126=DIRECTION('center_axis',(0.,0.,-1.));
#9127=DIRECTION('ref_axis',(1.,0.,0.));
#9128=DIRECTION('center_axis',(0.,0.,1.));
#9129=DIRECTION('ref_axis',(1.,0.,0.));
#9130=DIRECTION('center_axis',(0.,0.,-1.));
#9131=DIRECTION('ref_axis',(1.,0.,0.));
#9132=DIRECTION('',(0.,0.,1.));
#9133=DIRECTION('center_axis',(0.,0.,-1.));
#9134=DIRECTION('ref_axis',(1.,0.,0.));
#9135=DIRECTION('center_axis',(0.,0.,1.));
#9136=DIRECTION('ref_axis',(1.,0.,0.));
#9137=DIRECTION('center_axis',(0.,0.,-1.));
#9138=DIRECTION('ref_axis',(1.,0.,0.));
#9139=DIRECTION('',(0.,0.,1.));
#9140=DIRECTION('center_axis',(0.,0.,-1.));
#9141=DIRECTION('ref_axis',(1.,0.,0.));
#9142=DIRECTION('center_axis',(0.,0.,1.));
#9143=DIRECTION('ref_axis',(1.,0.,0.));
#9144=DIRECTION('center_axis',(0.,0.,-1.));
#9145=DIRECTION('ref_axis',(1.,0.,0.));
#9146=DIRECTION('',(0.,0.,1.));
#9147=DIRECTION('center_axis',(0.,0.,-1.));
#9148=DIRECTION('ref_axis',(1.,0.,0.));
#9149=DIRECTION('center_axis',(0.,0.,1.));
#9150=DIRECTION('ref_axis',(1.,0.,0.));
#9151=DIRECTION('center_axis',(0.,0.,-1.));
#9152=DIRECTION('ref_axis',(1.,0.,0.));
#9153=DIRECTION('',(0.,0.,1.));
#9154=DIRECTION('center_axis',(0.,0.,-1.));
#9155=DIRECTION('ref_axis',(1.,0.,0.));
#9156=DIRECTION('center_axis',(0.,0.,1.));
#9157=DIRECTION('ref_axis',(1.,0.,0.));
#9158=DIRECTION('center_axis',(0.,0.,-1.));
#9159=DIRECTION('ref_axis',(1.,0.,0.));
#9160=DIRECTION('',(0.,0.,1.));
#9161=DIRECTION('center_axis',(0.,0.,-1.));
#9162=DIRECTION('ref_axis',(1.,0.,0.));
#9163=DIRECTION('center_axis',(0.,0.,1.));
#9164=DIRECTION('ref_axis',(1.,0.,0.));
#9165=DIRECTION('center_axis',(0.,0.,-1.));
#9166=DIRECTION('ref_axis',(1.,0.,0.));
#9167=DIRECTION('',(0.,0.,1.));
#9168=DIRECTION('center_axis',(0.,0.,-1.));
#9169=DIRECTION('ref_axis',(1.,0.,0.));
#9170=DIRECTION('center_axis',(0.,0.,1.));
#9171=DIRECTION('ref_axis',(1.,0.,0.));
#9172=DIRECTION('center_axis',(0.,0.,-1.));
#9173=DIRECTION('ref_axis',(1.,0.,0.));
#9174=DIRECTION('',(0.,0.,1.));
#9175=DIRECTION('center_axis',(0.,0.,-1.));
#9176=DIRECTION('ref_axis',(1.,0.,0.));
#9177=DIRECTION('center_axis',(0.,0.,1.));
#9178=DIRECTION('ref_axis',(1.,0.,0.));
#9179=DIRECTION('center_axis',(0.,0.,-1.));
#9180=DIRECTION('ref_axis',(1.,0.,0.));
#9181=DIRECTION('',(0.,0.,1.));
#9182=DIRECTION('center_axis',(0.,0.,-1.));
#9183=DIRECTION('ref_axis',(1.,0.,0.));
#9184=DIRECTION('center_axis',(0.,0.,1.));
#9185=DIRECTION('ref_axis',(1.,0.,0.));
#9186=DIRECTION('center_axis',(0.,0.,-1.));
#9187=DIRECTION('ref_axis',(1.,0.,0.));
#9188=DIRECTION('',(0.,0.,1.));
#9189=DIRECTION('center_axis',(0.,0.,-1.));
#9190=DIRECTION('ref_axis',(1.,0.,0.));
#9191=DIRECTION('center_axis',(0.,0.,1.));
#9192=DIRECTION('ref_axis',(1.,0.,0.));
#9193=DIRECTION('center_axis',(0.,0.,-1.));
#9194=DIRECTION('ref_axis',(1.,0.,0.));
#9195=DIRECTION('',(0.,0.,1.));
#9196=DIRECTION('center_axis',(0.,0.,-1.));
#9197=DIRECTION('ref_axis',(1.,0.,0.));
#9198=DIRECTION('center_axis',(0.,0.,1.));
#9199=DIRECTION('ref_axis',(1.,0.,0.));
#9200=DIRECTION('center_axis',(0.,0.,-1.));
#9201=DIRECTION('ref_axis',(1.,0.,0.));
#9202=DIRECTION('',(0.,0.,1.));
#9203=DIRECTION('center_axis',(0.,0.,-1.));
#9204=DIRECTION('ref_axis',(1.,0.,0.));
#9205=DIRECTION('center_axis',(0.,0.,1.));
#9206=DIRECTION('ref_axis',(1.,0.,0.));
#9207=DIRECTION('center_axis',(0.,0.,-1.));
#9208=DIRECTION('ref_axis',(1.,0.,0.));
#9209=DIRECTION('',(0.,0.,1.));
#9210=DIRECTION('center_axis',(0.,0.,-1.));
#9211=DIRECTION('ref_axis',(1.,0.,0.));
#9212=DIRECTION('center_axis',(0.,0.,1.));
#9213=DIRECTION('ref_axis',(1.,0.,0.));
#9214=DIRECTION('center_axis',(0.,0.,-1.));
#9215=DIRECTION('ref_axis',(1.,0.,0.));
#9216=DIRECTION('',(0.,0.,1.));
#9217=DIRECTION('center_axis',(0.,0.,-1.));
#9218=DIRECTION('ref_axis',(1.,0.,0.));
#9219=DIRECTION('center_axis',(0.,0.,1.));
#9220=DIRECTION('ref_axis',(1.,0.,0.));
#9221=DIRECTION('center_axis',(0.,0.,-1.));
#9222=DIRECTION('ref_axis',(1.,0.,0.));
#9223=DIRECTION('',(0.,0.,1.));
#9224=DIRECTION('center_axis',(0.,0.,-1.));
#9225=DIRECTION('ref_axis',(1.,0.,0.));
#9226=DIRECTION('center_axis',(0.,0.,1.));
#9227=DIRECTION('ref_axis',(1.,0.,0.));
#9228=DIRECTION('center_axis',(0.,0.,-1.));
#9229=DIRECTION('ref_axis',(1.,0.,0.));
#9230=DIRECTION('',(0.,0.,1.));
#9231=DIRECTION('center_axis',(0.,0.,-1.));
#9232=DIRECTION('ref_axis',(1.,0.,0.));
#9233=DIRECTION('center_axis',(0.,0.,1.));
#9234=DIRECTION('ref_axis',(1.,0.,0.));
#9235=DIRECTION('center_axis',(0.,0.,-1.));
#9236=DIRECTION('ref_axis',(1.,0.,0.));
#9237=DIRECTION('',(0.,0.,1.));
#9238=DIRECTION('center_axis',(0.,0.,-1.));
#9239=DIRECTION('ref_axis',(1.,0.,0.));
#9240=DIRECTION('center_axis',(0.,0.,1.));
#9241=DIRECTION('ref_axis',(1.,0.,0.));
#9242=DIRECTION('center_axis',(0.,0.,-1.));
#9243=DIRECTION('ref_axis',(1.,0.,0.));
#9244=DIRECTION('',(0.,0.,1.));
#9245=DIRECTION('center_axis',(0.,0.,-1.));
#9246=DIRECTION('ref_axis',(1.,0.,0.));
#9247=DIRECTION('center_axis',(0.,0.,1.));
#9248=DIRECTION('ref_axis',(1.,0.,0.));
#9249=DIRECTION('center_axis',(0.,0.,-1.));
#9250=DIRECTION('ref_axis',(1.,0.,0.));
#9251=DIRECTION('',(0.,0.,1.));
#9252=DIRECTION('center_axis',(0.,0.,-1.));
#9253=DIRECTION('ref_axis',(1.,0.,0.));
#9254=DIRECTION('center_axis',(0.,0.,1.));
#9255=DIRECTION('ref_axis',(1.,0.,0.));
#9256=DIRECTION('center_axis',(0.,0.,-1.));
#9257=DIRECTION('ref_axis',(1.,0.,0.));
#9258=DIRECTION('',(0.,0.,1.));
#9259=DIRECTION('center_axis',(0.,0.,-1.));
#9260=DIRECTION('ref_axis',(1.,0.,0.));
#9261=DIRECTION('center_axis',(0.,0.,1.));
#9262=DIRECTION('ref_axis',(1.,0.,0.));
#9263=DIRECTION('center_axis',(0.,0.,-1.));
#9264=DIRECTION('ref_axis',(1.,0.,0.));
#9265=DIRECTION('',(0.,0.,1.));
#9266=DIRECTION('center_axis',(0.,0.,-1.));
#9267=DIRECTION('ref_axis',(1.,0.,0.));
#9268=DIRECTION('center_axis',(0.,0.,1.));
#9269=DIRECTION('ref_axis',(1.,0.,0.));
#9270=DIRECTION('center_axis',(0.,0.,-1.));
#9271=DIRECTION('ref_axis',(1.,0.,0.));
#9272=DIRECTION('',(0.,0.,1.));
#9273=DIRECTION('center_axis',(0.,0.,-1.));
#9274=DIRECTION('ref_axis',(1.,0.,0.));
#9275=DIRECTION('center_axis',(0.,0.,1.));
#9276=DIRECTION('ref_axis',(1.,0.,0.));
#9277=DIRECTION('center_axis',(0.,0.,-1.));
#9278=DIRECTION('ref_axis',(1.,0.,0.));
#9279=DIRECTION('',(0.,0.,1.));
#9280=DIRECTION('center_axis',(0.,0.,-1.));
#9281=DIRECTION('ref_axis',(1.,0.,0.));
#9282=DIRECTION('center_axis',(0.,0.,1.));
#9283=DIRECTION('ref_axis',(1.,0.,0.));
#9284=DIRECTION('center_axis',(0.,0.,-1.));
#9285=DIRECTION('ref_axis',(1.,0.,0.));
#9286=DIRECTION('',(0.,0.,1.));
#9287=DIRECTION('center_axis',(0.,0.,-1.));
#9288=DIRECTION('ref_axis',(1.,0.,0.));
#9289=DIRECTION('center_axis',(0.,0.,1.));
#9290=DIRECTION('ref_axis',(1.,0.,0.));
#9291=DIRECTION('center_axis',(0.,0.,-1.));
#9292=DIRECTION('ref_axis',(1.,0.,0.));
#9293=DIRECTION('',(0.,0.,1.));
#9294=DIRECTION('center_axis',(0.,0.,-1.));
#9295=DIRECTION('ref_axis',(1.,0.,0.));
#9296=DIRECTION('center_axis',(0.,0.,1.));
#9297=DIRECTION('ref_axis',(1.,0.,0.));
#9298=DIRECTION('center_axis',(0.,0.,-1.));
#9299=DIRECTION('ref_axis',(1.,0.,0.));
#9300=DIRECTION('',(0.,0.,1.));
#9301=DIRECTION('center_axis',(0.,0.,-1.));
#9302=DIRECTION('ref_axis',(1.,0.,0.));
#9303=DIRECTION('center_axis',(0.,0.,1.));
#9304=DIRECTION('ref_axis',(1.,0.,0.));
#9305=DIRECTION('center_axis',(0.,0.,-1.));
#9306=DIRECTION('ref_axis',(1.,0.,0.));
#9307=DIRECTION('',(0.,0.,1.));
#9308=DIRECTION('center_axis',(0.,0.,-1.));
#9309=DIRECTION('ref_axis',(1.,0.,0.));
#9310=DIRECTION('center_axis',(0.,0.,1.));
#9311=DIRECTION('ref_axis',(1.,0.,0.));
#9312=DIRECTION('center_axis',(0.,0.,-1.));
#9313=DIRECTION('ref_axis',(1.,0.,0.));
#9314=DIRECTION('',(0.,0.,1.));
#9315=DIRECTION('center_axis',(0.,0.,-1.));
#9316=DIRECTION('ref_axis',(1.,0.,0.));
#9317=DIRECTION('center_axis',(0.,0.,1.));
#9318=DIRECTION('ref_axis',(1.,0.,0.));
#9319=DIRECTION('center_axis',(0.,0.,-1.));
#9320=DIRECTION('ref_axis',(1.,0.,0.));
#9321=DIRECTION('',(0.,0.,1.));
#9322=DIRECTION('center_axis',(0.,0.,-1.));
#9323=DIRECTION('ref_axis',(1.,0.,0.));
#9324=DIRECTION('center_axis',(0.,0.,1.));
#9325=DIRECTION('ref_axis',(1.,0.,0.));
#9326=DIRECTION('center_axis',(0.,0.,-1.));
#9327=DIRECTION('ref_axis',(1.,0.,0.));
#9328=DIRECTION('',(0.,0.,1.));
#9329=DIRECTION('center_axis',(0.,0.,-1.));
#9330=DIRECTION('ref_axis',(1.,0.,0.));
#9331=DIRECTION('center_axis',(0.,0.,1.));
#9332=DIRECTION('ref_axis',(1.,0.,0.));
#9333=DIRECTION('center_axis',(0.,0.,-1.));
#9334=DIRECTION('ref_axis',(1.,0.,0.));
#9335=DIRECTION('',(0.,0.,1.));
#9336=DIRECTION('center_axis',(0.,0.,-1.));
#9337=DIRECTION('ref_axis',(1.,0.,0.));
#9338=DIRECTION('center_axis',(0.,0.,1.));
#9339=DIRECTION('ref_axis',(1.,0.,0.));
#9340=DIRECTION('center_axis',(0.,0.,-1.));
#9341=DIRECTION('ref_axis',(1.,0.,0.));
#9342=DIRECTION('',(0.,0.,1.));
#9343=DIRECTION('center_axis',(0.,0.,-1.));
#9344=DIRECTION('ref_axis',(1.,0.,0.));
#9345=DIRECTION('center_axis',(0.,0.,1.));
#9346=DIRECTION('ref_axis',(1.,0.,0.));
#9347=DIRECTION('center_axis',(0.,0.,-1.));
#9348=DIRECTION('ref_axis',(1.,0.,0.));
#9349=DIRECTION('',(0.,0.,1.));
#9350=DIRECTION('center_axis',(0.,0.,-1.));
#9351=DIRECTION('ref_axis',(1.,0.,0.));
#9352=DIRECTION('center_axis',(0.,0.,1.));
#9353=DIRECTION('ref_axis',(1.,0.,0.));
#9354=DIRECTION('center_axis',(0.,0.,-1.));
#9355=DIRECTION('ref_axis',(1.,0.,0.));
#9356=DIRECTION('',(0.,0.,1.));
#9357=DIRECTION('center_axis',(0.,0.,-1.));
#9358=DIRECTION('ref_axis',(1.,0.,0.));
#9359=DIRECTION('center_axis',(0.,0.,1.));
#9360=DIRECTION('ref_axis',(1.,0.,0.));
#9361=DIRECTION('center_axis',(0.,0.,-1.));
#9362=DIRECTION('ref_axis',(1.,0.,0.));
#9363=DIRECTION('',(0.,0.,1.));
#9364=DIRECTION('center_axis',(0.,0.,-1.));
#9365=DIRECTION('ref_axis',(1.,0.,0.));
#9366=DIRECTION('center_axis',(0.,0.,1.));
#9367=DIRECTION('ref_axis',(1.,0.,0.));
#9368=DIRECTION('center_axis',(0.,0.,-1.));
#9369=DIRECTION('ref_axis',(1.,0.,0.));
#9370=DIRECTION('',(0.,0.,1.));
#9371=DIRECTION('center_axis',(0.,0.,-1.));
#9372=DIRECTION('ref_axis',(1.,0.,0.));
#9373=DIRECTION('center_axis',(0.,0.,1.));
#9374=DIRECTION('ref_axis',(1.,0.,0.));
#9375=DIRECTION('center_axis',(0.,0.,-1.));
#9376=DIRECTION('ref_axis',(1.,0.,0.));
#9377=DIRECTION('',(0.,0.,1.));
#9378=DIRECTION('center_axis',(0.,0.,-1.));
#9379=DIRECTION('ref_axis',(1.,0.,0.));
#9380=DIRECTION('center_axis',(0.,0.,1.));
#9381=DIRECTION('ref_axis',(1.,0.,0.));
#9382=DIRECTION('center_axis',(0.,0.,-1.));
#9383=DIRECTION('ref_axis',(1.,0.,0.));
#9384=DIRECTION('',(0.,0.,1.));
#9385=DIRECTION('center_axis',(0.,0.,-1.));
#9386=DIRECTION('ref_axis',(1.,0.,0.));
#9387=DIRECTION('center_axis',(0.,0.,1.));
#9388=DIRECTION('ref_axis',(1.,0.,0.));
#9389=DIRECTION('center_axis',(0.,0.,-1.));
#9390=DIRECTION('ref_axis',(1.,0.,0.));
#9391=DIRECTION('',(0.,0.,1.));
#9392=DIRECTION('center_axis',(0.,0.,-1.));
#9393=DIRECTION('ref_axis',(1.,0.,0.));
#9394=DIRECTION('center_axis',(0.,0.,1.));
#9395=DIRECTION('ref_axis',(1.,0.,0.));
#9396=DIRECTION('center_axis',(0.,0.,-1.));
#9397=DIRECTION('ref_axis',(1.,0.,0.));
#9398=DIRECTION('',(0.,0.,1.));
#9399=DIRECTION('center_axis',(0.,0.,-1.));
#9400=DIRECTION('ref_axis',(1.,0.,0.));
#9401=DIRECTION('center_axis',(0.,0.,1.));
#9402=DIRECTION('ref_axis',(1.,0.,0.));
#9403=DIRECTION('center_axis',(0.,0.,-1.));
#9404=DIRECTION('ref_axis',(1.,0.,0.));
#9405=DIRECTION('',(0.,0.,1.));
#9406=DIRECTION('center_axis',(0.,0.,-1.));
#9407=DIRECTION('ref_axis',(1.,0.,0.));
#9408=DIRECTION('center_axis',(0.,0.,1.));
#9409=DIRECTION('ref_axis',(1.,0.,0.));
#9410=DIRECTION('center_axis',(0.,0.,-1.));
#9411=DIRECTION('ref_axis',(1.,0.,0.));
#9412=DIRECTION('',(0.,0.,1.));
#9413=DIRECTION('center_axis',(0.,0.,-1.));
#9414=DIRECTION('ref_axis',(1.,0.,0.));
#9415=DIRECTION('center_axis',(0.,0.,1.));
#9416=DIRECTION('ref_axis',(1.,0.,0.));
#9417=DIRECTION('center_axis',(0.,0.,-1.));
#9418=DIRECTION('ref_axis',(1.,0.,0.));
#9419=DIRECTION('',(0.,0.,1.));
#9420=DIRECTION('center_axis',(0.,0.,-1.));
#9421=DIRECTION('ref_axis',(1.,0.,0.));
#9422=DIRECTION('center_axis',(0.,0.,1.));
#9423=DIRECTION('ref_axis',(1.,0.,0.));
#9424=DIRECTION('center_axis',(0.,0.,-1.));
#9425=DIRECTION('ref_axis',(1.,0.,0.));
#9426=DIRECTION('',(0.,0.,1.));
#9427=DIRECTION('center_axis',(0.,0.,-1.));
#9428=DIRECTION('ref_axis',(1.,0.,0.));
#9429=DIRECTION('center_axis',(0.,0.,1.));
#9430=DIRECTION('ref_axis',(1.,0.,0.));
#9431=DIRECTION('center_axis',(0.,0.,-1.));
#9432=DIRECTION('ref_axis',(1.,0.,0.));
#9433=DIRECTION('',(0.,0.,1.));
#9434=DIRECTION('center_axis',(0.,0.,-1.));
#9435=DIRECTION('ref_axis',(1.,0.,0.));
#9436=DIRECTION('center_axis',(0.,0.,1.));
#9437=DIRECTION('ref_axis',(1.,0.,0.));
#9438=DIRECTION('center_axis',(0.,0.,-1.));
#9439=DIRECTION('ref_axis',(1.,0.,0.));
#9440=DIRECTION('',(0.,0.,1.));
#9441=DIRECTION('center_axis',(0.,0.,-1.));
#9442=DIRECTION('ref_axis',(1.,0.,0.));
#9443=DIRECTION('center_axis',(0.,0.,1.));
#9444=DIRECTION('ref_axis',(1.,0.,0.));
#9445=DIRECTION('center_axis',(0.,0.,-1.));
#9446=DIRECTION('ref_axis',(1.,0.,0.));
#9447=DIRECTION('',(0.,0.,1.));
#9448=DIRECTION('center_axis',(0.,0.,-1.));
#9449=DIRECTION('ref_axis',(1.,0.,0.));
#9450=DIRECTION('center_axis',(0.,0.,1.));
#9451=DIRECTION('ref_axis',(1.,0.,0.));
#9452=DIRECTION('center_axis',(0.,0.,-1.));
#9453=DIRECTION('ref_axis',(1.,0.,0.));
#9454=DIRECTION('',(0.,0.,1.));
#9455=DIRECTION('center_axis',(0.,0.,-1.));
#9456=DIRECTION('ref_axis',(1.,0.,0.));
#9457=DIRECTION('center_axis',(0.,0.,1.));
#9458=DIRECTION('ref_axis',(1.,0.,0.));
#9459=DIRECTION('center_axis',(0.,0.,-1.));
#9460=DIRECTION('ref_axis',(1.,0.,0.));
#9461=DIRECTION('',(0.,0.,1.));
#9462=DIRECTION('center_axis',(0.,0.,-1.));
#9463=DIRECTION('ref_axis',(1.,0.,0.));
#9464=DIRECTION('center_axis',(0.,0.,1.));
#9465=DIRECTION('ref_axis',(1.,0.,0.));
#9466=DIRECTION('center_axis',(0.,0.,-1.));
#9467=DIRECTION('ref_axis',(1.,0.,0.));
#9468=DIRECTION('',(0.,0.,1.));
#9469=DIRECTION('center_axis',(0.,0.,-1.));
#9470=DIRECTION('ref_axis',(1.,0.,0.));
#9471=DIRECTION('center_axis',(0.,0.,1.));
#9472=DIRECTION('ref_axis',(1.,0.,0.));
#9473=DIRECTION('center_axis',(0.,0.,-1.));
#9474=DIRECTION('ref_axis',(1.,0.,0.));
#9475=DIRECTION('',(0.,0.,1.));
#9476=DIRECTION('center_axis',(0.,0.,-1.));
#9477=DIRECTION('ref_axis',(1.,0.,0.));
#9478=DIRECTION('center_axis',(0.,0.,1.));
#9479=DIRECTION('ref_axis',(1.,0.,0.));
#9480=DIRECTION('center_axis',(0.,0.,-1.));
#9481=DIRECTION('ref_axis',(1.,0.,0.));
#9482=DIRECTION('',(0.,0.,1.));
#9483=DIRECTION('center_axis',(0.,0.,-1.));
#9484=DIRECTION('ref_axis',(1.,0.,0.));
#9485=DIRECTION('center_axis',(0.,0.,1.));
#9486=DIRECTION('ref_axis',(1.,0.,0.));
#9487=DIRECTION('center_axis',(0.,0.,-1.));
#9488=DIRECTION('ref_axis',(1.,0.,0.));
#9489=DIRECTION('',(0.,0.,1.));
#9490=DIRECTION('center_axis',(0.,0.,-1.));
#9491=DIRECTION('ref_axis',(1.,0.,0.));
#9492=DIRECTION('center_axis',(0.,0.,1.));
#9493=DIRECTION('ref_axis',(1.,0.,0.));
#9494=DIRECTION('center_axis',(0.,0.,-1.));
#9495=DIRECTION('ref_axis',(1.,0.,0.));
#9496=DIRECTION('',(0.,0.,1.));
#9497=DIRECTION('center_axis',(0.,0.,-1.));
#9498=DIRECTION('ref_axis',(1.,0.,0.));
#9499=DIRECTION('center_axis',(0.,0.,1.));
#9500=DIRECTION('ref_axis',(1.,0.,0.));
#9501=DIRECTION('center_axis',(0.,0.,-1.));
#9502=DIRECTION('ref_axis',(1.,0.,0.));
#9503=DIRECTION('',(0.,0.,1.));
#9504=DIRECTION('center_axis',(0.,0.,-1.));
#9505=DIRECTION('ref_axis',(1.,0.,0.));
#9506=DIRECTION('center_axis',(0.,0.,1.));
#9507=DIRECTION('ref_axis',(1.,0.,0.));
#9508=DIRECTION('center_axis',(0.,0.,-1.));
#9509=DIRECTION('ref_axis',(1.,0.,0.));
#9510=DIRECTION('',(0.,0.,1.));
#9511=DIRECTION('center_axis',(0.,0.,-1.));
#9512=DIRECTION('ref_axis',(1.,0.,0.));
#9513=DIRECTION('center_axis',(0.,0.,1.));
#9514=DIRECTION('ref_axis',(1.,0.,0.));
#9515=DIRECTION('center_axis',(0.,0.,-1.));
#9516=DIRECTION('ref_axis',(1.,0.,0.));
#9517=DIRECTION('',(0.,0.,1.));
#9518=DIRECTION('center_axis',(0.,0.,-1.));
#9519=DIRECTION('ref_axis',(1.,0.,0.));
#9520=DIRECTION('center_axis',(0.,0.,1.));
#9521=DIRECTION('ref_axis',(1.,0.,0.));
#9522=DIRECTION('center_axis',(0.,0.,-1.));
#9523=DIRECTION('ref_axis',(1.,0.,0.));
#9524=DIRECTION('',(0.,0.,1.));
#9525=DIRECTION('center_axis',(0.,0.,-1.));
#9526=DIRECTION('ref_axis',(1.,0.,0.));
#9527=DIRECTION('center_axis',(0.,0.,1.));
#9528=DIRECTION('ref_axis',(1.,0.,0.));
#9529=DIRECTION('center_axis',(0.,0.,-1.));
#9530=DIRECTION('ref_axis',(1.,0.,0.));
#9531=DIRECTION('',(0.,0.,1.));
#9532=DIRECTION('center_axis',(0.,0.,-1.));
#9533=DIRECTION('ref_axis',(1.,0.,0.));
#9534=DIRECTION('center_axis',(0.,0.,1.));
#9535=DIRECTION('ref_axis',(1.,0.,0.));
#9536=DIRECTION('center_axis',(0.,0.,-1.));
#9537=DIRECTION('ref_axis',(1.,0.,0.));
#9538=DIRECTION('',(0.,0.,1.));
#9539=DIRECTION('center_axis',(0.,0.,-1.));
#9540=DIRECTION('ref_axis',(1.,0.,0.));
#9541=DIRECTION('center_axis',(0.,0.,1.));
#9542=DIRECTION('ref_axis',(1.,0.,0.));
#9543=DIRECTION('center_axis',(0.,0.,-1.));
#9544=DIRECTION('ref_axis',(1.,0.,0.));
#9545=DIRECTION('',(0.,0.,1.));
#9546=DIRECTION('center_axis',(0.,0.,-1.));
#9547=DIRECTION('ref_axis',(1.,0.,0.));
#9548=DIRECTION('center_axis',(0.,0.,1.));
#9549=DIRECTION('ref_axis',(1.,0.,0.));
#9550=DIRECTION('center_axis',(0.,0.,-1.));
#9551=DIRECTION('ref_axis',(1.,0.,0.));
#9552=DIRECTION('',(0.,0.,1.));
#9553=DIRECTION('center_axis',(0.,0.,-1.));
#9554=DIRECTION('ref_axis',(1.,0.,0.));
#9555=DIRECTION('center_axis',(0.,0.,1.));
#9556=DIRECTION('ref_axis',(1.,0.,0.));
#9557=DIRECTION('center_axis',(0.,0.,-1.));
#9558=DIRECTION('ref_axis',(1.,0.,0.));
#9559=DIRECTION('',(0.,0.,1.));
#9560=DIRECTION('center_axis',(0.,0.,-1.));
#9561=DIRECTION('ref_axis',(1.,0.,0.));
#9562=DIRECTION('center_axis',(0.,0.,1.));
#9563=DIRECTION('ref_axis',(1.,0.,0.));
#9564=DIRECTION('center_axis',(0.,0.,-1.));
#9565=DIRECTION('ref_axis',(1.,0.,0.));
#9566=DIRECTION('',(0.,0.,1.));
#9567=DIRECTION('center_axis',(0.,0.,-1.));
#9568=DIRECTION('ref_axis',(1.,0.,0.));
#9569=DIRECTION('center_axis',(0.,0.,1.));
#9570=DIRECTION('ref_axis',(1.,0.,0.));
#9571=DIRECTION('center_axis',(0.,0.,-1.));
#9572=DIRECTION('ref_axis',(1.,0.,0.));
#9573=DIRECTION('',(0.,0.,1.));
#9574=DIRECTION('center_axis',(0.,0.,-1.));
#9575=DIRECTION('ref_axis',(1.,0.,0.));
#9576=DIRECTION('center_axis',(0.,0.,1.));
#9577=DIRECTION('ref_axis',(1.,0.,0.));
#9578=DIRECTION('center_axis',(0.,0.,-1.));
#9579=DIRECTION('ref_axis',(1.,0.,0.));
#9580=DIRECTION('',(0.,0.,1.));
#9581=DIRECTION('center_axis',(0.,0.,-1.));
#9582=DIRECTION('ref_axis',(1.,0.,0.));
#9583=DIRECTION('center_axis',(0.,0.,1.));
#9584=DIRECTION('ref_axis',(1.,0.,0.));
#9585=DIRECTION('center_axis',(0.,0.,-1.));
#9586=DIRECTION('ref_axis',(1.,0.,0.));
#9587=DIRECTION('',(0.,0.,1.));
#9588=DIRECTION('center_axis',(0.,0.,-1.));
#9589=DIRECTION('ref_axis',(1.,0.,0.));
#9590=DIRECTION('center_axis',(0.,0.,1.));
#9591=DIRECTION('ref_axis',(1.,0.,0.));
#9592=DIRECTION('center_axis',(0.,0.,-1.));
#9593=DIRECTION('ref_axis',(1.,0.,0.));
#9594=DIRECTION('',(0.,0.,1.));
#9595=DIRECTION('center_axis',(0.,0.,-1.));
#9596=DIRECTION('ref_axis',(1.,0.,0.));
#9597=DIRECTION('center_axis',(0.,0.,1.));
#9598=DIRECTION('ref_axis',(1.,0.,0.));
#9599=DIRECTION('center_axis',(0.,0.,-1.));
#9600=DIRECTION('ref_axis',(1.,0.,0.));
#9601=DIRECTION('',(0.,0.,1.));
#9602=DIRECTION('center_axis',(0.,0.,-1.));
#9603=DIRECTION('ref_axis',(1.,0.,0.));
#9604=DIRECTION('center_axis',(0.,0.,1.));
#9605=DIRECTION('ref_axis',(1.,0.,0.));
#9606=DIRECTION('center_axis',(0.,0.,-1.));
#9607=DIRECTION('ref_axis',(1.,0.,0.));
#9608=DIRECTION('',(0.,0.,1.));
#9609=DIRECTION('center_axis',(0.,0.,-1.));
#9610=DIRECTION('ref_axis',(1.,0.,0.));
#9611=DIRECTION('center_axis',(0.,0.,1.));
#9612=DIRECTION('ref_axis',(1.,0.,0.));
#9613=DIRECTION('center_axis',(0.,0.,-1.));
#9614=DIRECTION('ref_axis',(1.,0.,0.));
#9615=DIRECTION('',(0.,0.,1.));
#9616=DIRECTION('center_axis',(0.,0.,-1.));
#9617=DIRECTION('ref_axis',(1.,0.,0.));
#9618=DIRECTION('center_axis',(0.,0.,1.));
#9619=DIRECTION('ref_axis',(1.,0.,0.));
#9620=DIRECTION('center_axis',(0.,0.,-1.));
#9621=DIRECTION('ref_axis',(1.,0.,0.));
#9622=DIRECTION('',(0.,0.,1.));
#9623=DIRECTION('center_axis',(0.,0.,-1.));
#9624=DIRECTION('ref_axis',(1.,0.,0.));
#9625=DIRECTION('center_axis',(0.,0.,1.));
#9626=DIRECTION('ref_axis',(1.,0.,0.));
#9627=DIRECTION('center_axis',(0.,0.,-1.));
#9628=DIRECTION('ref_axis',(1.,0.,0.));
#9629=DIRECTION('',(0.,0.,1.));
#9630=DIRECTION('center_axis',(0.,0.,-1.));
#9631=DIRECTION('ref_axis',(1.,0.,0.));
#9632=DIRECTION('center_axis',(0.,0.,1.));
#9633=DIRECTION('ref_axis',(1.,0.,0.));
#9634=DIRECTION('center_axis',(0.,0.,-1.));
#9635=DIRECTION('ref_axis',(1.,0.,0.));
#9636=DIRECTION('',(0.,0.,1.));
#9637=DIRECTION('center_axis',(0.,0.,-1.));
#9638=DIRECTION('ref_axis',(1.,0.,0.));
#9639=DIRECTION('center_axis',(0.,0.,1.));
#9640=DIRECTION('ref_axis',(1.,0.,0.));
#9641=DIRECTION('center_axis',(0.,0.,-1.));
#9642=DIRECTION('ref_axis',(1.,0.,0.));
#9643=DIRECTION('',(0.,0.,1.));
#9644=DIRECTION('center_axis',(0.,0.,-1.));
#9645=DIRECTION('ref_axis',(1.,0.,0.));
#9646=DIRECTION('center_axis',(0.,0.,1.));
#9647=DIRECTION('ref_axis',(1.,0.,0.));
#9648=DIRECTION('center_axis',(0.,0.,-1.));
#9649=DIRECTION('ref_axis',(1.,0.,0.));
#9650=DIRECTION('',(0.,0.,1.));
#9651=DIRECTION('center_axis',(0.,0.,-1.));
#9652=DIRECTION('ref_axis',(1.,0.,0.));
#9653=DIRECTION('center_axis',(0.,0.,1.));
#9654=DIRECTION('ref_axis',(1.,0.,0.));
#9655=DIRECTION('center_axis',(0.,0.,-1.));
#9656=DIRECTION('ref_axis',(1.,0.,0.));
#9657=DIRECTION('',(0.,0.,1.));
#9658=DIRECTION('center_axis',(0.,0.,-1.));
#9659=DIRECTION('ref_axis',(1.,0.,0.));
#9660=DIRECTION('center_axis',(0.,0.,1.));
#9661=DIRECTION('ref_axis',(1.,0.,0.));
#9662=DIRECTION('center_axis',(0.,0.,-1.));
#9663=DIRECTION('ref_axis',(1.,0.,0.));
#9664=DIRECTION('',(0.,0.,1.));
#9665=DIRECTION('center_axis',(0.,0.,-1.));
#9666=DIRECTION('ref_axis',(1.,0.,0.));
#9667=DIRECTION('center_axis',(0.,0.,1.));
#9668=DIRECTION('ref_axis',(1.,0.,0.));
#9669=DIRECTION('center_axis',(0.,0.,-1.));
#9670=DIRECTION('ref_axis',(1.,0.,0.));
#9671=DIRECTION('',(0.,0.,1.));
#9672=DIRECTION('center_axis',(0.,0.,-1.));
#9673=DIRECTION('ref_axis',(1.,0.,0.));
#9674=DIRECTION('center_axis',(0.,0.,1.));
#9675=DIRECTION('ref_axis',(1.,0.,0.));
#9676=DIRECTION('center_axis',(0.,0.,-1.));
#9677=DIRECTION('ref_axis',(1.,0.,0.));
#9678=DIRECTION('',(0.,0.,1.));
#9679=DIRECTION('center_axis',(0.,0.,-1.));
#9680=DIRECTION('ref_axis',(1.,0.,0.));
#9681=DIRECTION('center_axis',(0.,0.,1.));
#9682=DIRECTION('ref_axis',(1.,0.,0.));
#9683=DIRECTION('center_axis',(0.,0.,-1.));
#9684=DIRECTION('ref_axis',(1.,0.,0.));
#9685=DIRECTION('',(0.,0.,1.));
#9686=DIRECTION('center_axis',(0.,0.,-1.));
#9687=DIRECTION('ref_axis',(1.,0.,0.));
#9688=DIRECTION('center_axis',(0.,0.,1.));
#9689=DIRECTION('ref_axis',(1.,0.,0.));
#9690=DIRECTION('center_axis',(0.,0.,-1.));
#9691=DIRECTION('ref_axis',(1.,0.,0.));
#9692=DIRECTION('',(0.,0.,1.));
#9693=DIRECTION('center_axis',(0.,0.,-1.));
#9694=DIRECTION('ref_axis',(1.,0.,0.));
#9695=DIRECTION('center_axis',(0.,0.,1.));
#9696=DIRECTION('ref_axis',(1.,0.,0.));
#9697=DIRECTION('center_axis',(0.,0.,-1.));
#9698=DIRECTION('ref_axis',(1.,0.,0.));
#9699=DIRECTION('',(0.,0.,1.));
#9700=DIRECTION('center_axis',(0.,0.,-1.));
#9701=DIRECTION('ref_axis',(1.,0.,0.));
#9702=DIRECTION('center_axis',(0.,0.,1.));
#9703=DIRECTION('ref_axis',(1.,0.,0.));
#9704=DIRECTION('center_axis',(0.,0.,-1.));
#9705=DIRECTION('ref_axis',(1.,0.,0.));
#9706=DIRECTION('',(0.,0.,1.));
#9707=DIRECTION('center_axis',(0.,0.,-1.));
#9708=DIRECTION('ref_axis',(1.,0.,0.));
#9709=DIRECTION('center_axis',(0.,0.,1.));
#9710=DIRECTION('ref_axis',(1.,0.,0.));
#9711=DIRECTION('center_axis',(0.,0.,-1.));
#9712=DIRECTION('ref_axis',(1.,0.,0.));
#9713=DIRECTION('',(0.,0.,1.));
#9714=DIRECTION('center_axis',(0.,0.,-1.));
#9715=DIRECTION('ref_axis',(1.,0.,0.));
#9716=DIRECTION('center_axis',(0.,0.,1.));
#9717=DIRECTION('ref_axis',(1.,0.,0.));
#9718=DIRECTION('center_axis',(0.,0.,-1.));
#9719=DIRECTION('ref_axis',(1.,0.,0.));
#9720=DIRECTION('',(0.,0.,1.));
#9721=DIRECTION('center_axis',(0.,0.,-1.));
#9722=DIRECTION('ref_axis',(1.,0.,0.));
#9723=DIRECTION('center_axis',(0.,0.,1.));
#9724=DIRECTION('ref_axis',(1.,0.,0.));
#9725=DIRECTION('center_axis',(0.,0.,-1.));
#9726=DIRECTION('ref_axis',(1.,0.,0.));
#9727=DIRECTION('',(0.,0.,1.));
#9728=DIRECTION('center_axis',(0.,0.,-1.));
#9729=DIRECTION('ref_axis',(1.,0.,0.));
#9730=DIRECTION('center_axis',(0.,0.,1.));
#9731=DIRECTION('ref_axis',(1.,0.,0.));
#9732=DIRECTION('center_axis',(0.,0.,-1.));
#9733=DIRECTION('ref_axis',(1.,0.,0.));
#9734=DIRECTION('',(0.,0.,1.));
#9735=DIRECTION('center_axis',(0.,0.,-1.));
#9736=DIRECTION('ref_axis',(1.,0.,0.));
#9737=DIRECTION('center_axis',(0.,0.,1.));
#9738=DIRECTION('ref_axis',(1.,0.,0.));
#9739=DIRECTION('center_axis',(0.,0.,-1.));
#9740=DIRECTION('ref_axis',(1.,0.,0.));
#9741=DIRECTION('',(0.,0.,1.));
#9742=DIRECTION('center_axis',(0.,0.,-1.));
#9743=DIRECTION('ref_axis',(1.,0.,0.));
#9744=DIRECTION('center_axis',(0.,0.,1.));
#9745=DIRECTION('ref_axis',(1.,0.,0.));
#9746=DIRECTION('center_axis',(0.,0.,-1.));
#9747=DIRECTION('ref_axis',(1.,0.,0.));
#9748=DIRECTION('',(0.,0.,1.));
#9749=DIRECTION('center_axis',(0.,0.,-1.));
#9750=DIRECTION('ref_axis',(1.,0.,0.));
#9751=DIRECTION('center_axis',(0.,0.,1.));
#9752=DIRECTION('ref_axis',(1.,0.,0.));
#9753=DIRECTION('center_axis',(0.,0.,-1.));
#9754=DIRECTION('ref_axis',(1.,0.,0.));
#9755=DIRECTION('',(0.,0.,1.));
#9756=DIRECTION('center_axis',(0.,0.,-1.));
#9757=DIRECTION('ref_axis',(1.,0.,0.));
#9758=DIRECTION('center_axis',(0.,0.,1.));
#9759=DIRECTION('ref_axis',(1.,0.,0.));
#9760=DIRECTION('center_axis',(0.,0.,-1.));
#9761=DIRECTION('ref_axis',(1.,0.,0.));
#9762=DIRECTION('',(0.,0.,1.));
#9763=DIRECTION('center_axis',(0.,0.,-1.));
#9764=DIRECTION('ref_axis',(1.,0.,0.));
#9765=DIRECTION('center_axis',(0.,0.,1.));
#9766=DIRECTION('ref_axis',(1.,0.,0.));
#9767=DIRECTION('center_axis',(0.,0.,-1.));
#9768=DIRECTION('ref_axis',(1.,0.,0.));
#9769=DIRECTION('',(0.,0.,1.));
#9770=DIRECTION('center_axis',(0.,0.,-1.));
#9771=DIRECTION('ref_axis',(1.,0.,0.));
#9772=DIRECTION('center_axis',(0.,0.,1.));
#9773=DIRECTION('ref_axis',(1.,0.,0.));
#9774=DIRECTION('center_axis',(0.,0.,-1.));
#9775=DIRECTION('ref_axis',(1.,0.,0.));
#9776=DIRECTION('',(0.,0.,1.));
#9777=DIRECTION('center_axis',(0.,0.,-1.));
#9778=DIRECTION('ref_axis',(1.,0.,0.));
#9779=DIRECTION('center_axis',(0.,0.,1.));
#9780=DIRECTION('ref_axis',(1.,0.,0.));
#9781=DIRECTION('center_axis',(0.,0.,-1.));
#9782=DIRECTION('ref_axis',(1.,0.,0.));
#9783=DIRECTION('',(0.,0.,1.));
#9784=DIRECTION('center_axis',(0.,0.,-1.));
#9785=DIRECTION('ref_axis',(1.,0.,0.));
#9786=DIRECTION('center_axis',(0.,0.,1.));
#9787=DIRECTION('ref_axis',(1.,0.,0.));
#9788=DIRECTION('center_axis',(0.,0.,-1.));
#9789=DIRECTION('ref_axis',(1.,0.,0.));
#9790=DIRECTION('',(0.,0.,1.));
#9791=DIRECTION('center_axis',(0.,0.,-1.));
#9792=DIRECTION('ref_axis',(1.,0.,0.));
#9793=DIRECTION('center_axis',(0.,0.,1.));
#9794=DIRECTION('ref_axis',(1.,0.,0.));
#9795=DIRECTION('center_axis',(0.,0.,-1.));
#9796=DIRECTION('ref_axis',(1.,0.,0.));
#9797=DIRECTION('',(0.,0.,1.));
#9798=DIRECTION('center_axis',(0.,0.,-1.));
#9799=DIRECTION('ref_axis',(1.,0.,0.));
#9800=DIRECTION('center_axis',(0.,0.,1.));
#9801=DIRECTION('ref_axis',(1.,0.,0.));
#9802=DIRECTION('center_axis',(0.,0.,-1.));
#9803=DIRECTION('ref_axis',(1.,0.,0.));
#9804=DIRECTION('',(0.,0.,1.));
#9805=DIRECTION('center_axis',(0.,0.,-1.));
#9806=DIRECTION('ref_axis',(1.,0.,0.));
#9807=DIRECTION('center_axis',(0.,0.,1.));
#9808=DIRECTION('ref_axis',(1.,0.,0.));
#9809=DIRECTION('center_axis',(0.,0.,-1.));
#9810=DIRECTION('ref_axis',(1.,0.,0.));
#9811=DIRECTION('',(0.,0.,1.));
#9812=DIRECTION('center_axis',(0.,0.,-1.));
#9813=DIRECTION('ref_axis',(1.,0.,0.));
#9814=DIRECTION('center_axis',(0.,0.,1.));
#9815=DIRECTION('ref_axis',(1.,0.,0.));
#9816=DIRECTION('center_axis',(0.,0.,-1.));
#9817=DIRECTION('ref_axis',(1.,0.,0.));
#9818=DIRECTION('',(0.,0.,1.));
#9819=DIRECTION('center_axis',(0.,0.,-1.));
#9820=DIRECTION('ref_axis',(1.,0.,0.));
#9821=DIRECTION('center_axis',(0.,0.,1.));
#9822=DIRECTION('ref_axis',(1.,0.,0.));
#9823=DIRECTION('center_axis',(0.,0.,-1.));
#9824=DIRECTION('ref_axis',(1.,0.,0.));
#9825=DIRECTION('',(0.,0.,1.));
#9826=DIRECTION('center_axis',(0.,0.,-1.));
#9827=DIRECTION('ref_axis',(1.,0.,0.));
#9828=DIRECTION('center_axis',(0.,0.,1.));
#9829=DIRECTION('ref_axis',(1.,0.,0.));
#9830=DIRECTION('center_axis',(0.,0.,-1.));
#9831=DIRECTION('ref_axis',(1.,0.,0.));
#9832=DIRECTION('',(0.,0.,1.));
#9833=DIRECTION('center_axis',(0.,0.,-1.));
#9834=DIRECTION('ref_axis',(1.,0.,0.));
#9835=DIRECTION('center_axis',(0.,0.,1.));
#9836=DIRECTION('ref_axis',(1.,0.,0.));
#9837=DIRECTION('center_axis',(0.,0.,-1.));
#9838=DIRECTION('ref_axis',(1.,0.,0.));
#9839=DIRECTION('',(0.,0.,1.));
#9840=DIRECTION('center_axis',(0.,0.,-1.));
#9841=DIRECTION('ref_axis',(1.,0.,0.));
#9842=DIRECTION('center_axis',(0.,0.,1.));
#9843=DIRECTION('ref_axis',(1.,0.,0.));
#9844=DIRECTION('center_axis',(0.,0.,-1.));
#9845=DIRECTION('ref_axis',(1.,0.,0.));
#9846=DIRECTION('',(0.,0.,1.));
#9847=DIRECTION('center_axis',(0.,0.,-1.));
#9848=DIRECTION('ref_axis',(1.,0.,0.));
#9849=DIRECTION('center_axis',(0.,0.,1.));
#9850=DIRECTION('ref_axis',(1.,0.,0.));
#9851=DIRECTION('center_axis',(0.,0.,-1.));
#9852=DIRECTION('ref_axis',(1.,0.,0.));
#9853=DIRECTION('',(0.,0.,1.));
#9854=DIRECTION('center_axis',(0.,0.,-1.));
#9855=DIRECTION('ref_axis',(1.,0.,0.));
#9856=DIRECTION('center_axis',(0.,0.,1.));
#9857=DIRECTION('ref_axis',(1.,0.,0.));
#9858=DIRECTION('center_axis',(0.,0.,-1.));
#9859=DIRECTION('ref_axis',(1.,0.,0.));
#9860=DIRECTION('',(0.,0.,1.));
#9861=DIRECTION('center_axis',(0.,0.,-1.));
#9862=DIRECTION('ref_axis',(1.,0.,0.));
#9863=DIRECTION('center_axis',(0.,0.,1.));
#9864=DIRECTION('ref_axis',(1.,0.,0.));
#9865=DIRECTION('center_axis',(0.,0.,-1.));
#9866=DIRECTION('ref_axis',(1.,0.,0.));
#9867=DIRECTION('',(0.,0.,1.));
#9868=DIRECTION('center_axis',(0.,0.,-1.));
#9869=DIRECTION('ref_axis',(1.,0.,0.));
#9870=DIRECTION('center_axis',(0.,0.,1.));
#9871=DIRECTION('ref_axis',(1.,0.,0.));
#9872=DIRECTION('center_axis',(0.,0.,-1.));
#9873=DIRECTION('ref_axis',(1.,0.,0.));
#9874=DIRECTION('',(0.,0.,1.));
#9875=DIRECTION('center_axis',(0.,0.,-1.));
#9876=DIRECTION('ref_axis',(1.,0.,0.));
#9877=DIRECTION('center_axis',(0.,0.,1.));
#9878=DIRECTION('ref_axis',(1.,0.,0.));
#9879=DIRECTION('center_axis',(0.,0.,-1.));
#9880=DIRECTION('ref_axis',(1.,0.,0.));
#9881=DIRECTION('',(0.,0.,1.));
#9882=DIRECTION('center_axis',(0.,0.,-1.));
#9883=DIRECTION('ref_axis',(1.,0.,0.));
#9884=DIRECTION('center_axis',(0.,0.,1.));
#9885=DIRECTION('ref_axis',(1.,0.,0.));
#9886=DIRECTION('center_axis',(0.,0.,-1.));
#9887=DIRECTION('ref_axis',(1.,0.,0.));
#9888=DIRECTION('',(0.,0.,1.));
#9889=DIRECTION('center_axis',(0.,0.,-1.));
#9890=DIRECTION('ref_axis',(1.,0.,0.));
#9891=DIRECTION('center_axis',(0.,0.,1.));
#9892=DIRECTION('ref_axis',(1.,0.,0.));
#9893=DIRECTION('center_axis',(0.,0.,-1.));
#9894=DIRECTION('ref_axis',(1.,0.,0.));
#9895=DIRECTION('',(0.,0.,1.));
#9896=DIRECTION('center_axis',(0.,0.,-1.));
#9897=DIRECTION('ref_axis',(1.,0.,0.));
#9898=DIRECTION('center_axis',(0.,0.,1.));
#9899=DIRECTION('ref_axis',(1.,0.,0.));
#9900=DIRECTION('center_axis',(0.,0.,-1.));
#9901=DIRECTION('ref_axis',(1.,0.,0.));
#9902=DIRECTION('',(0.,0.,1.));
#9903=DIRECTION('center_axis',(0.,0.,-1.));
#9904=DIRECTION('ref_axis',(1.,0.,0.));
#9905=DIRECTION('center_axis',(0.,0.,1.));
#9906=DIRECTION('ref_axis',(1.,0.,0.));
#9907=DIRECTION('center_axis',(0.,0.,-1.));
#9908=DIRECTION('ref_axis',(1.,0.,0.));
#9909=DIRECTION('',(0.,0.,1.));
#9910=DIRECTION('center_axis',(0.,0.,-1.));
#9911=DIRECTION('ref_axis',(1.,0.,0.));
#9912=DIRECTION('center_axis',(0.,0.,1.));
#9913=DIRECTION('ref_axis',(1.,0.,0.));
#9914=DIRECTION('center_axis',(0.,0.,-1.));
#9915=DIRECTION('ref_axis',(1.,0.,0.));
#9916=DIRECTION('',(0.,0.,1.));
#9917=DIRECTION('center_axis',(0.,0.,-1.));
#9918=DIRECTION('ref_axis',(1.,0.,0.));
#9919=DIRECTION('center_axis',(0.,0.,1.));
#9920=DIRECTION('ref_axis',(1.,0.,0.));
#9921=DIRECTION('center_axis',(0.,0.,-1.));
#9922=DIRECTION('ref_axis',(1.,0.,0.));
#9923=DIRECTION('',(0.,0.,1.));
#9924=DIRECTION('center_axis',(0.,0.,-1.));
#9925=DIRECTION('ref_axis',(1.,0.,0.));
#9926=DIRECTION('center_axis',(0.,0.,1.));
#9927=DIRECTION('ref_axis',(1.,0.,0.));
#9928=DIRECTION('center_axis',(0.,0.,-1.));
#9929=DIRECTION('ref_axis',(1.,0.,0.));
#9930=DIRECTION('',(0.,0.,1.));
#9931=DIRECTION('center_axis',(0.,0.,-1.));
#9932=DIRECTION('ref_axis',(1.,0.,0.));
#9933=DIRECTION('center_axis',(0.,0.,1.));
#9934=DIRECTION('ref_axis',(1.,0.,0.));
#9935=DIRECTION('center_axis',(0.,0.,-1.));
#9936=DIRECTION('ref_axis',(1.,0.,0.));
#9937=DIRECTION('',(0.,0.,1.));
#9938=DIRECTION('center_axis',(0.,0.,-1.));
#9939=DIRECTION('ref_axis',(1.,0.,0.));
#9940=DIRECTION('center_axis',(0.,0.,1.));
#9941=DIRECTION('ref_axis',(1.,0.,0.));
#9942=DIRECTION('center_axis',(0.,0.,-1.));
#9943=DIRECTION('ref_axis',(1.,0.,0.));
#9944=DIRECTION('',(0.,0.,1.));
#9945=DIRECTION('center_axis',(0.,0.,-1.));
#9946=DIRECTION('ref_axis',(1.,0.,0.));
#9947=DIRECTION('center_axis',(0.,0.,1.));
#9948=DIRECTION('ref_axis',(1.,0.,0.));
#9949=DIRECTION('center_axis',(0.,0.,-1.));
#9950=DIRECTION('ref_axis',(1.,0.,0.));
#9951=DIRECTION('',(0.,0.,1.));
#9952=DIRECTION('center_axis',(0.,0.,-1.));
#9953=DIRECTION('ref_axis',(1.,0.,0.));
#9954=DIRECTION('center_axis',(0.,0.,1.));
#9955=DIRECTION('ref_axis',(1.,0.,0.));
#9956=DIRECTION('center_axis',(0.,0.,-1.));
#9957=DIRECTION('ref_axis',(1.,0.,0.));
#9958=DIRECTION('',(0.,0.,1.));
#9959=DIRECTION('center_axis',(0.,0.,-1.));
#9960=DIRECTION('ref_axis',(1.,0.,0.));
#9961=DIRECTION('center_axis',(0.,0.,1.));
#9962=DIRECTION('ref_axis',(1.,0.,0.));
#9963=DIRECTION('center_axis',(0.,0.,-1.));
#9964=DIRECTION('ref_axis',(1.,0.,0.));
#9965=DIRECTION('',(0.,0.,1.));
#9966=DIRECTION('center_axis',(0.,0.,-1.));
#9967=DIRECTION('ref_axis',(1.,0.,0.));
#9968=DIRECTION('center_axis',(0.,0.,1.));
#9969=DIRECTION('ref_axis',(1.,0.,0.));
#9970=DIRECTION('center_axis',(0.,0.,-1.));
#9971=DIRECTION('ref_axis',(1.,0.,0.));
#9972=DIRECTION('',(0.,0.,1.));
#9973=DIRECTION('center_axis',(0.,0.,-1.));
#9974=DIRECTION('ref_axis',(1.,0.,0.));
#9975=DIRECTION('center_axis',(0.,0.,1.));
#9976=DIRECTION('ref_axis',(1.,0.,0.));
#9977=DIRECTION('center_axis',(0.,0.,-1.));
#9978=DIRECTION('ref_axis',(1.,0.,0.));
#9979=DIRECTION('',(0.,0.,1.));
#9980=DIRECTION('center_axis',(0.,0.,-1.));
#9981=DIRECTION('ref_axis',(1.,0.,0.));
#9982=DIRECTION('center_axis',(0.,0.,1.));
#9983=DIRECTION('ref_axis',(1.,0.,0.));
#9984=DIRECTION('center_axis',(0.,0.,-1.));
#9985=DIRECTION('ref_axis',(1.,0.,0.));
#9986=DIRECTION('',(0.,0.,1.));
#9987=DIRECTION('center_axis',(0.,0.,-1.));
#9988=DIRECTION('ref_axis',(1.,0.,0.));
#9989=DIRECTION('center_axis',(0.,0.,1.));
#9990=DIRECTION('ref_axis',(1.,0.,0.));
#9991=DIRECTION('center_axis',(0.,0.,-1.));
#9992=DIRECTION('ref_axis',(1.,0.,0.));
#9993=DIRECTION('',(0.,0.,1.));
#9994=DIRECTION('center_axis',(0.,0.,-1.));
#9995=DIRECTION('ref_axis',(1.,0.,0.));
#9996=DIRECTION('center_axis',(0.,0.,1.));
#9997=DIRECTION('ref_axis',(1.,0.,0.));
#9998=DIRECTION('center_axis',(0.,0.,-1.));
#9999=DIRECTION('ref_axis',(1.,0.,0.));
#10000=DIRECTION('',(0.,0.,1.));
#10001=DIRECTION('center_axis',(0.,0.,-1.));
#10002=DIRECTION('ref_axis',(1.,0.,0.));
#10003=DIRECTION('center_axis',(0.,0.,1.));
#10004=DIRECTION('ref_axis',(1.,0.,0.));
#10005=DIRECTION('center_axis',(0.,0.,-1.));
#10006=DIRECTION('ref_axis',(1.,0.,0.));
#10007=DIRECTION('',(0.,0.,1.));
#10008=DIRECTION('center_axis',(0.,0.,-1.));
#10009=DIRECTION('ref_axis',(1.,0.,0.));
#10010=DIRECTION('center_axis',(0.,0.,1.));
#10011=DIRECTION('ref_axis',(1.,0.,0.));
#10012=DIRECTION('center_axis',(0.,0.,-1.));
#10013=DIRECTION('ref_axis',(1.,0.,0.));
#10014=DIRECTION('',(0.,0.,1.));
#10015=DIRECTION('center_axis',(0.,0.,-1.));
#10016=DIRECTION('ref_axis',(1.,0.,0.));
#10017=DIRECTION('center_axis',(0.,0.,1.));
#10018=DIRECTION('ref_axis',(1.,0.,0.));
#10019=DIRECTION('center_axis',(0.,0.,-1.));
#10020=DIRECTION('ref_axis',(1.,0.,0.));
#10021=DIRECTION('',(0.,0.,1.));
#10022=DIRECTION('center_axis',(0.,0.,-1.));
#10023=DIRECTION('ref_axis',(1.,0.,0.));
#10024=DIRECTION('center_axis',(0.,0.,1.));
#10025=DIRECTION('ref_axis',(1.,0.,0.));
#10026=DIRECTION('center_axis',(0.,0.,-1.));
#10027=DIRECTION('ref_axis',(1.,0.,0.));
#10028=DIRECTION('',(0.,0.,1.));
#10029=DIRECTION('center_axis',(0.,0.,-1.));
#10030=DIRECTION('ref_axis',(1.,0.,0.));
#10031=DIRECTION('center_axis',(0.,0.,1.));
#10032=DIRECTION('ref_axis',(1.,0.,0.));
#10033=DIRECTION('center_axis',(0.,0.,-1.));
#10034=DIRECTION('ref_axis',(1.,0.,0.));
#10035=DIRECTION('',(0.,0.,1.));
#10036=DIRECTION('center_axis',(0.,0.,-1.));
#10037=DIRECTION('ref_axis',(1.,0.,0.));
#10038=DIRECTION('center_axis',(0.,0.,1.));
#10039=DIRECTION('ref_axis',(1.,0.,0.));
#10040=DIRECTION('center_axis',(0.,0.,-1.));
#10041=DIRECTION('ref_axis',(1.,0.,0.));
#10042=DIRECTION('',(0.,0.,1.));
#10043=DIRECTION('center_axis',(0.,0.,-1.));
#10044=DIRECTION('ref_axis',(1.,0.,0.));
#10045=DIRECTION('center_axis',(0.,0.,1.));
#10046=DIRECTION('ref_axis',(1.,0.,0.));
#10047=DIRECTION('center_axis',(0.,0.,-1.));
#10048=DIRECTION('ref_axis',(1.,0.,0.));
#10049=DIRECTION('',(0.,0.,1.));
#10050=DIRECTION('center_axis',(0.,0.,-1.));
#10051=DIRECTION('ref_axis',(1.,0.,0.));
#10052=DIRECTION('center_axis',(0.,0.,1.));
#10053=DIRECTION('ref_axis',(1.,0.,0.));
#10054=DIRECTION('center_axis',(0.,0.,-1.));
#10055=DIRECTION('ref_axis',(1.,0.,0.));
#10056=DIRECTION('',(0.,0.,1.));
#10057=DIRECTION('center_axis',(0.,0.,-1.));
#10058=DIRECTION('ref_axis',(1.,0.,0.));
#10059=DIRECTION('center_axis',(0.,0.,1.));
#10060=DIRECTION('ref_axis',(1.,0.,0.));
#10061=DIRECTION('center_axis',(0.,0.,-1.));
#10062=DIRECTION('ref_axis',(1.,0.,0.));
#10063=DIRECTION('',(0.,0.,1.));
#10064=DIRECTION('center_axis',(0.,0.,-1.));
#10065=DIRECTION('ref_axis',(1.,0.,0.));
#10066=DIRECTION('center_axis',(0.,0.,1.));
#10067=DIRECTION('ref_axis',(1.,0.,0.));
#10068=DIRECTION('center_axis',(0.,0.,-1.));
#10069=DIRECTION('ref_axis',(1.,0.,0.));
#10070=DIRECTION('',(0.,0.,1.));
#10071=DIRECTION('center_axis',(0.,0.,-1.));
#10072=DIRECTION('ref_axis',(1.,0.,0.));
#10073=DIRECTION('center_axis',(0.,0.,1.));
#10074=DIRECTION('ref_axis',(1.,0.,0.));
#10075=DIRECTION('center_axis',(0.,0.,-1.));
#10076=DIRECTION('ref_axis',(1.,0.,0.));
#10077=DIRECTION('',(0.,0.,1.));
#10078=DIRECTION('center_axis',(0.,0.,-1.));
#10079=DIRECTION('ref_axis',(1.,0.,0.));
#10080=DIRECTION('center_axis',(0.,0.,1.));
#10081=DIRECTION('ref_axis',(1.,0.,0.));
#10082=DIRECTION('center_axis',(0.,0.,-1.));
#10083=DIRECTION('ref_axis',(1.,0.,0.));
#10084=DIRECTION('',(0.,0.,1.));
#10085=DIRECTION('center_axis',(0.,0.,-1.));
#10086=DIRECTION('ref_axis',(1.,0.,0.));
#10087=DIRECTION('center_axis',(0.,0.,1.));
#10088=DIRECTION('ref_axis',(1.,0.,0.));
#10089=DIRECTION('center_axis',(0.,0.,-1.));
#10090=DIRECTION('ref_axis',(1.,0.,0.));
#10091=DIRECTION('',(0.,0.,1.));
#10092=DIRECTION('center_axis',(0.,0.,-1.));
#10093=DIRECTION('ref_axis',(1.,0.,0.));
#10094=DIRECTION('center_axis',(0.,0.,1.));
#10095=DIRECTION('ref_axis',(1.,0.,0.));
#10096=DIRECTION('center_axis',(0.,0.,-1.));
#10097=DIRECTION('ref_axis',(1.,0.,0.));
#10098=DIRECTION('',(0.,0.,1.));
#10099=DIRECTION('center_axis',(0.,0.,-1.));
#10100=DIRECTION('ref_axis',(1.,0.,0.));
#10101=DIRECTION('center_axis',(0.,0.,1.));
#10102=DIRECTION('ref_axis',(1.,0.,0.));
#10103=DIRECTION('center_axis',(0.,0.,-1.));
#10104=DIRECTION('ref_axis',(1.,0.,0.));
#10105=DIRECTION('',(0.,0.,1.));
#10106=DIRECTION('center_axis',(0.,0.,-1.));
#10107=DIRECTION('ref_axis',(1.,0.,0.));
#10108=DIRECTION('center_axis',(0.,0.,1.));
#10109=DIRECTION('ref_axis',(1.,0.,0.));
#10110=DIRECTION('center_axis',(0.,0.,-1.));
#10111=DIRECTION('ref_axis',(1.,0.,0.));
#10112=DIRECTION('',(0.,0.,1.));
#10113=DIRECTION('center_axis',(0.,0.,-1.));
#10114=DIRECTION('ref_axis',(1.,0.,0.));
#10115=DIRECTION('center_axis',(0.,0.,1.));
#10116=DIRECTION('ref_axis',(1.,0.,0.));
#10117=DIRECTION('center_axis',(0.,0.,-1.));
#10118=DIRECTION('ref_axis',(1.,0.,0.));
#10119=DIRECTION('',(0.,0.,1.));
#10120=DIRECTION('center_axis',(0.,0.,-1.));
#10121=DIRECTION('ref_axis',(1.,0.,0.));
#10122=DIRECTION('center_axis',(0.,0.,1.));
#10123=DIRECTION('ref_axis',(1.,0.,0.));
#10124=DIRECTION('center_axis',(0.,0.,-1.));
#10125=DIRECTION('ref_axis',(1.,0.,0.));
#10126=DIRECTION('',(0.,0.,1.));
#10127=DIRECTION('center_axis',(0.,0.,-1.));
#10128=DIRECTION('ref_axis',(1.,0.,0.));
#10129=DIRECTION('center_axis',(0.,0.,1.));
#10130=DIRECTION('ref_axis',(1.,0.,0.));
#10131=DIRECTION('center_axis',(0.,0.,-1.));
#10132=DIRECTION('ref_axis',(1.,0.,0.));
#10133=DIRECTION('',(0.,0.,1.));
#10134=DIRECTION('center_axis',(0.,0.,-1.));
#10135=DIRECTION('ref_axis',(1.,0.,0.));
#10136=DIRECTION('center_axis',(0.,0.,1.));
#10137=DIRECTION('ref_axis',(1.,0.,0.));
#10138=DIRECTION('center_axis',(0.,0.,-1.));
#10139=DIRECTION('ref_axis',(1.,0.,0.));
#10140=DIRECTION('',(0.,0.,1.));
#10141=DIRECTION('center_axis',(0.,0.,-1.));
#10142=DIRECTION('ref_axis',(1.,0.,0.));
#10143=DIRECTION('center_axis',(0.,0.,1.));
#10144=DIRECTION('ref_axis',(1.,0.,0.));
#10145=DIRECTION('center_axis',(0.,0.,-1.));
#10146=DIRECTION('ref_axis',(1.,0.,0.));
#10147=DIRECTION('',(0.,0.,1.));
#10148=DIRECTION('center_axis',(0.,0.,-1.));
#10149=DIRECTION('ref_axis',(1.,0.,0.));
#10150=DIRECTION('center_axis',(0.,0.,1.));
#10151=DIRECTION('ref_axis',(1.,0.,0.));
#10152=DIRECTION('center_axis',(0.,0.,-1.));
#10153=DIRECTION('ref_axis',(1.,0.,0.));
#10154=DIRECTION('',(0.,0.,1.));
#10155=DIRECTION('center_axis',(0.,0.,-1.));
#10156=DIRECTION('ref_axis',(1.,0.,0.));
#10157=DIRECTION('center_axis',(0.,0.,1.));
#10158=DIRECTION('ref_axis',(1.,0.,0.));
#10159=DIRECTION('center_axis',(0.,0.,-1.));
#10160=DIRECTION('ref_axis',(1.,0.,0.));
#10161=DIRECTION('',(0.,0.,1.));
#10162=DIRECTION('center_axis',(0.,0.,-1.));
#10163=DIRECTION('ref_axis',(1.,0.,0.));
#10164=DIRECTION('center_axis',(0.,0.,1.));
#10165=DIRECTION('ref_axis',(1.,0.,0.));
#10166=DIRECTION('center_axis',(0.,0.,-1.));
#10167=DIRECTION('ref_axis',(1.,0.,0.));
#10168=DIRECTION('',(0.,0.,1.));
#10169=DIRECTION('center_axis',(0.,0.,-1.));
#10170=DIRECTION('ref_axis',(1.,0.,0.));
#10171=DIRECTION('center_axis',(0.,0.,1.));
#10172=DIRECTION('ref_axis',(1.,0.,0.));
#10173=DIRECTION('center_axis',(0.,0.,-1.));
#10174=DIRECTION('ref_axis',(1.,0.,0.));
#10175=DIRECTION('',(0.,0.,1.));
#10176=DIRECTION('center_axis',(0.,0.,-1.));
#10177=DIRECTION('ref_axis',(1.,0.,0.));
#10178=DIRECTION('center_axis',(0.,0.,1.));
#10179=DIRECTION('ref_axis',(1.,0.,0.));
#10180=DIRECTION('center_axis',(0.,0.,-1.));
#10181=DIRECTION('ref_axis',(1.,0.,0.));
#10182=DIRECTION('',(0.,0.,1.));
#10183=DIRECTION('center_axis',(0.,0.,-1.));
#10184=DIRECTION('ref_axis',(1.,0.,0.));
#10185=DIRECTION('center_axis',(0.,0.,1.));
#10186=DIRECTION('ref_axis',(1.,0.,0.));
#10187=DIRECTION('center_axis',(0.,0.,-1.));
#10188=DIRECTION('ref_axis',(1.,0.,0.));
#10189=DIRECTION('',(0.,0.,1.));
#10190=DIRECTION('center_axis',(0.,0.,-1.));
#10191=DIRECTION('ref_axis',(1.,0.,0.));
#10192=DIRECTION('center_axis',(0.,0.,1.));
#10193=DIRECTION('ref_axis',(1.,0.,0.));
#10194=DIRECTION('center_axis',(0.,0.,-1.));
#10195=DIRECTION('ref_axis',(1.,0.,0.));
#10196=DIRECTION('',(0.,0.,1.));
#10197=DIRECTION('center_axis',(0.,0.,-1.));
#10198=DIRECTION('ref_axis',(1.,0.,0.));
#10199=DIRECTION('center_axis',(0.,0.,1.));
#10200=DIRECTION('ref_axis',(1.,0.,0.));
#10201=DIRECTION('center_axis',(0.,0.,-1.));
#10202=DIRECTION('ref_axis',(1.,0.,0.));
#10203=DIRECTION('',(0.,0.,1.));
#10204=DIRECTION('center_axis',(0.,0.,-1.));
#10205=DIRECTION('ref_axis',(1.,0.,0.));
#10206=DIRECTION('center_axis',(0.,0.,1.));
#10207=DIRECTION('ref_axis',(1.,0.,0.));
#10208=DIRECTION('center_axis',(0.,0.,-1.));
#10209=DIRECTION('ref_axis',(1.,0.,0.));
#10210=DIRECTION('',(0.,0.,1.));
#10211=DIRECTION('center_axis',(0.,0.,-1.));
#10212=DIRECTION('ref_axis',(1.,0.,0.));
#10213=DIRECTION('center_axis',(0.,0.,1.));
#10214=DIRECTION('ref_axis',(1.,0.,0.));
#10215=DIRECTION('center_axis',(0.,0.,-1.));
#10216=DIRECTION('ref_axis',(1.,0.,0.));
#10217=DIRECTION('',(0.,0.,1.));
#10218=DIRECTION('center_axis',(0.,0.,-1.));
#10219=DIRECTION('ref_axis',(1.,0.,0.));
#10220=DIRECTION('center_axis',(0.,0.,1.));
#10221=DIRECTION('ref_axis',(1.,0.,0.));
#10222=DIRECTION('center_axis',(0.,0.,-1.));
#10223=DIRECTION('ref_axis',(1.,0.,0.));
#10224=DIRECTION('',(0.,0.,1.));
#10225=DIRECTION('center_axis',(0.,0.,-1.));
#10226=DIRECTION('ref_axis',(1.,0.,0.));
#10227=DIRECTION('center_axis',(0.,0.,1.));
#10228=DIRECTION('ref_axis',(1.,0.,0.));
#10229=DIRECTION('center_axis',(0.,0.,-1.));
#10230=DIRECTION('ref_axis',(1.,0.,0.));
#10231=DIRECTION('',(0.,0.,1.));
#10232=DIRECTION('center_axis',(0.,0.,-1.));
#10233=DIRECTION('ref_axis',(1.,0.,0.));
#10234=DIRECTION('center_axis',(0.,0.,1.));
#10235=DIRECTION('ref_axis',(1.,0.,0.));
#10236=DIRECTION('center_axis',(0.,0.,-1.));
#10237=DIRECTION('ref_axis',(1.,0.,0.));
#10238=DIRECTION('',(0.,0.,1.));
#10239=DIRECTION('center_axis',(0.,0.,-1.));
#10240=DIRECTION('ref_axis',(1.,0.,0.));
#10241=DIRECTION('center_axis',(0.,0.,1.));
#10242=DIRECTION('ref_axis',(1.,0.,0.));
#10243=DIRECTION('center_axis',(0.,0.,-1.));
#10244=DIRECTION('ref_axis',(1.,0.,0.));
#10245=DIRECTION('',(0.,0.,1.));
#10246=DIRECTION('center_axis',(0.,0.,-1.));
#10247=DIRECTION('ref_axis',(1.,0.,0.));
#10248=DIRECTION('center_axis',(0.,0.,1.));
#10249=DIRECTION('ref_axis',(1.,0.,0.));
#10250=DIRECTION('center_axis',(0.,0.,-1.));
#10251=DIRECTION('ref_axis',(1.,0.,0.));
#10252=DIRECTION('',(0.,0.,1.));
#10253=DIRECTION('center_axis',(0.,0.,-1.));
#10254=DIRECTION('ref_axis',(1.,0.,0.));
#10255=DIRECTION('center_axis',(0.,0.,1.));
#10256=DIRECTION('ref_axis',(1.,0.,0.));
#10257=DIRECTION('center_axis',(0.,0.,-1.));
#10258=DIRECTION('ref_axis',(1.,0.,0.));
#10259=DIRECTION('',(0.,0.,1.));
#10260=DIRECTION('center_axis',(0.,0.,-1.));
#10261=DIRECTION('ref_axis',(1.,0.,0.));
#10262=DIRECTION('center_axis',(0.,0.,1.));
#10263=DIRECTION('ref_axis',(1.,0.,0.));
#10264=DIRECTION('center_axis',(0.,0.,-1.));
#10265=DIRECTION('ref_axis',(1.,0.,0.));
#10266=DIRECTION('',(0.,0.,1.));
#10267=DIRECTION('center_axis',(0.,0.,-1.));
#10268=DIRECTION('ref_axis',(1.,0.,0.));
#10269=DIRECTION('center_axis',(0.,0.,1.));
#10270=DIRECTION('ref_axis',(1.,0.,0.));
#10271=DIRECTION('center_axis',(0.,0.,-1.));
#10272=DIRECTION('ref_axis',(1.,0.,0.));
#10273=DIRECTION('',(0.,0.,1.));
#10274=DIRECTION('center_axis',(0.,0.,-1.));
#10275=DIRECTION('ref_axis',(1.,0.,0.));
#10276=DIRECTION('center_axis',(0.,0.,1.));
#10277=DIRECTION('ref_axis',(1.,0.,0.));
#10278=DIRECTION('center_axis',(0.,0.,-1.));
#10279=DIRECTION('ref_axis',(1.,0.,0.));
#10280=DIRECTION('',(0.,0.,1.));
#10281=DIRECTION('center_axis',(0.,0.,-1.));
#10282=DIRECTION('ref_axis',(1.,0.,0.));
#10283=DIRECTION('center_axis',(0.,0.,1.));
#10284=DIRECTION('ref_axis',(1.,0.,0.));
#10285=DIRECTION('center_axis',(0.,0.,-1.));
#10286=DIRECTION('ref_axis',(1.,0.,0.));
#10287=DIRECTION('',(0.,0.,1.));
#10288=DIRECTION('center_axis',(0.,0.,-1.));
#10289=DIRECTION('ref_axis',(1.,0.,0.));
#10290=DIRECTION('center_axis',(0.,0.,1.));
#10291=DIRECTION('ref_axis',(1.,0.,0.));
#10292=DIRECTION('center_axis',(0.,0.,-1.));
#10293=DIRECTION('ref_axis',(1.,0.,0.));
#10294=DIRECTION('',(0.,0.,1.));
#10295=DIRECTION('center_axis',(0.,0.,-1.));
#10296=DIRECTION('ref_axis',(1.,0.,0.));
#10297=DIRECTION('center_axis',(0.,0.,1.));
#10298=DIRECTION('ref_axis',(1.,0.,0.));
#10299=DIRECTION('center_axis',(0.,0.,-1.));
#10300=DIRECTION('ref_axis',(1.,0.,0.));
#10301=DIRECTION('',(0.,0.,1.));
#10302=DIRECTION('center_axis',(0.,0.,-1.));
#10303=DIRECTION('ref_axis',(1.,0.,0.));
#10304=DIRECTION('center_axis',(0.,0.,1.));
#10305=DIRECTION('ref_axis',(1.,0.,0.));
#10306=DIRECTION('center_axis',(0.,0.,-1.));
#10307=DIRECTION('ref_axis',(1.,0.,0.));
#10308=DIRECTION('',(0.,0.,1.));
#10309=DIRECTION('center_axis',(0.,0.,-1.));
#10310=DIRECTION('ref_axis',(1.,0.,0.));
#10311=DIRECTION('center_axis',(0.,0.,1.));
#10312=DIRECTION('ref_axis',(1.,0.,0.));
#10313=DIRECTION('center_axis',(0.,0.,-1.));
#10314=DIRECTION('ref_axis',(1.,0.,0.));
#10315=DIRECTION('',(0.,0.,1.));
#10316=DIRECTION('center_axis',(0.,0.,-1.));
#10317=DIRECTION('ref_axis',(1.,0.,0.));
#10318=DIRECTION('center_axis',(0.,0.,1.));
#10319=DIRECTION('ref_axis',(1.,0.,0.));
#10320=DIRECTION('center_axis',(0.,0.,-1.));
#10321=DIRECTION('ref_axis',(1.,0.,0.));
#10322=DIRECTION('',(0.,0.,1.));
#10323=DIRECTION('center_axis',(0.,0.,-1.));
#10324=DIRECTION('ref_axis',(1.,0.,0.));
#10325=DIRECTION('center_axis',(0.,0.,1.));
#10326=DIRECTION('ref_axis',(1.,0.,0.));
#10327=DIRECTION('center_axis',(0.,0.,-1.));
#10328=DIRECTION('ref_axis',(1.,0.,0.));
#10329=DIRECTION('',(0.,0.,1.));
#10330=DIRECTION('center_axis',(0.,0.,-1.));
#10331=DIRECTION('ref_axis',(1.,0.,0.));
#10332=DIRECTION('center_axis',(0.,0.,1.));
#10333=DIRECTION('ref_axis',(1.,0.,0.));
#10334=DIRECTION('center_axis',(0.,0.,-1.));
#10335=DIRECTION('ref_axis',(1.,0.,0.));
#10336=DIRECTION('',(0.,0.,1.));
#10337=DIRECTION('center_axis',(0.,0.,-1.));
#10338=DIRECTION('ref_axis',(1.,0.,0.));
#10339=DIRECTION('center_axis',(0.,0.,1.));
#10340=DIRECTION('ref_axis',(1.,0.,0.));
#10341=DIRECTION('center_axis',(0.,0.,-1.));
#10342=DIRECTION('ref_axis',(1.,0.,0.));
#10343=DIRECTION('',(0.,0.,1.));
#10344=DIRECTION('center_axis',(0.,0.,-1.));
#10345=DIRECTION('ref_axis',(1.,0.,0.));
#10346=DIRECTION('center_axis',(0.,0.,1.));
#10347=DIRECTION('ref_axis',(1.,0.,0.));
#10348=DIRECTION('center_axis',(0.,0.,-1.));
#10349=DIRECTION('ref_axis',(1.,0.,0.));
#10350=DIRECTION('',(0.,0.,1.));
#10351=DIRECTION('center_axis',(0.,0.,-1.));
#10352=DIRECTION('ref_axis',(1.,0.,0.));
#10353=DIRECTION('center_axis',(0.,0.,1.));
#10354=DIRECTION('ref_axis',(1.,0.,0.));
#10355=DIRECTION('center_axis',(0.,0.,-1.));
#10356=DIRECTION('ref_axis',(1.,0.,0.));
#10357=DIRECTION('',(0.,0.,1.));
#10358=DIRECTION('center_axis',(0.,0.,-1.));
#10359=DIRECTION('ref_axis',(1.,0.,0.));
#10360=DIRECTION('center_axis',(0.,0.,1.));
#10361=DIRECTION('ref_axis',(1.,0.,0.));
#10362=DIRECTION('center_axis',(0.,0.,-1.));
#10363=DIRECTION('ref_axis',(1.,0.,0.));
#10364=DIRECTION('',(0.,0.,1.));
#10365=DIRECTION('center_axis',(0.,0.,-1.));
#10366=DIRECTION('ref_axis',(1.,0.,0.));
#10367=DIRECTION('center_axis',(0.,0.,1.));
#10368=DIRECTION('ref_axis',(1.,0.,0.));
#10369=DIRECTION('center_axis',(0.,0.,-1.));
#10370=DIRECTION('ref_axis',(1.,0.,0.));
#10371=DIRECTION('',(0.,0.,1.));
#10372=DIRECTION('center_axis',(0.,0.,-1.));
#10373=DIRECTION('ref_axis',(1.,0.,0.));
#10374=DIRECTION('center_axis',(0.,0.,1.));
#10375=DIRECTION('ref_axis',(1.,0.,0.));
#10376=DIRECTION('center_axis',(0.,0.,-1.));
#10377=DIRECTION('ref_axis',(1.,0.,0.));
#10378=DIRECTION('',(0.,0.,1.));
#10379=DIRECTION('center_axis',(0.,0.,-1.));
#10380=DIRECTION('ref_axis',(1.,0.,0.));
#10381=DIRECTION('center_axis',(1.,0.,0.));
#10382=DIRECTION('ref_axis',(0.,1.,0.));
#10383=DIRECTION('',(0.,1.,0.));
#10384=DIRECTION('',(0.,0.,1.));
#10385=DIRECTION('',(0.,1.,0.));
#10386=DIRECTION('',(0.,0.,1.));
#10387=DIRECTION('center_axis',(0.,0.,1.));
#10388=DIRECTION('ref_axis',(-4.73695157173402E-15,-1.,0.));
#10389=DIRECTION('center_axis',(0.,0.,1.));
#10390=DIRECTION('ref_axis',(-4.73695157173402E-15,-1.,0.));
#10391=DIRECTION('center_axis',(0.,0.,1.));
#10392=DIRECTION('ref_axis',(-4.73695157173402E-15,-1.,0.));
#10393=DIRECTION('',(0.,0.,1.));
#10394=DIRECTION('center_axis',(8.88178419700125E-17,-1.,0.));
#10395=DIRECTION('ref_axis',(1.,8.88178419700125E-17,0.));
#10396=DIRECTION('',(1.,8.88178419700125E-17,0.));
#10397=DIRECTION('',(1.,8.88178419700125E-17,0.));
#10398=DIRECTION('',(0.,0.,1.));
#10399=DIRECTION('center_axis',(0.,0.,1.));
#10400=DIRECTION('ref_axis',(-1.,2.96059473233375E-16,0.));
#10401=DIRECTION('center_axis',(0.,0.,1.));
#10402=DIRECTION('ref_axis',(-1.,2.96059473233375E-16,0.));
#10403=DIRECTION('center_axis',(0.,0.,1.));
#10404=DIRECTION('ref_axis',(-1.,2.96059473233375E-16,0.));
#10405=DIRECTION('',(0.,0.,1.));
#10406=DIRECTION('center_axis',(-1.,-7.61295788314399E-17,0.));
#10407=DIRECTION('ref_axis',(7.61295788314399E-17,-1.,0.));
#10408=DIRECTION('',(7.61295788314399E-17,-1.,0.));
#10409=DIRECTION('',(7.61295788314399E-17,-1.,0.));
#10410=DIRECTION('',(0.,0.,1.));
#10411=DIRECTION('center_axis',(0.,0.,1.));
#10412=DIRECTION('ref_axis',(1.77635683940025E-15,1.,0.));
#10413=DIRECTION('center_axis',(0.,0.,1.));
#10414=DIRECTION('ref_axis',(1.77635683940025E-15,1.,0.));
#10415=DIRECTION('center_axis',(0.,0.,1.));
#10416=DIRECTION('ref_axis',(1.77635683940025E-15,1.,0.));
#10417=DIRECTION('',(0.,0.,1.));
#10418=DIRECTION('center_axis',(1.29189588320018E-16,1.,0.));
#10419=DIRECTION('ref_axis',(-1.,1.29189588320018E-16,0.));
#10420=DIRECTION('',(-1.,1.29189588320018E-16,0.));
#10421=DIRECTION('',(-1.,1.29189588320018E-16,0.));
#10422=DIRECTION('',(0.,0.,1.));
#10423=DIRECTION('center_axis',(0.,0.,1.));
#10424=DIRECTION('ref_axis',(1.,-4.73695157173402E-15,0.));
#10425=DIRECTION('center_axis',(0.,0.,1.));
#10426=DIRECTION('ref_axis',(1.,-4.73695157173402E-15,0.));
#10427=DIRECTION('center_axis',(0.,0.,1.));
#10428=DIRECTION('ref_axis',(1.,-4.73695157173402E-15,0.));
#10429=DIRECTION('center_axis',(0.,0.,1.));
#10430=DIRECTION('ref_axis',(1.,0.,0.));
#10431=DIRECTION('center_axis',(0.,0.,1.));
#10432=DIRECTION('ref_axis',(1.,0.,0.));
#10433=CARTESIAN_POINT('',(0.,0.,0.));
#10434=CARTESIAN_POINT('Origin',(352.5,252.5,0.));
#10435=CARTESIAN_POINT('',(350.,252.5,0.));
#10436=CARTESIAN_POINT('Origin',(352.5,252.5,0.));
#10437=CARTESIAN_POINT('',(350.,252.5,10.));
#10438=CARTESIAN_POINT('',(350.,252.5,0.));
#10439=CARTESIAN_POINT('Origin',(352.5,252.5,10.));
#10440=CARTESIAN_POINT('Origin',(402.5,352.5,0.));
#10441=CARTESIAN_POINT('',(400.,352.5,0.));
#10442=CARTESIAN_POINT('Origin',(402.5,352.5,0.));
#10443=CARTESIAN_POINT('',(400.,352.5,10.));
#10444=CARTESIAN_POINT('',(400.,352.5,0.));
#10445=CARTESIAN_POINT('Origin',(402.5,352.5,10.));
#10446=CARTESIAN_POINT('Origin',(102.5,52.5,0.));
#10447=CARTESIAN_POINT('',(100.,52.5,0.));
#10448=CARTESIAN_POINT('Origin',(102.5,52.5,0.));
#10449=CARTESIAN_POINT('',(100.,52.5,10.));
#10450=CARTESIAN_POINT('',(100.,52.5,0.));
#10451=CARTESIAN_POINT('Origin',(102.5,52.5,10.));
#10452=CARTESIAN_POINT('Origin',(177.5,352.5,0.));
#10453=CARTESIAN_POINT('',(175.,352.5,0.));
#10454=CARTESIAN_POINT('Origin',(177.5,352.5,0.));
#10455=CARTESIAN_POINT('',(175.,352.5,10.));
#10456=CARTESIAN_POINT('',(175.,352.5,0.));
#10457=CARTESIAN_POINT('Origin',(177.5,352.5,10.));
#10458=CARTESIAN_POINT('Origin',(152.5,152.5,0.));
#10459=CARTESIAN_POINT('',(150.,152.5,0.));
#10460=CARTESIAN_POINT('Origin',(152.5,152.5,0.));
#10461=CARTESIAN_POINT('',(150.,152.5,10.));
#10462=CARTESIAN_POINT('',(150.,152.5,0.));
#10463=CARTESIAN_POINT('Origin',(152.5,152.5,10.));
#10464=CARTESIAN_POINT('Origin',(177.5,27.5,0.));
#10465=CARTESIAN_POINT('',(175.,27.5,0.));
#10466=CARTESIAN_POINT('Origin',(177.5,27.5,0.));
#10467=CARTESIAN_POINT('',(175.,27.5,10.));
#10468=CARTESIAN_POINT('',(175.,27.5,0.));
#10469=CARTESIAN_POINT('Origin',(177.5,27.5,10.));
#10470=CARTESIAN_POINT('Origin',(402.5,302.5,0.));
#10471=CARTESIAN_POINT('',(400.,302.5,0.));
#10472=CARTESIAN_POINT('Origin',(402.5,302.5,0.));
#10473=CARTESIAN_POINT('',(400.,302.5,10.));
#10474=CARTESIAN_POINT('',(400.,302.5,0.));
#10475=CARTESIAN_POINT('Origin',(402.5,302.5,10.));
#10476=CARTESIAN_POINT('Origin',(452.5,27.5,0.));
#10477=CARTESIAN_POINT('',(450.,27.5,0.));
#10478=CARTESIAN_POINT('Origin',(452.5,27.5,0.));
#10479=CARTESIAN_POINT('',(450.,27.5,10.));
#10480=CARTESIAN_POINT('',(450.,27.5,0.));
#10481=CARTESIAN_POINT('Origin',(452.5,27.5,10.));
#10482=CARTESIAN_POINT('Origin',(202.5,52.5,0.));
#10483=CARTESIAN_POINT('',(200.,52.5,0.));
#10484=CARTESIAN_POINT('Origin',(202.5,52.5,0.));
#10485=CARTESIAN_POINT('',(200.,52.5,10.));
#10486=CARTESIAN_POINT('',(200.,52.5,0.));
#10487=CARTESIAN_POINT('Origin',(202.5,52.5,10.));
#10488=CARTESIAN_POINT('Origin',(377.5,277.5,0.));
#10489=CARTESIAN_POINT('',(375.,277.5,0.));
#10490=CARTESIAN_POINT('Origin',(377.5,277.5,0.));
#10491=CARTESIAN_POINT('',(375.,277.5,10.));
#10492=CARTESIAN_POINT('',(375.,277.5,0.));
#10493=CARTESIAN_POINT('Origin',(377.5,277.5,10.));
#10494=CARTESIAN_POINT('Origin',(502.5,52.5,0.));
#10495=CARTESIAN_POINT('',(500.,52.5,0.));
#10496=CARTESIAN_POINT('Origin',(502.5,52.5,0.));
#10497=CARTESIAN_POINT('',(500.,52.5,10.));
#10498=CARTESIAN_POINT('',(500.,52.5,0.));
#10499=CARTESIAN_POINT('Origin',(502.5,52.5,10.));
#10500=CARTESIAN_POINT('Origin',(277.5,127.5,0.));
#10501=CARTESIAN_POINT('',(275.,127.5,0.));
#10502=CARTESIAN_POINT('Origin',(277.5,127.5,0.));
#10503=CARTESIAN_POINT('',(275.,127.5,10.));
#10504=CARTESIAN_POINT('',(275.,127.5,0.));
#10505=CARTESIAN_POINT('Origin',(277.5,127.5,10.));
#10506=CARTESIAN_POINT('Origin',(27.5,52.5,0.));
#10507=CARTESIAN_POINT('',(25.,52.5,0.));
#10508=CARTESIAN_POINT('Origin',(27.5,52.5,0.));
#10509=CARTESIAN_POINT('',(25.,52.5,10.));
#10510=CARTESIAN_POINT('',(25.,52.5,0.));
#10511=CARTESIAN_POINT('Origin',(27.5,52.5,10.));
#10512=CARTESIAN_POINT('Origin',(102.5,177.5,0.));
#10513=CARTESIAN_POINT('',(100.,177.5,0.));
#10514=CARTESIAN_POINT('Origin',(102.5,177.5,0.));
#10515=CARTESIAN_POINT('',(100.,177.5,10.));
#10516=CARTESIAN_POINT('',(100.,177.5,0.));
#10517=CARTESIAN_POINT('Origin',(102.5,177.5,10.));
#10518=CARTESIAN_POINT('Origin',(177.5,52.5,0.));
#10519=CARTESIAN_POINT('',(175.,52.5,0.));
#10520=CARTESIAN_POINT('Origin',(177.5,52.5,0.));
#10521=CARTESIAN_POINT('',(175.,52.5,10.));
#10522=CARTESIAN_POINT('',(175.,52.5,0.));
#10523=CARTESIAN_POINT('Origin',(177.5,52.5,10.));
#10524=CARTESIAN_POINT('Origin',(277.5,152.5,0.));
#10525=CARTESIAN_POINT('',(275.,152.5,0.));
#10526=CARTESIAN_POINT('Origin',(277.5,152.5,0.));
#10527=CARTESIAN_POINT('',(275.,152.5,10.));
#10528=CARTESIAN_POINT('',(275.,152.5,0.));
#10529=CARTESIAN_POINT('Origin',(277.5,152.5,10.));
#10530=CARTESIAN_POINT('Origin',(77.5,352.5,0.));
#10531=CARTESIAN_POINT('',(75.,352.5,0.));
#10532=CARTESIAN_POINT('Origin',(77.5,352.5,0.));
#10533=CARTESIAN_POINT('',(75.,352.5,10.));
#10534=CARTESIAN_POINT('',(75.,352.5,0.));
#10535=CARTESIAN_POINT('Origin',(77.5,352.5,10.));
#10536=CARTESIAN_POINT('Origin',(227.5,152.5,0.));
#10537=CARTESIAN_POINT('',(225.,152.5,0.));
#10538=CARTESIAN_POINT('Origin',(227.5,152.5,0.));
#10539=CARTESIAN_POINT('',(225.,152.5,10.));
#10540=CARTESIAN_POINT('',(225.,152.5,0.));
#10541=CARTESIAN_POINT('Origin',(227.5,152.5,10.));
#10542=CARTESIAN_POINT('Origin',(502.5,227.5,0.));
#10543=CARTESIAN_POINT('',(500.,227.5,0.));
#10544=CARTESIAN_POINT('Origin',(502.5,227.5,0.));
#10545=CARTESIAN_POINT('',(500.,227.5,10.));
#10546=CARTESIAN_POINT('',(500.,227.5,0.));
#10547=CARTESIAN_POINT('Origin',(502.5,227.5,10.));
#10548=CARTESIAN_POINT('Origin',(202.5,252.5,0.));
#10549=CARTESIAN_POINT('',(200.,252.5,0.));
#10550=CARTESIAN_POINT('Origin',(202.5,252.5,0.));
#10551=CARTESIAN_POINT('',(200.,252.5,10.));
#10552=CARTESIAN_POINT('',(200.,252.5,0.));
#10553=CARTESIAN_POINT('Origin',(202.5,252.5,10.));
#10554=CARTESIAN_POINT('Origin',(302.5,52.5,0.));
#10555=CARTESIAN_POINT('',(300.,52.5,0.));
#10556=CARTESIAN_POINT('Origin',(302.5,52.5,0.));
#10557=CARTESIAN_POINT('',(300.,52.5,10.));
#10558=CARTESIAN_POINT('',(300.,52.5,0.));
#10559=CARTESIAN_POINT('Origin',(302.5,52.5,10.));
#10560=CARTESIAN_POINT('Origin',(427.5,177.5,0.));
#10561=CARTESIAN_POINT('',(425.,177.5,0.));
#10562=CARTESIAN_POINT('Origin',(427.5,177.5,0.));
#10563=CARTESIAN_POINT('',(425.,177.5,10.));
#10564=CARTESIAN_POINT('',(425.,177.5,0.));
#10565=CARTESIAN_POINT('Origin',(427.5,177.5,10.));
#10566=CARTESIAN_POINT('Origin',(327.5,352.5,0.));
#10567=CARTESIAN_POINT('',(325.,352.5,0.));
#10568=CARTESIAN_POINT('Origin',(327.5,352.5,0.));
#10569=CARTESIAN_POINT('',(325.,352.5,10.));
#10570=CARTESIAN_POINT('',(325.,352.5,0.));
#10571=CARTESIAN_POINT('Origin',(327.5,352.5,10.));
#10572=CARTESIAN_POINT('Origin',(202.5,277.5,0.));
#10573=CARTESIAN_POINT('',(200.,277.5,0.));
#10574=CARTESIAN_POINT('Origin',(202.5,277.5,0.));
#10575=CARTESIAN_POINT('',(200.,277.5,10.));
#10576=CARTESIAN_POINT('',(200.,277.5,0.));
#10577=CARTESIAN_POINT('Origin',(202.5,277.5,10.));
#10578=CARTESIAN_POINT('Origin',(52.5,27.5,0.));
#10579=CARTESIAN_POINT('',(50.,27.5,0.));
#10580=CARTESIAN_POINT('Origin',(52.5,27.5,0.));
#10581=CARTESIAN_POINT('',(50.,27.5,10.));
#10582=CARTESIAN_POINT('',(50.,27.5,0.));
#10583=CARTESIAN_POINT('Origin',(52.5,27.5,10.));
#10584=CARTESIAN_POINT('Origin',(402.5,52.5,0.));
#10585=CARTESIAN_POINT('',(400.,52.5,0.));
#10586=CARTESIAN_POINT('Origin',(402.5,52.5,0.));
#10587=CARTESIAN_POINT('',(400.,52.5,10.));
#10588=CARTESIAN_POINT('',(400.,52.5,0.));
#10589=CARTESIAN_POINT('Origin',(402.5,52.5,10.));
#10590=CARTESIAN_POINT('Origin',(502.5,27.5,0.));
#10591=CARTESIAN_POINT('',(500.,27.5,0.));
#10592=CARTESIAN_POINT('Origin',(502.5,27.5,0.));
#10593=CARTESIAN_POINT('',(500.,27.5,10.));
#10594=CARTESIAN_POINT('',(500.,27.5,0.));
#10595=CARTESIAN_POINT('Origin',(502.5,27.5,10.));
#10596=CARTESIAN_POINT('Origin',(427.5,27.5,0.));
#10597=CARTESIAN_POINT('',(425.,27.5,0.));
#10598=CARTESIAN_POINT('Origin',(427.5,27.5,0.));
#10599=CARTESIAN_POINT('',(425.,27.5,10.));
#10600=CARTESIAN_POINT('',(425.,27.5,0.));
#10601=CARTESIAN_POINT('Origin',(427.5,27.5,10.));
#10602=CARTESIAN_POINT('Origin',(127.5,52.5,0.));
#10603=CARTESIAN_POINT('',(125.,52.5,0.));
#10604=CARTESIAN_POINT('Origin',(127.5,52.5,0.));
#10605=CARTESIAN_POINT('',(125.,52.5,10.));
#10606=CARTESIAN_POINT('',(125.,52.5,0.));
#10607=CARTESIAN_POINT('Origin',(127.5,52.5,10.));
#10608=CARTESIAN_POINT('Origin',(77.5,27.5,0.));
#10609=CARTESIAN_POINT('',(75.,27.5,0.));
#10610=CARTESIAN_POINT('Origin',(77.5,27.5,0.));
#10611=CARTESIAN_POINT('',(75.,27.5,10.));
#10612=CARTESIAN_POINT('',(75.,27.5,0.));
#10613=CARTESIAN_POINT('Origin',(77.5,27.5,10.));
#10614=CARTESIAN_POINT('Origin',(27.5,27.5,0.));
#10615=CARTESIAN_POINT('',(25.,27.5,0.));
#10616=CARTESIAN_POINT('Origin',(27.5,27.5,0.));
#10617=CARTESIAN_POINT('',(25.,27.5,10.));
#10618=CARTESIAN_POINT('',(25.,27.5,0.));
#10619=CARTESIAN_POINT('Origin',(27.5,27.5,10.));
#10620=CARTESIAN_POINT('Origin',(327.5,52.5,0.));
#10621=CARTESIAN_POINT('',(325.,52.5,0.));
#10622=CARTESIAN_POINT('Origin',(327.5,52.5,0.));
#10623=CARTESIAN_POINT('',(325.,52.5,10.));
#10624=CARTESIAN_POINT('',(325.,52.5,0.));
#10625=CARTESIAN_POINT('Origin',(327.5,52.5,10.));
#10626=CARTESIAN_POINT('Origin',(552.5,27.5,0.));
#10627=CARTESIAN_POINT('',(550.,27.5,0.));
#10628=CARTESIAN_POINT('Origin',(552.5,27.5,0.));
#10629=CARTESIAN_POINT('',(550.,27.5,10.));
#10630=CARTESIAN_POINT('',(550.,27.5,0.));
#10631=CARTESIAN_POINT('Origin',(552.5,27.5,10.));
#10632=CARTESIAN_POINT('Origin',(402.5,27.5,0.));
#10633=CARTESIAN_POINT('',(400.,27.5,0.));
#10634=CARTESIAN_POINT('Origin',(402.5,27.5,0.));
#10635=CARTESIAN_POINT('',(400.,27.5,10.));
#10636=CARTESIAN_POINT('',(400.,27.5,0.));
#10637=CARTESIAN_POINT('Origin',(402.5,27.5,10.));
#10638=CARTESIAN_POINT('Origin',(227.5,52.5,0.));
#10639=CARTESIAN_POINT('',(225.,52.5,0.));
#10640=CARTESIAN_POINT('Origin',(227.5,52.5,0.));
#10641=CARTESIAN_POINT('',(225.,52.5,10.));
#10642=CARTESIAN_POINT('',(225.,52.5,0.));
#10643=CARTESIAN_POINT('Origin',(227.5,52.5,10.));
#10644=CARTESIAN_POINT('Origin',(102.5,27.5,0.));
#10645=CARTESIAN_POINT('',(100.,27.5,0.));
#10646=CARTESIAN_POINT('Origin',(102.5,27.5,0.));
#10647=CARTESIAN_POINT('',(100.,27.5,10.));
#10648=CARTESIAN_POINT('',(100.,27.5,0.));
#10649=CARTESIAN_POINT('Origin',(102.5,27.5,10.));
#10650=CARTESIAN_POINT('Origin',(127.5,27.5,0.));
#10651=CARTESIAN_POINT('',(125.,27.5,0.));
#10652=CARTESIAN_POINT('Origin',(127.5,27.5,0.));
#10653=CARTESIAN_POINT('',(125.,27.5,10.));
#10654=CARTESIAN_POINT('',(125.,27.5,0.));
#10655=CARTESIAN_POINT('Origin',(127.5,27.5,10.));
#10656=CARTESIAN_POINT('Origin',(202.5,177.5,0.));
#10657=CARTESIAN_POINT('',(200.,177.5,0.));
#10658=CARTESIAN_POINT('Origin',(202.5,177.5,0.));
#10659=CARTESIAN_POINT('',(200.,177.5,10.));
#10660=CARTESIAN_POINT('',(200.,177.5,0.));
#10661=CARTESIAN_POINT('Origin',(202.5,177.5,10.));
#10662=CARTESIAN_POINT('Origin',(277.5,177.5,0.));
#10663=CARTESIAN_POINT('',(275.,177.5,0.));
#10664=CARTESIAN_POINT('Origin',(277.5,177.5,0.));
#10665=CARTESIAN_POINT('',(275.,177.5,10.));
#10666=CARTESIAN_POINT('',(275.,177.5,0.));
#10667=CARTESIAN_POINT('Origin',(277.5,177.5,10.));
#10668=CARTESIAN_POINT('Origin',(477.5,127.5,0.));
#10669=CARTESIAN_POINT('',(475.,127.5,0.));
#10670=CARTESIAN_POINT('Origin',(477.5,127.5,0.));
#10671=CARTESIAN_POINT('',(475.,127.5,10.));
#10672=CARTESIAN_POINT('',(475.,127.5,0.));
#10673=CARTESIAN_POINT('Origin',(477.5,127.5,10.));
#10674=CARTESIAN_POINT('Origin',(102.5,202.5,0.));
#10675=CARTESIAN_POINT('',(100.,202.5,0.));
#10676=CARTESIAN_POINT('Origin',(102.5,202.5,0.));
#10677=CARTESIAN_POINT('',(100.,202.5,10.));
#10678=CARTESIAN_POINT('',(100.,202.5,0.));
#10679=CARTESIAN_POINT('Origin',(102.5,202.5,10.));
#10680=CARTESIAN_POINT('Origin',(152.5,177.5,0.));
#10681=CARTESIAN_POINT('',(150.,177.5,0.));
#10682=CARTESIAN_POINT('Origin',(152.5,177.5,0.));
#10683=CARTESIAN_POINT('',(150.,177.5,10.));
#10684=CARTESIAN_POINT('',(150.,177.5,0.));
#10685=CARTESIAN_POINT('Origin',(152.5,177.5,10.));
#10686=CARTESIAN_POINT('Origin',(402.5,327.5,0.));
#10687=CARTESIAN_POINT('',(400.,327.5,0.));
#10688=CARTESIAN_POINT('Origin',(402.5,327.5,0.));
#10689=CARTESIAN_POINT('',(400.,327.5,10.));
#10690=CARTESIAN_POINT('',(400.,327.5,0.));
#10691=CARTESIAN_POINT('Origin',(402.5,327.5,10.));
#10692=CARTESIAN_POINT('Origin',(177.5,127.5,0.));
#10693=CARTESIAN_POINT('',(175.,127.5,0.));
#10694=CARTESIAN_POINT('Origin',(177.5,127.5,0.));
#10695=CARTESIAN_POINT('',(175.,127.5,10.));
#10696=CARTESIAN_POINT('',(175.,127.5,0.));
#10697=CARTESIAN_POINT('Origin',(177.5,127.5,10.));
#10698=CARTESIAN_POINT('Origin',(202.5,327.5,0.));
#10699=CARTESIAN_POINT('',(200.,327.5,0.));
#10700=CARTESIAN_POINT('Origin',(202.5,327.5,0.));
#10701=CARTESIAN_POINT('',(200.,327.5,10.));
#10702=CARTESIAN_POINT('',(200.,327.5,0.));
#10703=CARTESIAN_POINT('Origin',(202.5,327.5,10.));
#10704=CARTESIAN_POINT('Origin',(377.5,102.5,0.));
#10705=CARTESIAN_POINT('',(375.,102.5,0.));
#10706=CARTESIAN_POINT('Origin',(377.5,102.5,0.));
#10707=CARTESIAN_POINT('',(375.,102.5,10.));
#10708=CARTESIAN_POINT('',(375.,102.5,0.));
#10709=CARTESIAN_POINT('Origin',(377.5,102.5,10.));
#10710=CARTESIAN_POINT('Origin',(202.5,102.5,0.));
#10711=CARTESIAN_POINT('',(200.,102.5,0.));
#10712=CARTESIAN_POINT('Origin',(202.5,102.5,0.));
#10713=CARTESIAN_POINT('',(200.,102.5,10.));
#10714=CARTESIAN_POINT('',(200.,102.5,0.));
#10715=CARTESIAN_POINT('Origin',(202.5,102.5,10.));
#10716=CARTESIAN_POINT('Origin',(102.5,77.5,0.));
#10717=CARTESIAN_POINT('',(100.,77.5,0.));
#10718=CARTESIAN_POINT('Origin',(102.5,77.5,0.));
#10719=CARTESIAN_POINT('',(100.,77.5,10.));
#10720=CARTESIAN_POINT('',(100.,77.5,0.));
#10721=CARTESIAN_POINT('Origin',(102.5,77.5,10.));
#10722=CARTESIAN_POINT('Origin',(477.5,102.5,0.));
#10723=CARTESIAN_POINT('',(475.,102.5,0.));
#10724=CARTESIAN_POINT('Origin',(477.5,102.5,0.));
#10725=CARTESIAN_POINT('',(475.,102.5,10.));
#10726=CARTESIAN_POINT('',(475.,102.5,0.));
#10727=CARTESIAN_POINT('Origin',(477.5,102.5,10.));
#10728=CARTESIAN_POINT('Origin',(277.5,252.5,0.));
#10729=CARTESIAN_POINT('',(275.,252.5,0.));
#10730=CARTESIAN_POINT('Origin',(277.5,252.5,0.));
#10731=CARTESIAN_POINT('',(275.,252.5,10.));
#10732=CARTESIAN_POINT('',(275.,252.5,0.));
#10733=CARTESIAN_POINT('Origin',(277.5,252.5,10.));
#10734=CARTESIAN_POINT('Origin',(402.5,152.5,0.));
#10735=CARTESIAN_POINT('',(400.,152.5,0.));
#10736=CARTESIAN_POINT('Origin',(402.5,152.5,0.));
#10737=CARTESIAN_POINT('',(400.,152.5,10.));
#10738=CARTESIAN_POINT('',(400.,152.5,0.));
#10739=CARTESIAN_POINT('Origin',(402.5,152.5,10.));
#10740=CARTESIAN_POINT('Origin',(127.5,302.5,0.));
#10741=CARTESIAN_POINT('',(125.,302.5,0.));
#10742=CARTESIAN_POINT('Origin',(127.5,302.5,0.));
#10743=CARTESIAN_POINT('',(125.,302.5,10.));
#10744=CARTESIAN_POINT('',(125.,302.5,0.));
#10745=CARTESIAN_POINT('Origin',(127.5,302.5,10.));
#10746=CARTESIAN_POINT('Origin',(102.5,227.5,0.));
#10747=CARTESIAN_POINT('',(100.,227.5,0.));
#10748=CARTESIAN_POINT('Origin',(102.5,227.5,0.));
#10749=CARTESIAN_POINT('',(100.,227.5,10.));
#10750=CARTESIAN_POINT('',(100.,227.5,0.));
#10751=CARTESIAN_POINT('Origin',(102.5,227.5,10.));
#10752=CARTESIAN_POINT('Origin',(552.5,202.5,0.));
#10753=CARTESIAN_POINT('',(550.,202.5,0.));
#10754=CARTESIAN_POINT('Origin',(552.5,202.5,0.));
#10755=CARTESIAN_POINT('',(550.,202.5,10.));
#10756=CARTESIAN_POINT('',(550.,202.5,0.));
#10757=CARTESIAN_POINT('Origin',(552.5,202.5,10.));
#10758=CARTESIAN_POINT('Origin',(502.5,127.5,0.));
#10759=CARTESIAN_POINT('',(500.,127.5,0.));
#10760=CARTESIAN_POINT('Origin',(502.5,127.5,0.));
#10761=CARTESIAN_POINT('',(500.,127.5,10.));
#10762=CARTESIAN_POINT('',(500.,127.5,0.));
#10763=CARTESIAN_POINT('Origin',(502.5,127.5,10.));
#10764=CARTESIAN_POINT('Origin',(302.5,252.5,0.));
#10765=CARTESIAN_POINT('',(300.,252.5,0.));
#10766=CARTESIAN_POINT('Origin',(302.5,252.5,0.));
#10767=CARTESIAN_POINT('',(300.,252.5,10.));
#10768=CARTESIAN_POINT('',(300.,252.5,0.));
#10769=CARTESIAN_POINT('Origin',(302.5,252.5,10.));
#10770=CARTESIAN_POINT('Origin',(552.5,102.5,0.));
#10771=CARTESIAN_POINT('',(550.,102.5,0.));
#10772=CARTESIAN_POINT('Origin',(552.5,102.5,0.));
#10773=CARTESIAN_POINT('',(550.,102.5,10.));
#10774=CARTESIAN_POINT('',(550.,102.5,0.));
#10775=CARTESIAN_POINT('Origin',(552.5,102.5,10.));
#10776=CARTESIAN_POINT('Origin',(27.5,227.5,0.));
#10777=CARTESIAN_POINT('',(25.,227.5,0.));
#10778=CARTESIAN_POINT('Origin',(27.5,227.5,0.));
#10779=CARTESIAN_POINT('',(25.,227.5,10.));
#10780=CARTESIAN_POINT('',(25.,227.5,0.));
#10781=CARTESIAN_POINT('Origin',(27.5,227.5,10.));
#10782=CARTESIAN_POINT('Origin',(477.5,227.5,0.));
#10783=CARTESIAN_POINT('',(475.,227.5,0.));
#10784=CARTESIAN_POINT('Origin',(477.5,227.5,0.));
#10785=CARTESIAN_POINT('',(475.,227.5,10.));
#10786=CARTESIAN_POINT('',(475.,227.5,0.));
#10787=CARTESIAN_POINT('Origin',(477.5,227.5,10.));
#10788=CARTESIAN_POINT('Origin',(327.5,127.5,0.));
#10789=CARTESIAN_POINT('',(325.,127.5,0.));
#10790=CARTESIAN_POINT('Origin',(327.5,127.5,0.));
#10791=CARTESIAN_POINT('',(325.,127.5,10.));
#10792=CARTESIAN_POINT('',(325.,127.5,0.));
#10793=CARTESIAN_POINT('Origin',(327.5,127.5,10.));
#10794=CARTESIAN_POINT('Origin',(302.5,202.5,0.));
#10795=CARTESIAN_POINT('',(300.,202.5,0.));
#10796=CARTESIAN_POINT('Origin',(302.5,202.5,0.));
#10797=CARTESIAN_POINT('',(300.,202.5,10.));
#10798=CARTESIAN_POINT('',(300.,202.5,0.));
#10799=CARTESIAN_POINT('Origin',(302.5,202.5,10.));
#10800=CARTESIAN_POINT('Origin',(302.5,177.5,0.));
#10801=CARTESIAN_POINT('',(300.,177.5,0.));
#10802=CARTESIAN_POINT('Origin',(302.5,177.5,0.));
#10803=CARTESIAN_POINT('',(300.,177.5,10.));
#10804=CARTESIAN_POINT('',(300.,177.5,0.));
#10805=CARTESIAN_POINT('Origin',(302.5,177.5,10.));
#10806=CARTESIAN_POINT('Origin',(127.5,102.5,0.));
#10807=CARTESIAN_POINT('',(125.,102.5,0.));
#10808=CARTESIAN_POINT('Origin',(127.5,102.5,0.));
#10809=CARTESIAN_POINT('',(125.,102.5,10.));
#10810=CARTESIAN_POINT('',(125.,102.5,0.));
#10811=CARTESIAN_POINT('Origin',(127.5,102.5,10.));
#10812=CARTESIAN_POINT('Origin',(227.5,352.5,0.));
#10813=CARTESIAN_POINT('',(225.,352.5,0.));
#10814=CARTESIAN_POINT('Origin',(227.5,352.5,0.));
#10815=CARTESIAN_POINT('',(225.,352.5,10.));
#10816=CARTESIAN_POINT('',(225.,352.5,0.));
#10817=CARTESIAN_POINT('Origin',(227.5,352.5,10.));
#10818=CARTESIAN_POINT('Origin',(177.5,302.5,0.));
#10819=CARTESIAN_POINT('',(175.,302.5,0.));
#10820=CARTESIAN_POINT('Origin',(177.5,302.5,0.));
#10821=CARTESIAN_POINT('',(175.,302.5,10.));
#10822=CARTESIAN_POINT('',(175.,302.5,0.));
#10823=CARTESIAN_POINT('Origin',(177.5,302.5,10.));
#10824=CARTESIAN_POINT('Origin',(252.5,177.5,0.));
#10825=CARTESIAN_POINT('',(250.,177.5,0.));
#10826=CARTESIAN_POINT('Origin',(252.5,177.5,0.));
#10827=CARTESIAN_POINT('',(250.,177.5,10.));
#10828=CARTESIAN_POINT('',(250.,177.5,0.));
#10829=CARTESIAN_POINT('Origin',(252.5,177.5,10.));
#10830=CARTESIAN_POINT('Origin',(377.5,227.5,0.));
#10831=CARTESIAN_POINT('',(375.,227.5,0.));
#10832=CARTESIAN_POINT('Origin',(377.5,227.5,0.));
#10833=CARTESIAN_POINT('',(375.,227.5,10.));
#10834=CARTESIAN_POINT('',(375.,227.5,0.));
#10835=CARTESIAN_POINT('Origin',(377.5,227.5,10.));
#10836=CARTESIAN_POINT('Origin',(227.5,277.5,0.));
#10837=CARTESIAN_POINT('',(225.,277.5,0.));
#10838=CARTESIAN_POINT('Origin',(227.5,277.5,0.));
#10839=CARTESIAN_POINT('',(225.,277.5,10.));
#10840=CARTESIAN_POINT('',(225.,277.5,0.));
#10841=CARTESIAN_POINT('Origin',(227.5,277.5,10.));
#10842=CARTESIAN_POINT('Origin',(52.5,77.5,0.));
#10843=CARTESIAN_POINT('',(50.,77.5,0.));
#10844=CARTESIAN_POINT('Origin',(52.5,77.5,0.));
#10845=CARTESIAN_POINT('',(50.,77.5,10.));
#10846=CARTESIAN_POINT('',(50.,77.5,0.));
#10847=CARTESIAN_POINT('Origin',(52.5,77.5,10.));
#10848=CARTESIAN_POINT('Origin',(177.5,252.5,0.));
#10849=CARTESIAN_POINT('',(175.,252.5,0.));
#10850=CARTESIAN_POINT('Origin',(177.5,252.5,0.));
#10851=CARTESIAN_POINT('',(175.,252.5,10.));
#10852=CARTESIAN_POINT('',(175.,252.5,0.));
#10853=CARTESIAN_POINT('Origin',(177.5,252.5,10.));
#10854=CARTESIAN_POINT('Origin',(177.5,227.5,0.));
#10855=CARTESIAN_POINT('',(175.,227.5,0.));
#10856=CARTESIAN_POINT('Origin',(177.5,227.5,0.));
#10857=CARTESIAN_POINT('',(175.,227.5,10.));
#10858=CARTESIAN_POINT('',(175.,227.5,0.));
#10859=CARTESIAN_POINT('Origin',(177.5,227.5,10.));
#10860=CARTESIAN_POINT('Origin',(77.5,227.5,0.));
#10861=CARTESIAN_POINT('',(75.,227.5,0.));
#10862=CARTESIAN_POINT('Origin',(77.5,227.5,0.));
#10863=CARTESIAN_POINT('',(75.,227.5,10.));
#10864=CARTESIAN_POINT('',(75.,227.5,0.));
#10865=CARTESIAN_POINT('Origin',(77.5,227.5,10.));
#10866=CARTESIAN_POINT('Origin',(27.5,277.5,0.));
#10867=CARTESIAN_POINT('',(25.,277.5,0.));
#10868=CARTESIAN_POINT('Origin',(27.5,277.5,0.));
#10869=CARTESIAN_POINT('',(25.,277.5,10.));
#10870=CARTESIAN_POINT('',(25.,277.5,0.));
#10871=CARTESIAN_POINT('Origin',(27.5,277.5,10.));
#10872=CARTESIAN_POINT('Origin',(527.5,102.5,0.));
#10873=CARTESIAN_POINT('',(525.,102.5,0.));
#10874=CARTESIAN_POINT('Origin',(527.5,102.5,0.));
#10875=CARTESIAN_POINT('',(525.,102.5,10.));
#10876=CARTESIAN_POINT('',(525.,102.5,0.));
#10877=CARTESIAN_POINT('Origin',(527.5,102.5,10.));
#10878=CARTESIAN_POINT('Origin',(102.5,152.5,0.));
#10879=CARTESIAN_POINT('',(100.,152.5,0.));
#10880=CARTESIAN_POINT('Origin',(102.5,152.5,0.));
#10881=CARTESIAN_POINT('',(100.,152.5,10.));
#10882=CARTESIAN_POINT('',(100.,152.5,0.));
#10883=CARTESIAN_POINT('Origin',(102.5,152.5,10.));
#10884=CARTESIAN_POINT('Origin',(527.5,277.5,0.));
#10885=CARTESIAN_POINT('',(525.,277.5,0.));
#10886=CARTESIAN_POINT('Origin',(527.5,277.5,0.));
#10887=CARTESIAN_POINT('',(525.,277.5,10.));
#10888=CARTESIAN_POINT('',(525.,277.5,0.));
#10889=CARTESIAN_POINT('Origin',(527.5,277.5,10.));
#10890=CARTESIAN_POINT('Origin',(252.5,302.5,0.));
#10891=CARTESIAN_POINT('',(250.,302.5,0.));
#10892=CARTESIAN_POINT('Origin',(252.5,302.5,0.));
#10893=CARTESIAN_POINT('',(250.,302.5,10.));
#10894=CARTESIAN_POINT('',(250.,302.5,0.));
#10895=CARTESIAN_POINT('Origin',(252.5,302.5,10.));
#10896=CARTESIAN_POINT('Origin',(477.5,252.5,0.));
#10897=CARTESIAN_POINT('',(475.,252.5,0.));
#10898=CARTESIAN_POINT('Origin',(477.5,252.5,0.));
#10899=CARTESIAN_POINT('',(475.,252.5,10.));
#10900=CARTESIAN_POINT('',(475.,252.5,0.));
#10901=CARTESIAN_POINT('Origin',(477.5,252.5,10.));
#10902=CARTESIAN_POINT('Origin',(277.5,352.5,0.));
#10903=CARTESIAN_POINT('',(275.,352.5,0.));
#10904=CARTESIAN_POINT('Origin',(277.5,352.5,0.));
#10905=CARTESIAN_POINT('',(275.,352.5,10.));
#10906=CARTESIAN_POINT('',(275.,352.5,0.));
#10907=CARTESIAN_POINT('Origin',(277.5,352.5,10.));
#10908=CARTESIAN_POINT('Origin',(52.5,327.5,0.));
#10909=CARTESIAN_POINT('',(50.,327.5,0.));
#10910=CARTESIAN_POINT('Origin',(52.5,327.5,0.));
#10911=CARTESIAN_POINT('',(50.,327.5,10.));
#10912=CARTESIAN_POINT('',(50.,327.5,0.));
#10913=CARTESIAN_POINT('Origin',(52.5,327.5,10.));
#10914=CARTESIAN_POINT('Origin',(452.5,227.5,0.));
#10915=CARTESIAN_POINT('',(450.,227.5,0.));
#10916=CARTESIAN_POINT('Origin',(452.5,227.5,0.));
#10917=CARTESIAN_POINT('',(450.,227.5,10.));
#10918=CARTESIAN_POINT('',(450.,227.5,0.));
#10919=CARTESIAN_POINT('Origin',(452.5,227.5,10.));
#10920=CARTESIAN_POINT('Origin',(227.5,252.5,0.));
#10921=CARTESIAN_POINT('',(225.,252.5,0.));
#10922=CARTESIAN_POINT('Origin',(227.5,252.5,0.));
#10923=CARTESIAN_POINT('',(225.,252.5,10.));
#10924=CARTESIAN_POINT('',(225.,252.5,0.));
#10925=CARTESIAN_POINT('Origin',(227.5,252.5,10.));
#10926=CARTESIAN_POINT('Origin',(302.5,327.5,0.));
#10927=CARTESIAN_POINT('',(300.,327.5,0.));
#10928=CARTESIAN_POINT('Origin',(302.5,327.5,0.));
#10929=CARTESIAN_POINT('',(300.,327.5,10.));
#10930=CARTESIAN_POINT('',(300.,327.5,0.));
#10931=CARTESIAN_POINT('Origin',(302.5,327.5,10.));
#10932=CARTESIAN_POINT('Origin',(552.5,277.5,0.));
#10933=CARTESIAN_POINT('',(550.,277.5,0.));
#10934=CARTESIAN_POINT('Origin',(552.5,277.5,0.));
#10935=CARTESIAN_POINT('',(550.,277.5,10.));
#10936=CARTESIAN_POINT('',(550.,277.5,0.));
#10937=CARTESIAN_POINT('Origin',(552.5,277.5,10.));
#10938=CARTESIAN_POINT('Origin',(377.5,302.5,0.));
#10939=CARTESIAN_POINT('',(375.,302.5,0.));
#10940=CARTESIAN_POINT('Origin',(377.5,302.5,0.));
#10941=CARTESIAN_POINT('',(375.,302.5,10.));
#10942=CARTESIAN_POINT('',(375.,302.5,0.));
#10943=CARTESIAN_POINT('Origin',(377.5,302.5,10.));
#10944=CARTESIAN_POINT('Origin',(327.5,202.5,0.));
#10945=CARTESIAN_POINT('',(325.,202.5,0.));
#10946=CARTESIAN_POINT('Origin',(327.5,202.5,0.));
#10947=CARTESIAN_POINT('',(325.,202.5,10.));
#10948=CARTESIAN_POINT('',(325.,202.5,0.));
#10949=CARTESIAN_POINT('Origin',(327.5,202.5,10.));
#10950=CARTESIAN_POINT('Origin',(202.5,77.5,0.));
#10951=CARTESIAN_POINT('',(200.,77.5,0.));
#10952=CARTESIAN_POINT('Origin',(202.5,77.5,0.));
#10953=CARTESIAN_POINT('',(200.,77.5,10.));
#10954=CARTESIAN_POINT('',(200.,77.5,0.));
#10955=CARTESIAN_POINT('Origin',(202.5,77.5,10.));
#10956=CARTESIAN_POINT('Origin',(402.5,127.5,0.));
#10957=CARTESIAN_POINT('',(400.,127.5,0.));
#10958=CARTESIAN_POINT('Origin',(402.5,127.5,0.));
#10959=CARTESIAN_POINT('',(400.,127.5,10.));
#10960=CARTESIAN_POINT('',(400.,127.5,0.));
#10961=CARTESIAN_POINT('Origin',(402.5,127.5,10.));
#10962=CARTESIAN_POINT('Origin',(252.5,127.5,0.));
#10963=CARTESIAN_POINT('',(250.,127.5,0.));
#10964=CARTESIAN_POINT('Origin',(252.5,127.5,0.));
#10965=CARTESIAN_POINT('',(250.,127.5,10.));
#10966=CARTESIAN_POINT('',(250.,127.5,0.));
#10967=CARTESIAN_POINT('Origin',(252.5,127.5,10.));
#10968=CARTESIAN_POINT('Origin',(352.5,202.5,0.));
#10969=CARTESIAN_POINT('',(350.,202.5,0.));
#10970=CARTESIAN_POINT('Origin',(352.5,202.5,0.));
#10971=CARTESIAN_POINT('',(350.,202.5,10.));
#10972=CARTESIAN_POINT('',(350.,202.5,0.));
#10973=CARTESIAN_POINT('Origin',(352.5,202.5,10.));
#10974=CARTESIAN_POINT('Origin',(502.5,352.5,0.));
#10975=CARTESIAN_POINT('',(500.,352.5,0.));
#10976=CARTESIAN_POINT('Origin',(502.5,352.5,0.));
#10977=CARTESIAN_POINT('',(500.,352.5,10.));
#10978=CARTESIAN_POINT('',(500.,352.5,0.));
#10979=CARTESIAN_POINT('Origin',(502.5,352.5,10.));
#10980=CARTESIAN_POINT('Origin',(252.5,277.5,0.));
#10981=CARTESIAN_POINT('',(250.,277.5,0.));
#10982=CARTESIAN_POINT('Origin',(252.5,277.5,0.));
#10983=CARTESIAN_POINT('',(250.,277.5,10.));
#10984=CARTESIAN_POINT('',(250.,277.5,0.));
#10985=CARTESIAN_POINT('Origin',(252.5,277.5,10.));
#10986=CARTESIAN_POINT('Origin',(177.5,202.5,0.));
#10987=CARTESIAN_POINT('',(175.,202.5,0.));
#10988=CARTESIAN_POINT('Origin',(177.5,202.5,0.));
#10989=CARTESIAN_POINT('',(175.,202.5,10.));
#10990=CARTESIAN_POINT('',(175.,202.5,0.));
#10991=CARTESIAN_POINT('Origin',(177.5,202.5,10.));
#10992=CARTESIAN_POINT('Origin',(477.5,202.5,0.));
#10993=CARTESIAN_POINT('',(475.,202.5,0.));
#10994=CARTESIAN_POINT('Origin',(477.5,202.5,0.));
#10995=CARTESIAN_POINT('',(475.,202.5,10.));
#10996=CARTESIAN_POINT('',(475.,202.5,0.));
#10997=CARTESIAN_POINT('Origin',(477.5,202.5,10.));
#10998=CARTESIAN_POINT('Origin',(502.5,102.5,0.));
#10999=CARTESIAN_POINT('',(500.,102.5,0.));
#11000=CARTESIAN_POINT('Origin',(502.5,102.5,0.));
#11001=CARTESIAN_POINT('',(500.,102.5,10.));
#11002=CARTESIAN_POINT('',(500.,102.5,0.));
#11003=CARTESIAN_POINT('Origin',(502.5,102.5,10.));
#11004=CARTESIAN_POINT('Origin',(427.5,252.5,0.));
#11005=CARTESIAN_POINT('',(425.,252.5,0.));
#11006=CARTESIAN_POINT('Origin',(427.5,252.5,0.));
#11007=CARTESIAN_POINT('',(425.,252.5,10.));
#11008=CARTESIAN_POINT('',(425.,252.5,0.));
#11009=CARTESIAN_POINT('Origin',(427.5,252.5,10.));
#11010=CARTESIAN_POINT('Origin',(527.5,77.5,0.));
#11011=CARTESIAN_POINT('',(525.,77.5,0.));
#11012=CARTESIAN_POINT('Origin',(527.5,77.5,0.));
#11013=CARTESIAN_POINT('',(525.,77.5,10.));
#11014=CARTESIAN_POINT('',(525.,77.5,0.));
#11015=CARTESIAN_POINT('Origin',(527.5,77.5,10.));
#11016=CARTESIAN_POINT('Origin',(102.5,302.5,0.));
#11017=CARTESIAN_POINT('',(100.,302.5,0.));
#11018=CARTESIAN_POINT('Origin',(102.5,302.5,0.));
#11019=CARTESIAN_POINT('',(100.,302.5,10.));
#11020=CARTESIAN_POINT('',(100.,302.5,0.));
#11021=CARTESIAN_POINT('Origin',(102.5,302.5,10.));
#11022=CARTESIAN_POINT('Origin',(502.5,252.5,0.));
#11023=CARTESIAN_POINT('',(500.,252.5,0.));
#11024=CARTESIAN_POINT('Origin',(502.5,252.5,0.));
#11025=CARTESIAN_POINT('',(500.,252.5,10.));
#11026=CARTESIAN_POINT('',(500.,252.5,0.));
#11027=CARTESIAN_POINT('Origin',(502.5,252.5,10.));
#11028=CARTESIAN_POINT('Origin',(427.5,302.5,0.));
#11029=CARTESIAN_POINT('',(425.,302.5,0.));
#11030=CARTESIAN_POINT('Origin',(427.5,302.5,0.));
#11031=CARTESIAN_POINT('',(425.,302.5,10.));
#11032=CARTESIAN_POINT('',(425.,302.5,0.));
#11033=CARTESIAN_POINT('Origin',(427.5,302.5,10.));
#11034=CARTESIAN_POINT('Origin',(427.5,327.5,0.));
#11035=CARTESIAN_POINT('',(425.,327.5,0.));
#11036=CARTESIAN_POINT('Origin',(427.5,327.5,0.));
#11037=CARTESIAN_POINT('',(425.,327.5,10.));
#11038=CARTESIAN_POINT('',(425.,327.5,0.));
#11039=CARTESIAN_POINT('Origin',(427.5,327.5,10.));
#11040=CARTESIAN_POINT('Origin',(177.5,177.5,0.));
#11041=CARTESIAN_POINT('',(175.,177.5,0.));
#11042=CARTESIAN_POINT('Origin',(177.5,177.5,0.));
#11043=CARTESIAN_POINT('',(175.,177.5,10.));
#11044=CARTESIAN_POINT('',(175.,177.5,0.));
#11045=CARTESIAN_POINT('Origin',(177.5,177.5,10.));
#11046=CARTESIAN_POINT('Origin',(402.5,202.5,0.));
#11047=CARTESIAN_POINT('',(400.,202.5,0.));
#11048=CARTESIAN_POINT('Origin',(402.5,202.5,0.));
#11049=CARTESIAN_POINT('',(400.,202.5,10.));
#11050=CARTESIAN_POINT('',(400.,202.5,0.));
#11051=CARTESIAN_POINT('Origin',(402.5,202.5,10.));
#11052=CARTESIAN_POINT('Origin',(377.5,252.5,0.));
#11053=CARTESIAN_POINT('',(375.,252.5,0.));
#11054=CARTESIAN_POINT('Origin',(377.5,252.5,0.));
#11055=CARTESIAN_POINT('',(375.,252.5,10.));
#11056=CARTESIAN_POINT('',(375.,252.5,0.));
#11057=CARTESIAN_POINT('Origin',(377.5,252.5,10.));
#11058=CARTESIAN_POINT('Origin',(352.5,152.5,0.));
#11059=CARTESIAN_POINT('',(350.,152.5,0.));
#11060=CARTESIAN_POINT('Origin',(352.5,152.5,0.));
#11061=CARTESIAN_POINT('',(350.,152.5,10.));
#11062=CARTESIAN_POINT('',(350.,152.5,0.));
#11063=CARTESIAN_POINT('Origin',(352.5,152.5,10.));
#11064=CARTESIAN_POINT('Origin',(452.5,152.5,0.));
#11065=CARTESIAN_POINT('',(450.,152.5,0.));
#11066=CARTESIAN_POINT('Origin',(452.5,152.5,0.));
#11067=CARTESIAN_POINT('',(450.,152.5,10.));
#11068=CARTESIAN_POINT('',(450.,152.5,0.));
#11069=CARTESIAN_POINT('Origin',(452.5,152.5,10.));
#11070=CARTESIAN_POINT('Origin',(52.5,252.5,0.));
#11071=CARTESIAN_POINT('',(50.,252.5,0.));
#11072=CARTESIAN_POINT('Origin',(52.5,252.5,0.));
#11073=CARTESIAN_POINT('',(50.,252.5,10.));
#11074=CARTESIAN_POINT('',(50.,252.5,0.));
#11075=CARTESIAN_POINT('Origin',(52.5,252.5,10.));
#11076=CARTESIAN_POINT('Origin',(327.5,302.5,0.));
#11077=CARTESIAN_POINT('',(325.,302.5,0.));
#11078=CARTESIAN_POINT('Origin',(327.5,302.5,0.));
#11079=CARTESIAN_POINT('',(325.,302.5,10.));
#11080=CARTESIAN_POINT('',(325.,302.5,0.));
#11081=CARTESIAN_POINT('Origin',(327.5,302.5,10.));
#11082=CARTESIAN_POINT('Origin',(302.5,277.5,0.));
#11083=CARTESIAN_POINT('',(300.,277.5,0.));
#11084=CARTESIAN_POINT('Origin',(302.5,277.5,0.));
#11085=CARTESIAN_POINT('',(300.,277.5,10.));
#11086=CARTESIAN_POINT('',(300.,277.5,0.));
#11087=CARTESIAN_POINT('Origin',(302.5,277.5,10.));
#11088=CARTESIAN_POINT('Origin',(327.5,177.5,0.));
#11089=CARTESIAN_POINT('',(325.,177.5,0.));
#11090=CARTESIAN_POINT('Origin',(327.5,177.5,0.));
#11091=CARTESIAN_POINT('',(325.,177.5,10.));
#11092=CARTESIAN_POINT('',(325.,177.5,0.));
#11093=CARTESIAN_POINT('Origin',(327.5,177.5,10.));
#11094=CARTESIAN_POINT('Origin',(327.5,327.5,0.));
#11095=CARTESIAN_POINT('',(325.,327.5,0.));
#11096=CARTESIAN_POINT('Origin',(327.5,327.5,0.));
#11097=CARTESIAN_POINT('',(325.,327.5,10.));
#11098=CARTESIAN_POINT('',(325.,327.5,0.));
#11099=CARTESIAN_POINT('Origin',(327.5,327.5,10.));
#11100=CARTESIAN_POINT('Origin',(127.5,177.5,0.));
#11101=CARTESIAN_POINT('',(125.,177.5,0.));
#11102=CARTESIAN_POINT('Origin',(127.5,177.5,0.));
#11103=CARTESIAN_POINT('',(125.,177.5,10.));
#11104=CARTESIAN_POINT('',(125.,177.5,0.));
#11105=CARTESIAN_POINT('Origin',(127.5,177.5,10.));
#11106=CARTESIAN_POINT('Origin',(402.5,252.5,0.));
#11107=CARTESIAN_POINT('',(400.,252.5,0.));
#11108=CARTESIAN_POINT('Origin',(402.5,252.5,0.));
#11109=CARTESIAN_POINT('',(400.,252.5,10.));
#11110=CARTESIAN_POINT('',(400.,252.5,0.));
#11111=CARTESIAN_POINT('Origin',(402.5,252.5,10.));
#11112=CARTESIAN_POINT('Origin',(527.5,227.5,0.));
#11113=CARTESIAN_POINT('',(525.,227.5,0.));
#11114=CARTESIAN_POINT('Origin',(527.5,227.5,0.));
#11115=CARTESIAN_POINT('',(525.,227.5,10.));
#11116=CARTESIAN_POINT('',(525.,227.5,0.));
#11117=CARTESIAN_POINT('Origin',(527.5,227.5,10.));
#11118=CARTESIAN_POINT('Origin',(452.5,302.5,0.));
#11119=CARTESIAN_POINT('',(450.,302.5,0.));
#11120=CARTESIAN_POINT('Origin',(452.5,302.5,0.));
#11121=CARTESIAN_POINT('',(450.,302.5,10.));
#11122=CARTESIAN_POINT('',(450.,302.5,0.));
#11123=CARTESIAN_POINT('Origin',(452.5,302.5,10.));
#11124=CARTESIAN_POINT('Origin',(77.5,77.5,0.));
#11125=CARTESIAN_POINT('',(75.,77.5,0.));
#11126=CARTESIAN_POINT('Origin',(77.5,77.5,0.));
#11127=CARTESIAN_POINT('',(75.,77.5,10.));
#11128=CARTESIAN_POINT('',(75.,77.5,0.));
#11129=CARTESIAN_POINT('Origin',(77.5,77.5,10.));
#11130=CARTESIAN_POINT('Origin',(402.5,177.5,0.));
#11131=CARTESIAN_POINT('',(400.,177.5,0.));
#11132=CARTESIAN_POINT('Origin',(402.5,177.5,0.));
#11133=CARTESIAN_POINT('',(400.,177.5,10.));
#11134=CARTESIAN_POINT('',(400.,177.5,0.));
#11135=CARTESIAN_POINT('Origin',(402.5,177.5,10.));
#11136=CARTESIAN_POINT('Origin',(202.5,202.5,0.));
#11137=CARTESIAN_POINT('',(200.,202.5,0.));
#11138=CARTESIAN_POINT('Origin',(202.5,202.5,0.));
#11139=CARTESIAN_POINT('',(200.,202.5,10.));
#11140=CARTESIAN_POINT('',(200.,202.5,0.));
#11141=CARTESIAN_POINT('Origin',(202.5,202.5,10.));
#11142=CARTESIAN_POINT('Origin',(452.5,102.5,0.));
#11143=CARTESIAN_POINT('',(450.,102.5,0.));
#11144=CARTESIAN_POINT('Origin',(452.5,102.5,0.));
#11145=CARTESIAN_POINT('',(450.,102.5,10.));
#11146=CARTESIAN_POINT('',(450.,102.5,0.));
#11147=CARTESIAN_POINT('Origin',(452.5,102.5,10.));
#11148=CARTESIAN_POINT('Origin',(102.5,127.5,0.));
#11149=CARTESIAN_POINT('',(100.,127.5,0.));
#11150=CARTESIAN_POINT('Origin',(102.5,127.5,0.));
#11151=CARTESIAN_POINT('',(100.,127.5,10.));
#11152=CARTESIAN_POINT('',(100.,127.5,0.));
#11153=CARTESIAN_POINT('Origin',(102.5,127.5,10.));
#11154=CARTESIAN_POINT('Origin',(302.5,352.5,0.));
#11155=CARTESIAN_POINT('',(300.,352.5,0.));
#11156=CARTESIAN_POINT('Origin',(302.5,352.5,0.));
#11157=CARTESIAN_POINT('',(300.,352.5,10.));
#11158=CARTESIAN_POINT('',(300.,352.5,0.));
#11159=CARTESIAN_POINT('Origin',(302.5,352.5,10.));
#11160=CARTESIAN_POINT('Origin',(452.5,252.5,0.));
#11161=CARTESIAN_POINT('',(450.,252.5,0.));
#11162=CARTESIAN_POINT('Origin',(452.5,252.5,0.));
#11163=CARTESIAN_POINT('',(450.,252.5,10.));
#11164=CARTESIAN_POINT('',(450.,252.5,0.));
#11165=CARTESIAN_POINT('Origin',(452.5,252.5,10.));
#11166=CARTESIAN_POINT('Origin',(202.5,127.5,0.));
#11167=CARTESIAN_POINT('',(200.,127.5,0.));
#11168=CARTESIAN_POINT('Origin',(202.5,127.5,0.));
#11169=CARTESIAN_POINT('',(200.,127.5,10.));
#11170=CARTESIAN_POINT('',(200.,127.5,0.));
#11171=CARTESIAN_POINT('Origin',(202.5,127.5,10.));
#11172=CARTESIAN_POINT('Origin',(477.5,302.5,0.));
#11173=CARTESIAN_POINT('',(475.,302.5,0.));
#11174=CARTESIAN_POINT('Origin',(477.5,302.5,0.));
#11175=CARTESIAN_POINT('',(475.,302.5,10.));
#11176=CARTESIAN_POINT('',(475.,302.5,0.));
#11177=CARTESIAN_POINT('Origin',(477.5,302.5,10.));
#11178=CARTESIAN_POINT('Origin',(327.5,152.5,0.));
#11179=CARTESIAN_POINT('',(325.,152.5,0.));
#11180=CARTESIAN_POINT('Origin',(327.5,152.5,0.));
#11181=CARTESIAN_POINT('',(325.,152.5,10.));
#11182=CARTESIAN_POINT('',(325.,152.5,0.));
#11183=CARTESIAN_POINT('Origin',(327.5,152.5,10.));
#11184=CARTESIAN_POINT('Origin',(352.5,127.5,0.));
#11185=CARTESIAN_POINT('',(350.,127.5,0.));
#11186=CARTESIAN_POINT('Origin',(352.5,127.5,0.));
#11187=CARTESIAN_POINT('',(350.,127.5,10.));
#11188=CARTESIAN_POINT('',(350.,127.5,0.));
#11189=CARTESIAN_POINT('Origin',(352.5,127.5,10.));
#11190=CARTESIAN_POINT('Origin',(152.5,77.5,0.));
#11191=CARTESIAN_POINT('',(150.,77.5,0.));
#11192=CARTESIAN_POINT('Origin',(152.5,77.5,0.));
#11193=CARTESIAN_POINT('',(150.,77.5,10.));
#11194=CARTESIAN_POINT('',(150.,77.5,0.));
#11195=CARTESIAN_POINT('Origin',(152.5,77.5,10.));
#11196=CARTESIAN_POINT('Origin',(277.5,227.5,0.));
#11197=CARTESIAN_POINT('',(275.,227.5,0.));
#11198=CARTESIAN_POINT('Origin',(277.5,227.5,0.));
#11199=CARTESIAN_POINT('',(275.,227.5,10.));
#11200=CARTESIAN_POINT('',(275.,227.5,0.));
#11201=CARTESIAN_POINT('Origin',(277.5,227.5,10.));
#11202=CARTESIAN_POINT('Origin',(102.5,102.5,0.));
#11203=CARTESIAN_POINT('',(100.,102.5,0.));
#11204=CARTESIAN_POINT('Origin',(102.5,102.5,0.));
#11205=CARTESIAN_POINT('',(100.,102.5,10.));
#11206=CARTESIAN_POINT('',(100.,102.5,0.));
#11207=CARTESIAN_POINT('Origin',(102.5,102.5,10.));
#11208=CARTESIAN_POINT('Origin',(52.5,227.5,0.));
#11209=CARTESIAN_POINT('',(50.,227.5,0.));
#11210=CARTESIAN_POINT('Origin',(52.5,227.5,0.));
#11211=CARTESIAN_POINT('',(50.,227.5,10.));
#11212=CARTESIAN_POINT('',(50.,227.5,0.));
#11213=CARTESIAN_POINT('Origin',(52.5,227.5,10.));
#11214=CARTESIAN_POINT('Origin',(477.5,152.5,0.));
#11215=CARTESIAN_POINT('',(475.,152.5,0.));
#11216=CARTESIAN_POINT('Origin',(477.5,152.5,0.));
#11217=CARTESIAN_POINT('',(475.,152.5,10.));
#11218=CARTESIAN_POINT('',(475.,152.5,0.));
#11219=CARTESIAN_POINT('Origin',(477.5,152.5,10.));
#11220=CARTESIAN_POINT('Origin',(252.5,352.5,0.));
#11221=CARTESIAN_POINT('',(250.,352.5,0.));
#11222=CARTESIAN_POINT('Origin',(252.5,352.5,0.));
#11223=CARTESIAN_POINT('',(250.,352.5,10.));
#11224=CARTESIAN_POINT('',(250.,352.5,0.));
#11225=CARTESIAN_POINT('Origin',(252.5,352.5,10.));
#11226=CARTESIAN_POINT('Origin',(427.5,152.5,0.));
#11227=CARTESIAN_POINT('',(425.,152.5,0.));
#11228=CARTESIAN_POINT('Origin',(427.5,152.5,0.));
#11229=CARTESIAN_POINT('',(425.,152.5,10.));
#11230=CARTESIAN_POINT('',(425.,152.5,0.));
#11231=CARTESIAN_POINT('Origin',(427.5,152.5,10.));
#11232=CARTESIAN_POINT('Origin',(552.5,352.5,0.));
#11233=CARTESIAN_POINT('',(550.,352.5,0.));
#11234=CARTESIAN_POINT('Origin',(552.5,352.5,0.));
#11235=CARTESIAN_POINT('',(550.,352.5,10.));
#11236=CARTESIAN_POINT('',(550.,352.5,0.));
#11237=CARTESIAN_POINT('Origin',(552.5,352.5,10.));
#11238=CARTESIAN_POINT('Origin',(552.5,127.5,0.));
#11239=CARTESIAN_POINT('',(550.,127.5,0.));
#11240=CARTESIAN_POINT('Origin',(552.5,127.5,0.));
#11241=CARTESIAN_POINT('',(550.,127.5,10.));
#11242=CARTESIAN_POINT('',(550.,127.5,0.));
#11243=CARTESIAN_POINT('Origin',(552.5,127.5,10.));
#11244=CARTESIAN_POINT('Origin',(502.5,177.5,0.));
#11245=CARTESIAN_POINT('',(500.,177.5,0.));
#11246=CARTESIAN_POINT('Origin',(502.5,177.5,0.));
#11247=CARTESIAN_POINT('',(500.,177.5,10.));
#11248=CARTESIAN_POINT('',(500.,177.5,0.));
#11249=CARTESIAN_POINT('Origin',(502.5,177.5,10.));
#11250=CARTESIAN_POINT('Origin',(427.5,127.5,0.));
#11251=CARTESIAN_POINT('',(425.,127.5,0.));
#11252=CARTESIAN_POINT('Origin',(427.5,127.5,0.));
#11253=CARTESIAN_POINT('',(425.,127.5,10.));
#11254=CARTESIAN_POINT('',(425.,127.5,0.));
#11255=CARTESIAN_POINT('Origin',(427.5,127.5,10.));
#11256=CARTESIAN_POINT('Origin',(552.5,227.5,0.));
#11257=CARTESIAN_POINT('',(550.,227.5,0.));
#11258=CARTESIAN_POINT('Origin',(552.5,227.5,0.));
#11259=CARTESIAN_POINT('',(550.,227.5,10.));
#11260=CARTESIAN_POINT('',(550.,227.5,0.));
#11261=CARTESIAN_POINT('Origin',(552.5,227.5,10.));
#11262=CARTESIAN_POINT('Origin',(452.5,352.5,0.));
#11263=CARTESIAN_POINT('',(450.,352.5,0.));
#11264=CARTESIAN_POINT('Origin',(452.5,352.5,0.));
#11265=CARTESIAN_POINT('',(450.,352.5,10.));
#11266=CARTESIAN_POINT('',(450.,352.5,0.));
#11267=CARTESIAN_POINT('Origin',(452.5,352.5,10.));
#11268=CARTESIAN_POINT('Origin',(352.5,227.5,0.));
#11269=CARTESIAN_POINT('',(350.,227.5,0.));
#11270=CARTESIAN_POINT('Origin',(352.5,227.5,0.));
#11271=CARTESIAN_POINT('',(350.,227.5,10.));
#11272=CARTESIAN_POINT('',(350.,227.5,0.));
#11273=CARTESIAN_POINT('Origin',(352.5,227.5,10.));
#11274=CARTESIAN_POINT('Origin',(302.5,127.5,0.));
#11275=CARTESIAN_POINT('',(300.,127.5,0.));
#11276=CARTESIAN_POINT('Origin',(302.5,127.5,0.));
#11277=CARTESIAN_POINT('',(300.,127.5,10.));
#11278=CARTESIAN_POINT('',(300.,127.5,0.));
#11279=CARTESIAN_POINT('Origin',(302.5,127.5,10.));
#11280=CARTESIAN_POINT('Origin',(277.5,277.5,0.));
#11281=CARTESIAN_POINT('',(275.,277.5,0.));
#11282=CARTESIAN_POINT('Origin',(277.5,277.5,0.));
#11283=CARTESIAN_POINT('',(275.,277.5,10.));
#11284=CARTESIAN_POINT('',(275.,277.5,0.));
#11285=CARTESIAN_POINT('Origin',(277.5,277.5,10.));
#11286=CARTESIAN_POINT('Origin',(227.5,102.5,0.));
#11287=CARTESIAN_POINT('',(225.,102.5,0.));
#11288=CARTESIAN_POINT('Origin',(227.5,102.5,0.));
#11289=CARTESIAN_POINT('',(225.,102.5,10.));
#11290=CARTESIAN_POINT('',(225.,102.5,0.));
#11291=CARTESIAN_POINT('Origin',(227.5,102.5,10.));
#11292=CARTESIAN_POINT('Origin',(552.5,77.5,0.));
#11293=CARTESIAN_POINT('',(550.,77.5,0.));
#11294=CARTESIAN_POINT('Origin',(552.5,77.5,0.));
#11295=CARTESIAN_POINT('',(550.,77.5,10.));
#11296=CARTESIAN_POINT('',(550.,77.5,0.));
#11297=CARTESIAN_POINT('Origin',(552.5,77.5,10.));
#11298=CARTESIAN_POINT('Origin',(102.5,277.5,0.));
#11299=CARTESIAN_POINT('',(100.,277.5,0.));
#11300=CARTESIAN_POINT('Origin',(102.5,277.5,0.));
#11301=CARTESIAN_POINT('',(100.,277.5,10.));
#11302=CARTESIAN_POINT('',(100.,277.5,0.));
#11303=CARTESIAN_POINT('Origin',(102.5,277.5,10.));
#11304=CARTESIAN_POINT('Origin',(227.5,127.5,0.));
#11305=CARTESIAN_POINT('',(225.,127.5,0.));
#11306=CARTESIAN_POINT('Origin',(227.5,127.5,0.));
#11307=CARTESIAN_POINT('',(225.,127.5,10.));
#11308=CARTESIAN_POINT('',(225.,127.5,0.));
#11309=CARTESIAN_POINT('Origin',(227.5,127.5,10.));
#11310=CARTESIAN_POINT('Origin',(377.5,127.5,0.));
#11311=CARTESIAN_POINT('',(375.,127.5,0.));
#11312=CARTESIAN_POINT('Origin',(377.5,127.5,0.));
#11313=CARTESIAN_POINT('',(375.,127.5,10.));
#11314=CARTESIAN_POINT('',(375.,127.5,0.));
#11315=CARTESIAN_POINT('Origin',(377.5,127.5,10.));
#11316=CARTESIAN_POINT('Origin',(352.5,352.5,0.));
#11317=CARTESIAN_POINT('',(350.,352.5,0.));
#11318=CARTESIAN_POINT('Origin',(352.5,352.5,0.));
#11319=CARTESIAN_POINT('',(350.,352.5,10.));
#11320=CARTESIAN_POINT('',(350.,352.5,0.));
#11321=CARTESIAN_POINT('Origin',(352.5,352.5,10.));
#11322=CARTESIAN_POINT('Origin',(27.5,177.5,0.));
#11323=CARTESIAN_POINT('',(25.,177.5,0.));
#11324=CARTESIAN_POINT('Origin',(27.5,177.5,0.));
#11325=CARTESIAN_POINT('',(25.,177.5,10.));
#11326=CARTESIAN_POINT('',(25.,177.5,0.));
#11327=CARTESIAN_POINT('Origin',(27.5,177.5,10.));
#11328=CARTESIAN_POINT('Origin',(177.5,77.5,0.));
#11329=CARTESIAN_POINT('',(175.,77.5,0.));
#11330=CARTESIAN_POINT('Origin',(177.5,77.5,0.));
#11331=CARTESIAN_POINT('',(175.,77.5,10.));
#11332=CARTESIAN_POINT('',(175.,77.5,0.));
#11333=CARTESIAN_POINT('Origin',(177.5,77.5,10.));
#11334=CARTESIAN_POINT('Origin',(77.5,177.5,0.));
#11335=CARTESIAN_POINT('',(75.,177.5,0.));
#11336=CARTESIAN_POINT('Origin',(77.5,177.5,0.));
#11337=CARTESIAN_POINT('',(75.,177.5,10.));
#11338=CARTESIAN_POINT('',(75.,177.5,0.));
#11339=CARTESIAN_POINT('Origin',(77.5,177.5,10.));
#11340=CARTESIAN_POINT('Origin',(52.5,277.5,0.));
#11341=CARTESIAN_POINT('',(50.,277.5,0.));
#11342=CARTESIAN_POINT('Origin',(52.5,277.5,0.));
#11343=CARTESIAN_POINT('',(50.,277.5,10.));
#11344=CARTESIAN_POINT('',(50.,277.5,0.));
#11345=CARTESIAN_POINT('Origin',(52.5,277.5,10.));
#11346=CARTESIAN_POINT('Origin',(52.5,352.5,0.));
#11347=CARTESIAN_POINT('',(50.,352.5,0.));
#11348=CARTESIAN_POINT('Origin',(52.5,352.5,0.));
#11349=CARTESIAN_POINT('',(50.,352.5,10.));
#11350=CARTESIAN_POINT('',(50.,352.5,0.));
#11351=CARTESIAN_POINT('Origin',(52.5,352.5,10.));
#11352=CARTESIAN_POINT('Origin',(77.5,277.5,0.));
#11353=CARTESIAN_POINT('',(75.,277.5,0.));
#11354=CARTESIAN_POINT('Origin',(77.5,277.5,0.));
#11355=CARTESIAN_POINT('',(75.,277.5,10.));
#11356=CARTESIAN_POINT('',(75.,277.5,0.));
#11357=CARTESIAN_POINT('Origin',(77.5,277.5,10.));
#11358=CARTESIAN_POINT('Origin',(52.5,102.5,0.));
#11359=CARTESIAN_POINT('',(50.,102.5,0.));
#11360=CARTESIAN_POINT('Origin',(52.5,102.5,0.));
#11361=CARTESIAN_POINT('',(50.,102.5,10.));
#11362=CARTESIAN_POINT('',(50.,102.5,0.));
#11363=CARTESIAN_POINT('Origin',(52.5,102.5,10.));
#11364=CARTESIAN_POINT('Origin',(302.5,27.5,0.));
#11365=CARTESIAN_POINT('',(300.,27.5,0.));
#11366=CARTESIAN_POINT('Origin',(302.5,27.5,0.));
#11367=CARTESIAN_POINT('',(300.,27.5,10.));
#11368=CARTESIAN_POINT('',(300.,27.5,0.));
#11369=CARTESIAN_POINT('Origin',(302.5,27.5,10.));
#11370=CARTESIAN_POINT('Origin',(477.5,27.5,0.));
#11371=CARTESIAN_POINT('',(475.,27.5,0.));
#11372=CARTESIAN_POINT('Origin',(477.5,27.5,0.));
#11373=CARTESIAN_POINT('',(475.,27.5,10.));
#11374=CARTESIAN_POINT('',(475.,27.5,0.));
#11375=CARTESIAN_POINT('Origin',(477.5,27.5,10.));
#11376=CARTESIAN_POINT('Origin',(527.5,27.5,0.));
#11377=CARTESIAN_POINT('',(525.,27.5,0.));
#11378=CARTESIAN_POINT('Origin',(527.5,27.5,0.));
#11379=CARTESIAN_POINT('',(525.,27.5,10.));
#11380=CARTESIAN_POINT('',(525.,27.5,0.));
#11381=CARTESIAN_POINT('Origin',(527.5,27.5,10.));
#11382=CARTESIAN_POINT('Origin',(177.5,102.5,0.));
#11383=CARTESIAN_POINT('',(175.,102.5,0.));
#11384=CARTESIAN_POINT('Origin',(177.5,102.5,0.));
#11385=CARTESIAN_POINT('',(175.,102.5,10.));
#11386=CARTESIAN_POINT('',(175.,102.5,0.));
#11387=CARTESIAN_POINT('Origin',(177.5,102.5,10.));
#11388=CARTESIAN_POINT('Origin',(352.5,77.5,0.));
#11389=CARTESIAN_POINT('',(350.,77.5,0.));
#11390=CARTESIAN_POINT('Origin',(352.5,77.5,0.));
#11391=CARTESIAN_POINT('',(350.,77.5,10.));
#11392=CARTESIAN_POINT('',(350.,77.5,0.));
#11393=CARTESIAN_POINT('Origin',(352.5,77.5,10.));
#11394=CARTESIAN_POINT('Origin',(477.5,77.5,0.));
#11395=CARTESIAN_POINT('',(475.,77.5,0.));
#11396=CARTESIAN_POINT('Origin',(477.5,77.5,0.));
#11397=CARTESIAN_POINT('',(475.,77.5,10.));
#11398=CARTESIAN_POINT('',(475.,77.5,0.));
#11399=CARTESIAN_POINT('Origin',(477.5,77.5,10.));
#11400=CARTESIAN_POINT('Origin',(352.5,277.5,0.));
#11401=CARTESIAN_POINT('',(350.,277.5,0.));
#11402=CARTESIAN_POINT('Origin',(352.5,277.5,0.));
#11403=CARTESIAN_POINT('',(350.,277.5,10.));
#11404=CARTESIAN_POINT('',(350.,277.5,0.));
#11405=CARTESIAN_POINT('Origin',(352.5,277.5,10.));
#11406=CARTESIAN_POINT('Origin',(102.5,327.5,0.));
#11407=CARTESIAN_POINT('',(100.,327.5,0.));
#11408=CARTESIAN_POINT('Origin',(102.5,327.5,0.));
#11409=CARTESIAN_POINT('',(100.,327.5,10.));
#11410=CARTESIAN_POINT('',(100.,327.5,0.));
#11411=CARTESIAN_POINT('Origin',(102.5,327.5,10.));
#11412=CARTESIAN_POINT('Origin',(52.5,127.5,0.));
#11413=CARTESIAN_POINT('',(50.,127.5,0.));
#11414=CARTESIAN_POINT('Origin',(52.5,127.5,0.));
#11415=CARTESIAN_POINT('',(50.,127.5,10.));
#11416=CARTESIAN_POINT('',(50.,127.5,0.));
#11417=CARTESIAN_POINT('Origin',(52.5,127.5,10.));
#11418=CARTESIAN_POINT('Origin',(127.5,227.5,0.));
#11419=CARTESIAN_POINT('',(125.,227.5,0.));
#11420=CARTESIAN_POINT('Origin',(127.5,227.5,0.));
#11421=CARTESIAN_POINT('',(125.,227.5,10.));
#11422=CARTESIAN_POINT('',(125.,227.5,0.));
#11423=CARTESIAN_POINT('Origin',(127.5,227.5,10.));
#11424=CARTESIAN_POINT('Origin',(327.5,277.5,0.));
#11425=CARTESIAN_POINT('',(325.,277.5,0.));
#11426=CARTESIAN_POINT('Origin',(327.5,277.5,0.));
#11427=CARTESIAN_POINT('',(325.,277.5,10.));
#11428=CARTESIAN_POINT('',(325.,277.5,0.));
#11429=CARTESIAN_POINT('Origin',(327.5,277.5,10.));
#11430=CARTESIAN_POINT('Origin',(527.5,252.5,0.));
#11431=CARTESIAN_POINT('',(525.,252.5,0.));
#11432=CARTESIAN_POINT('Origin',(527.5,252.5,0.));
#11433=CARTESIAN_POINT('',(525.,252.5,10.));
#11434=CARTESIAN_POINT('',(525.,252.5,0.));
#11435=CARTESIAN_POINT('Origin',(527.5,252.5,10.));
#11436=CARTESIAN_POINT('Origin',(227.5,202.5,0.));
#11437=CARTESIAN_POINT('',(225.,202.5,0.));
#11438=CARTESIAN_POINT('Origin',(227.5,202.5,0.));
#11439=CARTESIAN_POINT('',(225.,202.5,10.));
#11440=CARTESIAN_POINT('',(225.,202.5,0.));
#11441=CARTESIAN_POINT('Origin',(227.5,202.5,10.));
#11442=CARTESIAN_POINT('Origin',(352.5,102.5,0.));
#11443=CARTESIAN_POINT('',(350.,102.5,0.));
#11444=CARTESIAN_POINT('Origin',(352.5,102.5,0.));
#11445=CARTESIAN_POINT('',(350.,102.5,10.));
#11446=CARTESIAN_POINT('',(350.,102.5,0.));
#11447=CARTESIAN_POINT('Origin',(352.5,102.5,10.));
#11448=CARTESIAN_POINT('Origin',(27.5,352.5,0.));
#11449=CARTESIAN_POINT('',(25.,352.5,0.));
#11450=CARTESIAN_POINT('Origin',(27.5,352.5,0.));
#11451=CARTESIAN_POINT('',(25.,352.5,10.));
#11452=CARTESIAN_POINT('',(25.,352.5,0.));
#11453=CARTESIAN_POINT('Origin',(27.5,352.5,10.));
#11454=CARTESIAN_POINT('Origin',(527.5,177.5,0.));
#11455=CARTESIAN_POINT('',(525.,177.5,0.));
#11456=CARTESIAN_POINT('Origin',(527.5,177.5,0.));
#11457=CARTESIAN_POINT('',(525.,177.5,10.));
#11458=CARTESIAN_POINT('',(525.,177.5,0.));
#11459=CARTESIAN_POINT('Origin',(527.5,177.5,10.));
#11460=CARTESIAN_POINT('Origin',(352.5,177.5,0.));
#11461=CARTESIAN_POINT('',(350.,177.5,0.));
#11462=CARTESIAN_POINT('Origin',(352.5,177.5,0.));
#11463=CARTESIAN_POINT('',(350.,177.5,10.));
#11464=CARTESIAN_POINT('',(350.,177.5,0.));
#11465=CARTESIAN_POINT('Origin',(352.5,177.5,10.));
#11466=CARTESIAN_POINT('Origin',(77.5,152.5,0.));
#11467=CARTESIAN_POINT('',(75.,152.5,0.));
#11468=CARTESIAN_POINT('Origin',(77.5,152.5,0.));
#11469=CARTESIAN_POINT('',(75.,152.5,10.));
#11470=CARTESIAN_POINT('',(75.,152.5,0.));
#11471=CARTESIAN_POINT('Origin',(77.5,152.5,10.));
#11472=CARTESIAN_POINT('Origin',(302.5,302.5,0.));
#11473=CARTESIAN_POINT('',(300.,302.5,0.));
#11474=CARTESIAN_POINT('Origin',(302.5,302.5,0.));
#11475=CARTESIAN_POINT('',(300.,302.5,10.));
#11476=CARTESIAN_POINT('',(300.,302.5,0.));
#11477=CARTESIAN_POINT('Origin',(302.5,302.5,10.));
#11478=CARTESIAN_POINT('Origin',(77.5,202.5,0.));
#11479=CARTESIAN_POINT('',(75.,202.5,0.));
#11480=CARTESIAN_POINT('Origin',(77.5,202.5,0.));
#11481=CARTESIAN_POINT('',(75.,202.5,10.));
#11482=CARTESIAN_POINT('',(75.,202.5,0.));
#11483=CARTESIAN_POINT('Origin',(77.5,202.5,10.));
#11484=CARTESIAN_POINT('Origin',(127.5,277.5,0.));
#11485=CARTESIAN_POINT('',(125.,277.5,0.));
#11486=CARTESIAN_POINT('Origin',(127.5,277.5,0.));
#11487=CARTESIAN_POINT('',(125.,277.5,10.));
#11488=CARTESIAN_POINT('',(125.,277.5,0.));
#11489=CARTESIAN_POINT('Origin',(127.5,277.5,10.));
#11490=CARTESIAN_POINT('Origin',(27.5,327.5,0.));
#11491=CARTESIAN_POINT('',(25.,327.5,0.));
#11492=CARTESIAN_POINT('Origin',(27.5,327.5,0.));
#11493=CARTESIAN_POINT('',(25.,327.5,10.));
#11494=CARTESIAN_POINT('',(25.,327.5,0.));
#11495=CARTESIAN_POINT('Origin',(27.5,327.5,10.));
#11496=CARTESIAN_POINT('Origin',(252.5,102.5,0.));
#11497=CARTESIAN_POINT('',(250.,102.5,0.));
#11498=CARTESIAN_POINT('Origin',(252.5,102.5,0.));
#11499=CARTESIAN_POINT('',(250.,102.5,10.));
#11500=CARTESIAN_POINT('',(250.,102.5,0.));
#11501=CARTESIAN_POINT('Origin',(252.5,102.5,10.));
#11502=CARTESIAN_POINT('Origin',(402.5,277.5,0.));
#11503=CARTESIAN_POINT('',(400.,277.5,0.));
#11504=CARTESIAN_POINT('Origin',(402.5,277.5,0.));
#11505=CARTESIAN_POINT('',(400.,277.5,10.));
#11506=CARTESIAN_POINT('',(400.,277.5,0.));
#11507=CARTESIAN_POINT('Origin',(402.5,277.5,10.));
#11508=CARTESIAN_POINT('Origin',(477.5,177.5,0.));
#11509=CARTESIAN_POINT('',(475.,177.5,0.));
#11510=CARTESIAN_POINT('Origin',(477.5,177.5,0.));
#11511=CARTESIAN_POINT('',(475.,177.5,10.));
#11512=CARTESIAN_POINT('',(475.,177.5,0.));
#11513=CARTESIAN_POINT('Origin',(477.5,177.5,10.));
#11514=CARTESIAN_POINT('Origin',(302.5,227.5,0.));
#11515=CARTESIAN_POINT('',(300.,227.5,0.));
#11516=CARTESIAN_POINT('Origin',(302.5,227.5,0.));
#11517=CARTESIAN_POINT('',(300.,227.5,10.));
#11518=CARTESIAN_POINT('',(300.,227.5,0.));
#11519=CARTESIAN_POINT('Origin',(302.5,227.5,10.));
#11520=CARTESIAN_POINT('Origin',(377.5,152.5,0.));
#11521=CARTESIAN_POINT('',(375.,152.5,0.));
#11522=CARTESIAN_POINT('Origin',(377.5,152.5,0.));
#11523=CARTESIAN_POINT('',(375.,152.5,10.));
#11524=CARTESIAN_POINT('',(375.,152.5,0.));
#11525=CARTESIAN_POINT('Origin',(377.5,152.5,10.));
#11526=CARTESIAN_POINT('Origin',(502.5,152.5,0.));
#11527=CARTESIAN_POINT('',(500.,152.5,0.));
#11528=CARTESIAN_POINT('Origin',(502.5,152.5,0.));
#11529=CARTESIAN_POINT('',(500.,152.5,10.));
#11530=CARTESIAN_POINT('',(500.,152.5,0.));
#11531=CARTESIAN_POINT('Origin',(502.5,152.5,10.));
#11532=CARTESIAN_POINT('Origin',(527.5,352.5,0.));
#11533=CARTESIAN_POINT('',(525.,352.5,0.));
#11534=CARTESIAN_POINT('Origin',(527.5,352.5,0.));
#11535=CARTESIAN_POINT('',(525.,352.5,10.));
#11536=CARTESIAN_POINT('',(525.,352.5,0.));
#11537=CARTESIAN_POINT('Origin',(527.5,352.5,10.));
#11538=CARTESIAN_POINT('Origin',(277.5,302.5,0.));
#11539=CARTESIAN_POINT('',(275.,302.5,0.));
#11540=CARTESIAN_POINT('Origin',(277.5,302.5,0.));
#11541=CARTESIAN_POINT('',(275.,302.5,10.));
#11542=CARTESIAN_POINT('',(275.,302.5,0.));
#11543=CARTESIAN_POINT('Origin',(277.5,302.5,10.));
#11544=CARTESIAN_POINT('Origin',(227.5,77.5,0.));
#11545=CARTESIAN_POINT('',(225.,77.5,0.));
#11546=CARTESIAN_POINT('Origin',(227.5,77.5,0.));
#11547=CARTESIAN_POINT('',(225.,77.5,10.));
#11548=CARTESIAN_POINT('',(225.,77.5,0.));
#11549=CARTESIAN_POINT('Origin',(227.5,77.5,10.));
#11550=CARTESIAN_POINT('Origin',(527.5,152.5,0.));
#11551=CARTESIAN_POINT('',(525.,152.5,0.));
#11552=CARTESIAN_POINT('Origin',(527.5,152.5,0.));
#11553=CARTESIAN_POINT('',(525.,152.5,10.));
#11554=CARTESIAN_POINT('',(525.,152.5,0.));
#11555=CARTESIAN_POINT('Origin',(527.5,152.5,10.));
#11556=CARTESIAN_POINT('Origin',(502.5,277.5,0.));
#11557=CARTESIAN_POINT('',(500.,277.5,0.));
#11558=CARTESIAN_POINT('Origin',(502.5,277.5,0.));
#11559=CARTESIAN_POINT('',(500.,277.5,10.));
#11560=CARTESIAN_POINT('',(500.,277.5,0.));
#11561=CARTESIAN_POINT('Origin',(502.5,277.5,10.));
#11562=CARTESIAN_POINT('Origin',(77.5,127.5,0.));
#11563=CARTESIAN_POINT('',(75.,127.5,0.));
#11564=CARTESIAN_POINT('Origin',(77.5,127.5,0.));
#11565=CARTESIAN_POINT('',(75.,127.5,10.));
#11566=CARTESIAN_POINT('',(75.,127.5,0.));
#11567=CARTESIAN_POINT('Origin',(77.5,127.5,10.));
#11568=CARTESIAN_POINT('Origin',(152.5,352.5,0.));
#11569=CARTESIAN_POINT('',(150.,352.5,0.));
#11570=CARTESIAN_POINT('Origin',(152.5,352.5,0.));
#11571=CARTESIAN_POINT('',(150.,352.5,10.));
#11572=CARTESIAN_POINT('',(150.,352.5,0.));
#11573=CARTESIAN_POINT('Origin',(152.5,352.5,10.));
#11574=CARTESIAN_POINT('Origin',(527.5,127.5,0.));
#11575=CARTESIAN_POINT('',(525.,127.5,0.));
#11576=CARTESIAN_POINT('Origin',(527.5,127.5,0.));
#11577=CARTESIAN_POINT('',(525.,127.5,10.));
#11578=CARTESIAN_POINT('',(525.,127.5,0.));
#11579=CARTESIAN_POINT('Origin',(527.5,127.5,10.));
#11580=CARTESIAN_POINT('Origin',(502.5,202.5,0.));
#11581=CARTESIAN_POINT('',(500.,202.5,0.));
#11582=CARTESIAN_POINT('Origin',(502.5,202.5,0.));
#11583=CARTESIAN_POINT('',(500.,202.5,10.));
#11584=CARTESIAN_POINT('',(500.,202.5,0.));
#11585=CARTESIAN_POINT('Origin',(502.5,202.5,10.));
#11586=CARTESIAN_POINT('Origin',(277.5,77.5,0.));
#11587=CARTESIAN_POINT('',(275.,77.5,0.));
#11588=CARTESIAN_POINT('Origin',(277.5,77.5,0.));
#11589=CARTESIAN_POINT('',(275.,77.5,10.));
#11590=CARTESIAN_POINT('',(275.,77.5,0.));
#11591=CARTESIAN_POINT('Origin',(277.5,77.5,10.));
#11592=CARTESIAN_POINT('Origin',(27.5,77.5,0.));
#11593=CARTESIAN_POINT('',(25.,77.5,0.));
#11594=CARTESIAN_POINT('Origin',(27.5,77.5,0.));
#11595=CARTESIAN_POINT('',(25.,77.5,10.));
#11596=CARTESIAN_POINT('',(25.,77.5,0.));
#11597=CARTESIAN_POINT('Origin',(27.5,77.5,10.));
#11598=CARTESIAN_POINT('Origin',(427.5,352.5,0.));
#11599=CARTESIAN_POINT('',(425.,352.5,0.));
#11600=CARTESIAN_POINT('Origin',(427.5,352.5,0.));
#11601=CARTESIAN_POINT('',(425.,352.5,10.));
#11602=CARTESIAN_POINT('',(425.,352.5,0.));
#11603=CARTESIAN_POINT('Origin',(427.5,352.5,10.));
#11604=CARTESIAN_POINT('Origin',(252.5,202.5,0.));
#11605=CARTESIAN_POINT('',(250.,202.5,0.));
#11606=CARTESIAN_POINT('Origin',(252.5,202.5,0.));
#11607=CARTESIAN_POINT('',(250.,202.5,10.));
#11608=CARTESIAN_POINT('',(250.,202.5,0.));
#11609=CARTESIAN_POINT('Origin',(252.5,202.5,10.));
#11610=CARTESIAN_POINT('Origin',(152.5,302.5,0.));
#11611=CARTESIAN_POINT('',(150.,302.5,0.));
#11612=CARTESIAN_POINT('Origin',(152.5,302.5,0.));
#11613=CARTESIAN_POINT('',(150.,302.5,10.));
#11614=CARTESIAN_POINT('',(150.,302.5,0.));
#11615=CARTESIAN_POINT('Origin',(152.5,302.5,10.));
#11616=CARTESIAN_POINT('Origin',(277.5,327.5,0.));
#11617=CARTESIAN_POINT('',(275.,327.5,0.));
#11618=CARTESIAN_POINT('Origin',(277.5,327.5,0.));
#11619=CARTESIAN_POINT('',(275.,327.5,10.));
#11620=CARTESIAN_POINT('',(275.,327.5,0.));
#11621=CARTESIAN_POINT('Origin',(277.5,327.5,10.));
#11622=CARTESIAN_POINT('Origin',(152.5,127.5,0.));
#11623=CARTESIAN_POINT('',(150.,127.5,0.));
#11624=CARTESIAN_POINT('Origin',(152.5,127.5,0.));
#11625=CARTESIAN_POINT('',(150.,127.5,10.));
#11626=CARTESIAN_POINT('',(150.,127.5,0.));
#11627=CARTESIAN_POINT('Origin',(152.5,127.5,10.));
#11628=CARTESIAN_POINT('Origin',(252.5,152.5,0.));
#11629=CARTESIAN_POINT('',(250.,152.5,0.));
#11630=CARTESIAN_POINT('Origin',(252.5,152.5,0.));
#11631=CARTESIAN_POINT('',(250.,152.5,10.));
#11632=CARTESIAN_POINT('',(250.,152.5,0.));
#11633=CARTESIAN_POINT('Origin',(252.5,152.5,10.));
#11634=CARTESIAN_POINT('Origin',(127.5,202.5,0.));
#11635=CARTESIAN_POINT('',(125.,202.5,0.));
#11636=CARTESIAN_POINT('Origin',(127.5,202.5,0.));
#11637=CARTESIAN_POINT('',(125.,202.5,10.));
#11638=CARTESIAN_POINT('',(125.,202.5,0.));
#11639=CARTESIAN_POINT('Origin',(127.5,202.5,10.));
#11640=CARTESIAN_POINT('Origin',(502.5,327.5,0.));
#11641=CARTESIAN_POINT('',(500.,327.5,0.));
#11642=CARTESIAN_POINT('Origin',(502.5,327.5,0.));
#11643=CARTESIAN_POINT('',(500.,327.5,10.));
#11644=CARTESIAN_POINT('',(500.,327.5,0.));
#11645=CARTESIAN_POINT('Origin',(502.5,327.5,10.));
#11646=CARTESIAN_POINT('Origin',(152.5,327.5,0.));
#11647=CARTESIAN_POINT('',(150.,327.5,0.));
#11648=CARTESIAN_POINT('Origin',(152.5,327.5,0.));
#11649=CARTESIAN_POINT('',(150.,327.5,10.));
#11650=CARTESIAN_POINT('',(150.,327.5,0.));
#11651=CARTESIAN_POINT('Origin',(152.5,327.5,10.));
#11652=CARTESIAN_POINT('Origin',(252.5,227.5,0.));
#11653=CARTESIAN_POINT('',(250.,227.5,0.));
#11654=CARTESIAN_POINT('Origin',(252.5,227.5,0.));
#11655=CARTESIAN_POINT('',(250.,227.5,10.));
#11656=CARTESIAN_POINT('',(250.,227.5,0.));
#11657=CARTESIAN_POINT('Origin',(252.5,227.5,10.));
#11658=CARTESIAN_POINT('Origin',(27.5,152.5,0.));
#11659=CARTESIAN_POINT('',(25.,152.5,0.));
#11660=CARTESIAN_POINT('Origin',(27.5,152.5,0.));
#11661=CARTESIAN_POINT('',(25.,152.5,10.));
#11662=CARTESIAN_POINT('',(25.,152.5,0.));
#11663=CARTESIAN_POINT('Origin',(27.5,152.5,10.));
#11664=CARTESIAN_POINT('Origin',(152.5,202.5,0.));
#11665=CARTESIAN_POINT('',(150.,202.5,0.));
#11666=CARTESIAN_POINT('Origin',(152.5,202.5,0.));
#11667=CARTESIAN_POINT('',(150.,202.5,10.));
#11668=CARTESIAN_POINT('',(150.,202.5,0.));
#11669=CARTESIAN_POINT('Origin',(152.5,202.5,10.));
#11670=CARTESIAN_POINT('Origin',(202.5,352.5,0.));
#11671=CARTESIAN_POINT('',(200.,352.5,0.));
#11672=CARTESIAN_POINT('Origin',(202.5,352.5,0.));
#11673=CARTESIAN_POINT('',(200.,352.5,10.));
#11674=CARTESIAN_POINT('',(200.,352.5,0.));
#11675=CARTESIAN_POINT('Origin',(202.5,352.5,10.));
#11676=CARTESIAN_POINT('Origin',(552.5,177.5,0.));
#11677=CARTESIAN_POINT('',(550.,177.5,0.));
#11678=CARTESIAN_POINT('Origin',(552.5,177.5,0.));
#11679=CARTESIAN_POINT('',(550.,177.5,10.));
#11680=CARTESIAN_POINT('',(550.,177.5,0.));
#11681=CARTESIAN_POINT('Origin',(552.5,177.5,10.));
#11682=CARTESIAN_POINT('Origin',(127.5,152.5,0.));
#11683=CARTESIAN_POINT('',(125.,152.5,0.));
#11684=CARTESIAN_POINT('Origin',(127.5,152.5,0.));
#11685=CARTESIAN_POINT('',(125.,152.5,10.));
#11686=CARTESIAN_POINT('',(125.,152.5,0.));
#11687=CARTESIAN_POINT('Origin',(127.5,152.5,10.));
#11688=CARTESIAN_POINT('Origin',(552.5,302.5,0.));
#11689=CARTESIAN_POINT('',(550.,302.5,0.));
#11690=CARTESIAN_POINT('Origin',(552.5,302.5,0.));
#11691=CARTESIAN_POINT('',(550.,302.5,10.));
#11692=CARTESIAN_POINT('',(550.,302.5,0.));
#11693=CARTESIAN_POINT('Origin',(552.5,302.5,10.));
#11694=CARTESIAN_POINT('Origin',(452.5,77.5,0.));
#11695=CARTESIAN_POINT('',(450.,77.5,0.));
#11696=CARTESIAN_POINT('Origin',(452.5,77.5,0.));
#11697=CARTESIAN_POINT('',(450.,77.5,10.));
#11698=CARTESIAN_POINT('',(450.,77.5,0.));
#11699=CARTESIAN_POINT('Origin',(452.5,77.5,10.));
#11700=CARTESIAN_POINT('Origin',(52.5,177.5,0.));
#11701=CARTESIAN_POINT('',(50.,177.5,0.));
#11702=CARTESIAN_POINT('Origin',(52.5,177.5,0.));
#11703=CARTESIAN_POINT('',(50.,177.5,10.));
#11704=CARTESIAN_POINT('',(50.,177.5,0.));
#11705=CARTESIAN_POINT('Origin',(52.5,177.5,10.));
#11706=CARTESIAN_POINT('Origin',(177.5,277.5,0.));
#11707=CARTESIAN_POINT('',(175.,277.5,0.));
#11708=CARTESIAN_POINT('Origin',(177.5,277.5,0.));
#11709=CARTESIAN_POINT('',(175.,277.5,10.));
#11710=CARTESIAN_POINT('',(175.,277.5,0.));
#11711=CARTESIAN_POINT('Origin',(177.5,277.5,10.));
#11712=CARTESIAN_POINT('Origin',(552.5,252.5,0.));
#11713=CARTESIAN_POINT('',(550.,252.5,0.));
#11714=CARTESIAN_POINT('Origin',(552.5,252.5,0.));
#11715=CARTESIAN_POINT('',(550.,252.5,10.));
#11716=CARTESIAN_POINT('',(550.,252.5,0.));
#11717=CARTESIAN_POINT('Origin',(552.5,252.5,10.));
#11718=CARTESIAN_POINT('Origin',(402.5,77.5,0.));
#11719=CARTESIAN_POINT('',(400.,77.5,0.));
#11720=CARTESIAN_POINT('Origin',(402.5,77.5,0.));
#11721=CARTESIAN_POINT('',(400.,77.5,10.));
#11722=CARTESIAN_POINT('',(400.,77.5,0.));
#11723=CARTESIAN_POINT('Origin',(402.5,77.5,10.));
#11724=CARTESIAN_POINT('Origin',(102.5,252.5,0.));
#11725=CARTESIAN_POINT('',(100.,252.5,0.));
#11726=CARTESIAN_POINT('Origin',(102.5,252.5,0.));
#11727=CARTESIAN_POINT('',(100.,252.5,10.));
#11728=CARTESIAN_POINT('',(100.,252.5,0.));
#11729=CARTESIAN_POINT('Origin',(102.5,252.5,10.));
#11730=CARTESIAN_POINT('Origin',(77.5,302.5,0.));
#11731=CARTESIAN_POINT('',(75.,302.5,0.));
#11732=CARTESIAN_POINT('Origin',(77.5,302.5,0.));
#11733=CARTESIAN_POINT('',(75.,302.5,10.));
#11734=CARTESIAN_POINT('',(75.,302.5,0.));
#11735=CARTESIAN_POINT('Origin',(77.5,302.5,10.));
#11736=CARTESIAN_POINT('Origin',(327.5,252.5,0.));
#11737=CARTESIAN_POINT('',(325.,252.5,0.));
#11738=CARTESIAN_POINT('Origin',(327.5,252.5,0.));
#11739=CARTESIAN_POINT('',(325.,252.5,10.));
#11740=CARTESIAN_POINT('',(325.,252.5,0.));
#11741=CARTESIAN_POINT('Origin',(327.5,252.5,10.));
#11742=CARTESIAN_POINT('Origin',(127.5,77.5,0.));
#11743=CARTESIAN_POINT('',(125.,77.5,0.));
#11744=CARTESIAN_POINT('Origin',(127.5,77.5,0.));
#11745=CARTESIAN_POINT('',(125.,77.5,10.));
#11746=CARTESIAN_POINT('',(125.,77.5,0.));
#11747=CARTESIAN_POINT('Origin',(127.5,77.5,10.));
#11748=CARTESIAN_POINT('Origin',(427.5,277.5,0.));
#11749=CARTESIAN_POINT('',(425.,277.5,0.));
#11750=CARTESIAN_POINT('Origin',(427.5,277.5,0.));
#11751=CARTESIAN_POINT('',(425.,277.5,10.));
#11752=CARTESIAN_POINT('',(425.,277.5,0.));
#11753=CARTESIAN_POINT('Origin',(427.5,277.5,10.));
#11754=CARTESIAN_POINT('Origin',(27.5,302.5,0.));
#11755=CARTESIAN_POINT('',(25.,302.5,0.));
#11756=CARTESIAN_POINT('Origin',(27.5,302.5,0.));
#11757=CARTESIAN_POINT('',(25.,302.5,10.));
#11758=CARTESIAN_POINT('',(25.,302.5,0.));
#11759=CARTESIAN_POINT('Origin',(27.5,302.5,10.));
#11760=CARTESIAN_POINT('Origin',(177.5,152.5,0.));
#11761=CARTESIAN_POINT('',(175.,152.5,0.));
#11762=CARTESIAN_POINT('Origin',(177.5,152.5,0.));
#11763=CARTESIAN_POINT('',(175.,152.5,10.));
#11764=CARTESIAN_POINT('',(175.,152.5,0.));
#11765=CARTESIAN_POINT('Origin',(177.5,152.5,10.));
#11766=CARTESIAN_POINT('Origin',(252.5,327.5,0.));
#11767=CARTESIAN_POINT('',(250.,327.5,0.));
#11768=CARTESIAN_POINT('Origin',(252.5,327.5,0.));
#11769=CARTESIAN_POINT('',(250.,327.5,10.));
#11770=CARTESIAN_POINT('',(250.,327.5,0.));
#11771=CARTESIAN_POINT('Origin',(252.5,327.5,10.));
#11772=CARTESIAN_POINT('Origin',(327.5,102.5,0.));
#11773=CARTESIAN_POINT('',(325.,102.5,0.));
#11774=CARTESIAN_POINT('Origin',(327.5,102.5,0.));
#11775=CARTESIAN_POINT('',(325.,102.5,10.));
#11776=CARTESIAN_POINT('',(325.,102.5,0.));
#11777=CARTESIAN_POINT('Origin',(327.5,102.5,10.));
#11778=CARTESIAN_POINT('Origin',(552.5,152.5,0.));
#11779=CARTESIAN_POINT('',(550.,152.5,0.));
#11780=CARTESIAN_POINT('Origin',(552.5,152.5,0.));
#11781=CARTESIAN_POINT('',(550.,152.5,10.));
#11782=CARTESIAN_POINT('',(550.,152.5,0.));
#11783=CARTESIAN_POINT('Origin',(552.5,152.5,10.));
#11784=CARTESIAN_POINT('Origin',(127.5,252.5,0.));
#11785=CARTESIAN_POINT('',(125.,252.5,0.));
#11786=CARTESIAN_POINT('Origin',(127.5,252.5,0.));
#11787=CARTESIAN_POINT('',(125.,252.5,10.));
#11788=CARTESIAN_POINT('',(125.,252.5,0.));
#11789=CARTESIAN_POINT('Origin',(127.5,252.5,10.));
#11790=CARTESIAN_POINT('Origin',(252.5,252.5,0.));
#11791=CARTESIAN_POINT('',(250.,252.5,0.));
#11792=CARTESIAN_POINT('Origin',(252.5,252.5,0.));
#11793=CARTESIAN_POINT('',(250.,252.5,10.));
#11794=CARTESIAN_POINT('',(250.,252.5,0.));
#11795=CARTESIAN_POINT('Origin',(252.5,252.5,10.));
#11796=CARTESIAN_POINT('Origin',(527.5,302.5,0.));
#11797=CARTESIAN_POINT('',(525.,302.5,0.));
#11798=CARTESIAN_POINT('Origin',(527.5,302.5,0.));
#11799=CARTESIAN_POINT('',(525.,302.5,10.));
#11800=CARTESIAN_POINT('',(525.,302.5,0.));
#11801=CARTESIAN_POINT('Origin',(527.5,302.5,10.));
#11802=CARTESIAN_POINT('Origin',(402.5,102.5,0.));
#11803=CARTESIAN_POINT('',(400.,102.5,0.));
#11804=CARTESIAN_POINT('Origin',(402.5,102.5,0.));
#11805=CARTESIAN_POINT('',(400.,102.5,10.));
#11806=CARTESIAN_POINT('',(400.,102.5,0.));
#11807=CARTESIAN_POINT('Origin',(402.5,102.5,10.));
#11808=CARTESIAN_POINT('Origin',(27.5,102.5,0.));
#11809=CARTESIAN_POINT('',(25.,102.5,0.));
#11810=CARTESIAN_POINT('Origin',(27.5,102.5,0.));
#11811=CARTESIAN_POINT('',(25.,102.5,10.));
#11812=CARTESIAN_POINT('',(25.,102.5,0.));
#11813=CARTESIAN_POINT('Origin',(27.5,102.5,10.));
#11814=CARTESIAN_POINT('Origin',(452.5,277.5,0.));
#11815=CARTESIAN_POINT('',(450.,277.5,0.));
#11816=CARTESIAN_POINT('Origin',(452.5,277.5,0.));
#11817=CARTESIAN_POINT('',(450.,277.5,10.));
#11818=CARTESIAN_POINT('',(450.,277.5,0.));
#11819=CARTESIAN_POINT('Origin',(452.5,277.5,10.));
#11820=CARTESIAN_POINT('Origin',(327.5,227.5,0.));
#11821=CARTESIAN_POINT('',(325.,227.5,0.));
#11822=CARTESIAN_POINT('Origin',(327.5,227.5,0.));
#11823=CARTESIAN_POINT('',(325.,227.5,10.));
#11824=CARTESIAN_POINT('',(325.,227.5,0.));
#11825=CARTESIAN_POINT('Origin',(327.5,227.5,10.));
#11826=CARTESIAN_POINT('Origin',(127.5,327.5,0.));
#11827=CARTESIAN_POINT('',(125.,327.5,0.));
#11828=CARTESIAN_POINT('Origin',(127.5,327.5,0.));
#11829=CARTESIAN_POINT('',(125.,327.5,10.));
#11830=CARTESIAN_POINT('',(125.,327.5,0.));
#11831=CARTESIAN_POINT('Origin',(127.5,327.5,10.));
#11832=CARTESIAN_POINT('Origin',(327.5,77.5,0.));
#11833=CARTESIAN_POINT('',(325.,77.5,0.));
#11834=CARTESIAN_POINT('Origin',(327.5,77.5,0.));
#11835=CARTESIAN_POINT('',(325.,77.5,10.));
#11836=CARTESIAN_POINT('',(325.,77.5,0.));
#11837=CARTESIAN_POINT('Origin',(327.5,77.5,10.));
#11838=CARTESIAN_POINT('Origin',(52.5,202.5,0.));
#11839=CARTESIAN_POINT('',(50.,202.5,0.));
#11840=CARTESIAN_POINT('Origin',(52.5,202.5,0.));
#11841=CARTESIAN_POINT('',(50.,202.5,10.));
#11842=CARTESIAN_POINT('',(50.,202.5,0.));
#11843=CARTESIAN_POINT('Origin',(52.5,202.5,10.));
#11844=CARTESIAN_POINT('Origin',(152.5,277.5,0.));
#11845=CARTESIAN_POINT('',(150.,277.5,0.));
#11846=CARTESIAN_POINT('Origin',(152.5,277.5,0.));
#11847=CARTESIAN_POINT('',(150.,277.5,10.));
#11848=CARTESIAN_POINT('',(150.,277.5,0.));
#11849=CARTESIAN_POINT('Origin',(152.5,277.5,10.));
#11850=CARTESIAN_POINT('Origin',(127.5,127.5,0.));
#11851=CARTESIAN_POINT('',(125.,127.5,0.));
#11852=CARTESIAN_POINT('Origin',(127.5,127.5,0.));
#11853=CARTESIAN_POINT('',(125.,127.5,10.));
#11854=CARTESIAN_POINT('',(125.,127.5,0.));
#11855=CARTESIAN_POINT('Origin',(127.5,127.5,10.));
#11856=CARTESIAN_POINT('Origin',(352.5,327.5,0.));
#11857=CARTESIAN_POINT('',(350.,327.5,0.));
#11858=CARTESIAN_POINT('Origin',(352.5,327.5,0.));
#11859=CARTESIAN_POINT('',(350.,327.5,10.));
#11860=CARTESIAN_POINT('',(350.,327.5,0.));
#11861=CARTESIAN_POINT('Origin',(352.5,327.5,10.));
#11862=CARTESIAN_POINT('Origin',(477.5,277.5,0.));
#11863=CARTESIAN_POINT('',(475.,277.5,0.));
#11864=CARTESIAN_POINT('Origin',(477.5,277.5,0.));
#11865=CARTESIAN_POINT('',(475.,277.5,10.));
#11866=CARTESIAN_POINT('',(475.,277.5,0.));
#11867=CARTESIAN_POINT('Origin',(477.5,277.5,10.));
#11868=CARTESIAN_POINT('Origin',(27.5,202.5,0.));
#11869=CARTESIAN_POINT('',(25.,202.5,0.));
#11870=CARTESIAN_POINT('Origin',(27.5,202.5,0.));
#11871=CARTESIAN_POINT('',(25.,202.5,10.));
#11872=CARTESIAN_POINT('',(25.,202.5,0.));
#11873=CARTESIAN_POINT('Origin',(27.5,202.5,10.));
#11874=CARTESIAN_POINT('Origin',(377.5,77.5,0.));
#11875=CARTESIAN_POINT('',(375.,77.5,0.));
#11876=CARTESIAN_POINT('Origin',(377.5,77.5,0.));
#11877=CARTESIAN_POINT('',(375.,77.5,10.));
#11878=CARTESIAN_POINT('',(375.,77.5,0.));
#11879=CARTESIAN_POINT('Origin',(377.5,77.5,10.));
#11880=CARTESIAN_POINT('Origin',(427.5,227.5,0.));
#11881=CARTESIAN_POINT('',(425.,227.5,0.));
#11882=CARTESIAN_POINT('Origin',(427.5,227.5,0.));
#11883=CARTESIAN_POINT('',(425.,227.5,10.));
#11884=CARTESIAN_POINT('',(425.,227.5,0.));
#11885=CARTESIAN_POINT('Origin',(427.5,227.5,10.));
#11886=CARTESIAN_POINT('Origin',(252.5,77.5,0.));
#11887=CARTESIAN_POINT('',(250.,77.5,0.));
#11888=CARTESIAN_POINT('Origin',(252.5,77.5,0.));
#11889=CARTESIAN_POINT('',(250.,77.5,10.));
#11890=CARTESIAN_POINT('',(250.,77.5,0.));
#11891=CARTESIAN_POINT('Origin',(252.5,77.5,10.));
#11892=CARTESIAN_POINT('Origin',(377.5,202.5,0.));
#11893=CARTESIAN_POINT('',(375.,202.5,0.));
#11894=CARTESIAN_POINT('Origin',(377.5,202.5,0.));
#11895=CARTESIAN_POINT('',(375.,202.5,10.));
#11896=CARTESIAN_POINT('',(375.,202.5,0.));
#11897=CARTESIAN_POINT('Origin',(377.5,202.5,10.));
#11898=CARTESIAN_POINT('Origin',(377.5,327.5,0.));
#11899=CARTESIAN_POINT('',(375.,327.5,0.));
#11900=CARTESIAN_POINT('Origin',(377.5,327.5,0.));
#11901=CARTESIAN_POINT('',(375.,327.5,10.));
#11902=CARTESIAN_POINT('',(375.,327.5,0.));
#11903=CARTESIAN_POINT('Origin',(377.5,327.5,10.));
#11904=CARTESIAN_POINT('Origin',(427.5,102.5,0.));
#11905=CARTESIAN_POINT('',(425.,102.5,0.));
#11906=CARTESIAN_POINT('Origin',(427.5,102.5,0.));
#11907=CARTESIAN_POINT('',(425.,102.5,10.));
#11908=CARTESIAN_POINT('',(425.,102.5,0.));
#11909=CARTESIAN_POINT('Origin',(427.5,102.5,10.));
#11910=CARTESIAN_POINT('Origin',(202.5,302.5,0.));
#11911=CARTESIAN_POINT('',(200.,302.5,0.));
#11912=CARTESIAN_POINT('Origin',(202.5,302.5,0.));
#11913=CARTESIAN_POINT('',(200.,302.5,10.));
#11914=CARTESIAN_POINT('',(200.,302.5,0.));
#11915=CARTESIAN_POINT('Origin',(202.5,302.5,10.));
#11916=CARTESIAN_POINT('Origin',(427.5,77.5,0.));
#11917=CARTESIAN_POINT('',(425.,77.5,0.));
#11918=CARTESIAN_POINT('Origin',(427.5,77.5,0.));
#11919=CARTESIAN_POINT('',(425.,77.5,10.));
#11920=CARTESIAN_POINT('',(425.,77.5,0.));
#11921=CARTESIAN_POINT('Origin',(427.5,77.5,10.));
#11922=CARTESIAN_POINT('Origin',(102.5,352.5,0.));
#11923=CARTESIAN_POINT('',(100.,352.5,0.));
#11924=CARTESIAN_POINT('Origin',(102.5,352.5,0.));
#11925=CARTESIAN_POINT('',(100.,352.5,10.));
#11926=CARTESIAN_POINT('',(100.,352.5,0.));
#11927=CARTESIAN_POINT('Origin',(102.5,352.5,10.));
#11928=CARTESIAN_POINT('Origin',(302.5,102.5,0.));
#11929=CARTESIAN_POINT('',(300.,102.5,0.));
#11930=CARTESIAN_POINT('Origin',(302.5,102.5,0.));
#11931=CARTESIAN_POINT('',(300.,102.5,10.));
#11932=CARTESIAN_POINT('',(300.,102.5,0.));
#11933=CARTESIAN_POINT('Origin',(302.5,102.5,10.));
#11934=CARTESIAN_POINT('Origin',(377.5,177.5,0.));
#11935=CARTESIAN_POINT('',(375.,177.5,0.));
#11936=CARTESIAN_POINT('Origin',(377.5,177.5,0.));
#11937=CARTESIAN_POINT('',(375.,177.5,10.));
#11938=CARTESIAN_POINT('',(375.,177.5,0.));
#11939=CARTESIAN_POINT('Origin',(377.5,177.5,10.));
#11940=CARTESIAN_POINT('Origin',(302.5,152.5,0.));
#11941=CARTESIAN_POINT('',(300.,152.5,0.));
#11942=CARTESIAN_POINT('Origin',(302.5,152.5,0.));
#11943=CARTESIAN_POINT('',(300.,152.5,10.));
#11944=CARTESIAN_POINT('',(300.,152.5,0.));
#11945=CARTESIAN_POINT('Origin',(302.5,152.5,10.));
#11946=CARTESIAN_POINT('Origin',(477.5,327.5,0.));
#11947=CARTESIAN_POINT('',(475.,327.5,0.));
#11948=CARTESIAN_POINT('Origin',(477.5,327.5,0.));
#11949=CARTESIAN_POINT('',(475.,327.5,10.));
#11950=CARTESIAN_POINT('',(475.,327.5,0.));
#11951=CARTESIAN_POINT('Origin',(477.5,327.5,10.));
#11952=CARTESIAN_POINT('Origin',(552.5,327.5,0.));
#11953=CARTESIAN_POINT('',(550.,327.5,0.));
#11954=CARTESIAN_POINT('Origin',(552.5,327.5,0.));
#11955=CARTESIAN_POINT('',(550.,327.5,10.));
#11956=CARTESIAN_POINT('',(550.,327.5,0.));
#11957=CARTESIAN_POINT('Origin',(552.5,327.5,10.));
#11958=CARTESIAN_POINT('Origin',(527.5,202.5,0.));
#11959=CARTESIAN_POINT('',(525.,202.5,0.));
#11960=CARTESIAN_POINT('Origin',(527.5,202.5,0.));
#11961=CARTESIAN_POINT('',(525.,202.5,10.));
#11962=CARTESIAN_POINT('',(525.,202.5,0.));
#11963=CARTESIAN_POINT('Origin',(527.5,202.5,10.));
#11964=CARTESIAN_POINT('Origin',(27.5,127.5,0.));
#11965=CARTESIAN_POINT('',(25.,127.5,0.));
#11966=CARTESIAN_POINT('Origin',(27.5,127.5,0.));
#11967=CARTESIAN_POINT('',(25.,127.5,10.));
#11968=CARTESIAN_POINT('',(25.,127.5,0.));
#11969=CARTESIAN_POINT('Origin',(27.5,127.5,10.));
#11970=CARTESIAN_POINT('Origin',(127.5,352.5,0.));
#11971=CARTESIAN_POINT('',(125.,352.5,0.));
#11972=CARTESIAN_POINT('Origin',(127.5,352.5,0.));
#11973=CARTESIAN_POINT('',(125.,352.5,10.));
#11974=CARTESIAN_POINT('',(125.,352.5,0.));
#11975=CARTESIAN_POINT('Origin',(127.5,352.5,10.));
#11976=CARTESIAN_POINT('Origin',(152.5,227.5,0.));
#11977=CARTESIAN_POINT('',(150.,227.5,0.));
#11978=CARTESIAN_POINT('Origin',(152.5,227.5,0.));
#11979=CARTESIAN_POINT('',(150.,227.5,10.));
#11980=CARTESIAN_POINT('',(150.,227.5,0.));
#11981=CARTESIAN_POINT('Origin',(152.5,227.5,10.));
#11982=CARTESIAN_POINT('Origin',(52.5,152.5,0.));
#11983=CARTESIAN_POINT('',(50.,152.5,0.));
#11984=CARTESIAN_POINT('Origin',(52.5,152.5,0.));
#11985=CARTESIAN_POINT('',(50.,152.5,10.));
#11986=CARTESIAN_POINT('',(50.,152.5,0.));
#11987=CARTESIAN_POINT('Origin',(52.5,152.5,10.));
#11988=CARTESIAN_POINT('Origin',(452.5,177.5,0.));
#11989=CARTESIAN_POINT('',(450.,177.5,0.));
#11990=CARTESIAN_POINT('Origin',(452.5,177.5,0.));
#11991=CARTESIAN_POINT('',(450.,177.5,10.));
#11992=CARTESIAN_POINT('',(450.,177.5,0.));
#11993=CARTESIAN_POINT('Origin',(452.5,177.5,10.));
#11994=CARTESIAN_POINT('Origin',(377.5,352.5,0.));
#11995=CARTESIAN_POINT('',(375.,352.5,0.));
#11996=CARTESIAN_POINT('Origin',(377.5,352.5,0.));
#11997=CARTESIAN_POINT('',(375.,352.5,10.));
#11998=CARTESIAN_POINT('',(375.,352.5,0.));
#11999=CARTESIAN_POINT('Origin',(377.5,352.5,10.));
#12000=CARTESIAN_POINT('Origin',(227.5,327.5,0.));
#12001=CARTESIAN_POINT('',(225.,327.5,0.));
#12002=CARTESIAN_POINT('Origin',(227.5,327.5,0.));
#12003=CARTESIAN_POINT('',(225.,327.5,10.));
#12004=CARTESIAN_POINT('',(225.,327.5,0.));
#12005=CARTESIAN_POINT('Origin',(227.5,327.5,10.));
#12006=CARTESIAN_POINT('Origin',(477.5,352.5,0.));
#12007=CARTESIAN_POINT('',(475.,352.5,0.));
#12008=CARTESIAN_POINT('Origin',(477.5,352.5,0.));
#12009=CARTESIAN_POINT('',(475.,352.5,10.));
#12010=CARTESIAN_POINT('',(475.,352.5,0.));
#12011=CARTESIAN_POINT('Origin',(477.5,352.5,10.));
#12012=CARTESIAN_POINT('Origin',(77.5,327.5,0.));
#12013=CARTESIAN_POINT('',(75.,327.5,0.));
#12014=CARTESIAN_POINT('Origin',(77.5,327.5,0.));
#12015=CARTESIAN_POINT('',(75.,327.5,10.));
#12016=CARTESIAN_POINT('',(75.,327.5,0.));
#12017=CARTESIAN_POINT('Origin',(77.5,327.5,10.));
#12018=CARTESIAN_POINT('Origin',(277.5,102.5,0.));
#12019=CARTESIAN_POINT('',(275.,102.5,0.));
#12020=CARTESIAN_POINT('Origin',(277.5,102.5,0.));
#12021=CARTESIAN_POINT('',(275.,102.5,10.));
#12022=CARTESIAN_POINT('',(275.,102.5,0.));
#12023=CARTESIAN_POINT('Origin',(277.5,102.5,10.));
#12024=CARTESIAN_POINT('Origin',(152.5,102.5,0.));
#12025=CARTESIAN_POINT('',(150.,102.5,0.));
#12026=CARTESIAN_POINT('Origin',(152.5,102.5,0.));
#12027=CARTESIAN_POINT('',(150.,102.5,10.));
#12028=CARTESIAN_POINT('',(150.,102.5,0.));
#12029=CARTESIAN_POINT('Origin',(152.5,102.5,10.));
#12030=CARTESIAN_POINT('Origin',(227.5,227.5,0.));
#12031=CARTESIAN_POINT('',(225.,227.5,0.));
#12032=CARTESIAN_POINT('Origin',(227.5,227.5,0.));
#12033=CARTESIAN_POINT('',(225.,227.5,10.));
#12034=CARTESIAN_POINT('',(225.,227.5,0.));
#12035=CARTESIAN_POINT('Origin',(227.5,227.5,10.));
#12036=CARTESIAN_POINT('Origin',(77.5,102.5,0.));
#12037=CARTESIAN_POINT('',(75.,102.5,0.));
#12038=CARTESIAN_POINT('Origin',(77.5,102.5,0.));
#12039=CARTESIAN_POINT('',(75.,102.5,10.));
#12040=CARTESIAN_POINT('',(75.,102.5,0.));
#12041=CARTESIAN_POINT('Origin',(77.5,102.5,10.));
#12042=CARTESIAN_POINT('Origin',(227.5,177.5,0.));
#12043=CARTESIAN_POINT('',(225.,177.5,0.));
#12044=CARTESIAN_POINT('Origin',(227.5,177.5,0.));
#12045=CARTESIAN_POINT('',(225.,177.5,10.));
#12046=CARTESIAN_POINT('',(225.,177.5,0.));
#12047=CARTESIAN_POINT('Origin',(227.5,177.5,10.));
#12048=CARTESIAN_POINT('Origin',(452.5,127.5,0.));
#12049=CARTESIAN_POINT('',(450.,127.5,0.));
#12050=CARTESIAN_POINT('Origin',(452.5,127.5,0.));
#12051=CARTESIAN_POINT('',(450.,127.5,10.));
#12052=CARTESIAN_POINT('',(450.,127.5,0.));
#12053=CARTESIAN_POINT('Origin',(452.5,127.5,10.));
#12054=CARTESIAN_POINT('Origin',(402.5,227.5,0.));
#12055=CARTESIAN_POINT('',(400.,227.5,0.));
#12056=CARTESIAN_POINT('Origin',(402.5,227.5,0.));
#12057=CARTESIAN_POINT('',(400.,227.5,10.));
#12058=CARTESIAN_POINT('',(400.,227.5,0.));
#12059=CARTESIAN_POINT('Origin',(402.5,227.5,10.));
#12060=CARTESIAN_POINT('Origin',(77.5,52.5,0.));
#12061=CARTESIAN_POINT('',(75.,52.5,0.));
#12062=CARTESIAN_POINT('Origin',(77.5,52.5,0.));
#12063=CARTESIAN_POINT('',(75.,52.5,10.));
#12064=CARTESIAN_POINT('',(75.,52.5,0.));
#12065=CARTESIAN_POINT('Origin',(77.5,52.5,10.));
#12066=CARTESIAN_POINT('Origin',(202.5,27.5,0.));
#12067=CARTESIAN_POINT('',(200.,27.5,0.));
#12068=CARTESIAN_POINT('Origin',(202.5,27.5,0.));
#12069=CARTESIAN_POINT('',(200.,27.5,10.));
#12070=CARTESIAN_POINT('',(200.,27.5,0.));
#12071=CARTESIAN_POINT('Origin',(202.5,27.5,10.));
#12072=CARTESIAN_POINT('Origin',(352.5,27.5,0.));
#12073=CARTESIAN_POINT('',(350.,27.5,0.));
#12074=CARTESIAN_POINT('Origin',(352.5,27.5,0.));
#12075=CARTESIAN_POINT('',(350.,27.5,10.));
#12076=CARTESIAN_POINT('',(350.,27.5,0.));
#12077=CARTESIAN_POINT('Origin',(352.5,27.5,10.));
#12078=CARTESIAN_POINT('Origin',(477.5,52.5,0.));
#12079=CARTESIAN_POINT('',(475.,52.5,0.));
#12080=CARTESIAN_POINT('Origin',(477.5,52.5,0.));
#12081=CARTESIAN_POINT('',(475.,52.5,10.));
#12082=CARTESIAN_POINT('',(475.,52.5,0.));
#12083=CARTESIAN_POINT('Origin',(477.5,52.5,10.));
#12084=CARTESIAN_POINT('Origin',(327.5,27.5,0.));
#12085=CARTESIAN_POINT('',(325.,27.5,0.));
#12086=CARTESIAN_POINT('Origin',(327.5,27.5,0.));
#12087=CARTESIAN_POINT('',(325.,27.5,10.));
#12088=CARTESIAN_POINT('',(325.,27.5,0.));
#12089=CARTESIAN_POINT('Origin',(327.5,27.5,10.));
#12090=CARTESIAN_POINT('Origin',(52.5,52.5,0.));
#12091=CARTESIAN_POINT('',(50.,52.5,0.));
#12092=CARTESIAN_POINT('Origin',(52.5,52.5,0.));
#12093=CARTESIAN_POINT('',(50.,52.5,10.));
#12094=CARTESIAN_POINT('',(50.,52.5,0.));
#12095=CARTESIAN_POINT('Origin',(52.5,52.5,10.));
#12096=CARTESIAN_POINT('Origin',(377.5,27.5,0.));
#12097=CARTESIAN_POINT('',(375.,27.5,0.));
#12098=CARTESIAN_POINT('Origin',(377.5,27.5,0.));
#12099=CARTESIAN_POINT('',(375.,27.5,10.));
#12100=CARTESIAN_POINT('',(375.,27.5,0.));
#12101=CARTESIAN_POINT('Origin',(377.5,27.5,10.));
#12102=CARTESIAN_POINT('Origin',(152.5,52.5,0.));
#12103=CARTESIAN_POINT('',(150.,52.5,0.));
#12104=CARTESIAN_POINT('Origin',(152.5,52.5,0.));
#12105=CARTESIAN_POINT('',(150.,52.5,10.));
#12106=CARTESIAN_POINT('',(150.,52.5,0.));
#12107=CARTESIAN_POINT('Origin',(152.5,52.5,10.));
#12108=CARTESIAN_POINT('Origin',(252.5,27.5,0.));
#12109=CARTESIAN_POINT('',(250.,27.5,0.));
#12110=CARTESIAN_POINT('Origin',(252.5,27.5,0.));
#12111=CARTESIAN_POINT('',(250.,27.5,10.));
#12112=CARTESIAN_POINT('',(250.,27.5,0.));
#12113=CARTESIAN_POINT('Origin',(252.5,27.5,10.));
#12114=CARTESIAN_POINT('Origin',(352.5,52.5,0.));
#12115=CARTESIAN_POINT('',(350.,52.5,0.));
#12116=CARTESIAN_POINT('Origin',(352.5,52.5,0.));
#12117=CARTESIAN_POINT('',(350.,52.5,10.));
#12118=CARTESIAN_POINT('',(350.,52.5,0.));
#12119=CARTESIAN_POINT('Origin',(352.5,52.5,10.));
#12120=CARTESIAN_POINT('Origin',(377.5,52.5,0.));
#12121=CARTESIAN_POINT('',(375.,52.5,0.));
#12122=CARTESIAN_POINT('Origin',(377.5,52.5,0.));
#12123=CARTESIAN_POINT('',(375.,52.5,10.));
#12124=CARTESIAN_POINT('',(375.,52.5,0.));
#12125=CARTESIAN_POINT('Origin',(377.5,52.5,10.));
#12126=CARTESIAN_POINT('Origin',(277.5,27.5,0.));
#12127=CARTESIAN_POINT('',(275.,27.5,0.));
#12128=CARTESIAN_POINT('Origin',(277.5,27.5,0.));
#12129=CARTESIAN_POINT('',(275.,27.5,10.));
#12130=CARTESIAN_POINT('',(275.,27.5,0.));
#12131=CARTESIAN_POINT('Origin',(277.5,27.5,10.));
#12132=CARTESIAN_POINT('Origin',(452.5,52.5,0.));
#12133=CARTESIAN_POINT('',(450.,52.5,0.));
#12134=CARTESIAN_POINT('Origin',(452.5,52.5,0.));
#12135=CARTESIAN_POINT('',(450.,52.5,10.));
#12136=CARTESIAN_POINT('',(450.,52.5,0.));
#12137=CARTESIAN_POINT('Origin',(452.5,52.5,10.));
#12138=CARTESIAN_POINT('Origin',(177.5,327.5,0.));
#12139=CARTESIAN_POINT('',(175.,327.5,0.));
#12140=CARTESIAN_POINT('Origin',(177.5,327.5,0.));
#12141=CARTESIAN_POINT('',(175.,327.5,10.));
#12142=CARTESIAN_POINT('',(175.,327.5,0.));
#12143=CARTESIAN_POINT('Origin',(177.5,327.5,10.));
#12144=CARTESIAN_POINT('Origin',(152.5,252.5,0.));
#12145=CARTESIAN_POINT('',(150.,252.5,0.));
#12146=CARTESIAN_POINT('Origin',(152.5,252.5,0.));
#12147=CARTESIAN_POINT('',(150.,252.5,10.));
#12148=CARTESIAN_POINT('',(150.,252.5,0.));
#12149=CARTESIAN_POINT('Origin',(152.5,252.5,10.));
#12150=CARTESIAN_POINT('Origin',(452.5,202.5,0.));
#12151=CARTESIAN_POINT('',(450.,202.5,0.));
#12152=CARTESIAN_POINT('Origin',(452.5,202.5,0.));
#12153=CARTESIAN_POINT('',(450.,202.5,10.));
#12154=CARTESIAN_POINT('',(450.,202.5,0.));
#12155=CARTESIAN_POINT('Origin',(452.5,202.5,10.));
#12156=CARTESIAN_POINT('Origin',(302.5,77.5,0.));
#12157=CARTESIAN_POINT('',(300.,77.5,0.));
#12158=CARTESIAN_POINT('Origin',(302.5,77.5,0.));
#12159=CARTESIAN_POINT('',(300.,77.5,10.));
#12160=CARTESIAN_POINT('',(300.,77.5,0.));
#12161=CARTESIAN_POINT('Origin',(302.5,77.5,10.));
#12162=CARTESIAN_POINT('Origin',(52.5,302.5,0.));
#12163=CARTESIAN_POINT('',(50.,302.5,0.));
#12164=CARTESIAN_POINT('Origin',(52.5,302.5,0.));
#12165=CARTESIAN_POINT('',(50.,302.5,10.));
#12166=CARTESIAN_POINT('',(50.,302.5,0.));
#12167=CARTESIAN_POINT('Origin',(52.5,302.5,10.));
#12168=CARTESIAN_POINT('Origin',(527.5,52.5,0.));
#12169=CARTESIAN_POINT('',(525.,52.5,0.));
#12170=CARTESIAN_POINT('Origin',(527.5,52.5,0.));
#12171=CARTESIAN_POINT('',(525.,52.5,10.));
#12172=CARTESIAN_POINT('',(525.,52.5,0.));
#12173=CARTESIAN_POINT('Origin',(527.5,52.5,10.));
#12174=CARTESIAN_POINT('Origin',(227.5,27.5,0.));
#12175=CARTESIAN_POINT('',(225.,27.5,0.));
#12176=CARTESIAN_POINT('Origin',(227.5,27.5,0.));
#12177=CARTESIAN_POINT('',(225.,27.5,10.));
#12178=CARTESIAN_POINT('',(225.,27.5,0.));
#12179=CARTESIAN_POINT('Origin',(227.5,27.5,10.));
#12180=CARTESIAN_POINT('Origin',(352.5,302.5,0.));
#12181=CARTESIAN_POINT('',(350.,302.5,0.));
#12182=CARTESIAN_POINT('Origin',(352.5,302.5,0.));
#12183=CARTESIAN_POINT('',(350.,302.5,10.));
#12184=CARTESIAN_POINT('',(350.,302.5,0.));
#12185=CARTESIAN_POINT('Origin',(352.5,302.5,10.));
#12186=CARTESIAN_POINT('Origin',(227.5,302.5,0.));
#12187=CARTESIAN_POINT('',(225.,302.5,0.));
#12188=CARTESIAN_POINT('Origin',(227.5,302.5,0.));
#12189=CARTESIAN_POINT('',(225.,302.5,10.));
#12190=CARTESIAN_POINT('',(225.,302.5,0.));
#12191=CARTESIAN_POINT('Origin',(227.5,302.5,10.));
#12192=CARTESIAN_POINT('Origin',(527.5,327.5,0.));
#12193=CARTESIAN_POINT('',(525.,327.5,0.));
#12194=CARTESIAN_POINT('Origin',(527.5,327.5,0.));
#12195=CARTESIAN_POINT('',(525.,327.5,10.));
#12196=CARTESIAN_POINT('',(525.,327.5,0.));
#12197=CARTESIAN_POINT('Origin',(527.5,327.5,10.));
#12198=CARTESIAN_POINT('Origin',(77.5,252.5,0.));
#12199=CARTESIAN_POINT('',(75.,252.5,0.));
#12200=CARTESIAN_POINT('Origin',(77.5,252.5,0.));
#12201=CARTESIAN_POINT('',(75.,252.5,10.));
#12202=CARTESIAN_POINT('',(75.,252.5,0.));
#12203=CARTESIAN_POINT('Origin',(77.5,252.5,10.));
#12204=CARTESIAN_POINT('Origin',(202.5,152.5,0.));
#12205=CARTESIAN_POINT('',(200.,152.5,0.));
#12206=CARTESIAN_POINT('Origin',(202.5,152.5,0.));
#12207=CARTESIAN_POINT('',(200.,152.5,10.));
#12208=CARTESIAN_POINT('',(200.,152.5,0.));
#12209=CARTESIAN_POINT('Origin',(202.5,152.5,10.));
#12210=CARTESIAN_POINT('Origin',(427.5,52.5,0.));
#12211=CARTESIAN_POINT('',(425.,52.5,0.));
#12212=CARTESIAN_POINT('Origin',(427.5,52.5,0.));
#12213=CARTESIAN_POINT('',(425.,52.5,10.));
#12214=CARTESIAN_POINT('',(425.,52.5,0.));
#12215=CARTESIAN_POINT('Origin',(427.5,52.5,10.));
#12216=CARTESIAN_POINT('Origin',(27.5,252.5,0.));
#12217=CARTESIAN_POINT('',(25.,252.5,0.));
#12218=CARTESIAN_POINT('Origin',(27.5,252.5,0.));
#12219=CARTESIAN_POINT('',(25.,252.5,10.));
#12220=CARTESIAN_POINT('',(25.,252.5,0.));
#12221=CARTESIAN_POINT('Origin',(27.5,252.5,10.));
#12222=CARTESIAN_POINT('Origin',(277.5,52.5,0.));
#12223=CARTESIAN_POINT('',(275.,52.5,0.));
#12224=CARTESIAN_POINT('Origin',(277.5,52.5,0.));
#12225=CARTESIAN_POINT('',(275.,52.5,10.));
#12226=CARTESIAN_POINT('',(275.,52.5,0.));
#12227=CARTESIAN_POINT('Origin',(277.5,52.5,10.));
#12228=CARTESIAN_POINT('Origin',(277.5,202.5,0.));
#12229=CARTESIAN_POINT('',(275.,202.5,0.));
#12230=CARTESIAN_POINT('Origin',(277.5,202.5,0.));
#12231=CARTESIAN_POINT('',(275.,202.5,10.));
#12232=CARTESIAN_POINT('',(275.,202.5,0.));
#12233=CARTESIAN_POINT('Origin',(277.5,202.5,10.));
#12234=CARTESIAN_POINT('Origin',(202.5,227.5,0.));
#12235=CARTESIAN_POINT('',(200.,227.5,0.));
#12236=CARTESIAN_POINT('Origin',(202.5,227.5,0.));
#12237=CARTESIAN_POINT('',(200.,227.5,10.));
#12238=CARTESIAN_POINT('',(200.,227.5,0.));
#12239=CARTESIAN_POINT('Origin',(202.5,227.5,10.));
#12240=CARTESIAN_POINT('Origin',(252.5,52.5,0.));
#12241=CARTESIAN_POINT('',(250.,52.5,0.));
#12242=CARTESIAN_POINT('Origin',(252.5,52.5,0.));
#12243=CARTESIAN_POINT('',(250.,52.5,10.));
#12244=CARTESIAN_POINT('',(250.,52.5,0.));
#12245=CARTESIAN_POINT('Origin',(252.5,52.5,10.));
#12246=CARTESIAN_POINT('Origin',(152.5,27.5,0.));
#12247=CARTESIAN_POINT('',(150.,27.5,0.));
#12248=CARTESIAN_POINT('Origin',(152.5,27.5,0.));
#12249=CARTESIAN_POINT('',(150.,27.5,10.));
#12250=CARTESIAN_POINT('',(150.,27.5,0.));
#12251=CARTESIAN_POINT('Origin',(152.5,27.5,10.));
#12252=CARTESIAN_POINT('Origin',(427.5,202.5,0.));
#12253=CARTESIAN_POINT('',(425.,202.5,0.));
#12254=CARTESIAN_POINT('Origin',(427.5,202.5,0.));
#12255=CARTESIAN_POINT('',(425.,202.5,10.));
#12256=CARTESIAN_POINT('',(425.,202.5,0.));
#12257=CARTESIAN_POINT('Origin',(427.5,202.5,10.));
#12258=CARTESIAN_POINT('Origin',(452.5,327.5,0.));
#12259=CARTESIAN_POINT('',(450.,327.5,0.));
#12260=CARTESIAN_POINT('Origin',(452.5,327.5,0.));
#12261=CARTESIAN_POINT('',(450.,327.5,10.));
#12262=CARTESIAN_POINT('',(450.,327.5,0.));
#12263=CARTESIAN_POINT('Origin',(452.5,327.5,10.));
#12264=CARTESIAN_POINT('Origin',(502.5,302.5,0.));
#12265=CARTESIAN_POINT('',(500.,302.5,0.));
#12266=CARTESIAN_POINT('Origin',(502.5,302.5,0.));
#12267=CARTESIAN_POINT('',(500.,302.5,10.));
#12268=CARTESIAN_POINT('',(500.,302.5,0.));
#12269=CARTESIAN_POINT('Origin',(502.5,302.5,10.));
#12270=CARTESIAN_POINT('Origin',(502.5,77.5,0.));
#12271=CARTESIAN_POINT('',(500.,77.5,0.));
#12272=CARTESIAN_POINT('Origin',(502.5,77.5,0.));
#12273=CARTESIAN_POINT('',(500.,77.5,10.));
#12274=CARTESIAN_POINT('',(500.,77.5,0.));
#12275=CARTESIAN_POINT('Origin',(502.5,77.5,10.));
#12276=CARTESIAN_POINT('Origin',(552.5,52.5,0.));
#12277=CARTESIAN_POINT('',(550.,52.5,0.));
#12278=CARTESIAN_POINT('Origin',(552.5,52.5,0.));
#12279=CARTESIAN_POINT('',(550.,52.5,10.));
#12280=CARTESIAN_POINT('',(550.,52.5,0.));
#12281=CARTESIAN_POINT('Origin',(552.5,52.5,10.));
#12282=CARTESIAN_POINT('Origin',(580.,15.,0.));
#12283=CARTESIAN_POINT('',(580.,15.,0.));
#12284=CARTESIAN_POINT('',(580.,365.,0.));
#12285=CARTESIAN_POINT('',(580.,15.,0.));
#12286=CARTESIAN_POINT('',(580.,365.,10.));
#12287=CARTESIAN_POINT('',(580.,365.,0.));
#12288=CARTESIAN_POINT('',(580.,15.,10.));
#12289=CARTESIAN_POINT('',(580.,15.,10.));
#12290=CARTESIAN_POINT('',(580.,15.,0.));
#12291=CARTESIAN_POINT('Origin',(565.,15.,0.));
#12292=CARTESIAN_POINT('',(565.,4.88498130835069E-14,0.));
#12293=CARTESIAN_POINT('Origin',(565.,15.,0.));
#12294=CARTESIAN_POINT('',(565.,5.32907051820075E-14,10.));
#12295=CARTESIAN_POINT('Origin',(565.,15.,10.));
#12296=CARTESIAN_POINT('',(565.,4.88498130835069E-14,0.));
#12297=CARTESIAN_POINT('Origin',(15.,0.,0.));
#12298=CARTESIAN_POINT('',(15.,0.,0.));
#12299=CARTESIAN_POINT('',(15.,0.,0.));
#12300=CARTESIAN_POINT('',(15.,0.,10.));
#12301=CARTESIAN_POINT('',(15.,0.,10.));
#12302=CARTESIAN_POINT('',(15.,0.,0.));
#12303=CARTESIAN_POINT('Origin',(15.,15.,0.));
#12304=CARTESIAN_POINT('',(0.,15.,0.));
#12305=CARTESIAN_POINT('Origin',(15.,15.,0.));
#12306=CARTESIAN_POINT('',(0.,15.,10.));
#12307=CARTESIAN_POINT('Origin',(15.,15.,10.));
#12308=CARTESIAN_POINT('',(0.,15.,0.));
#12309=CARTESIAN_POINT('Origin',(-2.66453525910039E-14,365.,0.));
#12310=CARTESIAN_POINT('',(-2.66453525910039E-14,365.,0.));
#12311=CARTESIAN_POINT('',(-2.66453525910039E-14,365.,0.));
#12312=CARTESIAN_POINT('',(0.,365.,10.));
#12313=CARTESIAN_POINT('',(-2.66453525910039E-14,365.,10.));
#12314=CARTESIAN_POINT('',(-2.66453525910039E-14,365.,0.));
#12315=CARTESIAN_POINT('Origin',(15.,365.,0.));
#12316=CARTESIAN_POINT('',(15.,380.,0.));
#12317=CARTESIAN_POINT('Origin',(15.,365.,0.));
#12318=CARTESIAN_POINT('',(15.,380.,10.));
#12319=CARTESIAN_POINT('Origin',(15.,365.,10.));
#12320=CARTESIAN_POINT('',(15.,380.,0.));
#12321=CARTESIAN_POINT('Origin',(565.,380.,0.));
#12322=CARTESIAN_POINT('',(565.,380.,0.));
#12323=CARTESIAN_POINT('',(565.,380.,0.));
#12324=CARTESIAN_POINT('',(565.,380.,10.));
#12325=CARTESIAN_POINT('',(565.,380.,10.));
#12326=CARTESIAN_POINT('',(565.,380.,0.));
#12327=CARTESIAN_POINT('Origin',(565.,365.,0.));
#12328=CARTESIAN_POINT('Origin',(565.,365.,0.));
#12329=CARTESIAN_POINT('Origin',(565.,365.,10.));
#12330=CARTESIAN_POINT('Origin',(290.,190.,10.));
#12331=CARTESIAN_POINT('Origin',(290.,190.,0.));
#12332=UNCERTAINTY_MEASURE_WITH_UNIT(LENGTH_MEASURE(0.01),#12336,
'DISTANCE_ACCURACY_VALUE',
'Maximum model space distance between geometric entities at asserted c
onnectivities');
#12333=UNCERTAINTY_MEASURE_WITH_UNIT(LENGTH_MEASURE(0.01),#12336,
'DISTANCE_ACCURACY_VALUE',
'Maximum model space distance between geometric entities at asserted c
onnectivities');
#12334=(
GEOMETRIC_REPRESENTATION_CONTEXT(3)
GLOBAL_UNCERTAINTY_ASSIGNED_CONTEXT((#12332))
GLOBAL_UNIT_ASSIGNED_CONTEXT((#12336,#12338,#12339))
REPRESENTATION_CONTEXT('','3D')
);
#12335=(
GEOMETRIC_REPRESENTATION_CONTEXT(3)
GLOBAL_UNCERTAINTY_ASSIGNED_CONTEXT((#12333))
GLOBAL_UNIT_ASSIGNED_CONTEXT((#12336,#12338,#12339))
REPRESENTATION_CONTEXT('','3D')
);
#12336=(
LENGTH_UNIT()
NAMED_UNIT(*)
SI_UNIT(.MILLI.,.METRE.)
);
#12337=(
LENGTH_UNIT()
NAMED_UNIT(*)
SI_UNIT($,.METRE.)
);
#12338=(
NAMED_UNIT(*)
PLANE_ANGLE_UNIT()
SI_UNIT($,.RADIAN.)
);
#12339=(
NAMED_UNIT(*)
SI_UNIT($,.STERADIAN.)
SOLID_ANGLE_UNIT()
);
#12340=SHAPE_DEFINITION_REPRESENTATION(#12341,#12342);
#12341=PRODUCT_DEFINITION_SHAPE('',$,#12344);
#12342=SHAPE_REPRESENTATION('',(#7280),#12334);
#12343=PRODUCT_DEFINITION_CONTEXT('part definition',#12348,'design');
#12344=PRODUCT_DEFINITION('BasePlate_400x600_v2',
'BasePlate_400x600_v2 v1',#12345,#12343);
#12345=PRODUCT_DEFINITION_FORMATION('',$,#12350);
#12346=PRODUCT_RELATED_PRODUCT_CATEGORY('BasePlate_400x600_v2 v1',
'BasePlate_400x600_v2 v1',(#12350));
#12347=APPLICATION_PROTOCOL_DEFINITION('international standard',
'automotive_design',2009,#12348);
#12348=APPLICATION_CONTEXT(
'Core Data for Automotive Mechanical Design Process');
#12349=PRODUCT_CONTEXT('part definition',#12348,'mechanical');
#12350=PRODUCT('BasePlate_400x600_v2','BasePlate_400x600_v2 v1',$,(#12349));
#12351=PRESENTATION_STYLE_ASSIGNMENT((#12353));
#12352=PRESENTATION_STYLE_ASSIGNMENT((#12354));
#12353=SURFACE_STYLE_USAGE(.BOTH.,#12355);
#12354=SURFACE_STYLE_USAGE(.BOTH.,#12356);
#12355=SURFACE_SIDE_STYLE('',(#12357));
#12356=SURFACE_SIDE_STYLE('',(#12358));
#12357=SURFACE_STYLE_FILL_AREA(#12359);
#12358=SURFACE_STYLE_FILL_AREA(#12360);
#12359=FILL_AREA_STYLE('Plate',(#12361));
#12360=FILL_AREA_STYLE('Opaque(160,160,160)',(#12362));
#12361=FILL_AREA_STYLE_COLOUR('Plate',#12363);
#12362=FILL_AREA_STYLE_COLOUR('Opaque(160,160,160)',#12364);
#12363=COLOUR_RGB('Plate',0.6,0.6,0.6);
#12364=COLOUR_RGB('Opaque(160,160,160)',0.627450980392157,0.627450980392157,
0.627450980392157);
ENDSEC;
END-ISO-10303-21;
