tactile_images,class,pose_x,pose_y,pose_z,pose_Rx,pose_Ry,pose_Rz,shear_x,shear_y,shear_z,shear_Rx,shear_Ry,shear_Rz,object_x,object_y,object_z,object_Rx,object_Ry,object_Rz
tactile_images/0.png,reference,0.0,0.0,0.0,0.0,0.0,0.0,0.0,0.0,0.0,0.0,0.0,0.0,0.0,0.0,0.0,0.0,0.0,0.0
tactile_images/1.png,contact,-0.1726905644160936,0.0,3.5070020322115463,0.0,0.0,-44.99566884951194,1.855280150108364,2.4587954532078813,0.0,0.0,0.0,0.8328963003070298,0.0,0.0,0.0,0.0,0.0,0.0
tactile_images/2.png,contact,-0.6066009441617091,0.0,3.4548965081295995,0.0,0.0,-44.972363246962,-0.3242903774758252,-2.3792907349785173,0.0,0.0,0.0,3.875969176082205,0.0,0.0,0.0,0.0,0.0,0.0
tactile_images/3.png,contact,-2.4090405615207144,0.0,3.696549230726383,0.0,0.0,-44.95410098856508,-4.442931043065759,1.5414559224127222,0.0,0.0,0.0,2.6290083258929,0.0,0.0,0.0,0.0,0.0,0.0
tactile_images/4.png,contact,-4.6276835025320615,0.0,3.449500076354715,0.0,0.0,-44.910732197733566,4.185101506885498,1.9919890275723304,0.0,0.0,0.0,3.6740561959242672,0.0,0.0,0.0,0.0,0.0,0.0
tactile_images/5.png,contact,1.172012355636122,0.0,4.844185307144663,0.0,0.0,-44.85127606722259,4.803291328763811,-1.5488153556531516,0.0,0.0,0.0,-4.405774430900693,0.0,0.0,0.0,0.0,0.0,0.0
tactile_images/6.png,contact,2.216315183373434,0.0,4.942803697217292,0.0,0.0,-44.81266388850717,-0.6895658478816502,-0.2508101278885979,0.0,0.0,0.0,-1.8187356774515804,0.0,0.0,0.0,0.0,0.0,0.0
tactile_images/7.png,contact,1.5875217237384365,0.0,4.858041771433602,0.0,0.0,-44.775409175925375,1.1366080740932718,-0.962329095441894,0.0,0.0,0.0,-1.8128805630529528,0.0,0.0,0.0,0.0,0.0,0.0
tactile_images/8.png,contact,3.042088652107036,0.0,4.236692614090915,0.0,0.0,-44.7730414467462,-0.4970137375625327,4.47348996354534,0.0,0.0,0.0,1.5704505776862003,0.0,0.0,0.0,0.0,0.0,0.0
tactile_images/9.png,contact,2.9431273780444487,0.0,4.272745411419181,0.0,0.0,-44.75961059691031,-1.7812034911387942,-1.8005113764841263,0.0,0.0,0.0,-0.5138495129548986,0.0,0.0,0.0,0.0,0.0,0.0
tactile_images/10.png,contact,-1.6137061107041442,0.0,4.4776101001573725,0.0,0.0,-44.75441299382858,-4.226812071421923,-3.1667695777503924,0.0,0.0,0.0,2.7747260325204177,0.0,0.0,0.0,0.0,0.0,0.0
tactile_images/11.png,contact,3.7533731879673313,0.0,4.691489756651526,0.0,0.0,-44.75241040014711,-0.4393226960270109,-1.3440715712442175,0.0,0.0,0.0,-1.1556943334430525,0.0,0.0,0.0,0.0,0.0,0.0
tactile_images/12.png,contact,4.2589457742513295,0.0,3.2636732356070284,0.0,0.0,-44.731788229590215,3.183845563594515,1.6951570760201218,0.0,0.0,0.0,-2.783924226875913,0.0,0.0,0.0,0.0,0.0,0.0
tactile_images/13.png,contact,-0.7628836016681317,0.0,3.9615723363594544,0.0,0.0,-44.71494172754397,-4.829685389119964,1.9736269036146528,0.0,0.0,0.0,-2.090489317057216,0.0,0.0,0.0,0.0,0.0,0.0
tactile_images/14.png,contact,-3.778300781520409,0.0,3.607441907182377,0.0,0.0,-44.68783866808542,0.8210768318022232,4.240573153600069,0.0,0.0,0.0,-3.1753027384918564,0.0,0.0,0.0,0.0,0.0,0.0
tactile_images/15.png,contact,-1.95974206093698,0.0,3.5973443147750994,0.0,0.0,-44.67561841005416,3.807721087266888,3.817544848758093,0.0,0.0,0.0,-3.021073082371,0.0,0.0,0.0,0.0,0.0,0.0
tactile_images/16.png,contact,-0.5270707571854523,0.0,4.69843828938821,0.0,0.0,-44.6745724405589,-2.82450569985642,-2.1167947958272446,0.0,0.0,0.0,-2.831610845693485,0.0,0.0,0.0,0.0,0.0,0.0
tactile_images/17.png,contact,-1.775316138836846,0.0,3.0499418008682624,0.0,0.0,-44.65996333168707,-3.1674413531093784,-0.4483675103240356,0.0,0.0,0.0,-4.839052884927755,0.0,0.0,0.0,0.0,0.0,0.0
tactile_images/18.png,contact,3.6912633928165017,0.0,3.5319481293082244,0.0,0.0,-44.6066419692589,2.7227662570194315,2.47268988183434,0.0,0.0,0.0,2.1608803476254543,0.0,0.0,0.0,0.0,0.0,0.0
tactile_images/19.png,contact,-1.739942081457304,0.0,4.18820927655085,0.0,0.0,-44.5859508846704,-2.449135688807067,4.165372806020251,0.0,0.0,0.0,-1.0039765772886442,0.0,0.0,0.0,0.0,0.0,0.0
tactile_images/20.png,contact,-2.1873961785353027,0.0,3.8588375737045055,0.0,0.0,-44.58510576241486,-3.0801573243935154,-1.628349871431082,0.0,0.0,0.0,-4.773286681181711,0.0,0.0,0.0,0.0,0.0,0.0
tactile_images/21.png,contact,1.2544711297987865,0.0,4.772752769248791,0.0,0.0,-44.48220639090288,-1.2201074943076495,-0.5555856582300409,0.0,0.0,0.0,-1.2999245553415977,0.0,0.0,0.0,0.0,0.0,0.0
tactile_images/22.png,contact,2.7017327420238155,0.0,4.0299596212966895,0.0,0.0,-44.47425598906408,-1.07497987729782,3.994782704536089,0.0,0.0,0.0,4.053681271154121,0.0,0.0,0.0,0.0,0.0,0.0
tactile_images/23.png,contact,0.184776484874499,0.0,4.2670705872323405,0.0,0.0,-44.458016366843424,3.7410106301656594,-1.4151612684157735,0.0,0.0,0.0,0.1124431696744476,0.0,0.0,0.0,0.0,0.0,0.0
tactile_images/24.png,contact,-1.7147914866720697,0.0,4.662254433435491,0.0,0.0,-44.43430087182679,1.1844347193367692,-0.194870138082642,0.0,0.0,0.0,4.867520113463506,0.0,0.0,0.0,0.0,0.0,0.0
tactile_images/25.png,contact,-0.9293993484170312,0.0,3.6517802867872855,0.0,0.0,-44.41955013317693,-0.9403854366041068,4.0450414121807885,0.0,0.0,0.0,0.3995943187805615,0.0,0.0,0.0,0.0,0.0,0.0
tactile_images/26.png,contact,2.530212009280002,0.0,3.6658241924628063,0.0,0.0,-44.41353158773123,0.3438796428576687,3.022432179898482,0.0,0.0,0.0,4.62798999051064,0.0,0.0,0.0,0.0,0.0,0.0
tactile_images/27.png,contact,-0.2965972394561991,0.0,4.175123544299597,0.0,0.0,-44.37719139736559,4.539652333252741,-2.565690749901972,0.0,0.0,0.0,-2.981992711955873,0.0,0.0,0.0,0.0,0.0,0.0
tactile_images/28.png,contact,-2.0772135026752743,0.0,3.67817522652536,0.0,0.0,-44.370829314074335,-3.8678532339010463,-1.7520493458806663,0.0,0.0,0.0,-2.100651872806324,0.0,0.0,0.0,0.0,0.0,0.0
tactile_images/29.png,contact,3.829329835723941,0.0,3.2606478934046565,0.0,0.0,-44.33217229074148,-2.922844782753086,-1.470412725406609,0.0,0.0,0.0,1.9997011017976136,0.0,0.0,0.0,0.0,0.0,0.0
tactile_images/30.png,contact,1.0068408419069188,0.0,4.872705115649971,0.0,0.0,-44.21869116963222,4.625287065865553,4.127384734310597,0.0,0.0,0.0,4.868216169994465,0.0,0.0,0.0,0.0,0.0,0.0
tactile_images/31.png,contact,0.747718145623061,0.0,3.255707635817391,0.0,0.0,-44.1905136464312,4.573248485272041,4.989337371045391,0.0,0.0,0.0,3.25297411019376,0.0,0.0,0.0,0.0,0.0,0.0
tactile_images/32.png,contact,-1.2234326461724612,0.0,3.6974056216859568,0.0,0.0,-44.184321163202,-3.2283457873522736,2.740043021554399,0.0,0.0,0.0,0.5370527667575109,0.0,0.0,0.0,0.0,0.0,0.0
tactile_images/33.png,contact,4.745522400942491,0.0,4.29541814958046,0.0,0.0,-44.167147180473286,-3.548911828747018,-0.1567369750649341,0.0,0.0,0.0,-4.148473856410847,0.0,0.0,0.0,0.0,0.0,0.0
tactile_images/34.png,contact,-2.925951162883833,0.0,3.702434039276976,0.0,0.0,-44.110092148477136,-0.7891486566138015,-4.89826181932521,0.0,0.0,0.0,-1.3562089000020603,0.0,0.0,0.0,0.0,0.0,0.0
tactile_images/35.png,contact,1.9447568934197648,0.0,3.391141294203046,0.0,0.0,-44.10691135532209,-4.5028170751203085,1.974880565979574,0.0,0.0,0.0,-4.135742994034094,0.0,0.0,0.0,0.0,0.0,0.0
tactile_images/36.png,contact,3.2347196799449174,0.0,4.744212127493162,0.0,0.0,-44.10056026272863,1.5490353228514009,-1.106388355022153,0.0,0.0,0.0,-1.887186381334956,0.0,0.0,0.0,0.0,0.0,0.0
tactile_images/37.png,contact,-2.891712386073383,0.0,4.437207481380392,0.0,0.0,-44.084249766965925,-4.225039783382578,1.329864702286054,0.0,0.0,0.0,-2.4120789933467544,0.0,0.0,0.0,0.0,0.0,0.0
tactile_images/38.png,contact,0.2679009330844284,0.0,3.201060717383672,0.0,0.0,-44.03494773950534,-4.4197037290571926,1.066939634624288,0.0,0.0,0.0,-1.1144470336328158,0.0,0.0,0.0,0.0,0.0,0.0
tactile_images/39.png,contact,-2.6892278210764093,0.0,3.9580814513492273,0.0,0.0,-44.01940742771913,-0.1481306379115077,-0.1916794342561267,0.0,0.0,0.0,3.372765899899189,0.0,0.0,0.0,0.0,0.0,0.0
tactile_images/40.png,contact,-1.884050184921369,0.0,4.786472294419894,0.0,0.0,-44.01837042139847,4.577866361101016,4.44387397726323,0.0,0.0,0.0,-3.4962332868961985,0.0,0.0,0.0,0.0,0.0,0.0
tactile_images/41.png,contact,2.581067058871108,0.0,3.707097708408674,0.0,0.0,-44.00510411726914,-0.732040639368404,-4.768536546446583,0.0,0.0,0.0,-1.9393605114639243,0.0,0.0,0.0,0.0,0.0,0.0
tactile_images/42.png,contact,-1.6030271970133816,0.0,3.22621151300344,0.0,0.0,-43.98849156011608,-1.4351884133944894,2.1213248447258826,0.0,0.0,0.0,-2.3888275567839248,0.0,0.0,0.0,0.0,0.0,0.0
tactile_images/43.png,contact,-2.70921844644052,0.0,4.397271178863912,0.0,0.0,-43.98574984295416,4.97956715502286,-0.9016013170045404,0.0,0.0,0.0,-2.0385835286309217,0.0,0.0,0.0,0.0,0.0,0.0
tactile_images/44.png,contact,-1.961561451379252,0.0,3.221082728833471,0.0,0.0,-43.97639705958162,0.3196896077918341,2.137904504916113,0.0,0.0,0.0,-1.3937652519290775,0.0,0.0,0.0,0.0,0.0,0.0
tactile_images/45.png,contact,4.321629408948281,0.0,3.0001056538645936,0.0,0.0,-43.94676358701966,-1.2475859310975146,1.7521964753963193,0.0,0.0,0.0,-2.556882500663616,0.0,0.0,0.0,0.0,0.0,0.0
tactile_images/46.png,contact,-2.327334747861652,0.0,3.036315931214157,0.0,0.0,-43.92191794768521,-1.141391866583982,-4.897619974240046,0.0,0.0,0.0,4.425812722231232,0.0,0.0,0.0,0.0,0.0,0.0
tactile_images/47.png,contact,-2.869033862552951,0.0,4.5876718242972325,0.0,0.0,-43.90962569013579,-3.050405039664895,-2.146615048253288,0.0,0.0,0.0,-0.7989828608734539,0.0,0.0,0.0,0.0,0.0,0.0
tactile_images/48.png,contact,-3.224805636343609,0.0,4.63973629505401,0.0,0.0,-43.83567969521796,0.1222305744753891,-3.109084794962196,0.0,0.0,0.0,-3.858867348027318,0.0,0.0,0.0,0.0,0.0,0.0
tactile_images/49.png,contact,1.0345721767872984,0.0,3.573733749965588,0.0,0.0,-43.827724771836806,-0.6114497183199417,-3.330136470575077,0.0,0.0,0.0,-0.3234138997267912,0.0,0.0,0.0,0.0,0.0,0.0
tactile_images/50.png,contact,4.746136443396551,0.0,4.849302210810362,0.0,0.0,-43.77472674695092,-2.292047036525866,2.284766841211328,0.0,0.0,0.0,-3.155680981386413,0.0,0.0,0.0,0.0,0.0,0.0
tactile_images/51.png,contact,0.0412426492122914,0.0,4.492261956477284,0.0,0.0,-43.76305487781385,-3.3945991339824024,-2.604486509068754,0.0,0.0,0.0,-2.8386935749868005,0.0,0.0,0.0,0.0,0.0,0.0
tactile_images/52.png,contact,-2.224521152615053,0.0,4.09604299445827,0.0,0.0,-43.71232591851888,-1.887611313324463,-0.2526238501269917,0.0,0.0,0.0,-2.149585823551673,0.0,0.0,0.0,0.0,0.0,0.0
tactile_images/53.png,contact,2.512857274123701,0.0,3.921132015124512,0.0,0.0,-43.70693767349493,0.086833276877293,-2.5301100471432045,0.0,0.0,0.0,-3.7524014397405328,0.0,0.0,0.0,0.0,0.0,0.0
tactile_images/54.png,contact,2.3048813770772734,0.0,4.96275420865239,0.0,0.0,-43.70668146659259,-4.416667277151984,0.8023382343532992,0.0,0.0,0.0,2.2111893258000004,0.0,0.0,0.0,0.0,0.0,0.0
tactile_images/55.png,contact,4.750283378829504,0.0,4.376227752522111,0.0,0.0,-43.700210618836905,-3.4625597141604403,2.20573768059968,0.0,0.0,0.0,2.919464747312489,0.0,0.0,0.0,0.0,0.0,0.0
tactile_images/56.png,contact,3.794331142227212,0.0,4.666548610057515,0.0,0.0,-43.66769194633823,4.476572669690954,-1.689252613018235,0.0,0.0,0.0,-1.0571507808439993,0.0,0.0,0.0,0.0,0.0,0.0
tactile_images/57.png,contact,-0.0520677357663821,0.0,3.4987515759917844,0.0,0.0,-43.63443142453488,0.4285535103133897,1.0302084828712204,0.0,0.0,0.0,1.889925394335452,0.0,0.0,0.0,0.0,0.0,0.0
tactile_images/58.png,contact,0.5661998562081223,0.0,4.8846689898700735,0.0,0.0,-43.62997756576583,-4.365506963399621,3.2485477441373902,0.0,0.0,0.0,-1.1104570982930442,0.0,0.0,0.0,0.0,0.0,0.0
tactile_images/59.png,contact,2.2805396058155125,0.0,3.857708722613277,0.0,0.0,-43.62535457434037,1.9308775876957287,-4.057757148355083,0.0,0.0,0.0,-3.3592267636363604,0.0,0.0,0.0,0.0,0.0,0.0
tactile_images/60.png,contact,2.7555942816333934,0.0,4.055544418137754,0.0,0.0,-43.59711737021725,-4.381971299209653,2.106705990412712,0.0,0.0,0.0,-1.0283193866872162,0.0,0.0,0.0,0.0,0.0,0.0
tactile_images/61.png,contact,-0.577834173700249,0.0,4.444622336647416,0.0,0.0,-43.58334499949538,2.3887422704637293,-1.7685505556461978,0.0,0.0,0.0,0.5698739548163942,0.0,0.0,0.0,0.0,0.0,0.0
tactile_images/62.png,contact,2.936662815942075,0.0,4.374929608099456,0.0,0.0,-43.51295431921261,2.4996272172002687,-3.7735004347505576,0.0,0.0,0.0,-4.590056859231111,0.0,0.0,0.0,0.0,0.0,0.0
tactile_images/63.png,contact,-3.015371118829896,0.0,3.538980100266727,0.0,0.0,-43.50453959455555,1.5107897574925264,0.4565420761434877,0.0,0.0,0.0,1.5448439068237017,0.0,0.0,0.0,0.0,0.0,0.0
tactile_images/64.png,contact,0.9058834780875956,0.0,3.431279525451698,0.0,0.0,-43.49600156360464,2.3220454461934974,-2.7373768073226823,0.0,0.0,0.0,2.426079690047855,0.0,0.0,0.0,0.0,0.0,0.0
tactile_images/65.png,contact,-3.1467100470998925,0.0,4.8212250147452105,0.0,0.0,-43.48195364386272,-4.120342189869422,3.213617926691576,0.0,0.0,0.0,3.599702577085612,0.0,0.0,0.0,0.0,0.0,0.0
tactile_images/66.png,contact,-1.36401370183407,0.0,3.9826981805375694,0.0,0.0,-43.47623247681078,2.267805523552676,-4.571040904689239,0.0,0.0,0.0,-3.97229439750693,0.0,0.0,0.0,0.0,0.0,0.0
tactile_images/67.png,contact,3.6356024744326687,0.0,4.608405814595562,0.0,0.0,-43.42025541975191,-3.63311680276117,-4.013471037291025,0.0,0.0,0.0,-4.999064061417276,0.0,0.0,0.0,0.0,0.0,0.0
tactile_images/68.png,contact,0.4945586468990646,0.0,3.941524784775206,0.0,0.0,-43.39845989884573,-1.6049409272815618,0.2099612598581686,0.0,0.0,0.0,-4.2673363097783765,0.0,0.0,0.0,0.0,0.0,0.0
tactile_images/69.png,contact,-4.7717418422131725,0.0,4.851577098989137,0.0,0.0,-43.36073721612198,4.427452535006328,0.8894178407695676,0.0,0.0,0.0,4.241168037861081,0.0,0.0,0.0,0.0,0.0,0.0
tactile_images/70.png,contact,-0.3116952800103201,0.0,3.9356048240746784,0.0,0.0,-43.34851111913159,0.0287547765914011,2.298866645227468,0.0,0.0,0.0,2.65555721041261,0.0,0.0,0.0,0.0,0.0,0.0
tactile_images/71.png,contact,-4.575810150838173,0.0,4.589104588843411,0.0,0.0,-43.289333997689575,4.674264320830138,-2.4073927174780616,0.0,0.0,0.0,3.354356467611669,0.0,0.0,0.0,0.0,0.0,0.0
tactile_images/72.png,contact,3.283207141516965,0.0,4.218890594654558,0.0,0.0,-43.287097176653546,-4.110775411132624,3.417604082132918,0.0,0.0,0.0,0.1701379716597229,0.0,0.0,0.0,0.0,0.0,0.0
tactile_images/73.png,contact,3.319857922551366,0.0,3.204788925586353,0.0,0.0,-43.27105202338367,-0.2244340043681987,4.531423397737832,0.0,0.0,0.0,0.2671987456387539,0.0,0.0,0.0,0.0,0.0,0.0
tactile_images/74.png,contact,-4.840131632104644,0.0,4.283550808882023,0.0,0.0,-43.25259961110909,-4.375976797231294,-0.0096069640513638,0.0,0.0,0.0,-2.014944101608154,0.0,0.0,0.0,0.0,0.0,0.0
tactile_images/75.png,contact,4.606564593314904,0.0,4.196364891084005,0.0,0.0,-43.25105948323519,1.3021026239928482,2.6053136496980125,0.0,0.0,0.0,3.427530519681637,0.0,0.0,0.0,0.0,0.0,0.0
tactile_images/76.png,contact,0.7222686626413761,0.0,4.481559734321345,0.0,0.0,-43.24236477327729,-4.212929986314836,0.2484835454379279,0.0,0.0,0.0,3.297695830837844,0.0,0.0,0.0,0.0,0.0,0.0
tactile_images/77.png,contact,-0.7126046993709734,0.0,4.807118607394564,0.0,0.0,-43.20610495922524,-3.246321974596227,-4.305329705877893,0.0,0.0,0.0,-1.0782865427783852,0.0,0.0,0.0,0.0,0.0,0.0
tactile_images/78.png,contact,1.3994953409902164,0.0,3.148318211548061,0.0,0.0,-43.19953520164484,-2.411696899307195,-1.7388848715737892,0.0,0.0,0.0,-1.7073292952852617,0.0,0.0,0.0,0.0,0.0,0.0
tactile_images/79.png,contact,-0.2257659933674514,0.0,3.209645281881531,0.0,0.0,-43.15693849880406,2.487438516644832,-4.1251331037298495,0.0,0.0,0.0,2.3837327125302483,0.0,0.0,0.0,0.0,0.0,0.0
tactile_images/80.png,contact,-0.9240778465951758,0.0,4.234708501976134,0.0,0.0,-43.152973945873626,-3.360378811819253,4.888791192550135,0.0,0.0,0.0,-4.738318616620663,0.0,0.0,0.0,0.0,0.0,0.0
tactile_images/81.png,contact,1.46210841263564,0.0,4.334489657266479,0.0,0.0,-43.12468563641272,3.466320532930677,-2.709740879266228,0.0,0.0,0.0,3.5994889851838785,0.0,0.0,0.0,0.0,0.0,0.0
tactile_images/82.png,contact,3.090734149283565,0.0,3.698970364616202,0.0,0.0,-43.12246746263319,-3.680960611691991,1.3590041941571869,0.0,0.0,0.0,-0.5375201068582713,0.0,0.0,0.0,0.0,0.0,0.0
tactile_images/83.png,contact,2.1075522802734548,0.0,4.561889637900975,0.0,0.0,-43.11430467349276,-4.647555509298437,-2.1565489805506264,0.0,0.0,0.0,-0.5865575345713916,0.0,0.0,0.0,0.0,0.0,0.0
tactile_images/84.png,contact,0.9978772415032804,0.0,3.4618807184414675,0.0,0.0,-43.111800464946,-1.0495458103033215,1.5324621535592584,0.0,0.0,0.0,1.6907784738739462,0.0,0.0,0.0,0.0,0.0,0.0
tactile_images/85.png,contact,-2.978136488586345,0.0,3.559874659383813,0.0,0.0,-43.11135164193438,4.794416419712951,-2.895983091295176,0.0,0.0,0.0,1.4574936031053145,0.0,0.0,0.0,0.0,0.0,0.0
tactile_images/86.png,contact,-2.582631959290226,0.0,4.8912593554979935,0.0,0.0,-43.05233790228738,-3.896577722112228,2.852700659100745,0.0,0.0,0.0,-2.3402593394363325,0.0,0.0,0.0,0.0,0.0,0.0
tactile_images/87.png,contact,2.812843870020727,0.0,4.865925097134159,0.0,0.0,-43.03513112828192,-3.9828155596037096,-3.891883971633645,0.0,0.0,0.0,4.432786045140967,0.0,0.0,0.0,0.0,0.0,0.0
tactile_images/88.png,contact,0.3193094576570985,0.0,3.8699603957760895,0.0,0.0,-43.02662131899691,2.51166510795624,3.951504000902803,0.0,0.0,0.0,4.863299793326556,0.0,0.0,0.0,0.0,0.0,0.0
tactile_images/89.png,contact,2.986878921775668,0.0,3.7377650431117786,0.0,0.0,-43.02526791621924,-1.8783830600643467,3.404216925407944,0.0,0.0,0.0,0.2598901429618507,0.0,0.0,0.0,0.0,0.0,0.0
tactile_images/90.png,contact,-3.4087157942592263,0.0,4.230801509418479,0.0,0.0,-43.01156276057026,2.172816172257169,1.788073436383856,0.0,0.0,0.0,0.6138079817034701,0.0,0.0,0.0,0.0,0.0,0.0
tactile_images/91.png,contact,-0.1423443841361162,0.0,3.4552650716387845,0.0,0.0,-43.00747533520687,-2.9998941055663666,-4.325853728571522,0.0,0.0,0.0,0.5431796342362363,0.0,0.0,0.0,0.0,0.0,0.0
tactile_images/92.png,contact,2.937478861638474,0.0,3.753671122032332,0.0,0.0,-42.99748870542973,-0.3992800580183706,-2.914309716710717,0.0,0.0,0.0,-0.1421259182173901,0.0,0.0,0.0,0.0,0.0,0.0
tactile_images/93.png,contact,-1.8022824243129136,0.0,4.952027851197588,0.0,0.0,-42.990941439205415,-2.347101222510821,3.59361595691076,0.0,0.0,0.0,4.451870536778255,0.0,0.0,0.0,0.0,0.0,0.0
tactile_images/94.png,contact,-1.7170068440585675,0.0,4.318311089200269,0.0,0.0,-42.96405985856094,-0.4847178512091314,-3.780255656974049,0.0,0.0,0.0,-2.552475510225878,0.0,0.0,0.0,0.0,0.0,0.0
tactile_images/95.png,contact,0.8738232308857352,0.0,3.179263546609236,0.0,0.0,-42.947310538113925,2.690970925853038,-3.440679036919799,0.0,0.0,0.0,-3.9204182374461096,0.0,0.0,0.0,0.0,0.0,0.0
tactile_images/96.png,contact,-1.6857264672291403,0.0,3.869215307734507,0.0,0.0,-42.93464135040498,2.6200994047766173,0.4400332375552072,0.0,0.0,0.0,4.295472843248312,0.0,0.0,0.0,0.0,0.0,0.0
tactile_images/97.png,contact,1.132646536994626,0.0,4.4610293080526535,0.0,0.0,-42.91683740756426,0.1577228767372362,-2.258225603256563,0.0,0.0,0.0,-2.869616857888473,0.0,0.0,0.0,0.0,0.0,0.0
tactile_images/98.png,contact,4.787305891496128,0.0,4.033472089880129,0.0,0.0,-42.89601821441003,4.28371843721051,-2.779243000560705,0.0,0.0,0.0,2.49155353542086,0.0,0.0,0.0,0.0,0.0,0.0
tactile_images/99.png,contact,3.3997506353680595,0.0,3.3748225759675536,0.0,0.0,-42.87110642115185,-2.36215897551726,0.7581343184818055,0.0,0.0,0.0,-2.9612669076788487,0.0,0.0,0.0,0.0,0.0,0.0
tactile_images/100.png,contact,-0.6701626098666775,0.0,3.9300706494613458,0.0,0.0,-42.76490332679871,-2.596886488807669,-1.2742332354197092,0.0,0.0,0.0,4.601860156223589,0.0,0.0,0.0,0.0,0.0,0.0
tactile_images/101.png,contact,4.222653630350152,0.0,4.111234309364805,0.0,0.0,-42.72377319093302,1.138064011754337,-3.5944010323033124,0.0,0.0,0.0,2.9112177033730946,0.0,0.0,0.0,0.0,0.0,0.0
tactile_images/102.png,contact,3.9506982158182513,0.0,3.67233067715916,0.0,0.0,-42.65250419837504,1.2129703421678908,0.3485376754546445,0.0,0.0,0.0,4.187181721148589,0.0,0.0,0.0,0.0,0.0,0.0
tactile_images/103.png,contact,-3.260676302525283,0.0,4.061501204776285,0.0,0.0,-42.63850900959038,-4.5345996043502605,-1.1298759672137724,0.0,0.0,0.0,4.50984820111659,0.0,0.0,0.0,0.0,0.0,0.0
tactile_images/104.png,contact,-1.4414922147591591,0.0,4.890235014685092,0.0,0.0,-42.60314817773055,1.0777771238689755,2.3451677427376936,0.0,0.0,0.0,-4.155756157310002,0.0,0.0,0.0,0.0,0.0,0.0
tactile_images/105.png,contact,2.189955010912864,0.0,3.868142163631961,0.0,0.0,-42.5624710654613,-1.255638426509856,-3.972445576794108,0.0,0.0,0.0,-0.666111441750525,0.0,0.0,0.0,0.0,0.0,0.0
tactile_images/106.png,contact,-3.2753789556687423,0.0,3.0186899069724884,0.0,0.0,-42.548660767420735,2.474425253205591,1.206132439459738,0.0,0.0,0.0,1.4810033702830951,0.0,0.0,0.0,0.0,0.0,0.0
tactile_images/107.png,contact,-2.95792669436101,0.0,3.052893805195335,0.0,0.0,-42.5441114414491,3.0810566454527297,-0.635066730567523,0.0,0.0,0.0,3.024561041262308,0.0,0.0,0.0,0.0,0.0,0.0
tactile_images/108.png,contact,-2.851895431484084,0.0,3.419863663346969,0.0,0.0,-42.518858324773895,0.5215381954703657,-0.939381249475959,0.0,0.0,0.0,-2.585282555855976,0.0,0.0,0.0,0.0,0.0,0.0
tactile_images/109.png,contact,-4.971245001577112,0.0,4.166037294888273,0.0,0.0,-42.46287160531173,-4.982949684977349,-2.677123119916588,0.0,0.0,0.0,4.146048593892884,0.0,0.0,0.0,0.0,0.0,0.0
tactile_images/110.png,contact,3.850670029404332,0.0,3.0398029674801554,0.0,0.0,-42.42314657397226,1.3636581016664202,-4.695739717972889,0.0,0.0,0.0,-2.790236709018654,0.0,0.0,0.0,0.0,0.0,0.0
tactile_images/111.png,contact,1.310863604302276,0.0,4.208977964516919,0.0,0.0,-42.38211432699231,2.488812796659343,3.476891943646456,0.0,0.0,0.0,3.661764015406866,0.0,0.0,0.0,0.0,0.0,0.0
tactile_images/112.png,contact,-3.1594693896861727,0.0,4.945788778775389,0.0,0.0,-42.37282435549788,-2.510167337684858,-1.735899139655741,0.0,0.0,0.0,0.1271257966419003,0.0,0.0,0.0,0.0,0.0,0.0
tactile_images/113.png,contact,-0.0127564462572937,0.0,4.997222854074908,0.0,0.0,-42.35017367296516,-0.3535399885921118,1.810910397298472,0.0,0.0,0.0,0.1542217187018968,0.0,0.0,0.0,0.0,0.0,0.0
tactile_images/114.png,contact,2.596010871064931,0.0,3.7499290981490585,0.0,0.0,-42.28728140497248,4.657266234117882,4.475873997767074,0.0,0.0,0.0,-1.2599438451800884,0.0,0.0,0.0,0.0,0.0,0.0
tactile_images/115.png,contact,3.463089571557955,0.0,4.206835156944567,0.0,0.0,-42.22972514218292,-2.0188444660589653,0.6499029808213166,0.0,0.0,0.0,-3.964947685813095,0.0,0.0,0.0,0.0,0.0,0.0
tactile_images/116.png,contact,-1.7246049802502883,0.0,3.6290351444182094,0.0,0.0,-42.16300332235984,-2.7684674895825925,-1.0285309748013374,0.0,0.0,0.0,-1.5290993688046184,0.0,0.0,0.0,0.0,0.0,0.0
tactile_images/117.png,contact,4.397326097104392,0.0,3.6446769161618873,0.0,0.0,-42.15964058447997,-2.8914520952198988,-2.317264336512963,0.0,0.0,0.0,-0.7326328501752695,0.0,0.0,0.0,0.0,0.0,0.0
tactile_images/118.png,contact,4.790550389690872,0.0,4.554604296287836,0.0,0.0,-42.15892532311068,0.588008343539963,4.340437926474934,0.0,0.0,0.0,-0.2097894344702933,0.0,0.0,0.0,0.0,0.0,0.0
tactile_images/119.png,contact,-2.163233880626823,0.0,4.851503386110611,0.0,0.0,-42.15279445083608,4.497871013080065,1.820768180511428,0.0,0.0,0.0,2.3909529041013347,0.0,0.0,0.0,0.0,0.0,0.0
tactile_images/120.png,contact,-4.309486955069778,0.0,3.512509847778145,0.0,0.0,-42.09282783761864,1.0869012920035468,1.6528139325655955,0.0,0.0,0.0,-1.4792988953494133,0.0,0.0,0.0,0.0,0.0,0.0
tactile_images/121.png,contact,-4.699098521619943,0.0,3.896341694042637,0.0,0.0,-42.04235467843742,-1.9667687976234005,-0.7384167485472304,0.0,0.0,0.0,-0.9340713968601352,0.0,0.0,0.0,0.0,0.0,0.0
tactile_images/122.png,contact,-0.902306668690871,0.0,3.953135887160037,0.0,0.0,-41.999067192693744,1.3856977806745403,3.4504871286743075,0.0,0.0,0.0,4.060986023221194,0.0,0.0,0.0,0.0,0.0,0.0
tactile_images/123.png,contact,4.7075271696544085,0.0,3.803587340666728,0.0,0.0,-41.972055971061415,1.2484229759778742,2.1367218700948705,0.0,0.0,0.0,2.5256729463359564,0.0,0.0,0.0,0.0,0.0,0.0
tactile_images/124.png,contact,-2.036578593800237,0.0,3.972744201650295,0.0,0.0,-41.96429032880529,0.9692513572965424,-2.168167282189839,0.0,0.0,0.0,-4.771442304962084,0.0,0.0,0.0,0.0,0.0,0.0
tactile_images/125.png,contact,-4.150900684070432,0.0,4.944191986424622,0.0,0.0,-41.95400662502974,-3.40573793111698,0.9957866002504804,0.0,0.0,0.0,3.1208875772303752,0.0,0.0,0.0,0.0,0.0,0.0
tactile_images/126.png,contact,-1.946964708544268,0.0,3.407434786555333,0.0,0.0,-41.93119244999221,1.3456679934499416,-0.6980604539873436,0.0,0.0,0.0,4.899439243503593,0.0,0.0,0.0,0.0,0.0,0.0
tactile_images/127.png,contact,2.90940626293154,0.0,4.6358292520933295,0.0,0.0,-41.92231629862504,-0.6983554748550036,-4.93409837170287,0.0,0.0,0.0,4.397677413678219,0.0,0.0,0.0,0.0,0.0,0.0
tactile_images/128.png,contact,-1.7157319559279962,0.0,3.747300592745968,0.0,0.0,-41.91433779661166,-4.814079413769666,3.076234315017974,0.0,0.0,0.0,3.359558994960897,0.0,0.0,0.0,0.0,0.0,0.0
tactile_images/129.png,contact,-1.1706651611780128,0.0,3.471374228661418,0.0,0.0,-41.82279709373373,0.3976448714749514,-3.771696510802992,0.0,0.0,0.0,1.291737473372672,0.0,0.0,0.0,0.0,0.0,0.0
tactile_images/130.png,contact,3.997544362771234,0.0,4.849225064665944,0.0,0.0,-41.70907998818024,4.892667452184176,0.0995450600261413,0.0,0.0,0.0,-2.21807877834739,0.0,0.0,0.0,0.0,0.0,0.0
tactile_images/131.png,contact,1.5919645974698216,0.0,4.576319576271413,0.0,0.0,-41.70512557420192,-1.5026040915601646,-1.637738069151844,0.0,0.0,0.0,1.544306113800963,0.0,0.0,0.0,0.0,0.0,0.0
tactile_images/132.png,contact,-3.1659943947157707,0.0,3.1599649655935096,0.0,0.0,-41.69278110388013,4.655592183186583,-1.5791095879932249,0.0,0.0,0.0,1.955924708758644,0.0,0.0,0.0,0.0,0.0,0.0
tactile_images/133.png,contact,3.512040305948844,0.0,3.4895790380588494,0.0,0.0,-41.6847764607027,-4.037942583374054,-0.2263511658619199,0.0,0.0,0.0,-2.1844183896932945,0.0,0.0,0.0,0.0,0.0,0.0
tactile_images/134.png,contact,3.607546288824048,0.0,3.665313199641783,0.0,0.0,-41.62626475871938,2.324501158673062,4.970231040197451,0.0,0.0,0.0,-2.446703755915604,0.0,0.0,0.0,0.0,0.0,0.0
tactile_images/135.png,contact,4.869055434116664,0.0,4.146999169870432,0.0,0.0,-41.57165595694243,-3.856700053371647,-0.9162031936852424,0.0,0.0,0.0,-1.0307614090772963,0.0,0.0,0.0,0.0,0.0,0.0
tactile_images/136.png,contact,-0.744731131799119,0.0,4.731454474213587,0.0,0.0,-41.55622695096288,-2.2642842644472583,-3.176707701834276,0.0,0.0,0.0,1.411469690335351,0.0,0.0,0.0,0.0,0.0,0.0
tactile_images/137.png,contact,-0.4163421466086694,0.0,3.3283699281127177,0.0,0.0,-41.55235002076941,0.7084083532212437,1.136063380493689,0.0,0.0,0.0,-2.069377307176261,0.0,0.0,0.0,0.0,0.0,0.0
tactile_images/138.png,contact,2.6761567694395216,0.0,4.700597473143583,0.0,0.0,-41.548585416713344,0.9277969397674894,-2.637122919604788,0.0,0.0,0.0,0.5566652217853365,0.0,0.0,0.0,0.0,0.0,0.0
tactile_images/139.png,contact,-1.811178539649828,0.0,4.548954838551967,0.0,0.0,-41.484943906520485,2.752113172341712,-3.944508632870496,0.0,0.0,0.0,3.992374018541828,0.0,0.0,0.0,0.0,0.0,0.0
tactile_images/140.png,contact,1.0689609244059897,0.0,4.719055410494979,0.0,0.0,-41.47690377518851,1.153114072274393,-4.498258279340709,0.0,0.0,0.0,-2.048996751207505,0.0,0.0,0.0,0.0,0.0,0.0
tactile_images/141.png,contact,1.9278358297872915,0.0,3.7760985401168288,0.0,0.0,-41.464468599588855,0.9361470438056072,-4.7711872598031615,0.0,0.0,0.0,4.659737361275116,0.0,0.0,0.0,0.0,0.0,0.0
tactile_images/142.png,contact,-2.753461504031356,0.0,4.400376518588106,0.0,0.0,-41.436398538083,4.123530869891383,-0.6883535168893626,0.0,0.0,0.0,-0.2665202132678432,0.0,0.0,0.0,0.0,0.0,0.0
tactile_images/143.png,contact,-3.6550712589398016,0.0,3.287668941980621,0.0,0.0,-41.43048255231566,-0.4783924779084278,-0.7327422012660634,0.0,0.0,0.0,-3.990916623541061,0.0,0.0,0.0,0.0,0.0,0.0
tactile_images/144.png,contact,-1.374299014982066,0.0,3.429709212849996,0.0,0.0,-41.38840898295698,-2.74734221304945,-3.1445459992204707,0.0,0.0,0.0,-4.449606062704263,0.0,0.0,0.0,0.0,0.0,0.0
tactile_images/145.png,contact,-1.5229164859193969,0.0,3.7300506080776463,0.0,0.0,-41.38784546085516,-3.382114149763697,2.8401905377120933,0.0,0.0,0.0,-1.6132548570068497,0.0,0.0,0.0,0.0,0.0,0.0
tactile_images/146.png,contact,3.214553379456664,0.0,4.379403069723737,0.0,0.0,-41.37836205504427,-1.0000540319050022,-3.707293720801213,0.0,0.0,0.0,-2.4124104327012708,0.0,0.0,0.0,0.0,0.0,0.0
tactile_images/147.png,contact,2.581477090995483,0.0,3.7296361926157138,0.0,0.0,-41.359884468929934,2.127527551936957,4.153171926393025,0.0,0.0,0.0,3.437133272032522,0.0,0.0,0.0,0.0,0.0,0.0
tactile_images/148.png,contact,2.9009440690441424,0.0,3.057993488671896,0.0,0.0,-41.3249809182243,-4.574565150700991,0.8757597764327238,0.0,0.0,0.0,2.3763842141695646,0.0,0.0,0.0,0.0,0.0,0.0
tactile_images/149.png,contact,4.597419969907679,0.0,3.200063342134308,0.0,0.0,-41.29121738326084,-3.709466134905939,-4.723836238950704,0.0,0.0,0.0,3.845462868700583,0.0,0.0,0.0,0.0,0.0,0.0
tactile_images/150.png,contact,3.119752653845839,0.0,4.35963625043994,0.0,0.0,-41.26681233949929,-3.938865398963606,4.629726257427166,0.0,0.0,0.0,0.892534982118697,0.0,0.0,0.0,0.0,0.0,0.0
tactile_images/151.png,contact,-1.3594032682671084,0.0,4.254276788122235,0.0,0.0,-41.22662810598148,0.852501530514588,-1.920587404541464,0.0,0.0,0.0,-0.6454275240949938,0.0,0.0,0.0,0.0,0.0,0.0
tactile_images/152.png,contact,-3.877041827582998,0.0,4.971716880821875,0.0,0.0,-41.21832678602763,-2.571353494687337,-0.5002504042214664,0.0,0.0,0.0,-2.29432071914263,0.0,0.0,0.0,0.0,0.0,0.0
tactile_images/153.png,contact,1.4572867278278432,0.0,4.885544002210553,0.0,0.0,-41.2140737506347,-3.337405716986035,-2.1573130700544785,0.0,0.0,0.0,0.831088344232497,0.0,0.0,0.0,0.0,0.0,0.0
tactile_images/154.png,contact,4.579068103636381,0.0,3.845736818118174,0.0,0.0,-41.20850367423043,0.9277071974302232,2.2842129803377755,0.0,0.0,0.0,1.1802477823615307,0.0,0.0,0.0,0.0,0.0,0.0
tactile_images/155.png,contact,1.0790642309542733,0.0,3.436538965706772,0.0,0.0,-41.180424678743286,2.613099154523793,-0.1431977928046137,0.0,0.0,0.0,-1.0705243625813343,0.0,0.0,0.0,0.0,0.0,0.0
tactile_images/156.png,contact,-4.93255015422964,0.0,4.149906986459283,0.0,0.0,-41.140191614453016,-1.678450835473356,-3.6762704059749742,0.0,0.0,0.0,4.365954218273899,0.0,0.0,0.0,0.0,0.0,0.0
tactile_images/157.png,contact,4.265032526699874,0.0,4.997234638328769,0.0,0.0,-41.12393163245125,0.782046056765962,-3.957960476405462,0.0,0.0,0.0,1.3995458834951575,0.0,0.0,0.0,0.0,0.0,0.0
tactile_images/158.png,contact,2.5033199114081404,0.0,3.996259348367961,0.0,0.0,-41.12242054588221,-4.018755868005398,2.253754133245748,0.0,0.0,0.0,3.374812006015329,0.0,0.0,0.0,0.0,0.0,0.0
tactile_images/159.png,contact,-4.0962681943659245,0.0,3.5058236111125742,0.0,0.0,-41.09951400277682,4.3519103045757,-2.629185950687285,0.0,0.0,0.0,1.2039074736895603,0.0,0.0,0.0,0.0,0.0,0.0
tactile_images/160.png,contact,-4.695846277645586,0.0,3.25462375749345,0.0,0.0,-41.08080799409622,-1.631038146852272,-3.622066253615275,0.0,0.0,0.0,-1.8346321466829507,0.0,0.0,0.0,0.0,0.0,0.0
tactile_images/161.png,contact,1.5789237913640597,0.0,4.678243206212329,0.0,0.0,-41.07981776807237,4.975056931735013,-0.0057240300215717,0.0,0.0,0.0,2.366191578787001,0.0,0.0,0.0,0.0,0.0,0.0
tactile_images/162.png,contact,1.647209499217043,0.0,3.0840895921518894,0.0,0.0,-41.00498989137739,4.7858775584978215,3.0276528753630405,0.0,0.0,0.0,-2.697454691163351,0.0,0.0,0.0,0.0,0.0,0.0
tactile_images/163.png,contact,-0.5190683877448556,0.0,4.296418354897112,0.0,0.0,-40.96192832436601,2.7882344933581145,-2.2121725412686954,0.0,0.0,0.0,0.9660936499860836,0.0,0.0,0.0,0.0,0.0,0.0
tactile_images/164.png,contact,2.140932107608399,0.0,4.29190306222409,0.0,0.0,-40.95169760290428,-4.799329045930333,-2.235683882991922,0.0,0.0,0.0,-0.9763365698059818,0.0,0.0,0.0,0.0,0.0,0.0
tactile_images/165.png,contact,0.5984750626039865,0.0,4.946090699028322,0.0,0.0,-40.92675175165037,0.4347492038436327,3.338812602603769,0.0,0.0,0.0,-3.5011513119562987,0.0,0.0,0.0,0.0,0.0,0.0
tactile_images/166.png,contact,-3.565372237479268,0.0,4.782910129112745,0.0,0.0,-40.91604724977098,-4.131635795599885,-3.521662054312173,0.0,0.0,0.0,-0.8675942447210714,0.0,0.0,0.0,0.0,0.0,0.0
tactile_images/167.png,contact,-0.12093058299281,0.0,3.972783256177788,0.0,0.0,-40.913085952466666,3.9513802596151617,1.1672759178654726,0.0,0.0,0.0,-1.8971917054591048,0.0,0.0,0.0,0.0,0.0,0.0
tactile_images/168.png,contact,-1.1521943823101086,0.0,3.2513222911591653,0.0,0.0,-40.9086696968654,2.8963625264740287,4.550134829825854,0.0,0.0,0.0,-3.877779182915786,0.0,0.0,0.0,0.0,0.0,0.0
tactile_images/169.png,contact,2.870358384910893,0.0,4.794838100156348,0.0,0.0,-40.902705018023084,4.72340376595683,3.413031495773076,0.0,0.0,0.0,3.2382822865985865,0.0,0.0,0.0,0.0,0.0,0.0
tactile_images/170.png,contact,-1.2275340323984103,0.0,3.154971594900983,0.0,0.0,-40.88918352902821,1.0838295314979538,-4.381847662202708,0.0,0.0,0.0,-0.0141744356541719,0.0,0.0,0.0,0.0,0.0,0.0
tactile_images/171.png,contact,-3.0683473926726403,0.0,3.180391400400489,0.0,0.0,-40.82360772787608,0.2217280448433802,-1.8008912343837458,0.0,0.0,0.0,-1.536437277285796,0.0,0.0,0.0,0.0,0.0,0.0
tactile_images/172.png,contact,1.153889240212318,0.0,4.839061257825665,0.0,0.0,-40.820971014805686,0.1897385594438763,-3.5762553440738367,0.0,0.0,0.0,0.0496424970295086,0.0,0.0,0.0,0.0,0.0,0.0
tactile_images/173.png,contact,-1.618391898493786,0.0,4.877499776559666,0.0,0.0,-40.81846705002813,-1.135516255456551,4.492406376871397,0.0,0.0,0.0,2.545831175084565,0.0,0.0,0.0,0.0,0.0,0.0
tactile_images/174.png,contact,4.28288111152349,0.0,3.557427430282298,0.0,0.0,-40.79159875699504,-0.3130993277085903,4.859415662220812,0.0,0.0,0.0,-4.817046067807505,0.0,0.0,0.0,0.0,0.0,0.0
tactile_images/175.png,contact,0.4019957623067984,0.0,3.4528592101753,0.0,0.0,-40.77413646908386,1.3541258313535032,-2.650069794599621,0.0,0.0,0.0,0.4675176057362105,0.0,0.0,0.0,0.0,0.0,0.0
tactile_images/176.png,contact,-1.918951976926932,0.0,4.5215186167739,0.0,0.0,-40.73864357280876,4.329476075562772,1.6969904482875258,0.0,0.0,0.0,-0.2084921671603208,0.0,0.0,0.0,0.0,0.0,0.0
tactile_images/177.png,contact,-1.4288191005870765,0.0,3.85488384171312,0.0,0.0,-40.725519778591,0.9588433825603104,3.416317320471183,0.0,0.0,0.0,3.930701915150737,0.0,0.0,0.0,0.0,0.0,0.0
tactile_images/178.png,contact,-3.030258978326634,0.0,4.977751424275087,0.0,0.0,-40.68917806793176,3.571159423173672,-2.6631971558552348,0.0,0.0,0.0,0.5597165878781389,0.0,0.0,0.0,0.0,0.0,0.0
tactile_images/179.png,contact,-0.7177235204832222,0.0,3.023530188733996,0.0,0.0,-40.678932095172655,3.627799113025006,-3.123193656790225,0.0,0.0,0.0,-3.626771574609328,0.0,0.0,0.0,0.0,0.0,0.0
tactile_images/180.png,contact,-0.353101314525917,0.0,3.690359676591261,0.0,0.0,-40.6501074189908,0.1883267584825922,-4.887889767527197,0.0,0.0,0.0,-1.1131678471485973,0.0,0.0,0.0,0.0,0.0,0.0
tactile_images/181.png,contact,-1.3347821982614727,0.0,3.246927147461472,0.0,0.0,-40.63523679954557,-1.5253035850237842,-0.8803754305847411,0.0,0.0,0.0,1.210693720525855,0.0,0.0,0.0,0.0,0.0,0.0
tactile_images/182.png,contact,-0.8820226694839048,0.0,3.8900373674507103,0.0,0.0,-40.60005934453333,1.39573873332081,3.9943746239471647,0.0,0.0,0.0,-4.540661929442152,0.0,0.0,0.0,0.0,0.0,0.0
tactile_images/183.png,contact,4.305761572539066,0.0,4.307397385810159,0.0,0.0,-40.5855100557101,-0.541226580851573,4.029796490563488,0.0,0.0,0.0,3.846490973976133,0.0,0.0,0.0,0.0,0.0,0.0
tactile_images/184.png,contact,-2.798453951511436,0.0,3.4637192277656967,0.0,0.0,-40.56491249738193,-4.185591326780671,-3.722568724909837,0.0,0.0,0.0,-4.322176592870457,0.0,0.0,0.0,0.0,0.0,0.0
tactile_images/185.png,contact,2.7789218952926973,0.0,4.217143186347949,0.0,0.0,-40.51378132969912,-1.2219089956756637,-2.9564751947160506,0.0,0.0,0.0,-4.694088721536264,0.0,0.0,0.0,0.0,0.0,0.0
tactile_images/186.png,contact,-4.291447172116873,0.0,3.117592033089274,0.0,0.0,-40.49051161455253,4.940721380493249,-0.9195266906546636,0.0,0.0,0.0,-4.979844258997797,0.0,0.0,0.0,0.0,0.0,0.0
tactile_images/187.png,contact,-4.000831830164808,0.0,4.680899163277611,0.0,0.0,-40.42947246869238,-4.514881299737128,2.80624545163702,0.0,0.0,0.0,1.837444916328548,0.0,0.0,0.0,0.0,0.0,0.0
tactile_images/188.png,contact,4.068972321941008,0.0,4.746782915818439,0.0,0.0,-40.37750342705567,1.9666691190092669,1.1185148353172858,0.0,0.0,0.0,-0.4407991277733183,0.0,0.0,0.0,0.0,0.0,0.0
tactile_images/189.png,contact,-0.6339535071264013,0.0,3.200422698101049,0.0,0.0,-40.36799653416279,3.411887050712471,0.1384974352021641,0.0,0.0,0.0,-3.971823057708992,0.0,0.0,0.0,0.0,0.0,0.0
tactile_images/190.png,contact,2.8855199300345538,0.0,3.550893359581018,0.0,0.0,-40.35577112019179,1.4872590347537873,0.9193188422260316,0.0,0.0,0.0,3.5620852265556096,0.0,0.0,0.0,0.0,0.0,0.0
tactile_images/191.png,contact,-3.911431136980712,0.0,3.342204956826804,0.0,0.0,-40.31731377451395,0.6974823116328999,-4.038003061977033,0.0,0.0,0.0,-2.972797259075936,0.0,0.0,0.0,0.0,0.0,0.0
tactile_images/192.png,contact,-1.9546720668986224,0.0,3.3726335530370672,0.0,0.0,-40.25028756606464,2.075544169787575,-0.2233635774509306,0.0,0.0,0.0,-1.7367584102893083,0.0,0.0,0.0,0.0,0.0,0.0
tactile_images/193.png,contact,3.466485968839198,0.0,4.791624202797157,0.0,0.0,-40.23254026616688,-0.7065726270034434,4.920632895391284,0.0,0.0,0.0,-3.222785261517229,0.0,0.0,0.0,0.0,0.0,0.0
tactile_images/194.png,contact,4.186512193581002,0.0,3.827852116105178,0.0,0.0,-40.21653670443469,-4.086382626911233,-4.115538530609122,0.0,0.0,0.0,4.267562977226069,0.0,0.0,0.0,0.0,0.0,0.0
tactile_images/195.png,contact,-4.61135485407593,0.0,4.815781200825666,0.0,0.0,-40.21331926795655,4.623717543033818,0.1924667763488639,0.0,0.0,0.0,2.5806678317203584,0.0,0.0,0.0,0.0,0.0,0.0
tactile_images/196.png,contact,-1.3641041126378042,0.0,4.9765242302863735,0.0,0.0,-40.18900374151215,-0.6769923001580391,-2.0435073834262543,0.0,0.0,0.0,2.2395339664427247,0.0,0.0,0.0,0.0,0.0,0.0
tactile_images/197.png,contact,-3.627970775432285,0.0,3.102668742647355,0.0,0.0,-40.18516127201835,1.6538923716801754,0.3991329686195897,0.0,0.0,0.0,-4.560039699272068,0.0,0.0,0.0,0.0,0.0,0.0
tactile_images/198.png,contact,-3.557372589057863,0.0,3.484837627774421,0.0,0.0,-40.16023848461558,0.3131043688929527,0.7381876003374668,0.0,0.0,0.0,0.2270170423936557,0.0,0.0,0.0,0.0,0.0,0.0
tactile_images/199.png,contact,-4.6582216115322,0.0,4.56146546005734,0.0,0.0,-40.150183641555245,-4.453269280224454,0.7747289811947589,0.0,0.0,0.0,0.754524367447404,0.0,0.0,0.0,0.0,0.0,0.0
tactile_images/200.png,contact,4.953679769953972,0.0,4.985607956372029,0.0,0.0,-40.14246307041783,4.527466009925385,3.522087853108866,0.0,0.0,0.0,-1.174791599173175,0.0,0.0,0.0,0.0,0.0,0.0
tactile_images/201.png,contact,4.278015910208241,0.0,3.621201942790659,0.0,0.0,-40.13643668868879,2.9253722611432327,-1.1025258532633906,0.0,0.0,0.0,-1.7824374970235255,0.0,0.0,0.0,0.0,0.0,0.0
tactile_images/202.png,contact,4.034655298045592,0.0,4.930063245819838,0.0,0.0,-40.08363401101639,-3.509021055306051,0.1635416266649594,0.0,0.0,0.0,3.519428602187867,0.0,0.0,0.0,0.0,0.0,0.0
tactile_images/203.png,contact,1.3169046949315169,0.0,4.2128195534876,0.0,0.0,-40.0716552500724,4.816488762882669,-4.890716010322515,0.0,0.0,0.0,-4.769834086454679,0.0,0.0,0.0,0.0,0.0,0.0
tactile_images/204.png,contact,4.986463742845318,0.0,4.945028964319485,0.0,0.0,-40.0712600226757,2.36901372171708,2.895506015797668,0.0,0.0,0.0,1.253548482770669,0.0,0.0,0.0,0.0,0.0,0.0
tactile_images/205.png,contact,-3.891279239400099,0.0,3.797087428730765,0.0,0.0,-40.053234475921336,-0.2767834957169111,-2.4051229262414706,0.0,0.0,0.0,-1.057530860422334,0.0,0.0,0.0,0.0,0.0,0.0
tactile_images/206.png,contact,3.0190236724025987,0.0,3.0106782839393773,0.0,0.0,-40.022938230448645,1.1137005655957315,3.165550240405164,0.0,0.0,0.0,1.6595068114329037,0.0,0.0,0.0,0.0,0.0,0.0
tactile_images/207.png,contact,-2.2273775223880463,0.0,3.2163207044703643,0.0,0.0,-39.99774289643307,-3.932633179854025,-2.343613336196828,0.0,0.0,0.0,-3.020824542049633,0.0,0.0,0.0,0.0,0.0,0.0
tactile_images/208.png,contact,2.604381093330276,0.0,4.647603499841075,0.0,0.0,-39.97005585722323,0.6041151001561094,-4.892115037375078,0.0,0.0,0.0,-2.6134064537131216,0.0,0.0,0.0,0.0,0.0,0.0
tactile_images/209.png,contact,0.4523565744733897,0.0,3.348557357002721,0.0,0.0,-39.93975757582261,-4.263389279829406,-3.451686818065532,0.0,0.0,0.0,0.8685380667680098,0.0,0.0,0.0,0.0,0.0,0.0
tactile_images/210.png,contact,-4.912559937021882,0.0,3.255699473986934,0.0,0.0,-39.91401531679322,0.4485525711930194,4.85682902572168,0.0,0.0,0.0,4.799385462858012,0.0,0.0,0.0,0.0,0.0,0.0
tactile_images/211.png,contact,4.338348111655596,0.0,3.6576905764179792,0.0,0.0,-39.84081562220347,0.5269568876278541,-1.8019875405201145,0.0,0.0,0.0,4.746835829863173,0.0,0.0,0.0,0.0,0.0,0.0
tactile_images/212.png,contact,3.1356173785574546,0.0,3.1724983426079296,0.0,0.0,-39.822589465681126,3.74438785160744,-3.911760979872528,0.0,0.0,0.0,-2.510190161893142,0.0,0.0,0.0,0.0,0.0,0.0
tactile_images/213.png,contact,-0.4272444334759617,0.0,4.71577837049248,0.0,0.0,-39.81673541251363,2.25057500272294,-3.812411963742495,0.0,0.0,0.0,-3.9764896967428944,0.0,0.0,0.0,0.0,0.0,0.0
tactile_images/214.png,contact,4.900212233415506,0.0,3.179934557721922,0.0,0.0,-39.75808925056759,-2.5044760778488,-1.896572859427761,0.0,0.0,0.0,0.903432379299968,0.0,0.0,0.0,0.0,0.0,0.0
tactile_images/215.png,contact,-4.6910263014081135,0.0,4.584006252260392,0.0,0.0,-39.73686627456797,3.884261421878568,-4.62354958883237,0.0,0.0,0.0,-0.8001739192637167,0.0,0.0,0.0,0.0,0.0,0.0
tactile_images/216.png,contact,-0.0479559830452815,0.0,3.0860279287601107,0.0,0.0,-39.73127202449299,0.7324266484800575,0.1148858812195374,0.0,0.0,0.0,2.6168671297074653,0.0,0.0,0.0,0.0,0.0,0.0
tactile_images/217.png,contact,-3.29394664858847,0.0,4.245031736825432,0.0,0.0,-39.72429264477776,1.0637947857403374,-2.8625908451067983,0.0,0.0,0.0,0.2798372527849917,0.0,0.0,0.0,0.0,0.0,0.0
tactile_images/218.png,contact,-3.869249002092696,0.0,4.182190761071228,0.0,0.0,-39.707591950052574,-3.310186307778217,0.1931064139687226,0.0,0.0,0.0,0.1058680599564105,0.0,0.0,0.0,0.0,0.0,0.0
tactile_images/219.png,contact,-4.921580148233126,0.0,3.610888453096964,0.0,0.0,-39.69933071150564,3.57773595969114,-3.592357813007798,0.0,0.0,0.0,1.46459868220819,0.0,0.0,0.0,0.0,0.0,0.0
tactile_images/220.png,contact,0.9850568413871176,0.0,3.168541118361531,0.0,0.0,-39.6774529185967,4.30965115016544,-0.7014277098250767,0.0,0.0,0.0,-3.735815551510159,0.0,0.0,0.0,0.0,0.0,0.0
tactile_images/221.png,contact,-3.129857387160936,0.0,4.089062585809016,0.0,0.0,-39.65373234983061,2.749906494949082,0.9791685840124452,0.0,0.0,0.0,1.771617296665676,0.0,0.0,0.0,0.0,0.0,0.0
tactile_images/222.png,contact,2.9111727599483626,0.0,4.873375853334299,0.0,0.0,-39.62935256966036,4.407524526450061,-4.38000061661892,0.0,0.0,0.0,-0.1148029934454637,0.0,0.0,0.0,0.0,0.0,0.0
tactile_images/223.png,contact,-3.3094917105506845,0.0,4.018490501005751,0.0,0.0,-39.60626101929974,-1.9770009587765407,-1.0125069074894144,0.0,0.0,0.0,3.2014706563444246,0.0,0.0,0.0,0.0,0.0,0.0
tactile_images/224.png,contact,-1.4203164615428774,0.0,3.3825783133930285,0.0,0.0,-39.59673182978772,3.611191683627711,-1.9747617901031225,0.0,0.0,0.0,-3.612931662951816,0.0,0.0,0.0,0.0,0.0,0.0
tactile_images/225.png,contact,-2.86205652261058,0.0,3.493234845381348,0.0,0.0,-39.562920747495525,-0.1110685713625745,-2.59640183511366,0.0,0.0,0.0,-1.9925295088359607,0.0,0.0,0.0,0.0,0.0,0.0
tactile_images/226.png,contact,-1.9495108890246176,0.0,3.657839556421449,0.0,0.0,-39.52146012377392,-3.360827970564151,1.0453462608449646,0.0,0.0,0.0,4.5024637401552425,0.0,0.0,0.0,0.0,0.0,0.0
tactile_images/227.png,contact,1.1235119454435294,0.0,4.049376824186955,0.0,0.0,-39.5069653284086,1.6880059903340117,0.8854198576540728,0.0,0.0,0.0,0.5307287929002138,0.0,0.0,0.0,0.0,0.0,0.0
tactile_images/228.png,contact,2.8174611213493583,0.0,4.445223449668899,0.0,0.0,-39.50036293779603,1.8412027070587893,1.3069980667769352,0.0,0.0,0.0,4.293009997539899,0.0,0.0,0.0,0.0,0.0,0.0
tactile_images/229.png,contact,2.4883073245159872,0.0,3.834912142187483,0.0,0.0,-39.4764363167869,-2.1307548624330988,-3.4111732956747867,0.0,0.0,0.0,1.8903510311187883,0.0,0.0,0.0,0.0,0.0,0.0
tactile_images/230.png,contact,1.936865012217873,0.0,3.3567965038571623,0.0,0.0,-39.473728263417954,-4.725066683724299,-2.1429075513767226,0.0,0.0,0.0,4.264313649351259,0.0,0.0,0.0,0.0,0.0,0.0
tactile_images/231.png,contact,-4.650153694544718,0.0,3.6694870635987247,0.0,0.0,-39.436587553999146,-3.0015274091443667,-2.9032122200492125,0.0,0.0,0.0,-1.8217371563952,0.0,0.0,0.0,0.0,0.0,0.0
tactile_images/232.png,contact,2.412200183999831,0.0,3.901973005296688,0.0,0.0,-39.41776121824952,-1.0022245232611326,0.4050360499784187,0.0,0.0,0.0,-4.094662416308427,0.0,0.0,0.0,0.0,0.0,0.0
tactile_images/233.png,contact,2.25928410657809,0.0,4.114131865367835,0.0,0.0,-39.41293643711676,-3.3243708894013144,-0.3893431079038372,0.0,0.0,0.0,3.022417648980989,0.0,0.0,0.0,0.0,0.0,0.0
tactile_images/234.png,contact,-1.0617463445088005,0.0,4.348384233230002,0.0,0.0,-39.35950787682307,-3.0597005176039582,-1.6970626240724993,0.0,0.0,0.0,3.0446875246233667,0.0,0.0,0.0,0.0,0.0,0.0
tactile_images/235.png,contact,2.231722027649484,0.0,4.708691965565431,0.0,0.0,-39.35739250022543,-1.0860933561773043,2.860148088684332,0.0,0.0,0.0,1.188267946423144,0.0,0.0,0.0,0.0,0.0,0.0
tactile_images/236.png,contact,0.6614835076202699,0.0,3.9355164619151592,0.0,0.0,-39.331988281203024,4.617866143085603,-4.060262555916172,0.0,0.0,0.0,0.7957020316183216,0.0,0.0,0.0,0.0,0.0,0.0
tactile_images/237.png,contact,-3.571792569987529,0.0,3.522400342547826,0.0,0.0,-39.32765371516156,2.642435154076484,4.748966887556422,0.0,0.0,0.0,4.149081706762841,0.0,0.0,0.0,0.0,0.0,0.0
tactile_images/238.png,contact,-4.4290970391251925,0.0,4.362921225034342,0.0,0.0,-39.32052976271894,-1.8025159877343588,-3.834559221846813,0.0,0.0,0.0,-3.235015329784691,0.0,0.0,0.0,0.0,0.0,0.0
tactile_images/239.png,contact,-1.6352359391345228,0.0,3.011188311763739,0.0,0.0,-39.313975504156254,4.516040689185482,2.7307081256836945,0.0,0.0,0.0,1.1653797137076705,0.0,0.0,0.0,0.0,0.0,0.0
tactile_images/240.png,contact,3.9026380132249647,0.0,3.394807467461085,0.0,0.0,-39.30713722131369,1.4564679225873265,-1.3176981083916814,0.0,0.0,0.0,-4.502293891777893,0.0,0.0,0.0,0.0,0.0,0.0
tactile_images/241.png,contact,-0.9359245355404866,0.0,3.880241541969872,0.0,0.0,-39.29382090541743,-0.4455035535985985,3.652622291318057,0.0,0.0,0.0,-3.5913506324237088,0.0,0.0,0.0,0.0,0.0,0.0
tactile_images/242.png,contact,-0.833687650971596,0.0,4.607083553652855,0.0,0.0,-39.28953952110568,-0.316998010448529,-4.25830051215838,0.0,0.0,0.0,-0.6272765155670044,0.0,0.0,0.0,0.0,0.0,0.0
tactile_images/243.png,contact,-2.74633780637788,0.0,3.3968202023871257,0.0,0.0,-39.27137666988353,-0.8925553216460811,-1.2527828980766218,0.0,0.0,0.0,3.212073693884159,0.0,0.0,0.0,0.0,0.0,0.0
tactile_images/244.png,contact,-1.326218931339481,0.0,3.227890538889087,0.0,0.0,-39.254275890980935,-2.670079474540603,-1.645565934997637,0.0,0.0,0.0,2.3313269075005927,0.0,0.0,0.0,0.0,0.0,0.0
tactile_images/245.png,contact,0.577061945488647,0.0,3.928805812641292,0.0,0.0,-39.205430466418726,-1.133678077862943,4.931570382255353,0.0,0.0,0.0,4.740643910459944,0.0,0.0,0.0,0.0,0.0,0.0
tactile_images/246.png,contact,1.9047238371367223,0.0,3.561271159753032,0.0,0.0,-39.19386503357696,0.2789638404339261,4.855489948896256,0.0,0.0,0.0,-4.551513515301008,0.0,0.0,0.0,0.0,0.0,0.0
tactile_images/247.png,contact,-4.180765521991507,0.0,3.4103656667903213,0.0,0.0,-39.19298300121197,0.2802735073022102,-3.10196041333612,0.0,0.0,0.0,-1.1864778117376504,0.0,0.0,0.0,0.0,0.0,0.0
tactile_images/248.png,contact,-4.281820981139514,0.0,4.779931737493363,0.0,0.0,-39.190697547850505,2.61736902212518,1.299469606983389,0.0,0.0,0.0,-3.412091984248391,0.0,0.0,0.0,0.0,0.0,0.0
tactile_images/249.png,contact,-3.7737307192795537,0.0,4.633755971787566,0.0,0.0,-39.17360105311674,-1.412021428426474,0.3551941991094018,0.0,0.0,0.0,-4.630387159504982,0.0,0.0,0.0,0.0,0.0,0.0
tactile_images/250.png,contact,-0.7931446666193782,0.0,3.588643488462472,0.0,0.0,-39.160870371545535,2.167980293039524,-3.4562650875926124,0.0,0.0,0.0,-2.356024437055252,0.0,0.0,0.0,0.0,0.0,0.0
tactile_images/251.png,contact,-3.258167505647627,0.0,4.817961783829729,0.0,0.0,-39.12906048592618,0.780918387686846,-3.322202938955769,0.0,0.0,0.0,-2.5552815581278363,0.0,0.0,0.0,0.0,0.0,0.0
tactile_images/252.png,contact,-2.051391455705634,0.0,3.0642395121356287,0.0,0.0,-39.12835912420651,4.618454045268344,4.892517284795547,0.0,0.0,0.0,-0.7997228153780824,0.0,0.0,0.0,0.0,0.0,0.0
tactile_images/253.png,contact,-4.768003285106593,0.0,4.042535507648132,0.0,0.0,-39.125305376850775,-1.147150739660173,-0.4727000637906728,0.0,0.0,0.0,-3.5991879209940683,0.0,0.0,0.0,0.0,0.0,0.0
tactile_images/254.png,contact,-2.3844920925132653,0.0,4.3797920066267215,0.0,0.0,-39.06171871954081,4.012164642607903,-3.741987079999265,0.0,0.0,0.0,-0.1143242077388251,0.0,0.0,0.0,0.0,0.0,0.0
tactile_images/255.png,contact,-4.949078226464353,0.0,3.2708376996356563,0.0,0.0,-39.055901642459375,3.206425472982895,-2.852099612607457,0.0,0.0,0.0,4.20098327314242,0.0,0.0,0.0,0.0,0.0,0.0
tactile_images/256.png,contact,-3.2855559790608133,0.0,3.566795389141188,0.0,0.0,-39.03844481204818,1.376642845894569,-2.3165193275145035,0.0,0.0,0.0,2.4818893159831488,0.0,0.0,0.0,0.0,0.0,0.0
tactile_images/257.png,contact,-1.610142542473203,0.0,3.7430391504871454,0.0,0.0,-39.02025313638897,1.5451446674211722,0.1091726331861933,0.0,0.0,0.0,3.4217732949326667,0.0,0.0,0.0,0.0,0.0,0.0
tactile_images/258.png,contact,2.653579181445465,0.0,3.3978336274744496,0.0,0.0,-38.98375021640916,-4.153500653935893,-1.6445187049369068,0.0,0.0,0.0,3.047285933215333,0.0,0.0,0.0,0.0,0.0,0.0
tactile_images/259.png,contact,-1.3755747135521317,0.0,4.459356827294482,0.0,0.0,-38.96409343127619,4.502246055934323,-0.4498821411007903,0.0,0.0,0.0,-1.1037366355936595,0.0,0.0,0.0,0.0,0.0,0.0
tactile_images/260.png,contact,2.2836681872563034,0.0,3.798598512051572,0.0,0.0,-38.95515066550004,-3.930639365042561,-3.335004488986373,0.0,0.0,0.0,2.089610362978352,0.0,0.0,0.0,0.0,0.0,0.0
tactile_images/261.png,contact,-3.97365865790932,0.0,4.087068756748248,0.0,0.0,-38.95421118607295,0.6323330874350708,-1.732713094124938,0.0,0.0,0.0,2.542562394229976,0.0,0.0,0.0,0.0,0.0,0.0
tactile_images/262.png,contact,-3.084057388936909,0.0,4.602419800487258,0.0,0.0,-38.9499088540862,-1.6992919955084549,-4.29683407282246,0.0,0.0,0.0,-2.943518943007644,0.0,0.0,0.0,0.0,0.0,0.0
tactile_images/263.png,contact,-3.167794665056361,0.0,3.649648219497109,0.0,0.0,-38.86791626011647,-0.7014802171014818,3.8971027347584872,0.0,0.0,0.0,3.602623666197733,0.0,0.0,0.0,0.0,0.0,0.0
tactile_images/264.png,contact,-3.543850933695792,0.0,3.1001290541865885,0.0,0.0,-38.86143887315471,1.10183010836817,-3.012475228314217,0.0,0.0,0.0,-0.4225260147773646,0.0,0.0,0.0,0.0,0.0,0.0
tactile_images/265.png,contact,2.226188170188673,0.0,3.93730327399277,0.0,0.0,-38.83473332080822,4.088513778823216,2.569001354287388,0.0,0.0,0.0,-4.836402604906156,0.0,0.0,0.0,0.0,0.0,0.0
tactile_images/266.png,contact,-1.4850482011868813,0.0,3.066806013154869,0.0,0.0,-38.818378240255015,-0.4243287642769857,-1.50448211796654,0.0,0.0,0.0,1.4338410861385045,0.0,0.0,0.0,0.0,0.0,0.0
tactile_images/267.png,contact,4.060992842105816,0.0,3.2089647906156693,0.0,0.0,-38.78690248821001,4.87729555306441,-0.2560268106020666,0.0,0.0,0.0,1.7676309191796502,0.0,0.0,0.0,0.0,0.0,0.0
tactile_images/268.png,contact,1.2268194603680715,0.0,4.924583083345174,0.0,0.0,-38.76435887001968,0.9281206535149976,-2.087389605387732,0.0,0.0,0.0,0.5176229667683332,0.0,0.0,0.0,0.0,0.0,0.0
tactile_images/269.png,contact,1.4908498744792134,0.0,3.6172652970479016,0.0,0.0,-38.752473726887615,-3.394460573578255,1.9644127110736989,0.0,0.0,0.0,-2.8758469915284346,0.0,0.0,0.0,0.0,0.0,0.0
tactile_images/270.png,contact,-1.4399954323901571,0.0,4.343023614562075,0.0,0.0,-38.74969565510392,-3.0999070516874774,3.4454641927470746,0.0,0.0,0.0,-0.1772197264393469,0.0,0.0,0.0,0.0,0.0,0.0
tactile_images/271.png,contact,1.069022753332396,0.0,3.2516046726921024,0.0,0.0,-38.69682972019515,2.161110355892511,-2.137298152604119,0.0,0.0,0.0,-0.9987254975449292,0.0,0.0,0.0,0.0,0.0,0.0
tactile_images/272.png,contact,-4.36154774160781,0.0,3.5036294040182634,0.0,0.0,-38.67411473730732,-4.496022057566183,-2.577823563364076,0.0,0.0,0.0,4.746860738439258,0.0,0.0,0.0,0.0,0.0,0.0
tactile_images/273.png,contact,-3.6073058325634335,0.0,4.867230755670188,0.0,0.0,-38.64070865930524,-0.1965842377777313,1.814402654638969,0.0,0.0,0.0,3.2467843475593803,0.0,0.0,0.0,0.0,0.0,0.0
tactile_images/274.png,contact,-3.496473906774116,0.0,3.272501130183956,0.0,0.0,-38.6178020292608,-3.517808901964834,-3.048469394322791,0.0,0.0,0.0,2.6189960508721475,0.0,0.0,0.0,0.0,0.0,0.0
tactile_images/275.png,contact,4.605731886314941,0.0,3.1045527445444114,0.0,0.0,-38.52601636667708,-0.66781364822155,1.398397656097723,0.0,0.0,0.0,-3.189262969998369,0.0,0.0,0.0,0.0,0.0,0.0
tactile_images/276.png,contact,-1.2374308486400911,0.0,3.5202319660307984,0.0,0.0,-38.521625664921416,2.499174220717196,-4.055719203063645,0.0,0.0,0.0,-1.689599825787834,0.0,0.0,0.0,0.0,0.0,0.0
tactile_images/277.png,contact,4.834121710721439,0.0,4.605121496303256,0.0,0.0,-38.51760008426973,-0.4118707175856588,1.2013715996068717,0.0,0.0,0.0,-1.2028816443077983,0.0,0.0,0.0,0.0,0.0,0.0
tactile_images/278.png,contact,-3.740717733051852,0.0,3.099844971326758,0.0,0.0,-38.51667674833319,-3.3654889101907304,0.1340673401043313,0.0,0.0,0.0,-0.0737246769952051,0.0,0.0,0.0,0.0,0.0,0.0
tactile_images/279.png,contact,0.3259848875013027,0.0,3.276464173570674,0.0,0.0,-38.473605329619375,-2.480746296433576,-3.860942844236917,0.0,0.0,0.0,-4.697754879345286,0.0,0.0,0.0,0.0,0.0,0.0
tactile_images/280.png,contact,4.8212606526658615,0.0,4.034300724567754,0.0,0.0,-38.46502326635279,-1.324604113478176,1.4910363486459977,0.0,0.0,0.0,0.9300922807465142,0.0,0.0,0.0,0.0,0.0,0.0
tactile_images/281.png,contact,-1.1598545026017906,0.0,4.435521089632462,0.0,0.0,-38.45771946730832,-4.304388165135853,-0.5344284296592416,0.0,0.0,0.0,-1.4214345602789369,0.0,0.0,0.0,0.0,0.0,0.0
tactile_images/282.png,contact,-3.2138836290069435,0.0,3.600060961190993,0.0,0.0,-38.45599070898675,0.8433763608112184,-2.8288494918291427,0.0,0.0,0.0,0.6167714542591494,0.0,0.0,0.0,0.0,0.0,0.0
tactile_images/283.png,contact,-3.3236353966099497,0.0,3.283657657375349,0.0,0.0,-38.446607737942,1.075337912780502,-1.466158442978227,0.0,0.0,0.0,-4.910216157432931,0.0,0.0,0.0,0.0,0.0,0.0
tactile_images/284.png,contact,2.2124012758544698,0.0,4.52849124170476,0.0,0.0,-38.43155567421442,-4.378480728674326,-0.0789789436107035,0.0,0.0,0.0,-1.7856686100247634,0.0,0.0,0.0,0.0,0.0,0.0
tactile_images/285.png,contact,-4.656320330745594,0.0,4.588768450185713,0.0,0.0,-38.39594492306016,-0.9768867882583798,-4.08445772735618,0.0,0.0,0.0,2.686660560129889,0.0,0.0,0.0,0.0,0.0,0.0
tactile_images/286.png,contact,-2.322248864095612,0.0,3.872096595945176,0.0,0.0,-38.38425508775923,-0.8599931711527509,4.576094831283543,0.0,0.0,0.0,0.0108155252704014,0.0,0.0,0.0,0.0,0.0,0.0
tactile_images/287.png,contact,-0.3697442289341355,0.0,3.922067136195624,0.0,0.0,-38.37146088551923,-1.6618043144739882,1.6556215621212118,0.0,0.0,0.0,2.888873283456382,0.0,0.0,0.0,0.0,0.0,0.0
tactile_images/288.png,contact,1.6279342443424794,0.0,3.657018108675726,0.0,0.0,-38.36302513729554,0.5773974033111182,-3.97465018712304,0.0,0.0,0.0,1.9896039251738664,0.0,0.0,0.0,0.0,0.0,0.0
tactile_images/289.png,contact,1.9605748774497265,0.0,3.4600009050968,0.0,0.0,-38.34704550188128,-1.540425099398882,3.2286218432845946,0.0,0.0,0.0,3.5492057515097706,0.0,0.0,0.0,0.0,0.0,0.0
tactile_images/290.png,contact,4.076394718886215,0.0,4.4902654969968,0.0,0.0,-38.33718413346778,-0.8359072052219396,-1.7744506905385462,0.0,0.0,0.0,-4.925564114478264,0.0,0.0,0.0,0.0,0.0,0.0
tactile_images/291.png,contact,-3.491956515653193,0.0,4.156459572339028,0.0,0.0,-38.27179379503977,2.9752354744160563,0.9679953671318388,0.0,0.0,0.0,-2.386745081556061,0.0,0.0,0.0,0.0,0.0,0.0
tactile_images/292.png,contact,1.7679706797924477,0.0,3.127071444847837,0.0,0.0,-38.26906519474213,-3.378906445697986,-2.228571584204268,0.0,0.0,0.0,0.4880172660108153,0.0,0.0,0.0,0.0,0.0,0.0
tactile_images/293.png,contact,2.2214722391028774,0.0,4.597543658229257,0.0,0.0,-38.23374734873767,1.1911469530342087,2.334059449146072,0.0,0.0,0.0,4.410180766521824,0.0,0.0,0.0,0.0,0.0,0.0
tactile_images/294.png,contact,3.816638090766127,0.0,4.176172491709395,0.0,0.0,-38.23231012113788,0.0559440169084552,2.2300897500010226,0.0,0.0,0.0,1.7979018013253911,0.0,0.0,0.0,0.0,0.0,0.0
tactile_images/295.png,contact,1.445069895586426,0.0,4.228181475951404,0.0,0.0,-38.22189088885832,-1.949283625206509,0.5204345687241796,0.0,0.0,0.0,-0.4341121371815148,0.0,0.0,0.0,0.0,0.0,0.0
tactile_images/296.png,contact,3.8224891710985887,0.0,3.778532793618097,0.0,0.0,-38.221196170990126,2.275346564904108,-2.5907440752842192,0.0,0.0,0.0,-3.6985866949231694,0.0,0.0,0.0,0.0,0.0,0.0
tactile_images/297.png,contact,1.4500369416806267,0.0,3.0878092272612747,0.0,0.0,-38.21541708206203,0.5118835954114793,-2.4629619248785453,0.0,0.0,0.0,-0.0678464524254778,0.0,0.0,0.0,0.0,0.0,0.0
tactile_images/298.png,contact,-0.2129604765413892,0.0,3.368736476039388,0.0,0.0,-38.1840446286472,-0.2263847303930468,-1.1713720330505706,0.0,0.0,0.0,-0.5891302754393379,0.0,0.0,0.0,0.0,0.0,0.0
tactile_images/299.png,contact,-3.77470046654482,0.0,4.753210556741196,0.0,0.0,-38.16102132940126,1.676693147712001,-3.549878326037147,0.0,0.0,0.0,2.7844327468870187,0.0,0.0,0.0,0.0,0.0,0.0
tactile_images/300.png,contact,4.182746542532217,0.0,4.970414651822187,0.0,0.0,-38.15693430222289,3.022903079813608,-1.6234428680907644,0.0,0.0,0.0,-0.8665135950345189,0.0,0.0,0.0,0.0,0.0,0.0
tactile_images/301.png,contact,-1.7754226745895316,0.0,4.935719848162832,0.0,0.0,-38.13358110174781,4.726687900335762,1.8435460124831249,0.0,0.0,0.0,-1.8116192516666696,0.0,0.0,0.0,0.0,0.0,0.0
tactile_images/302.png,contact,-0.1500565970972314,0.0,4.342607026187032,0.0,0.0,-38.01879834640789,1.2935036837637348,3.308452800594212,0.0,0.0,0.0,-4.102803175311792,0.0,0.0,0.0,0.0,0.0,0.0
tactile_images/303.png,contact,3.266264047052452,0.0,4.894341233686788,0.0,0.0,-38.00592218799985,3.744399854003829,-1.674177095066386,0.0,0.0,0.0,-4.534989360746332,0.0,0.0,0.0,0.0,0.0,0.0
tactile_images/304.png,contact,-3.791857726012477,0.0,3.962870691915211,0.0,0.0,-37.99933198195788,-4.989084589770431,-2.66409741745636,0.0,0.0,0.0,-0.6086557247762308,0.0,0.0,0.0,0.0,0.0,0.0
tactile_images/305.png,contact,-4.082658859666537,0.0,4.068440819862495,0.0,0.0,-37.98956109643586,0.3023569272589119,3.326425783351344,0.0,0.0,0.0,-1.531380204978153,0.0,0.0,0.0,0.0,0.0,0.0
tactile_images/306.png,contact,3.711301325265548,0.0,4.275860979159331,0.0,0.0,-37.98449375121732,-2.85352451229802,3.907040273859213,0.0,0.0,0.0,0.553241695128591,0.0,0.0,0.0,0.0,0.0,0.0
tactile_images/307.png,contact,-4.880359661555918,0.0,4.220357152473284,0.0,0.0,-37.98230188303697,-4.058075429168628,-0.8997847668793568,0.0,0.0,0.0,2.1192843711506804,0.0,0.0,0.0,0.0,0.0,0.0
tactile_images/308.png,contact,-3.925589984899778,0.0,3.3434199779473763,0.0,0.0,-37.96907122892302,0.3197101706439209,-4.730958461503661,0.0,0.0,0.0,-4.59993186426197,0.0,0.0,0.0,0.0,0.0,0.0
tactile_images/309.png,contact,0.0772214355196521,0.0,4.7472676452694005,0.0,0.0,-37.953245971178575,2.468265061490941,1.949616208941519,0.0,0.0,0.0,-0.0378289029718459,0.0,0.0,0.0,0.0,0.0,0.0
tactile_images/310.png,contact,0.0450868379380153,0.0,4.393014366953778,0.0,0.0,-37.93399036103305,-0.8772747752562022,2.840332361831295,0.0,0.0,0.0,3.619718941819796,0.0,0.0,0.0,0.0,0.0,0.0
tactile_images/311.png,contact,0.9058792818298168,0.0,3.5690812205441125,0.0,0.0,-37.89406557615887,1.7010744934443487,-4.819757468355598,0.0,0.0,0.0,-0.4483341385967163,0.0,0.0,0.0,0.0,0.0,0.0
tactile_images/312.png,contact,2.776386952518297,0.0,3.8802884130758737,0.0,0.0,-37.88705918403792,-0.1028074615905003,0.9503085334151322,0.0,0.0,0.0,0.2124221095077434,0.0,0.0,0.0,0.0,0.0,0.0
tactile_images/313.png,contact,0.83495568096121,0.0,4.869116145086563,0.0,0.0,-37.86277727219523,-0.6291413404057398,0.88368758244175,0.0,0.0,0.0,-0.1320815928332397,0.0,0.0,0.0,0.0,0.0,0.0
tactile_images/314.png,contact,-0.3593507885211817,0.0,4.4522121367388365,0.0,0.0,-37.85186703306812,-2.0974335956413936,-1.212920912520859,0.0,0.0,0.0,-1.1020708151658964,0.0,0.0,0.0,0.0,0.0,0.0
tactile_images/315.png,contact,1.5219079209780697,0.0,3.3967450796954024,0.0,0.0,-37.82657344990868,-1.1740648549899548,2.497673258508377,0.0,0.0,0.0,-3.898804760766276,0.0,0.0,0.0,0.0,0.0,0.0
tactile_images/316.png,contact,4.673409392155041,0.0,4.18730515889362,0.0,0.0,-37.81449617846398,-1.5020436920557212,-0.7182096188563936,0.0,0.0,0.0,-3.7364378431747336,0.0,0.0,0.0,0.0,0.0,0.0
tactile_images/317.png,contact,2.0019947243476413,0.0,3.075112139480379,0.0,0.0,-37.80905391432958,1.4618718401488149,1.7677595179136407,0.0,0.0,0.0,-3.2091075826230666,0.0,0.0,0.0,0.0,0.0,0.0
tactile_images/318.png,contact,2.432234322794921,0.0,3.9213699469642673,0.0,0.0,-37.801263785337305,-3.839814887208605,0.1711730463515195,0.0,0.0,0.0,2.925646408976549,0.0,0.0,0.0,0.0,0.0,0.0
tactile_images/319.png,contact,-2.608513309307817,0.0,4.488607434674732,0.0,0.0,-37.74498403804042,-4.07363631312194,-2.5153539529715605,0.0,0.0,0.0,-2.246676994382868,0.0,0.0,0.0,0.0,0.0,0.0
tactile_images/320.png,contact,4.14652535006232,0.0,4.657060519163017,0.0,0.0,-37.695667578775655,1.600129942084604,1.0650086301013175,0.0,0.0,0.0,4.481237817754106,0.0,0.0,0.0,0.0,0.0,0.0
tactile_images/321.png,contact,1.0726925672858378,0.0,4.882280670291681,0.0,0.0,-37.69364651474764,0.4629806987888072,2.3690849484584167,0.0,0.0,0.0,3.1017016653662903,0.0,0.0,0.0,0.0,0.0,0.0
tactile_images/322.png,contact,3.594470324216392,0.0,4.57040573582565,0.0,0.0,-37.692486826170814,-0.6979990325734242,4.7390567343700365,0.0,0.0,0.0,1.8454066819868125,0.0,0.0,0.0,0.0,0.0,0.0
tactile_images/323.png,contact,4.190807169487478,0.0,4.89610656370578,0.0,0.0,-37.67471477838376,-3.475571155920965,-1.1989105319758653,0.0,0.0,0.0,2.203936293957401,0.0,0.0,0.0,0.0,0.0,0.0
tactile_images/324.png,contact,-0.4223720549184833,0.0,3.177859045510048,0.0,0.0,-37.66912067390396,-0.8897288813068851,-4.355274553336489,0.0,0.0,0.0,-4.523677913216488,0.0,0.0,0.0,0.0,0.0,0.0
tactile_images/325.png,contact,-1.6791999880362702,0.0,4.642252208970359,0.0,0.0,-37.66277421642724,2.897317633200116,4.879712212213519,0.0,0.0,0.0,0.6838936698654514,0.0,0.0,0.0,0.0,0.0,0.0
tactile_images/326.png,contact,3.892794066736843,0.0,3.344199705299724,0.0,0.0,-37.63584694386285,3.896212357892569,1.238066594255363,0.0,0.0,0.0,4.410569099217298,0.0,0.0,0.0,0.0,0.0,0.0
tactile_images/327.png,contact,-2.9326135043825445,0.0,4.406063399948263,0.0,0.0,-37.591623154140414,2.0257656996422018,4.464504581607692,0.0,0.0,0.0,-4.60889816607491,0.0,0.0,0.0,0.0,0.0,0.0
tactile_images/328.png,contact,4.638396194752379,0.0,3.5746606664552987,0.0,0.0,-37.58568731808495,-4.400878241191192,-3.9617291398888064,0.0,0.0,0.0,-2.0898348148645987,0.0,0.0,0.0,0.0,0.0,0.0
tactile_images/329.png,contact,-3.0348274329688465,0.0,4.857044150084859,0.0,0.0,-37.498560577123314,1.704097766011186,-1.5796616012954234,0.0,0.0,0.0,-4.484885078660646,0.0,0.0,0.0,0.0,0.0,0.0
tactile_images/330.png,contact,-3.652957589089125,0.0,3.718890052364478,0.0,0.0,-37.475794707802734,-2.590144104537054,-3.6606330112727568,0.0,0.0,0.0,0.6974157786616555,0.0,0.0,0.0,0.0,0.0,0.0
tactile_images/331.png,contact,-4.694123223352875,0.0,4.156150098369663,0.0,0.0,-37.47212184750597,-1.8474875697359487,3.355101545820596,0.0,0.0,0.0,-3.83799372829471,0.0,0.0,0.0,0.0,0.0,0.0
tactile_images/332.png,contact,1.890176782843378,0.0,4.366139150380248,0.0,0.0,-37.420789133638166,-3.0412679204001547,3.803427414293161,0.0,0.0,0.0,-0.2074984377560085,0.0,0.0,0.0,0.0,0.0,0.0
tactile_images/333.png,contact,-1.2013259780153671,0.0,3.270076273361095,0.0,0.0,-37.39589061796539,2.757557906202046,0.0131169987502044,0.0,0.0,0.0,2.199494367875447,0.0,0.0,0.0,0.0,0.0,0.0
tactile_images/334.png,contact,-0.2144568904358941,0.0,4.933970036056075,0.0,0.0,-37.34707918482565,1.48602122637279,-3.1339378233796955,0.0,0.0,0.0,-3.3556146506453244,0.0,0.0,0.0,0.0,0.0,0.0
tactile_images/335.png,contact,2.717646365063009,0.0,3.9114716280169697,0.0,0.0,-37.301817663048425,1.1183505459918086,-3.7288103096029146,0.0,0.0,0.0,2.553644370782708,0.0,0.0,0.0,0.0,0.0,0.0
tactile_images/336.png,contact,-3.967884099060118,0.0,4.480626061687903,0.0,0.0,-37.291980071334535,1.679726096692761,0.8816411008020673,0.0,0.0,0.0,-4.397955380501013,0.0,0.0,0.0,0.0,0.0,0.0
tactile_images/337.png,contact,2.183839578943682,0.0,3.750482264993829,0.0,0.0,-37.28493284136459,-2.632277385960966,0.0637632458530053,0.0,0.0,0.0,-3.503755197430033,0.0,0.0,0.0,0.0,0.0,0.0
tactile_images/338.png,contact,-1.989488284873856,0.0,3.398700257889373,0.0,0.0,-37.24499759387265,-0.5535558567463834,1.947891023676675,0.0,0.0,0.0,-2.198896368177765,0.0,0.0,0.0,0.0,0.0,0.0
tactile_images/339.png,contact,-1.8011188544697267,0.0,3.7840590696071823,0.0,0.0,-37.2354158039809,1.332537215489892,-1.947927373800088,0.0,0.0,0.0,2.9609906741208727,0.0,0.0,0.0,0.0,0.0,0.0
tactile_images/340.png,contact,-4.385297834731304,0.0,4.379682566871929,0.0,0.0,-37.20083351452459,1.3659402761830035,-0.9763200497563772,0.0,0.0,0.0,3.5013688912340086,0.0,0.0,0.0,0.0,0.0,0.0
tactile_images/341.png,contact,3.69913759869368,0.0,4.141122809249213,0.0,0.0,-37.18758836568283,2.9185186275513058,-4.786389261488426,0.0,0.0,0.0,-2.796201856337629,0.0,0.0,0.0,0.0,0.0,0.0
tactile_images/342.png,contact,1.8827793220445173,0.0,4.342736017793591,0.0,0.0,-37.171912404221,-2.1289603331188944,1.1014304507552897,0.0,0.0,0.0,-4.042161744745039,0.0,0.0,0.0,0.0,0.0,0.0
tactile_images/343.png,contact,-4.369578230310628,0.0,4.125377511581458,0.0,0.0,-37.16417670183296,2.703361216968224,-0.7685647865352223,0.0,0.0,0.0,3.479537823472516,0.0,0.0,0.0,0.0,0.0,0.0
tactile_images/344.png,contact,4.87392480024241,0.0,3.4646710918480363,0.0,0.0,-37.13936272974501,-0.5981551938306424,4.197646338134479,0.0,0.0,0.0,1.4936743752210706,0.0,0.0,0.0,0.0,0.0,0.0
tactile_images/345.png,contact,-0.4448909796084956,0.0,4.228367447969078,0.0,0.0,-37.13868103667137,1.7017269205893475,1.417862977048049,0.0,0.0,0.0,-3.4214456360131864,0.0,0.0,0.0,0.0,0.0,0.0
tactile_images/346.png,contact,-2.8379178448539726,0.0,3.0831919125129392,0.0,0.0,-37.1376166802276,-0.4428061993471317,-1.013055085503062,0.0,0.0,0.0,0.5771678515075251,0.0,0.0,0.0,0.0,0.0,0.0
tactile_images/347.png,contact,1.717668943216606,0.0,4.3275334722434,0.0,0.0,-37.118446446039286,4.486101697909433,-2.3641081912664963,0.0,0.0,0.0,3.723714328855349,0.0,0.0,0.0,0.0,0.0,0.0
tactile_images/348.png,contact,-0.329577865513353,0.0,4.806815511725586,0.0,0.0,-37.10146729690027,-3.2069773525835554,4.0528494260763885,0.0,0.0,0.0,-4.30485057948237,0.0,0.0,0.0,0.0,0.0,0.0
tactile_images/349.png,contact,-1.957486889846172,0.0,3.4958648996116146,0.0,0.0,-37.09294341061369,1.7500508858235708,-4.837349258825567,0.0,0.0,0.0,-4.162787663517198,0.0,0.0,0.0,0.0,0.0,0.0
tactile_images/350.png,contact,1.075064435933152,0.0,3.5928814495587944,0.0,0.0,-37.0928687776789,0.7653500076815885,-1.730875327476078,0.0,0.0,0.0,-2.263922393374319,0.0,0.0,0.0,0.0,0.0,0.0
tactile_images/351.png,contact,-3.250494101800621,0.0,4.354254977147804,0.0,0.0,-36.96426909738578,-3.272689590522554,4.43505583788035,0.0,0.0,0.0,1.5226232559865664,0.0,0.0,0.0,0.0,0.0,0.0
tactile_images/352.png,contact,-0.5964033130821793,0.0,4.390459311495471,0.0,0.0,-36.93812964350138,-4.3399366418833205,1.5403300698157407,0.0,0.0,0.0,-3.2199149052940146,0.0,0.0,0.0,0.0,0.0,0.0
tactile_images/353.png,contact,4.324974533161781,0.0,4.848295898273398,0.0,0.0,-36.926561066222895,2.9914438897166367,0.3271907128329907,0.0,0.0,0.0,3.163672043171644,0.0,0.0,0.0,0.0,0.0,0.0
tactile_images/354.png,contact,-0.0308395077983636,0.0,3.944561928657602,0.0,0.0,-36.86672263387697,-3.425486663537348,-2.9646528207957257,0.0,0.0,0.0,2.5043017679496016,0.0,0.0,0.0,0.0,0.0,0.0
tactile_images/355.png,contact,-3.381152896481103,0.0,4.4321261068391165,0.0,0.0,-36.85623373354026,-3.13493317214224,3.33374774254387,0.0,0.0,0.0,0.6100485362798045,0.0,0.0,0.0,0.0,0.0,0.0
tactile_images/356.png,contact,-2.7040741780779323,0.0,3.1521694535310143,0.0,0.0,-36.85320918457081,4.7843422398903925,-2.958009374072239,0.0,0.0,0.0,-3.839322956296568,0.0,0.0,0.0,0.0,0.0,0.0
tactile_images/357.png,contact,-0.4669741271407002,0.0,3.44224652577803,0.0,0.0,-36.84380069518066,2.172608514766308,-2.5174646847875004,0.0,0.0,0.0,4.882198283121978,0.0,0.0,0.0,0.0,0.0,0.0
tactile_images/358.png,contact,-1.5815982429757351,0.0,4.257490451656143,0.0,0.0,-36.81271364158295,-2.4951315839877752,-3.081488571281448,0.0,0.0,0.0,-0.0996637043717507,0.0,0.0,0.0,0.0,0.0,0.0
tactile_images/359.png,contact,-4.860010638228708,0.0,4.130144566073387,0.0,0.0,-36.798104408958025,0.9094896015160128,-3.4185053943047805,0.0,0.0,0.0,-0.4792685213272039,0.0,0.0,0.0,0.0,0.0,0.0
tactile_images/360.png,contact,0.4147699111810929,0.0,3.6547533602307984,0.0,0.0,-36.75361639506379,0.3411183840251333,4.533124959788029,0.0,0.0,0.0,4.9556907966731565,0.0,0.0,0.0,0.0,0.0,0.0
tactile_images/361.png,contact,-1.728716685980798,0.0,4.671071002536333,0.0,0.0,-36.743035420802045,3.444732675138475,1.0203159614130843,0.0,0.0,0.0,3.63868263471336,0.0,0.0,0.0,0.0,0.0,0.0
tactile_images/362.png,contact,0.6969410510053731,0.0,3.654442366322908,0.0,0.0,-36.68791875846641,2.293207478326244,1.378371320100939,0.0,0.0,0.0,-0.436322659685187,0.0,0.0,0.0,0.0,0.0,0.0
tactile_images/363.png,contact,3.990218931822389,0.0,3.138959969767064,0.0,0.0,-36.68453739566229,3.3172112549318573,4.543254656787836,0.0,0.0,0.0,-0.8119701406372792,0.0,0.0,0.0,0.0,0.0,0.0
tactile_images/364.png,contact,1.2271583689537735,0.0,4.20851903197385,0.0,0.0,-36.61096763026174,-2.884934120226376,-2.6942494487443733,0.0,0.0,0.0,-4.040906174330139,0.0,0.0,0.0,0.0,0.0,0.0
tactile_images/365.png,contact,1.0216337449784303,0.0,4.013382402012597,0.0,0.0,-36.59330864158056,1.402192043670052,-4.94082461402308,0.0,0.0,0.0,4.265117463890796,0.0,0.0,0.0,0.0,0.0,0.0
tactile_images/366.png,contact,0.665277672443656,0.0,3.8657022135913417,0.0,0.0,-36.58562895110123,-4.597591415816197,0.9888364957029117,0.0,0.0,0.0,3.43774847719198,0.0,0.0,0.0,0.0,0.0,0.0
tactile_images/367.png,contact,4.164456624893102,0.0,4.529695786439967,0.0,0.0,-36.52679229450988,-4.310593877207799,0.0784485322415857,0.0,0.0,0.0,-1.899975071200891,0.0,0.0,0.0,0.0,0.0,0.0
tactile_images/368.png,contact,-0.5864239645042533,0.0,3.732506011996948,0.0,0.0,-36.52525720324532,2.1352703270459727,-0.2234962260170592,0.0,0.0,0.0,2.5332128756877728,0.0,0.0,0.0,0.0,0.0,0.0
tactile_images/369.png,contact,0.0246014785389778,0.0,3.899450821184212,0.0,0.0,-36.51947199532191,-4.755798973560687,-4.381197887538009,0.0,0.0,0.0,2.627294262739243,0.0,0.0,0.0,0.0,0.0,0.0
tactile_images/370.png,contact,4.6332857306645705,0.0,4.119786203071898,0.0,0.0,-36.5108313013405,0.7976500890050922,-0.4556513342521553,0.0,0.0,0.0,-2.7208928277338504,0.0,0.0,0.0,0.0,0.0,0.0
tactile_images/371.png,contact,2.700453941089138,0.0,3.2451663130143658,0.0,0.0,-36.49645123389328,3.4040509844453,-2.1244043490930107,0.0,0.0,0.0,1.1365546993868314,0.0,0.0,0.0,0.0,0.0,0.0
tactile_images/372.png,contact,-1.666004790466192,0.0,3.2359579988740514,0.0,0.0,-36.4924112399554,-1.200581915819714,-2.254353227756869,0.0,0.0,0.0,-2.4497119658778868,0.0,0.0,0.0,0.0,0.0,0.0
tactile_images/373.png,contact,-3.3283037678827103,0.0,4.89731231541313,0.0,0.0,-36.48110576457248,-4.551595631600872,-2.776184198209072,0.0,0.0,0.0,2.898860519359116,0.0,0.0,0.0,0.0,0.0,0.0
tactile_images/374.png,contact,-3.470608269838994,0.0,3.022309174623661,0.0,0.0,-36.4599742284674,2.138474496287268,-1.6747164024542929,0.0,0.0,0.0,-3.46190297517086,0.0,0.0,0.0,0.0,0.0,0.0
tactile_images/375.png,contact,-4.09943143854392,0.0,4.80555209552909,0.0,0.0,-36.44975143593624,4.296864524641508,-1.4686692485658757,0.0,0.0,0.0,1.6890599868727731,0.0,0.0,0.0,0.0,0.0,0.0
tactile_images/376.png,contact,4.667968912086335,0.0,3.8082196954859135,0.0,0.0,-36.42641409370897,2.171713920582679,-1.9122422363800249,0.0,0.0,0.0,-1.7398828834823874,0.0,0.0,0.0,0.0,0.0,0.0
tactile_images/377.png,contact,3.12079619184677,0.0,4.598531931919936,0.0,0.0,-36.413690921535725,0.784472430027753,4.78752715719509,0.0,0.0,0.0,-4.638179424647316,0.0,0.0,0.0,0.0,0.0,0.0
tactile_images/378.png,contact,0.3479438771628187,0.0,3.8843122762256233,0.0,0.0,-36.40143190524205,-2.6997117012094,4.327310855094872,0.0,0.0,0.0,-3.762953557891069,0.0,0.0,0.0,0.0,0.0,0.0
tactile_images/379.png,contact,-0.5266226777674818,0.0,3.2614694789157,0.0,0.0,-36.39821638153224,-4.84624375955503,0.7451009952486221,0.0,0.0,0.0,1.5489913818359398,0.0,0.0,0.0,0.0,0.0,0.0
tactile_images/380.png,contact,3.325089109058923,0.0,4.140772199152454,0.0,0.0,-36.37695783088827,1.946721084790532,4.8105483841030985,0.0,0.0,0.0,-2.6008569677801763,0.0,0.0,0.0,0.0,0.0,0.0
tactile_images/381.png,contact,0.168191366863315,0.0,3.217943258607832,0.0,0.0,-36.36373231231431,-2.6897382415570705,4.911980103191901,0.0,0.0,0.0,1.3103537258467153,0.0,0.0,0.0,0.0,0.0,0.0
tactile_images/382.png,contact,1.5113173345700472,0.0,4.778238711454886,0.0,0.0,-36.29521498039834,3.581626771823576,-1.4406028998269749,0.0,0.0,0.0,-0.8517783399871304,0.0,0.0,0.0,0.0,0.0,0.0
tactile_images/383.png,contact,2.3984220903794884,0.0,3.304295773839033,0.0,0.0,-36.28691490643712,-0.3363588116738869,-0.5481245426025545,0.0,0.0,0.0,1.9271346387624664,0.0,0.0,0.0,0.0,0.0,0.0
tactile_images/384.png,contact,2.0455522252257974,0.0,4.192060321899602,0.0,0.0,-36.26677993410674,0.3063558237245622,4.590617769846656,0.0,0.0,0.0,-0.0705137781451989,0.0,0.0,0.0,0.0,0.0,0.0
tactile_images/385.png,contact,3.8460535782108254,0.0,4.435735702262528,0.0,0.0,-36.26302585737084,2.5393654426636667,1.0862619929868655,0.0,0.0,0.0,-1.9145290283882896,0.0,0.0,0.0,0.0,0.0,0.0
tactile_images/386.png,contact,2.389514737651519,0.0,3.622811290089756,0.0,0.0,-36.2134584352328,2.794306078033432,-2.870709171627275,0.0,0.0,0.0,-3.5418082014239816,0.0,0.0,0.0,0.0,0.0,0.0
tactile_images/387.png,contact,-3.407030280112,0.0,3.4197293545582426,0.0,0.0,-36.206732908516656,1.4265083308056816,1.893806683365004,0.0,0.0,0.0,-1.5890174757871978,0.0,0.0,0.0,0.0,0.0,0.0
tactile_images/388.png,contact,1.282759335976568,0.0,3.9504930531744007,0.0,0.0,-36.15086996172326,4.384318154127429,-2.9425381795391248,0.0,0.0,0.0,1.3489407792675312,0.0,0.0,0.0,0.0,0.0,0.0
tactile_images/389.png,contact,-3.171281420155852,0.0,3.7137773245608026,0.0,0.0,-36.14131179095938,4.822984363204194,-1.606422563281542,0.0,0.0,0.0,2.404735051974354,0.0,0.0,0.0,0.0,0.0,0.0
tactile_images/390.png,contact,2.746187319932342,0.0,4.55432239241119,0.0,0.0,-36.0951460154529,4.468854443746169,-2.724398369046485,0.0,0.0,0.0,-3.3966032516000944,0.0,0.0,0.0,0.0,0.0,0.0
tactile_images/391.png,contact,-1.8804555707412884,0.0,3.931742617392737,0.0,0.0,-36.02087695342743,3.241791853439436,-2.550197840661577,0.0,0.0,0.0,1.6427240888811712,0.0,0.0,0.0,0.0,0.0,0.0
tactile_images/392.png,contact,-2.0876565522915422,0.0,3.9297418603086873,0.0,0.0,-36.011938237020914,2.056252202442515,-4.953444184332177,0.0,0.0,0.0,-3.207204903484877,0.0,0.0,0.0,0.0,0.0,0.0
tactile_images/393.png,contact,-2.0906051945091644,0.0,4.496069478683177,0.0,0.0,-35.898764479516124,1.6332585788166751,3.8070883219945184,0.0,0.0,0.0,-2.7818065651001653,0.0,0.0,0.0,0.0,0.0,0.0
tactile_images/394.png,contact,-2.5513725567361902,0.0,4.54406357194471,0.0,0.0,-35.87326683862223,-3.962498230794661,-2.040095047242062,0.0,0.0,0.0,0.3131724028001503,0.0,0.0,0.0,0.0,0.0,0.0
tactile_images/395.png,contact,1.446154313142606,0.0,4.661844981643701,0.0,0.0,-35.8410783103771,-2.285156531808875,-4.136256204772055,0.0,0.0,0.0,-2.1079769802392523,0.0,0.0,0.0,0.0,0.0,0.0
tactile_images/396.png,contact,-0.9507793070025484,0.0,3.657491976699213,0.0,0.0,-35.8088671781808,-4.94311776470623,-4.130125943189115,0.0,0.0,0.0,1.6159544123648653,0.0,0.0,0.0,0.0,0.0,0.0
tactile_images/397.png,contact,-3.4364966405182376,0.0,4.004805586960254,0.0,0.0,-35.77066866678181,-3.625901297660081,0.5601827646095217,0.0,0.0,0.0,4.557766242415383,0.0,0.0,0.0,0.0,0.0,0.0
tactile_images/398.png,contact,-3.4645229173451817,0.0,3.5264923496610887,0.0,0.0,-35.7102367689799,-0.6077052283081166,4.929205505339372,0.0,0.0,0.0,-3.511077986626057,0.0,0.0,0.0,0.0,0.0,0.0
tactile_images/399.png,contact,-2.6028982312213502,0.0,3.0720747549983747,0.0,0.0,-35.70514510212897,-3.5346344921092667,-3.549775327298084,0.0,0.0,0.0,0.7051083230941666,0.0,0.0,0.0,0.0,0.0,0.0
tactile_images/400.png,contact,-2.7465353118118188,0.0,4.579347227585512,0.0,0.0,-35.66977780659869,4.016634146767579,-4.003782190503405,0.0,0.0,0.0,4.232991826731928,0.0,0.0,0.0,0.0,0.0,0.0
tactile_images/401.png,contact,-3.689049844787181,0.0,3.2927461331779355,0.0,0.0,-35.62463460041656,3.0569918533528195,-0.6169611959790933,0.0,0.0,0.0,-3.2347102334838764,0.0,0.0,0.0,0.0,0.0,0.0
tactile_images/402.png,contact,-0.4643031607784733,0.0,3.5997714801116096,0.0,0.0,-35.571252808699306,-4.283880879104817,0.6333125384079539,0.0,0.0,0.0,-1.3314909661514185,0.0,0.0,0.0,0.0,0.0,0.0
tactile_images/403.png,contact,0.8587024747107295,0.0,4.275644358518821,0.0,0.0,-35.55592033370361,-2.51086284532734,-2.056196411220596,0.0,0.0,0.0,-3.763831650102128,0.0,0.0,0.0,0.0,0.0,0.0
tactile_images/404.png,contact,2.2769267348063105,0.0,4.2871042459748345,0.0,0.0,-35.54229643448014,3.190718846115088,-1.974779074861336,0.0,0.0,0.0,1.4203771831394842,0.0,0.0,0.0,0.0,0.0,0.0
tactile_images/405.png,contact,-2.954499607897292,0.0,4.329615517160489,0.0,0.0,-35.5145873444223,3.030461265598735,-0.7552349815105055,0.0,0.0,0.0,1.6914292769470125,0.0,0.0,0.0,0.0,0.0,0.0
tactile_images/406.png,contact,-3.9711025995257714,0.0,3.579165409341454,0.0,0.0,-35.50809329915225,4.454505501177888,-1.85854384849394,0.0,0.0,0.0,1.6418231943563717,0.0,0.0,0.0,0.0,0.0,0.0
tactile_images/407.png,contact,-3.963358185211197,0.0,4.157170697185899,0.0,0.0,-35.47140699847311,4.9754776161736025,4.153315835685167,0.0,0.0,0.0,0.4212704836334531,0.0,0.0,0.0,0.0,0.0,0.0
tactile_images/408.png,contact,-2.0116986159025974,0.0,3.331755849325071,0.0,0.0,-35.41169757524653,4.762700632411219,-4.58045428709371,0.0,0.0,0.0,2.462608677977721,0.0,0.0,0.0,0.0,0.0,0.0
tactile_images/409.png,contact,-1.360960464095422,0.0,4.1566582054086085,0.0,0.0,-35.39789365056558,-0.8986201427855853,-2.654298401297254,0.0,0.0,0.0,-4.641227036200203,0.0,0.0,0.0,0.0,0.0,0.0
tactile_images/410.png,contact,3.7944158359630977,0.0,3.144697019794971,0.0,0.0,-35.37000256647606,-2.496715561979678,3.085527962274213,0.0,0.0,0.0,4.575134874453061,0.0,0.0,0.0,0.0,0.0,0.0
tactile_images/411.png,contact,1.8305341220888072,0.0,4.746768328742095,0.0,0.0,-35.35987362163887,2.584101904270625,3.339581246649568,0.0,0.0,0.0,-2.779037920706465,0.0,0.0,0.0,0.0,0.0,0.0
tactile_images/412.png,contact,-3.7897890028226726,0.0,4.87043562034175,0.0,0.0,-35.33892379488812,-2.007271072559692,-3.884449210357989,0.0,0.0,0.0,-3.7843803130825657,0.0,0.0,0.0,0.0,0.0,0.0
tactile_images/413.png,contact,-3.6443324686836416,0.0,3.015519296674849,0.0,0.0,-35.331796085663136,3.0640036013132974,4.737634500127166,0.0,0.0,0.0,4.4113604294193145,0.0,0.0,0.0,0.0,0.0,0.0
tactile_images/414.png,contact,4.535495872800023,0.0,4.612193495921495,0.0,0.0,-35.327573642818685,0.339547303979244,1.9335484989910885,0.0,0.0,0.0,3.3043691636158314,0.0,0.0,0.0,0.0,0.0,0.0
tactile_images/415.png,contact,3.655648705918781,0.0,4.357806041719414,0.0,0.0,-35.325061110698186,2.939272752349539,-2.274069440164044,0.0,0.0,0.0,2.648704192916801,0.0,0.0,0.0,0.0,0.0,0.0
tactile_images/416.png,contact,0.6338581023123391,0.0,3.171621543418878,0.0,0.0,-35.26812248945624,-2.241201202829896,-0.4396213518554548,0.0,0.0,0.0,-3.952542910610184,0.0,0.0,0.0,0.0,0.0,0.0
tactile_images/417.png,contact,4.414490707560208,0.0,4.877171191557011,0.0,0.0,-35.26320084078055,0.0802731555382081,-2.028613804320329,0.0,0.0,0.0,3.075292136761657,0.0,0.0,0.0,0.0,0.0,0.0
tactile_images/418.png,contact,2.674940077921688,0.0,3.785917613273365,0.0,0.0,-35.188672991894464,0.64023793602182,-3.4997775014558066,0.0,0.0,0.0,1.0902352300978269,0.0,0.0,0.0,0.0,0.0,0.0
tactile_images/419.png,contact,-3.306194077877292,0.0,4.0508639966192845,0.0,0.0,-35.15814599805243,4.4310806772013205,-2.088219352510849,0.0,0.0,0.0,2.31908611011845,0.0,0.0,0.0,0.0,0.0,0.0
tactile_images/420.png,contact,-2.6452779465471767,0.0,3.052694664387835,0.0,0.0,-35.14170555203658,-2.334024231695828,0.8009193748961838,0.0,0.0,0.0,4.780702798183924,0.0,0.0,0.0,0.0,0.0,0.0
tactile_images/421.png,contact,1.034463180100368,0.0,3.960533851331255,0.0,0.0,-35.1236297508795,4.366882392848947,3.259696948354687,0.0,0.0,0.0,-3.055588228819998,0.0,0.0,0.0,0.0,0.0,0.0
tactile_images/422.png,contact,-4.839776479598282,0.0,3.7678977885259455,0.0,0.0,-35.11998944483472,3.048589154657158,-1.364709251104228,0.0,0.0,0.0,0.0438196081853012,0.0,0.0,0.0,0.0,0.0,0.0
tactile_images/423.png,contact,0.513063773774693,0.0,3.72664895113802,0.0,0.0,-35.09142252643022,2.3089405408669528,-1.5209845945215823,0.0,0.0,0.0,2.5335194645911496,0.0,0.0,0.0,0.0,0.0,0.0
tactile_images/424.png,contact,3.985791715507835,0.0,4.343489680954967,0.0,0.0,-35.070993280882966,2.868702691851252,-0.3199929891867734,0.0,0.0,0.0,-0.6634364922830169,0.0,0.0,0.0,0.0,0.0,0.0
tactile_images/425.png,contact,-2.9773226334821405,0.0,4.939641570482081,0.0,0.0,-35.06151271830002,1.0542504588005697,1.4455559996434628,0.0,0.0,0.0,-4.453469170817916,0.0,0.0,0.0,0.0,0.0,0.0
tactile_images/426.png,contact,0.8645089847464851,0.0,3.836766675426543,0.0,0.0,-35.0454823253402,-2.5591998953751416,2.5161626243230923,0.0,0.0,0.0,-3.885611011244788,0.0,0.0,0.0,0.0,0.0,0.0
tactile_images/427.png,contact,2.792303872112396,0.0,3.658833314748886,0.0,0.0,-35.02074522613635,-3.105050311601473,-1.7320049520052616,0.0,0.0,0.0,1.0209197254562277,0.0,0.0,0.0,0.0,0.0,0.0
tactile_images/428.png,contact,-0.0780506395877909,0.0,3.6052445701637774,0.0,0.0,-34.968407437483485,3.663414358503905,0.8635246782513892,0.0,0.0,0.0,-2.1499585360924343,0.0,0.0,0.0,0.0,0.0,0.0
tactile_images/429.png,contact,3.9922199862257335,0.0,3.3126628767856774,0.0,0.0,-34.958790685365564,2.251394025958332,-1.1063915871911756,0.0,0.0,0.0,-3.621593526974066,0.0,0.0,0.0,0.0,0.0,0.0
tactile_images/430.png,contact,1.2030759183273307,0.0,4.972828036965778,0.0,0.0,-34.910086123042234,-2.867957172390509,2.16399850363386,0.0,0.0,0.0,-1.6010800247541757,0.0,0.0,0.0,0.0,0.0,0.0
tactile_images/431.png,contact,-2.284906771616132,0.0,3.309883570675872,0.0,0.0,-34.909267485357105,1.150933658744016,-3.353250794829792,0.0,0.0,0.0,-2.990190679552145,0.0,0.0,0.0,0.0,0.0,0.0
tactile_images/432.png,contact,3.294758763127085,0.0,4.284419274005395,0.0,0.0,-34.87518379675031,-0.5245351858577614,-2.430751349487039,0.0,0.0,0.0,-4.760605334252256,0.0,0.0,0.0,0.0,0.0,0.0
tactile_images/433.png,contact,4.546959902279555,0.0,3.06565099763848,0.0,0.0,-34.85064973597622,-3.413448300369061,-0.7393958015725026,0.0,0.0,0.0,-3.481860114328339,0.0,0.0,0.0,0.0,0.0,0.0
tactile_images/434.png,contact,-2.407686177542044,0.0,3.0278980373838227,0.0,0.0,-34.809678697390424,0.3185710935716432,3.894147899213676,0.0,0.0,0.0,3.8307796091767248,0.0,0.0,0.0,0.0,0.0,0.0
tactile_images/435.png,contact,3.721331987775824,0.0,4.02876649302204,0.0,0.0,-34.80578251569699,-2.184809075335828,0.7332578935069023,0.0,0.0,0.0,-4.879627174972839,0.0,0.0,0.0,0.0,0.0,0.0
tactile_images/436.png,contact,-1.107800710757683,0.0,4.044746527933603,0.0,0.0,-34.680311447223566,-4.037558758424284,4.653961189814117,0.0,0.0,0.0,2.738503035940957,0.0,0.0,0.0,0.0,0.0,0.0
tactile_images/437.png,contact,2.251939644518639,0.0,4.068055460769435,0.0,0.0,-34.66295375983411,-0.3304170145458922,-3.967223147189162,0.0,0.0,0.0,2.534611058715836,0.0,0.0,0.0,0.0,0.0,0.0
tactile_images/438.png,contact,4.944942008395792,0.0,3.968077880455697,0.0,0.0,-34.621873003619285,0.9010855209356184,-0.3982458634906516,0.0,0.0,0.0,0.6423768835898924,0.0,0.0,0.0,0.0,0.0,0.0
tactile_images/439.png,contact,1.027127094396327,0.0,3.822821863520931,0.0,0.0,-34.59934831739976,-4.530935896188495,-0.8092146995461578,0.0,0.0,0.0,-2.9155223429162938,0.0,0.0,0.0,0.0,0.0,0.0
tactile_images/440.png,contact,3.3518518427056287,0.0,3.394972563304065,0.0,0.0,-34.57331655287692,-0.9790725058900316,1.0020617640596845,0.0,0.0,0.0,3.780592243002317,0.0,0.0,0.0,0.0,0.0,0.0
tactile_images/441.png,contact,-4.69878826707639,0.0,3.563873768683517,0.0,0.0,-34.571880522775274,-2.423380801633148,3.1196460870757825,0.0,0.0,0.0,-0.2492443120605685,0.0,0.0,0.0,0.0,0.0,0.0
tactile_images/442.png,contact,0.3964172879807375,0.0,4.434868901756508,0.0,0.0,-34.56598404082443,-4.693494092927676,3.414480255830602,0.0,0.0,0.0,-3.267937709522646,0.0,0.0,0.0,0.0,0.0,0.0
tactile_images/443.png,contact,2.88005945301342,0.0,3.8922286142503753,0.0,0.0,-34.52330821816625,-3.743374503884942,1.7019460870550829,0.0,0.0,0.0,-0.7097740751077382,0.0,0.0,0.0,0.0,0.0,0.0
tactile_images/444.png,contact,-3.661761457749352,0.0,3.514730916803268,0.0,0.0,-34.510798105632226,-3.609658411816224,1.415363642455536,0.0,0.0,0.0,-3.0508277225574734,0.0,0.0,0.0,0.0,0.0,0.0
tactile_images/445.png,contact,2.0008088849301533,0.0,3.523505738074048,0.0,0.0,-34.43363438727601,-3.1712575188202887,4.490295420448074,0.0,0.0,0.0,-1.2399215887007542,0.0,0.0,0.0,0.0,0.0,0.0
tactile_images/446.png,contact,-3.584127518430119,0.0,4.179458072152931,0.0,0.0,-34.4189636574095,3.033775714379212,-1.1631259836157537,0.0,0.0,0.0,-0.033122289898797,0.0,0.0,0.0,0.0,0.0,0.0
tactile_images/447.png,contact,-4.150607325172224,0.0,4.3623451008790095,0.0,0.0,-34.3860124594343,-0.6050813352186077,3.3278331418848826,0.0,0.0,0.0,-1.4009911029795008,0.0,0.0,0.0,0.0,0.0,0.0
tactile_images/448.png,contact,4.3095409368540025,0.0,4.789821285129332,0.0,0.0,-34.374699021436726,-3.529140077296131,4.215037270922942,0.0,0.0,0.0,1.5704427407270103,0.0,0.0,0.0,0.0,0.0,0.0
tactile_images/449.png,contact,2.192276375591442,0.0,4.405476598579174,0.0,0.0,-34.36536253194454,-3.997030330721108,-0.0846075573480309,0.0,0.0,0.0,4.359178040884384,0.0,0.0,0.0,0.0,0.0,0.0
tactile_images/450.png,contact,4.936209565934093,0.0,3.4063078743799364,0.0,0.0,-34.34694843819766,-2.0205954127096093,2.2910257860330034,0.0,0.0,0.0,-1.5185065235303652,0.0,0.0,0.0,0.0,0.0,0.0
tactile_images/451.png,contact,1.2512942047629592,0.0,3.5053260043425647,0.0,0.0,-34.332477406188644,2.980155187044523,-1.2298014332909393,0.0,0.0,0.0,-1.442604861635143,0.0,0.0,0.0,0.0,0.0,0.0
tactile_images/452.png,contact,-2.0254050153480696,0.0,3.5310883696064828,0.0,0.0,-34.33131567219166,-1.3554015206035652,-3.411209858045959,0.0,0.0,0.0,2.3830247060226544,0.0,0.0,0.0,0.0,0.0,0.0
tactile_images/453.png,contact,0.7001478587894026,0.0,3.8059456002467886,0.0,0.0,-34.28951483535637,-3.401026397060619,0.8650388147242527,0.0,0.0,0.0,0.3059093152108474,0.0,0.0,0.0,0.0,0.0,0.0
tactile_images/454.png,contact,1.7250264782208538,0.0,3.530069836281095,0.0,0.0,-34.28151028319205,-0.9588381845384006,-3.035283491504681,0.0,0.0,0.0,-0.7116056037925889,0.0,0.0,0.0,0.0,0.0,0.0
tactile_images/455.png,contact,-4.522217856975946,0.0,3.051614336382462,0.0,0.0,-34.27666258746655,0.553115572870575,-0.4240086919613093,0.0,0.0,0.0,3.1380818845650253,0.0,0.0,0.0,0.0,0.0,0.0
tactile_images/456.png,contact,-2.1408693213242778,0.0,3.50482762595312,0.0,0.0,-34.17734038620809,-4.704158163619861,3.728793133283333,0.0,0.0,0.0,3.9103606719141126,0.0,0.0,0.0,0.0,0.0,0.0
tactile_images/457.png,contact,-4.208724005318132,0.0,4.900759502964187,0.0,0.0,-34.17060083422185,1.276418014401731,-4.139818124363195,0.0,0.0,0.0,0.905866060471836,0.0,0.0,0.0,0.0,0.0,0.0
tactile_images/458.png,contact,2.4343721629863624,0.0,3.938120680442308,0.0,0.0,-34.167171439779324,-1.0489924698521067,-4.695714643353504,0.0,0.0,0.0,-3.14896727244494,0.0,0.0,0.0,0.0,0.0,0.0
tactile_images/459.png,contact,2.5660331678146955,0.0,3.088790529938654,0.0,0.0,-34.11380144209289,-4.902741248688056,1.064778473818876,0.0,0.0,0.0,-0.3371411099802213,0.0,0.0,0.0,0.0,0.0,0.0
tactile_images/460.png,contact,-2.3743376872148563,0.0,4.0348025796499325,0.0,0.0,-34.05490965385191,1.738893989463809,-1.689386734051049,0.0,0.0,0.0,0.0437066214813421,0.0,0.0,0.0,0.0,0.0,0.0
tactile_images/461.png,contact,0.478009717165647,0.0,4.055248913677415,0.0,0.0,-34.002291435368576,2.123876355626482,-0.8206229307408472,0.0,0.0,0.0,-0.6779264288914053,0.0,0.0,0.0,0.0,0.0,0.0
tactile_images/462.png,contact,-1.376882468959355,0.0,4.283239997428818,0.0,0.0,-33.992611533564855,1.2883978855868286,-0.9428941134166848,0.0,0.0,0.0,-2.3756812113461567,0.0,0.0,0.0,0.0,0.0,0.0
tactile_images/463.png,contact,-0.5435405251140066,0.0,3.251881282095001,0.0,0.0,-33.983027398208975,-1.5806978240157776,-4.133797709904364,0.0,0.0,0.0,-0.2767819227614554,0.0,0.0,0.0,0.0,0.0,0.0
tactile_images/464.png,contact,0.0645341965988137,0.0,4.90687164951567,0.0,0.0,-33.953314818691545,0.2960485406596111,-4.9643356732040544,0.0,0.0,0.0,-0.5345384790231034,0.0,0.0,0.0,0.0,0.0,0.0
tactile_images/465.png,contact,-4.51423220845566,0.0,4.435291172685485,0.0,0.0,-33.94936816927643,-1.128422938665646,3.984232428642644,0.0,0.0,0.0,-2.905064760480613,0.0,0.0,0.0,0.0,0.0,0.0
tactile_images/466.png,contact,-1.1098098885099177,0.0,3.213839728759643,0.0,0.0,-33.94009894847499,2.006217301596944,-2.8220143909625364,0.0,0.0,0.0,4.03430652336065,0.0,0.0,0.0,0.0,0.0,0.0
tactile_images/467.png,contact,2.565177034237008,0.0,4.058871481082553,0.0,0.0,-33.90783549747385,0.8358018623368864,-0.7392100813571165,0.0,0.0,0.0,3.85340950847468,0.0,0.0,0.0,0.0,0.0,0.0
tactile_images/468.png,contact,1.1217391008306876,0.0,4.894568646179536,0.0,0.0,-33.9033180265877,-4.182008861725502,4.719257966710785,0.0,0.0,0.0,2.596164284505898,0.0,0.0,0.0,0.0,0.0,0.0
tactile_images/469.png,contact,-1.3181352701666835,0.0,3.063769590417184,0.0,0.0,-33.848277246274804,1.4309355821899743,3.267625819836523,0.0,0.0,0.0,-0.9905342238771864,0.0,0.0,0.0,0.0,0.0,0.0
tactile_images/470.png,contact,-4.154882975880419,0.0,3.077747394033379,0.0,0.0,-33.821703543260355,1.8723841433780155,-3.9206914473729775,0.0,0.0,0.0,-1.296580921078644,0.0,0.0,0.0,0.0,0.0,0.0
tactile_images/471.png,contact,2.310065955649024,0.0,3.9075075205007073,0.0,0.0,-33.81258268665734,-1.2929781938530065,0.0851903161258569,0.0,0.0,0.0,2.164653773959645,0.0,0.0,0.0,0.0,0.0,0.0
tactile_images/472.png,contact,-0.1236377754579063,0.0,3.9026734503081935,0.0,0.0,-33.793607804974165,3.757857809597043,2.30079026495016,0.0,0.0,0.0,1.0811923500306886,0.0,0.0,0.0,0.0,0.0,0.0
tactile_images/473.png,contact,-1.9361805747379528,0.0,3.1837921841542123,0.0,0.0,-33.79001504404596,3.4301435484496263,1.983927849992124,0.0,0.0,0.0,1.0059832394675787,0.0,0.0,0.0,0.0,0.0,0.0
tactile_images/474.png,contact,-3.017280830697919,0.0,4.463552190075345,0.0,0.0,-33.77486069529678,-3.2483347610026216,2.608418524044702,0.0,0.0,0.0,-3.758884725051433,0.0,0.0,0.0,0.0,0.0,0.0
tactile_images/475.png,contact,1.0214440095425834,0.0,4.419866146868492,0.0,0.0,-33.75864852082174,4.042663084858685,-0.4254534511196475,0.0,0.0,0.0,1.1828378029544844,0.0,0.0,0.0,0.0,0.0,0.0
tactile_images/476.png,contact,0.3130684020502974,0.0,3.045008654857373,0.0,0.0,-33.75864498355494,-0.5912762850492248,-3.24077070669718,0.0,0.0,0.0,4.018630111233657,0.0,0.0,0.0,0.0,0.0,0.0
tactile_images/477.png,contact,-1.354143568619098,0.0,3.5957526630455865,0.0,0.0,-33.747154595223975,2.237496526342934,-0.3512755608062736,0.0,0.0,0.0,-4.1418352932956655,0.0,0.0,0.0,0.0,0.0,0.0
tactile_images/478.png,contact,0.6723312040073735,0.0,3.084011534837624,0.0,0.0,-33.74358844944878,3.14097006967236,1.47887249173292,0.0,0.0,0.0,-1.6082870092921264,0.0,0.0,0.0,0.0,0.0,0.0
tactile_images/479.png,contact,0.7745157168805541,0.0,3.610863385366065,0.0,0.0,-33.66299013257823,0.0511242106968987,1.08592086605168,0.0,0.0,0.0,0.0901429144707233,0.0,0.0,0.0,0.0,0.0,0.0
tactile_images/480.png,contact,-1.2092856747843117,0.0,4.232221600831442,0.0,0.0,-33.650101679687424,-1.0089806062918427,-4.294779462113926,0.0,0.0,0.0,1.8600949483148703,0.0,0.0,0.0,0.0,0.0,0.0
tactile_images/481.png,contact,3.2074438809221,0.0,4.321064830872972,0.0,0.0,-33.609147856741764,4.154513686150983,-4.350475659178082,0.0,0.0,0.0,-4.103650704437488,0.0,0.0,0.0,0.0,0.0,0.0
tactile_images/482.png,contact,3.826918110376055,0.0,3.497071487854185,0.0,0.0,-33.55405216273104,-2.691464470645768,4.652578311552119,0.0,0.0,0.0,3.7280619328884415,0.0,0.0,0.0,0.0,0.0,0.0
tactile_images/483.png,contact,-0.1657262844597902,0.0,4.354381447345311,0.0,0.0,-33.53615707249341,-2.430299222808556,-3.481945449602289,0.0,0.0,0.0,-4.594543795918486,0.0,0.0,0.0,0.0,0.0,0.0
tactile_images/484.png,contact,1.469496083996976,0.0,3.737241304996578,0.0,0.0,-33.51883075061118,-1.3837968598656292,-2.0553753598827806,0.0,0.0,0.0,3.576896668072425,0.0,0.0,0.0,0.0,0.0,0.0
tactile_images/485.png,contact,-1.492103021160636,0.0,4.802971702201498,0.0,0.0,-33.44434453779736,3.5946577797056563,2.6763448215616545,0.0,0.0,0.0,-4.723482441347448,0.0,0.0,0.0,0.0,0.0,0.0
tactile_images/486.png,contact,3.43562957328914,0.0,4.7155310967448845,0.0,0.0,-33.4288561857328,4.387882642130759,-0.9032292417682511,0.0,0.0,0.0,-3.464766956726443,0.0,0.0,0.0,0.0,0.0,0.0
tactile_images/487.png,contact,3.42045177164652,0.0,4.962831443667328,0.0,0.0,-33.39854515065263,-2.7993228524513816,-3.185351467399673,0.0,0.0,0.0,3.003238271536734,0.0,0.0,0.0,0.0,0.0,0.0
tactile_images/488.png,contact,-2.8195997715795915,0.0,4.890377159519089,0.0,0.0,-33.33760488630696,3.6387014763124537,-0.3276761769021856,0.0,0.0,0.0,3.601644372037784,0.0,0.0,0.0,0.0,0.0,0.0
tactile_images/489.png,contact,2.2578479765132995,0.0,4.780605114227041,0.0,0.0,-33.317499720070856,-2.417970405314307,0.689499707633658,0.0,0.0,0.0,4.822658292862256,0.0,0.0,0.0,0.0,0.0,0.0
tactile_images/490.png,contact,0.2081812237026898,0.0,4.472034736730672,0.0,0.0,-33.285276551009815,4.706412467498881,-0.4723339072192436,0.0,0.0,0.0,-3.842851716563248,0.0,0.0,0.0,0.0,0.0,0.0
tactile_images/491.png,contact,-2.9314287399673944,0.0,4.413530563723263,0.0,0.0,-33.20743447689309,0.9740789198158232,4.18946075472109,0.0,0.0,0.0,0.2645111609063164,0.0,0.0,0.0,0.0,0.0,0.0
tactile_images/492.png,contact,3.2563357099500854,0.0,3.576304271554806,0.0,0.0,-33.20620117691108,-4.929135325526176,-2.153007049004957,0.0,0.0,0.0,-4.228441734603095,0.0,0.0,0.0,0.0,0.0,0.0
tactile_images/493.png,contact,2.5070777085112503,0.0,4.208761438165617,0.0,0.0,-33.18975434004387,-4.658700959288221,1.6133216069967098,0.0,0.0,0.0,-3.435923740361504,0.0,0.0,0.0,0.0,0.0,0.0
tactile_images/494.png,contact,4.335561556442251,0.0,3.753899943372544,0.0,0.0,-33.17351653750826,-3.525154691952915,-3.877052785901023,0.0,0.0,0.0,-3.255061420936367,0.0,0.0,0.0,0.0,0.0,0.0
tactile_images/495.png,contact,-2.806317174255572,0.0,4.808850684634301,0.0,0.0,-33.16985850166088,-3.124268421812433,-1.0771454233597346,0.0,0.0,0.0,-4.366117485409146,0.0,0.0,0.0,0.0,0.0,0.0
tactile_images/496.png,contact,-3.3611770320724883,0.0,3.277551768225261,0.0,0.0,-33.10594224261096,2.6761912282659663,2.4099325158497367,0.0,0.0,0.0,3.929798059283371,0.0,0.0,0.0,0.0,0.0,0.0
tactile_images/497.png,contact,-4.699143978146033,0.0,3.3135258951985893,0.0,0.0,-33.07888882198094,-2.772341235830501,-2.7518305941053454,0.0,0.0,0.0,-3.7364448198564015,0.0,0.0,0.0,0.0,0.0,0.0
tactile_images/498.png,contact,2.036918795440099,0.0,4.773179192337893,0.0,0.0,-33.042442641522754,4.6914162004985975,0.8977104565441261,0.0,0.0,0.0,1.2934084301232378,0.0,0.0,0.0,0.0,0.0,0.0
tactile_images/499.png,contact,-1.203095513534647,0.0,4.656425515773188,0.0,0.0,-33.034295631062975,1.3611205720293826,-3.4656297079093967,0.0,0.0,0.0,1.2574706456314129,0.0,0.0,0.0,0.0,0.0,0.0
tactile_images/500.png,contact,-4.084505613336283,0.0,3.9435126187817486,0.0,0.0,-33.0103265363889,1.9251750925351767,-3.9729830863862894,0.0,0.0,0.0,-3.013547946337878,0.0,0.0,0.0,0.0,0.0,0.0
tactile_images/501.png,contact,-4.877855202148872,0.0,4.887577778415916,0.0,0.0,-33.00691447502895,-2.821834807147925,0.2323274892504265,0.0,0.0,0.0,4.984112612357812,0.0,0.0,0.0,0.0,0.0,0.0
tactile_images/502.png,contact,2.71124537516501,0.0,3.991680062208048,0.0,0.0,-32.993416684960806,3.927063140950848,1.7501099608602866,0.0,0.0,0.0,-1.5263222680411372,0.0,0.0,0.0,0.0,0.0,0.0
tactile_images/503.png,contact,-1.895267510315612,0.0,3.760389995950355,0.0,0.0,-32.9667586101297,1.678145728199314,-3.8663293376551655,0.0,0.0,0.0,4.0509437096339465,0.0,0.0,0.0,0.0,0.0,0.0
tactile_images/504.png,contact,-4.414648087765251,0.0,4.034241776226661,0.0,0.0,-32.94652561509106,3.644056243418639,4.17776252372915,0.0,0.0,0.0,4.4828473225374506,0.0,0.0,0.0,0.0,0.0,0.0
tactile_images/505.png,contact,-2.61037790250783,0.0,4.510187934596293,0.0,0.0,-32.932550524051514,4.564810972312269,-2.742277373025331,0.0,0.0,0.0,4.489888142996964,0.0,0.0,0.0,0.0,0.0,0.0
tactile_images/506.png,contact,-4.327105081327613,0.0,3.647952213123078,0.0,0.0,-32.932517202175774,-3.743590228904036,-3.800246918407,0.0,0.0,0.0,2.528375876017228,0.0,0.0,0.0,0.0,0.0,0.0
tactile_images/507.png,contact,3.92827988660224,0.0,3.5783863039317394,0.0,0.0,-32.90673474971787,-4.034127697310543,-2.973010916497895,0.0,0.0,0.0,-2.461949946880169,0.0,0.0,0.0,0.0,0.0,0.0
tactile_images/508.png,contact,0.8682748279228045,0.0,3.162558209681776,0.0,0.0,-32.85039876024283,3.0340782658963565,-3.3042754346815806,0.0,0.0,0.0,-3.79344648189742,0.0,0.0,0.0,0.0,0.0,0.0
tactile_images/509.png,contact,2.528967659898536,0.0,3.419321844223401,0.0,0.0,-32.84366793246594,3.661260590941703,-4.09325349387051,0.0,0.0,0.0,0.6988497715422177,0.0,0.0,0.0,0.0,0.0,0.0
tactile_images/510.png,contact,3.261047507805128,0.0,3.5825874944110105,0.0,0.0,-32.84148990642212,0.8376142087798568,2.978392347787074,0.0,0.0,0.0,-1.399608689029895,0.0,0.0,0.0,0.0,0.0,0.0
tactile_images/511.png,contact,-3.419335667918088,0.0,4.268505306903075,0.0,0.0,-32.82881620546729,-1.339994522494794,-0.0446222525588897,0.0,0.0,0.0,3.3103901181922453,0.0,0.0,0.0,0.0,0.0,0.0
tactile_images/512.png,contact,-4.632225394406113,0.0,3.0305296792920595,0.0,0.0,-32.79265186314328,1.5262963607522373,-1.1148055962131718,0.0,0.0,0.0,2.449900526167516,0.0,0.0,0.0,0.0,0.0,0.0
tactile_images/513.png,contact,1.08140626811974,0.0,4.791597715017684,0.0,0.0,-32.777360498772694,-1.9433592740754269,4.506279269841331,0.0,0.0,0.0,-2.235317038265884,0.0,0.0,0.0,0.0,0.0,0.0
tactile_images/514.png,contact,-3.324426408004218,0.0,4.273385828715884,0.0,0.0,-32.7683355936571,-2.6161430784653184,-1.2899161293520924,0.0,0.0,0.0,-4.829847663102712,0.0,0.0,0.0,0.0,0.0,0.0
tactile_images/515.png,contact,-2.4350825629160777,0.0,3.737124938055428,0.0,0.0,-32.72815844003182,-0.118547904727345,-3.330272739528106,0.0,0.0,0.0,-2.6268424104908803,0.0,0.0,0.0,0.0,0.0,0.0
tactile_images/516.png,contact,0.1597942749059591,0.0,4.512663572960318,0.0,0.0,-32.706995546121846,-2.838461723936203,-2.259571080734037,0.0,0.0,0.0,0.6711558424226647,0.0,0.0,0.0,0.0,0.0,0.0
tactile_images/517.png,contact,-3.212573046720129,0.0,3.340305282289034,0.0,0.0,-32.689499047153255,-0.1629639168482715,-2.610334664114036,0.0,0.0,0.0,-4.210025277874059,0.0,0.0,0.0,0.0,0.0,0.0
tactile_images/518.png,contact,0.1592293028979838,0.0,4.268001534831976,0.0,0.0,-32.63682108825875,4.56606505463572,-0.0125872043669517,0.0,0.0,0.0,1.5827259971661487,0.0,0.0,0.0,0.0,0.0,0.0
tactile_images/519.png,contact,4.819934443995456,0.0,3.2373114063925046,0.0,0.0,-32.59802051604083,3.397840356173905,-2.0849487604542603,0.0,0.0,0.0,1.716962847722998,0.0,0.0,0.0,0.0,0.0,0.0
tactile_images/520.png,contact,2.1622409420127555,0.0,4.0743386432080575,0.0,0.0,-32.52586517116184,4.416309195000224,0.160611721863618,0.0,0.0,0.0,-3.306060776401209,0.0,0.0,0.0,0.0,0.0,0.0
tactile_images/521.png,contact,-3.226143185136785,0.0,3.758321727959887,0.0,0.0,-32.52410429692593,3.0632897484735864,1.6929342494678892,0.0,0.0,0.0,0.963182340854308,0.0,0.0,0.0,0.0,0.0,0.0
tactile_images/522.png,contact,-3.6989636206212833,0.0,4.309242387030926,0.0,0.0,-32.50885748841272,-1.452490640537233,2.772987857132579,0.0,0.0,0.0,1.0697142796123371,0.0,0.0,0.0,0.0,0.0,0.0
tactile_images/523.png,contact,3.946545155186669,0.0,3.5341218804787204,0.0,0.0,-32.50649859810112,3.1204523855155912,2.101577812672309,0.0,0.0,0.0,-0.22021853645946,0.0,0.0,0.0,0.0,0.0,0.0
tactile_images/524.png,contact,3.836415148355041,0.0,4.778609447656437,0.0,0.0,-32.496009350359095,4.229157435532141,-2.9440928354363907,0.0,0.0,0.0,4.532458075288741,0.0,0.0,0.0,0.0,0.0,0.0
tactile_images/525.png,contact,-2.550419287462783,0.0,3.1570543718831456,0.0,0.0,-32.45479436426844,4.470357878370544,-3.8410028075724623,0.0,0.0,0.0,-3.918368197015005,0.0,0.0,0.0,0.0,0.0,0.0
tactile_images/526.png,contact,-2.0407976809922355,0.0,3.3410607787875506,0.0,0.0,-32.42608284157575,1.8319785068499703,0.4245015910125094,0.0,0.0,0.0,-0.933743312970801,0.0,0.0,0.0,0.0,0.0,0.0
tactile_images/527.png,contact,-1.5675606347455702,0.0,4.9764069854539486,0.0,0.0,-32.385922046808275,-2.8863335618488684,-3.0108820879185485,0.0,0.0,0.0,3.82920772253161,0.0,0.0,0.0,0.0,0.0,0.0
tactile_images/528.png,contact,4.916363181231429,0.0,4.903160618879739,0.0,0.0,-32.37459222602908,-4.602708466353091,-4.150662782284868,0.0,0.0,0.0,-1.1368598254039064,0.0,0.0,0.0,0.0,0.0,0.0
tactile_images/529.png,contact,-3.9803054894998695,0.0,4.44064583295712,0.0,0.0,-32.34452788059445,-3.527997718398442,0.2709434297941717,0.0,0.0,0.0,-0.7536039099466505,0.0,0.0,0.0,0.0,0.0,0.0
tactile_images/530.png,contact,-1.7801615255906356,0.0,4.923280984630608,0.0,0.0,-32.305417103678714,4.655469178939454,-1.7320581489220457,0.0,0.0,0.0,1.682738804369527,0.0,0.0,0.0,0.0,0.0,0.0
tactile_images/531.png,contact,3.934017468662282,0.0,4.274890757435804,0.0,0.0,-32.3028970632563,-0.3790317580723057,2.561490119385038,0.0,0.0,0.0,1.6556354957958188,0.0,0.0,0.0,0.0,0.0,0.0
tactile_images/532.png,contact,-1.7866995667256482,0.0,3.976184520529952,0.0,0.0,-32.2893427862482,3.5498601483205743,-1.85808369451582,0.0,0.0,0.0,-4.770980415612346,0.0,0.0,0.0,0.0,0.0,0.0
tactile_images/533.png,contact,3.0939016692555024,0.0,4.015788419062555,0.0,0.0,-32.28185299552558,-0.3495584644170888,4.787171370558138,0.0,0.0,0.0,-0.4430257388704621,0.0,0.0,0.0,0.0,0.0,0.0
tactile_images/534.png,contact,2.618533463343037,0.0,4.972360623217391,0.0,0.0,-32.24745744657914,1.608175834598394,2.585231912607081,0.0,0.0,0.0,-1.6648815530159051,0.0,0.0,0.0,0.0,0.0,0.0
tactile_images/535.png,contact,-1.3228215363763989,0.0,3.0309649182750307,0.0,0.0,-32.20710179576495,-4.758592228776664,-4.423067785111378,0.0,0.0,0.0,1.2769524714678615,0.0,0.0,0.0,0.0,0.0,0.0
tactile_images/536.png,contact,-1.7602628805254747,0.0,4.064695455909257,0.0,0.0,-32.206826658913485,-2.501350572806333,0.0887274035627614,0.0,0.0,0.0,0.5570231569527149,0.0,0.0,0.0,0.0,0.0,0.0
tactile_images/537.png,contact,4.878968832238925,0.0,4.400612707767614,0.0,0.0,-32.08718662792067,-0.6373071995741073,0.6262050121411029,0.0,0.0,0.0,1.5086162711369775,0.0,0.0,0.0,0.0,0.0,0.0
tactile_images/538.png,contact,3.040171375808548,0.0,3.46896801356634,0.0,0.0,-32.07173714350924,1.3063104715416325,1.953027106815977,0.0,0.0,0.0,1.5376738650600394,0.0,0.0,0.0,0.0,0.0,0.0
tactile_images/539.png,contact,-2.228143032084837,0.0,4.238702611872598,0.0,0.0,-32.06328695822527,-3.2847881194682147,-0.0220320296624176,0.0,0.0,0.0,-2.451281386923664,0.0,0.0,0.0,0.0,0.0,0.0
tactile_images/540.png,contact,3.893682630447928,0.0,3.509441000915098,0.0,0.0,-31.95820436344443,2.6455146427049003,-0.1655640158542679,0.0,0.0,0.0,-2.535352354308152,0.0,0.0,0.0,0.0,0.0,0.0
tactile_images/541.png,contact,4.931220377803507,0.0,4.628103852842859,0.0,0.0,-31.950633796222192,-1.3559529386376266,-1.3206138832238723,0.0,0.0,0.0,-1.297176049768468,0.0,0.0,0.0,0.0,0.0,0.0
tactile_images/542.png,contact,2.812901996764168,0.0,3.7550908459911145,0.0,0.0,-31.94544232787164,3.1743526923388448,-2.285386161008262,0.0,0.0,0.0,-2.58041539463306,0.0,0.0,0.0,0.0,0.0,0.0
tactile_images/543.png,contact,2.325979721424587,0.0,3.182168829760103,0.0,0.0,-31.937427606047343,-4.020309096049327,4.4620021197673445,0.0,0.0,0.0,1.8280807781866688,0.0,0.0,0.0,0.0,0.0,0.0
tactile_images/544.png,contact,-2.6651504953258467,0.0,3.4638022435378297,0.0,0.0,-31.91254649166466,1.797565876823719,-1.8240333036562808,0.0,0.0,0.0,1.0286597522445904,0.0,0.0,0.0,0.0,0.0,0.0
tactile_images/545.png,contact,-2.3906697593937256,0.0,4.898990863478323,0.0,0.0,-31.90577782886872,-2.066716667934898,-4.3657867541966935,0.0,0.0,0.0,-2.8361299335794987,0.0,0.0,0.0,0.0,0.0,0.0
tactile_images/546.png,contact,3.39928365045427,0.0,3.1098097818215487,0.0,0.0,-31.904131891921104,2.953831741226179,-3.327152607065877,0.0,0.0,0.0,3.841048087996912,0.0,0.0,0.0,0.0,0.0,0.0
tactile_images/547.png,contact,1.5248120468624538,0.0,3.1034909593382025,0.0,0.0,-31.88640494272419,-0.978295729575894,3.5727663604128974,0.0,0.0,0.0,-0.3933738492886496,0.0,0.0,0.0,0.0,0.0,0.0
tactile_images/548.png,contact,3.3963459388025683,0.0,3.2830977019756467,0.0,0.0,-31.87299970048459,1.6534963226356645,0.8663345912338389,0.0,0.0,0.0,-3.729467767083337,0.0,0.0,0.0,0.0,0.0,0.0
tactile_images/549.png,contact,4.639811817085736,0.0,4.628133811902534,0.0,0.0,-31.86639183669002,4.343052686364734,2.787805493770657,0.0,0.0,0.0,-2.870344119084179,0.0,0.0,0.0,0.0,0.0,0.0
tactile_images/550.png,contact,1.3573013895192454,0.0,3.4997349305158587,0.0,0.0,-31.846078595320776,-4.793733679862356,3.087815461396943,0.0,0.0,0.0,0.398505631303454,0.0,0.0,0.0,0.0,0.0,0.0
tactile_images/551.png,contact,-2.509397983633183,0.0,3.8314226182996967,0.0,0.0,-31.821611251599,-4.888832176656264,3.232364392110732,0.0,0.0,0.0,-1.6157598354440506,0.0,0.0,0.0,0.0,0.0,0.0
tactile_images/552.png,contact,-3.985541885270793,0.0,3.754503971431391,0.0,0.0,-31.817631592951475,2.702792521767135,0.5061370774460876,0.0,0.0,0.0,3.5122193659446825,0.0,0.0,0.0,0.0,0.0,0.0
tactile_images/553.png,contact,0.8880848200541402,0.0,3.2392608790321407,0.0,0.0,-31.77558036485886,1.463930515080781,-3.2287940430089512,0.0,0.0,0.0,-0.0526459259782985,0.0,0.0,0.0,0.0,0.0,0.0
tactile_images/554.png,contact,4.886463552325809,0.0,4.285666781631476,0.0,0.0,-31.75916894391738,-2.0702027949556734,-3.5176724776385826,0.0,0.0,0.0,4.1529480043440365,0.0,0.0,0.0,0.0,0.0,0.0
tactile_images/555.png,contact,-2.533781852589416,0.0,4.717344109858992,0.0,0.0,-31.751778501188188,-0.056032972257376,0.7398442037511241,0.0,0.0,0.0,-3.981735190616452,0.0,0.0,0.0,0.0,0.0,0.0
tactile_images/556.png,contact,3.2589066466591565,0.0,4.972764343257785,0.0,0.0,-31.732761016401533,-4.580643344011312,-1.334856463143236,0.0,0.0,0.0,1.6859313299475804,0.0,0.0,0.0,0.0,0.0,0.0
tactile_images/557.png,contact,4.734677961261803,0.0,4.825168435849646,0.0,0.0,-31.72644227364593,-3.075543946387592,0.5804824124576733,0.0,0.0,0.0,3.85784852352689,0.0,0.0,0.0,0.0,0.0,0.0
tactile_images/558.png,contact,-1.678046832264065,0.0,4.599157288204006,0.0,0.0,-31.67209457638558,-0.7550362547283251,-0.0152215576213521,0.0,0.0,0.0,-2.070695244427797,0.0,0.0,0.0,0.0,0.0,0.0
tactile_images/559.png,contact,-4.640174071177023,0.0,4.651342891958956,0.0,0.0,-31.66729040498619,3.3404441622148227,1.0219807969754848,0.0,0.0,0.0,-3.64312403684712,0.0,0.0,0.0,0.0,0.0,0.0
tactile_images/560.png,contact,-0.6502199285901611,0.0,4.109613516547896,0.0,0.0,-31.60781035843892,-0.2033281713991517,-4.678882092634346,0.0,0.0,0.0,-0.4335526202180197,0.0,0.0,0.0,0.0,0.0,0.0
tactile_images/561.png,contact,-3.734232380816605,0.0,4.576237879890438,0.0,0.0,-31.5892310929514,0.8636250452597869,-4.671633193698766,0.0,0.0,0.0,4.613342263276174,0.0,0.0,0.0,0.0,0.0,0.0
tactile_images/562.png,contact,3.003262178416403,0.0,4.65243475155044,0.0,0.0,-31.581920814415504,3.737537919937804,2.215951708485088,0.0,0.0,0.0,1.3346192550332052,0.0,0.0,0.0,0.0,0.0,0.0
tactile_images/563.png,contact,2.7350422480206205,0.0,3.596901322295521,0.0,0.0,-31.53692673779744,-1.9118108641115472,-3.0687275617728016,0.0,0.0,0.0,1.439769710302393,0.0,0.0,0.0,0.0,0.0,0.0
tactile_images/564.png,contact,-1.0315210946638818,0.0,4.039003709529962,0.0,0.0,-31.513057147323508,2.006993211020559,1.5219846219205635,0.0,0.0,0.0,1.7150125453058864,0.0,0.0,0.0,0.0,0.0,0.0
tactile_images/565.png,contact,1.783300103404514,0.0,4.394922534453453,0.0,0.0,-31.44597539151665,3.616672586782533,0.4657591079145451,0.0,0.0,0.0,-4.602386244062091,0.0,0.0,0.0,0.0,0.0,0.0
tactile_images/566.png,contact,3.479514325755082,0.0,4.821503625476295,0.0,0.0,-31.444329589808635,-2.9738429930382324,4.817944714046234,0.0,0.0,0.0,-0.5435019867560751,0.0,0.0,0.0,0.0,0.0,0.0
tactile_images/567.png,contact,-0.8008620783781115,0.0,3.951310061849834,0.0,0.0,-31.44109602054296,-1.4352183485216754,3.3540587888306224,0.0,0.0,0.0,-4.224279895582904,0.0,0.0,0.0,0.0,0.0,0.0
tactile_images/568.png,contact,4.084179266733658,0.0,4.029858990784966,0.0,0.0,-31.413150618273463,4.798101738893552,-0.8686547866865055,0.0,0.0,0.0,-1.8414117062804625,0.0,0.0,0.0,0.0,0.0,0.0
tactile_images/569.png,contact,-1.9561814649680684,0.0,3.555665799129309,0.0,0.0,-31.412188663750733,4.83218564796211,1.1641282009316498,0.0,0.0,0.0,3.2159902433687755,0.0,0.0,0.0,0.0,0.0,0.0
tactile_images/570.png,contact,-4.823786169086064,0.0,3.651006676252271,0.0,0.0,-31.40098567428613,-2.7677006970606213,-3.82710542774528,0.0,0.0,0.0,1.5626994972702928,0.0,0.0,0.0,0.0,0.0,0.0
tactile_images/571.png,contact,1.593958334187083,0.0,3.3435782189555336,0.0,0.0,-31.3340898919252,-4.335541611073719,-1.1361395703761898,0.0,0.0,0.0,4.955726987353151,0.0,0.0,0.0,0.0,0.0,0.0
tactile_images/572.png,contact,-3.2888336588260945,0.0,3.0162163937724262,0.0,0.0,-31.26883259405972,-2.2907838868994714,2.3388774108987427,0.0,0.0,0.0,-3.278455756273231,0.0,0.0,0.0,0.0,0.0,0.0
tactile_images/573.png,contact,2.2960671361547447,0.0,4.748593120444348,0.0,0.0,-31.23851003547943,-1.022680426963127,1.226715841286536,0.0,0.0,0.0,-1.0294576381457676,0.0,0.0,0.0,0.0,0.0,0.0
tactile_images/574.png,contact,3.012843184658276,0.0,3.82969370060319,0.0,0.0,-31.230379198964297,-0.5899439906883632,-0.1552867562264213,0.0,0.0,0.0,3.096402163229344,0.0,0.0,0.0,0.0,0.0,0.0
tactile_images/575.png,contact,0.6597902729124119,0.0,3.724357515116292,0.0,0.0,-31.219782218483992,1.188063073304236,-3.234708959473309,0.0,0.0,0.0,-2.843083976065759,0.0,0.0,0.0,0.0,0.0,0.0
tactile_images/576.png,contact,4.31286322276039,0.0,3.284572437221872,0.0,0.0,-31.209091178885,3.995027601315464,3.0314592615754457,0.0,0.0,0.0,-3.46278153670875,0.0,0.0,0.0,0.0,0.0,0.0
tactile_images/577.png,contact,-4.629920038589946,0.0,3.8586455314083903,0.0,0.0,-31.13452856425192,-1.6965198809283757,-2.2683339558842306,0.0,0.0,0.0,-0.7238744300617395,0.0,0.0,0.0,0.0,0.0,0.0
tactile_images/578.png,contact,0.0746461928571076,0.0,4.955264673100944,0.0,0.0,-31.094836965422694,3.4998453549920843,3.204790816619095,0.0,0.0,0.0,-1.1627350984249851,0.0,0.0,0.0,0.0,0.0,0.0
tactile_images/579.png,contact,-4.142988065604991,0.0,4.787069166996874,0.0,0.0,-31.062600223057643,-4.065210790733731,1.1160906279499354,0.0,0.0,0.0,4.802059409033516,0.0,0.0,0.0,0.0,0.0,0.0
tactile_images/580.png,contact,-1.7617756207543405,0.0,3.9963014405022967,0.0,0.0,-31.056328183974905,-4.581253010267853,-1.2726857205121256,0.0,0.0,0.0,-0.4374847097334919,0.0,0.0,0.0,0.0,0.0,0.0
tactile_images/581.png,contact,-3.149397285405392,0.0,4.835049454460696,0.0,0.0,-31.04462507288279,0.0404518312346127,-4.593947780400085,0.0,0.0,0.0,3.6094634310275353,0.0,0.0,0.0,0.0,0.0,0.0
tactile_images/582.png,contact,-3.3548022574219445,0.0,4.908691903246602,0.0,0.0,-31.02030294136308,-4.403377766693951,-2.675811556556232,0.0,0.0,0.0,3.879655192338896,0.0,0.0,0.0,0.0,0.0,0.0
tactile_images/583.png,contact,0.2619017160205334,0.0,4.704730698524087,0.0,0.0,-30.96583638155296,-1.0751019876576984,3.890709254881639,0.0,0.0,0.0,-3.4212828590559075,0.0,0.0,0.0,0.0,0.0,0.0
tactile_images/584.png,contact,0.1057503635685952,0.0,4.159072738299962,0.0,0.0,-30.91043925649299,3.967781168692344,3.179743438957175,0.0,0.0,0.0,2.153048012484547,0.0,0.0,0.0,0.0,0.0,0.0
tactile_images/585.png,contact,-0.2224326005480437,0.0,4.68287951991249,0.0,0.0,-30.89950790872338,-2.5851696379252664,0.7485331293409789,0.0,0.0,0.0,-2.2239286078859664,0.0,0.0,0.0,0.0,0.0,0.0
tactile_images/586.png,contact,3.812909044908885,0.0,3.859712738222425,0.0,0.0,-30.82254070018353,2.059757751249032,-0.3367753603787307,0.0,0.0,0.0,-4.052610317373705,0.0,0.0,0.0,0.0,0.0,0.0
tactile_images/587.png,contact,-4.137884438732593,0.0,3.3069136642163244,0.0,0.0,-30.80631197592438,-1.9763460760993312,1.4714267933010916,0.0,0.0,0.0,3.747049111015869,0.0,0.0,0.0,0.0,0.0,0.0
tactile_images/588.png,contact,3.475839866695826,0.0,3.037049153491912,0.0,0.0,-30.75214217544809,-4.550799447578644,-0.337518721566985,0.0,0.0,0.0,-2.075669590366486,0.0,0.0,0.0,0.0,0.0,0.0
tactile_images/589.png,contact,1.309469782390834,0.0,3.8340974566418016,0.0,0.0,-30.746349243077432,0.5669058141030936,1.4430484071914034,0.0,0.0,0.0,-1.546343298091899,0.0,0.0,0.0,0.0,0.0,0.0
tactile_images/590.png,contact,-1.6177773247163856,0.0,4.126940947625704,0.0,0.0,-30.70447670643778,3.348534905367517,-1.9259590033984209,0.0,0.0,0.0,-1.7601096348066,0.0,0.0,0.0,0.0,0.0,0.0
tactile_images/591.png,contact,-1.0059433336061732,0.0,4.120482927566105,0.0,0.0,-30.70331314563096,-0.9053155165738058,3.384972179114751,0.0,0.0,0.0,-2.9970457704663014,0.0,0.0,0.0,0.0,0.0,0.0
tactile_images/592.png,contact,-2.102427986233115,0.0,4.849245635685057,0.0,0.0,-30.67558220499963,1.1729382645808704,2.0191789346526665,0.0,0.0,0.0,-0.6549661797137594,0.0,0.0,0.0,0.0,0.0,0.0
tactile_images/593.png,contact,4.923359673507747,0.0,4.956538971997976,0.0,0.0,-30.668184539109657,4.000235976577258,-1.700243715723082,0.0,0.0,0.0,-0.7170717919756031,0.0,0.0,0.0,0.0,0.0,0.0
tactile_images/594.png,contact,-1.2129244904961016,0.0,4.749954117248235,0.0,0.0,-30.662033802748653,2.896945127369878,3.3066611482344115,0.0,0.0,0.0,-0.9124837428881704,0.0,0.0,0.0,0.0,0.0,0.0
tactile_images/595.png,contact,-4.261940684317819,0.0,3.9880857338714666,0.0,0.0,-30.650272954180885,-3.061236006071807,-0.1265746914682104,0.0,0.0,0.0,4.162977471565792,0.0,0.0,0.0,0.0,0.0,0.0
tactile_images/596.png,contact,-1.1033378331091832,0.0,4.866826640899109,0.0,0.0,-30.6458429551911,2.333839593650058,-3.253611352625385,0.0,0.0,0.0,-1.6024837130418867,0.0,0.0,0.0,0.0,0.0,0.0
tactile_images/597.png,contact,2.8233260041946395,0.0,4.8896709060414745,0.0,0.0,-30.627943878412434,0.0189302516015201,-4.222875379964734,0.0,0.0,0.0,-4.696210916558433,0.0,0.0,0.0,0.0,0.0,0.0
tactile_images/598.png,contact,0.0713541555255332,0.0,4.597374741860725,0.0,0.0,-30.6118210286594,2.459668078860848,1.9960574763722043,0.0,0.0,0.0,-3.215629937592237,0.0,0.0,0.0,0.0,0.0,0.0
tactile_images/599.png,contact,-2.1639711195809896,0.0,4.903207124999576,0.0,0.0,-30.60638652812947,-0.0548444947778179,3.651208042080107,0.0,0.0,0.0,2.214970765734737,0.0,0.0,0.0,0.0,0.0,0.0
tactile_images/600.png,contact,-4.866301229588469,0.0,4.898159206365634,0.0,0.0,-30.58157210440092,-3.7204183589169713,3.074419885945437,0.0,0.0,0.0,0.908586063145112,0.0,0.0,0.0,0.0,0.0,0.0
tactile_images/601.png,contact,-4.193919732144174,0.0,3.5251004600400004,0.0,0.0,-30.54938599726413,0.699094466892392,1.5565103022215183,0.0,0.0,0.0,4.517348037411855,0.0,0.0,0.0,0.0,0.0,0.0
tactile_images/602.png,contact,-4.372284872364512,0.0,4.441786438104195,0.0,0.0,-30.518524443284967,-0.0786600760266011,-3.58624944395232,0.0,0.0,0.0,1.944351071908832,0.0,0.0,0.0,0.0,0.0,0.0
tactile_images/603.png,contact,1.5029677025415045,0.0,4.119766331153968,0.0,0.0,-30.50241777745996,0.1792173364144176,-4.059559240233464,0.0,0.0,0.0,-3.0575832660128865,0.0,0.0,0.0,0.0,0.0,0.0
tactile_images/604.png,contact,1.6978493512850248,0.0,4.788109210407773,0.0,0.0,-30.490882747346703,3.789024536458703,-1.5497037698827465,0.0,0.0,0.0,-3.7935578137269688,0.0,0.0,0.0,0.0,0.0,0.0
tactile_images/605.png,contact,-3.9252328995484618,0.0,4.338160033724567,0.0,0.0,-30.48868724088189,3.9483704670625137,3.549108903987687,0.0,0.0,0.0,0.2075977531447677,0.0,0.0,0.0,0.0,0.0,0.0
tactile_images/606.png,contact,3.487531712650654,0.0,3.583033856302385,0.0,0.0,-30.462846993066485,-0.4646289323428165,4.617362703066641,0.0,0.0,0.0,1.6526273614234237,0.0,0.0,0.0,0.0,0.0,0.0
tactile_images/607.png,contact,-2.8365301274114305,0.0,3.7755286570595,0.0,0.0,-30.45236978963032,-0.442679587199116,-2.586391451529288,0.0,0.0,0.0,-3.343632620314636,0.0,0.0,0.0,0.0,0.0,0.0
tactile_images/608.png,contact,-1.9602061805379216,0.0,3.4452984704535705,0.0,0.0,-30.435420485853854,0.1518695887261598,2.6209567058172,0.0,0.0,0.0,1.0169301038271827,0.0,0.0,0.0,0.0,0.0,0.0
tactile_images/609.png,contact,1.9019312467753104,0.0,4.5911604995886535,0.0,0.0,-30.421536576315813,0.1958927833425692,0.7386921690720571,0.0,0.0,0.0,3.650286839296575,0.0,0.0,0.0,0.0,0.0,0.0
tactile_images/610.png,contact,-2.9402518927029595,0.0,4.709234926303671,0.0,0.0,-30.408124925234684,4.503871441791127,-4.681926329220572,0.0,0.0,0.0,2.275689280930444,0.0,0.0,0.0,0.0,0.0,0.0
tactile_images/611.png,contact,-3.861817721293452,0.0,4.4364759899625685,0.0,0.0,-30.392293905318525,1.4940046737749348,0.4291634993293982,0.0,0.0,0.0,1.6419108088180758,0.0,0.0,0.0,0.0,0.0,0.0
tactile_images/612.png,contact,4.323316380999984,0.0,3.464267825600312,0.0,0.0,-30.36723194131978,-2.2254300511205605,3.0594040298935514,0.0,0.0,0.0,2.8933105450992445,0.0,0.0,0.0,0.0,0.0,0.0
tactile_images/613.png,contact,-2.0783509722976863,0.0,3.0018860850549807,0.0,0.0,-30.345106875348343,0.3153679695398992,-2.238772166559735,0.0,0.0,0.0,-3.95917290946269,0.0,0.0,0.0,0.0,0.0,0.0
tactile_images/614.png,contact,3.5740585591809126,0.0,4.090725704267284,0.0,0.0,-30.297238028918056,1.272235829079829,3.9736162397046098,0.0,0.0,0.0,-2.961685441888056,0.0,0.0,0.0,0.0,0.0,0.0
tactile_images/615.png,contact,-1.1665031452073809,0.0,3.615310174712673,0.0,0.0,-30.29566891819045,1.3977172101396451,-2.637395931253632,0.0,0.0,0.0,-4.619005029742109,0.0,0.0,0.0,0.0,0.0,0.0
tactile_images/616.png,contact,-1.406151835488874,0.0,4.515019645637012,0.0,0.0,-30.282641225269167,0.8525422623818271,-4.235268673559457,0.0,0.0,0.0,-3.550220545732432,0.0,0.0,0.0,0.0,0.0,0.0
tactile_images/617.png,contact,0.19413422673352,0.0,3.96254790365521,0.0,0.0,-30.2093458894559,-3.2226384537846267,-3.40060690560436,0.0,0.0,0.0,4.131823426695265,0.0,0.0,0.0,0.0,0.0,0.0
tactile_images/618.png,contact,2.8530411253664454,0.0,4.636424002740927,0.0,0.0,-30.170170185559364,-4.664068109204925,3.370028687209184,0.0,0.0,0.0,-2.778550720826869,0.0,0.0,0.0,0.0,0.0,0.0
tactile_images/619.png,contact,-0.0550876038986389,0.0,4.358257662669724,0.0,0.0,-30.16603053087964,-1.621569476331456,-0.826940809604717,0.0,0.0,0.0,1.6209721634586298,0.0,0.0,0.0,0.0,0.0,0.0
tactile_images/620.png,contact,-3.2597821270808183,0.0,3.1062412483980024,0.0,0.0,-30.14664025319249,-0.7247784543974642,2.969455636216577,0.0,0.0,0.0,1.915672491353784,0.0,0.0,0.0,0.0,0.0,0.0
tactile_images/621.png,contact,-2.712703466859457,0.0,4.219057019508127,0.0,0.0,-30.12858988106392,-4.381957604239134,0.3123306098959508,0.0,0.0,0.0,1.4532545941958812,0.0,0.0,0.0,0.0,0.0,0.0
tactile_images/622.png,contact,-2.0624222715649623,0.0,4.281420449454443,0.0,0.0,-30.07530215644556,3.149673380198461,-0.1944087520556863,0.0,0.0,0.0,0.5392104873586332,0.0,0.0,0.0,0.0,0.0,0.0
tactile_images/623.png,contact,-2.3158952175533187,0.0,3.7397772512962497,0.0,0.0,-29.95876246330806,-1.5592256248972625,3.0691315149246527,0.0,0.0,0.0,-0.1386965255318815,0.0,0.0,0.0,0.0,0.0,0.0
tactile_images/624.png,contact,-0.7670239885775629,0.0,4.090976296113924,0.0,0.0,-29.93644336138776,4.136327461785047,-0.7651238828762406,0.0,0.0,0.0,-0.8007915821915832,0.0,0.0,0.0,0.0,0.0,0.0
tactile_images/625.png,contact,-2.6444072807550434,0.0,3.9716411177207984,0.0,0.0,-29.90724093789357,-3.455898921577348,3.020327310663683,0.0,0.0,0.0,4.168986966182848,0.0,0.0,0.0,0.0,0.0,0.0
tactile_images/626.png,contact,-0.7077830466891193,0.0,4.76084380574721,0.0,0.0,-29.87038249144797,-4.430650430626866,-3.993378350365544,0.0,0.0,0.0,-4.904856391228547,0.0,0.0,0.0,0.0,0.0,0.0
tactile_images/627.png,contact,3.3647612741497723,0.0,3.0237426933387184,0.0,0.0,-29.794121832731697,-0.1768389561367822,1.363108155392565,0.0,0.0,0.0,-4.465103739730846,0.0,0.0,0.0,0.0,0.0,0.0
tactile_images/628.png,contact,2.1752125602297334,0.0,3.6790578382613854,0.0,0.0,-29.793866300881326,-3.1087066317429333,2.0258705655198472,0.0,0.0,0.0,-0.0748753449735151,0.0,0.0,0.0,0.0,0.0,0.0
tactile_images/629.png,contact,2.4820094109304724,0.0,3.6177217984729264,0.0,0.0,-29.783537769891147,4.3739927557786125,3.990973961417426,0.0,0.0,0.0,-1.6948991819580694,0.0,0.0,0.0,0.0,0.0,0.0
tactile_images/630.png,contact,-3.0669351969473926,0.0,4.668947486925257,0.0,0.0,-29.76617243561229,-4.896966015462611,-2.7567608128380505,0.0,0.0,0.0,-0.9176978689674692,0.0,0.0,0.0,0.0,0.0,0.0
tactile_images/631.png,contact,-0.444823328002629,0.0,3.972818197982173,0.0,0.0,-29.746055257194897,-0.8738032494096508,1.0421988009285157,0.0,0.0,0.0,4.978485195589412,0.0,0.0,0.0,0.0,0.0,0.0
tactile_images/632.png,contact,-0.1265475314505293,0.0,4.455186686609487,0.0,0.0,-29.71844955578885,4.267477713451683,-0.6674343631077697,0.0,0.0,0.0,2.751346991962201,0.0,0.0,0.0,0.0,0.0,0.0
tactile_images/633.png,contact,2.4019641893584023,0.0,3.1521999779615486,0.0,0.0,-29.62166095453721,-1.1558179327023166,-1.1722834445597097,0.0,0.0,0.0,3.7740795598822494,0.0,0.0,0.0,0.0,0.0,0.0
tactile_images/634.png,contact,-4.555236959549347,0.0,3.151743282448095,0.0,0.0,-29.618658434112483,-4.0689071939953925,-3.9328644478804256,0.0,0.0,0.0,-1.3142543575438594,0.0,0.0,0.0,0.0,0.0,0.0
tactile_images/635.png,contact,-4.331133313435577,0.0,3.698948239065251,0.0,0.0,-29.59898202174901,-1.9710505713821287,-3.6576666940505778,0.0,0.0,0.0,-2.604395599938232,0.0,0.0,0.0,0.0,0.0,0.0
tactile_images/636.png,contact,-4.83521472715222,0.0,3.335243127681169,0.0,0.0,-29.57101729396305,-0.0198960616556655,3.369884614476464,0.0,0.0,0.0,2.6799046832244606,0.0,0.0,0.0,0.0,0.0,0.0
tactile_images/637.png,contact,-2.385974581323307,0.0,4.4091720642667,0.0,0.0,-29.564115931778154,-3.148483126566669,2.4975343232556204,0.0,0.0,0.0,3.075760942571126,0.0,0.0,0.0,0.0,0.0,0.0
tactile_images/638.png,contact,2.263733337183341,0.0,4.583813076844474,0.0,0.0,-29.472146938160225,-0.3343829485673808,-1.1765886970889952,0.0,0.0,0.0,0.4989844597418758,0.0,0.0,0.0,0.0,0.0,0.0
tactile_images/639.png,contact,-2.314964903403624,0.0,4.298183481077096,0.0,0.0,-29.438027730853,3.3634319578583742,3.2848658138963085,0.0,0.0,0.0,3.9594151464730434,0.0,0.0,0.0,0.0,0.0,0.0
tactile_images/640.png,contact,-3.525474212459706,0.0,4.480071889968354,0.0,0.0,-29.417688785355075,3.72617970196613,-4.192338151764216,0.0,0.0,0.0,4.6732525679532575,0.0,0.0,0.0,0.0,0.0,0.0
tactile_images/641.png,contact,2.4821770417463584,0.0,4.407056680363061,0.0,0.0,-29.353860195916248,-4.507392652892679,1.247739170331687,0.0,0.0,0.0,-0.289793215686899,0.0,0.0,0.0,0.0,0.0,0.0
tactile_images/642.png,contact,4.404752996522284,0.0,4.159923961070222,0.0,0.0,-29.32490871709908,-3.390966419474265,3.681760527142883,0.0,0.0,0.0,-2.773333322192678,0.0,0.0,0.0,0.0,0.0,0.0
tactile_images/643.png,contact,-0.8660846317547408,0.0,3.804312763687935,0.0,0.0,-29.32186421911654,-2.2470986423319586,3.3886423103124947,0.0,0.0,0.0,0.1711310705131374,0.0,0.0,0.0,0.0,0.0,0.0
tactile_images/644.png,contact,-4.166352358412073,0.0,3.5084356581333767,0.0,0.0,-29.23734295024652,0.9486585088760178,-1.2721724005814017,0.0,0.0,0.0,4.895332236756367,0.0,0.0,0.0,0.0,0.0,0.0
tactile_images/645.png,contact,2.63129441025518,0.0,3.144543418022703,0.0,0.0,-29.232193118565487,-1.3900524120753288,2.452338530569892,0.0,0.0,0.0,-2.070731403169201,0.0,0.0,0.0,0.0,0.0,0.0
tactile_images/646.png,contact,1.9672485243240443,0.0,4.428174045370035,0.0,0.0,-29.2295238284673,3.4404091344607544,-0.7253185448012243,0.0,0.0,0.0,1.1759932373280098,0.0,0.0,0.0,0.0,0.0,0.0
tactile_images/647.png,contact,0.99236939124674,0.0,3.0255129594148613,0.0,0.0,-29.22201805368244,2.1667186828293765,3.4013816438994944,0.0,0.0,0.0,1.939836640699472,0.0,0.0,0.0,0.0,0.0,0.0
tactile_images/648.png,contact,2.4066510268290555,0.0,3.78851647099149,0.0,0.0,-29.214869852374868,-3.9954397688649177,0.3076195015502305,0.0,0.0,0.0,-2.86071205654723,0.0,0.0,0.0,0.0,0.0,0.0
tactile_images/649.png,contact,-3.3021986456699164,0.0,4.960941595566142,0.0,0.0,-29.16525307695641,1.245575025120912,2.648570491050412,0.0,0.0,0.0,0.884591228221657,0.0,0.0,0.0,0.0,0.0,0.0
tactile_images/650.png,contact,4.238691405096998,0.0,4.104444560347693,0.0,0.0,-29.152101755771803,-3.869873746530216,-4.214284177083282,0.0,0.0,0.0,-1.8549299403088464,0.0,0.0,0.0,0.0,0.0,0.0
tactile_images/651.png,contact,-2.161506742231936,0.0,3.726265180518925,0.0,0.0,-29.151316775928684,-2.4496433036353995,0.9002597160886285,0.0,0.0,0.0,3.542096090867421,0.0,0.0,0.0,0.0,0.0,0.0
tactile_images/652.png,contact,2.604898300904619,0.0,3.549144631102043,0.0,0.0,-29.147297951324106,-3.22129366465772,0.5028417746933869,0.0,0.0,0.0,2.1475357070604417,0.0,0.0,0.0,0.0,0.0,0.0
tactile_images/653.png,contact,1.0484470252769498,0.0,4.978368328732191,0.0,0.0,-29.086437799818647,-3.2693805079929508,1.0997672173516015,0.0,0.0,0.0,3.262664274789909,0.0,0.0,0.0,0.0,0.0,0.0
tactile_images/654.png,contact,2.0761688958780686,0.0,4.344210134027529,0.0,0.0,-29.06129751353246,1.163955247768592,1.956416079155901,0.0,0.0,0.0,-3.003176054080446,0.0,0.0,0.0,0.0,0.0,0.0
tactile_images/655.png,contact,-2.030189588951778,0.0,4.927635322376361,0.0,0.0,-28.97856475006264,0.6360492255416155,4.181089700341419,0.0,0.0,0.0,-4.654252943144323,0.0,0.0,0.0,0.0,0.0,0.0
tactile_images/656.png,contact,2.500430536023788,0.0,4.167666545250845,0.0,0.0,-28.97734233551727,-3.239718472122731,2.85682081776031,0.0,0.0,0.0,3.5052568480987496,0.0,0.0,0.0,0.0,0.0,0.0
tactile_images/657.png,contact,2.4466362623675586,0.0,4.876924106249337,0.0,0.0,-28.97411055077411,4.901728054184318,-2.803620085650953,0.0,0.0,0.0,-1.1324579958357006,0.0,0.0,0.0,0.0,0.0,0.0
tactile_images/658.png,contact,-1.768212988573956,0.0,4.496792712419486,0.0,0.0,-28.96482455794456,-0.781632676317062,3.25896269292096,0.0,0.0,0.0,-3.202775880878513,0.0,0.0,0.0,0.0,0.0,0.0
tactile_images/659.png,contact,-2.3644423562472285,0.0,4.682713542610397,0.0,0.0,-28.95360645271029,-4.029306718450634,-3.779203223849044,0.0,0.0,0.0,-4.081046347326951,0.0,0.0,0.0,0.0,0.0,0.0
tactile_images/660.png,contact,0.2603835973712769,0.0,4.085682748668149,0.0,0.0,-28.923145818580323,-3.794309830448849,1.2219858567506954,0.0,0.0,0.0,0.1650080605709121,0.0,0.0,0.0,0.0,0.0,0.0
tactile_images/661.png,contact,-0.0011275207662695,0.0,3.9487452799492377,0.0,0.0,-28.91173468760421,0.8389371372659475,3.827538082459432,0.0,0.0,0.0,-3.4987204738805424,0.0,0.0,0.0,0.0,0.0,0.0
tactile_images/662.png,contact,-1.134151959357899,0.0,3.3710519505154384,0.0,0.0,-28.89446037325404,4.790694033834729,-3.9887794578509608,0.0,0.0,0.0,0.6669202444125677,0.0,0.0,0.0,0.0,0.0,0.0
tactile_images/663.png,contact,4.374737042571542,0.0,3.742129469607063,0.0,0.0,-28.851050507806608,0.7195110161919782,3.496926533102606,0.0,0.0,0.0,2.273065425127446,0.0,0.0,0.0,0.0,0.0,0.0
tactile_images/664.png,contact,1.202142198207702,0.0,4.912039420973134,0.0,0.0,-28.84105162852498,4.4904147661663725,2.986207342302456,0.0,0.0,0.0,0.3505817151625212,0.0,0.0,0.0,0.0,0.0,0.0
tactile_images/665.png,contact,0.967922438667478,0.0,4.584434066310704,0.0,0.0,-28.83791154505203,-0.558671492419732,0.037754338390707,0.0,0.0,0.0,4.036997826884809,0.0,0.0,0.0,0.0,0.0,0.0
tactile_images/666.png,contact,3.674753272581516,0.0,4.107883467709275,0.0,0.0,-28.78766755810144,-0.6415889634798795,-1.911023977045959,0.0,0.0,0.0,-3.444303756643622,0.0,0.0,0.0,0.0,0.0,0.0
tactile_images/667.png,contact,-4.918099513493635,0.0,3.5918526979605767,0.0,0.0,-28.754359214004257,7.359315882204953e-05,-0.9456177192845612,0.0,0.0,0.0,-0.0604652674950099,0.0,0.0,0.0,0.0,0.0,0.0
tactile_images/668.png,contact,4.818759589542703,0.0,3.876665551228708,0.0,0.0,-28.74271041472208,1.9742545815555523,4.686581357002117,0.0,0.0,0.0,-3.3680954061336776,0.0,0.0,0.0,0.0,0.0,0.0
tactile_images/669.png,contact,-3.3457179025562773,0.0,4.729318227779784,0.0,0.0,-28.733372411470057,-1.3238403354866737,-2.9830244384815363,0.0,0.0,0.0,3.759019264465465,0.0,0.0,0.0,0.0,0.0,0.0
tactile_images/670.png,contact,4.674738205087481,0.0,3.900530386993277,0.0,0.0,-28.72133656007296,3.6388603267895694,0.7960428782989526,0.0,0.0,0.0,4.322392763511381,0.0,0.0,0.0,0.0,0.0,0.0
tactile_images/671.png,contact,1.021342969825728,0.0,4.160836331560294,0.0,0.0,-28.683677518747874,-4.707186152318537,-4.1675925212131615,0.0,0.0,0.0,-1.000041183571522,0.0,0.0,0.0,0.0,0.0,0.0
tactile_images/672.png,contact,4.466520030111023,0.0,4.72354767957871,0.0,0.0,-28.613914894977786,-0.6023580497155763,-2.8210693581082777,0.0,0.0,0.0,-1.9425174215132528,0.0,0.0,0.0,0.0,0.0,0.0
tactile_images/673.png,contact,-2.259799099852956,0.0,3.3491679693527203,0.0,0.0,-28.590411370043583,0.1099184997991784,2.6331638807452062,0.0,0.0,0.0,-2.206839045707513,0.0,0.0,0.0,0.0,0.0,0.0
tactile_images/674.png,contact,2.4532937795394885,0.0,3.798218599114852,0.0,0.0,-28.58159830597977,1.0703223826309616,-1.974009596394728,0.0,0.0,0.0,3.597273459907344,0.0,0.0,0.0,0.0,0.0,0.0
tactile_images/675.png,contact,-2.42881493667939,0.0,3.619859818458333,0.0,0.0,-28.574799929948263,-2.2392808763413674,4.857660705627346,0.0,0.0,0.0,1.8244192462664524,0.0,0.0,0.0,0.0,0.0,0.0
tactile_images/676.png,contact,-3.469688542070605,0.0,4.426062912750208,0.0,0.0,-28.547997277893213,-0.7252002901416468,0.0081704309384003,0.0,0.0,0.0,3.805930546538344,0.0,0.0,0.0,0.0,0.0,0.0
tactile_images/677.png,contact,-4.028949951919872,0.0,4.72102297317489,0.0,0.0,-28.518888619393405,-0.1546224978594335,0.1653932530774282,0.0,0.0,0.0,-3.824831705162169,0.0,0.0,0.0,0.0,0.0,0.0
tactile_images/678.png,contact,-4.00018641848105,0.0,4.861615344689524,0.0,0.0,-28.51509109555016,1.869099786832132,-4.636852606642647,0.0,0.0,0.0,-0.2397207213592995,0.0,0.0,0.0,0.0,0.0,0.0
tactile_images/679.png,contact,2.353649730746427,0.0,4.596442363176027,0.0,0.0,-28.49545498556357,2.73544184735814,4.565267495772661,0.0,0.0,0.0,1.761790944650958,0.0,0.0,0.0,0.0,0.0,0.0
tactile_images/680.png,contact,-2.175977656581763,0.0,4.582008148130814,0.0,0.0,-28.48651160759792,2.3782732734378715,-3.257665591155821,0.0,0.0,0.0,3.97090760752795,0.0,0.0,0.0,0.0,0.0,0.0
tactile_images/681.png,contact,-4.091752640535857,0.0,4.715990445454717,0.0,0.0,-28.47860076121676,-1.584169477104147,0.3834059881044265,0.0,0.0,0.0,-1.1798078608701132,0.0,0.0,0.0,0.0,0.0,0.0
tactile_images/682.png,contact,-0.9447633518617308,0.0,3.2890304478139005,0.0,0.0,-28.44193521501821,4.994505229919636,-1.043253900412684,0.0,0.0,0.0,-1.869099272897221,0.0,0.0,0.0,0.0,0.0,0.0
tactile_images/683.png,contact,-2.966813971913723,0.0,3.275797643460668,0.0,0.0,-28.42303270289657,3.4866531178717945,-0.8441529925539424,0.0,0.0,0.0,4.129657091858457,0.0,0.0,0.0,0.0,0.0,0.0
tactile_images/684.png,contact,2.8755272280452706,0.0,3.329309376512059,0.0,0.0,-28.39586293317147,-2.3997662685503105,1.433001660361084,0.0,0.0,0.0,-4.524667301698376,0.0,0.0,0.0,0.0,0.0,0.0
tactile_images/685.png,contact,-4.507143064099161,0.0,4.374566008826255,0.0,0.0,-28.39392039611596,-3.048941943271725,1.6208867709247743,0.0,0.0,0.0,-0.2040451014441995,0.0,0.0,0.0,0.0,0.0,0.0
tactile_images/686.png,contact,3.624790558540068,0.0,3.189536942069188,0.0,0.0,-28.37748334552152,-1.859787494166096,-3.4571138514190314,0.0,0.0,0.0,-0.4137343939341686,0.0,0.0,0.0,0.0,0.0,0.0
tactile_images/687.png,contact,-4.071950307058298,0.0,3.6024514961245586,0.0,0.0,-28.35002722482185,-0.4765514700035513,-0.0041334687810774,0.0,0.0,0.0,-3.539435861091879,0.0,0.0,0.0,0.0,0.0,0.0
tactile_images/688.png,contact,-4.208478478156868,0.0,3.398761638021254,0.0,0.0,-28.33681124344936,3.507993783196138,2.9047744914185696,0.0,0.0,0.0,-1.050498888186219,0.0,0.0,0.0,0.0,0.0,0.0
tactile_images/689.png,contact,-3.2253724292316903,0.0,4.192365338804754,0.0,0.0,-28.330585366449508,2.783622637945344,-0.5671351644777047,0.0,0.0,0.0,2.225997399834833,0.0,0.0,0.0,0.0,0.0,0.0
tactile_images/690.png,contact,0.7289221137374371,0.0,3.000485868869025,0.0,0.0,-28.285093304912927,3.51246123505876,-3.341955291734199,0.0,0.0,0.0,-1.3313155544574604,0.0,0.0,0.0,0.0,0.0,0.0
tactile_images/691.png,contact,0.8037261719318964,0.0,4.908031608238375,0.0,0.0,-28.25121889953863,-2.2804288508967154,-1.8678305684330927,0.0,0.0,0.0,-1.903395203902205,0.0,0.0,0.0,0.0,0.0,0.0
tactile_images/692.png,contact,-0.4355286111398859,0.0,3.207678772221855,0.0,0.0,-28.23595359183956,0.9346122245183616,-2.8762043589492983,0.0,0.0,0.0,2.818954979063461,0.0,0.0,0.0,0.0,0.0,0.0
tactile_images/693.png,contact,-1.0775268309565256,0.0,4.219387138748077,0.0,0.0,-28.2040657589856,-2.1675093772262555,-3.741825320851629,0.0,0.0,0.0,4.887154110274018,0.0,0.0,0.0,0.0,0.0,0.0
tactile_images/694.png,contact,-2.9421066254940538,0.0,3.710873361449063,0.0,0.0,-28.147774595514875,-3.9097683928050686,-1.2241887256464623,0.0,0.0,0.0,2.793523739302797,0.0,0.0,0.0,0.0,0.0,0.0
tactile_images/695.png,contact,-3.601223971892045,0.0,4.043768923854957,0.0,0.0,-28.141324226828072,1.8419774347468063,0.4093624319807514,0.0,0.0,0.0,3.463432881590819,0.0,0.0,0.0,0.0,0.0,0.0
tactile_images/696.png,contact,-1.9000489082066567,0.0,3.660588350936268,0.0,0.0,-28.1268602251272,-3.570024488045612,-4.272484747233682,0.0,0.0,0.0,4.39500749812513,0.0,0.0,0.0,0.0,0.0,0.0
tactile_images/697.png,contact,-3.433261677878832,0.0,3.563306019368928,0.0,0.0,-28.097300019818785,1.6769776170647148,1.0382337222818343,0.0,0.0,0.0,3.017724660760315,0.0,0.0,0.0,0.0,0.0,0.0
tactile_images/698.png,contact,2.471418817498888,0.0,3.481070173031894,0.0,0.0,-27.97453227584616,1.4796430490540915,4.930244401696076,0.0,0.0,0.0,4.8035428981670805,0.0,0.0,0.0,0.0,0.0,0.0
tactile_images/699.png,contact,-1.8946496913726567,0.0,4.130147582960211,0.0,0.0,-27.936996201205467,3.1024844442401704,4.641249320200837,0.0,0.0,0.0,2.4728425475706164,0.0,0.0,0.0,0.0,0.0,0.0
tactile_images/700.png,contact,-1.7343243332491731,0.0,4.430473706965266,0.0,0.0,-27.891531928072663,-3.604453954364356,3.291734819991589,0.0,0.0,0.0,1.6152255116724188,0.0,0.0,0.0,0.0,0.0,0.0
tactile_images/701.png,contact,2.579447284884996,0.0,3.362500511103104,0.0,0.0,-27.87841045720809,2.834801485088109,-2.336588871975969,0.0,0.0,0.0,1.933485492496248,0.0,0.0,0.0,0.0,0.0,0.0
tactile_images/702.png,contact,-3.715368061523762,0.0,3.186574769443937,0.0,0.0,-27.87108991595841,4.99276525946237,-4.775924035206327,0.0,0.0,0.0,4.000818267749841,0.0,0.0,0.0,0.0,0.0,0.0
tactile_images/703.png,contact,4.550887010043842,0.0,4.779862111780195,0.0,0.0,-27.84687289912566,3.510424485859021,3.3354170288285108,0.0,0.0,0.0,1.830081508617985,0.0,0.0,0.0,0.0,0.0,0.0
tactile_images/704.png,contact,-2.517469923958404,0.0,3.627470517689308,0.0,0.0,-27.839827708094408,2.518120763276662,-4.442797680212868,0.0,0.0,0.0,2.612051709476738,0.0,0.0,0.0,0.0,0.0,0.0
tactile_images/705.png,contact,-0.8219874659411381,0.0,3.388305393237098,0.0,0.0,-27.8156894084311,1.6216535469470763,-2.943719185292296,0.0,0.0,0.0,-2.8399006630293977,0.0,0.0,0.0,0.0,0.0,0.0
tactile_images/706.png,contact,-4.47090667108519,0.0,4.314988459969884,0.0,0.0,-27.811617251381737,-0.782185153145706,0.4445321544678435,0.0,0.0,0.0,4.1264961293481015,0.0,0.0,0.0,0.0,0.0,0.0
tactile_images/707.png,contact,2.423171114887863,0.0,4.348002742139707,0.0,0.0,-27.80680700159308,2.305001678916022,-3.216219608563564,0.0,0.0,0.0,-0.5278675782078928,0.0,0.0,0.0,0.0,0.0,0.0
tactile_images/708.png,contact,-1.962887758781397,0.0,4.43911682653087,0.0,0.0,-27.8052762186462,2.2417803514045325,3.3378833129864187,0.0,0.0,0.0,-3.389326690871952,0.0,0.0,0.0,0.0,0.0,0.0
tactile_images/709.png,contact,3.1389858215372266,0.0,3.707811334423634,0.0,0.0,-27.80042057158689,1.3149828268728827,2.7715969625982906,0.0,0.0,0.0,2.9978719142746124,0.0,0.0,0.0,0.0,0.0,0.0
tactile_images/710.png,contact,-3.065611478614498,0.0,4.260069155084876,0.0,0.0,-27.75654288873044,2.962783782978285,2.5576950573724977,0.0,0.0,0.0,-1.4360698236702585,0.0,0.0,0.0,0.0,0.0,0.0
tactile_images/711.png,contact,4.15162285914808,0.0,3.5401169322031114,0.0,0.0,-27.75569782333209,-0.512361115731653,3.161276158975765,0.0,0.0,0.0,-3.158808570383788,0.0,0.0,0.0,0.0,0.0,0.0
tactile_images/712.png,contact,2.9245906379429654,0.0,3.8013156968759065,0.0,0.0,-27.7502051685773,-3.787472878676094,-2.802982197353879,0.0,0.0,0.0,-2.4374884082940493,0.0,0.0,0.0,0.0,0.0,0.0
tactile_images/713.png,contact,3.3919194858250137,0.0,3.315322053593816,0.0,0.0,-27.707143617310106,0.5906772760923742,2.288923761497493,0.0,0.0,0.0,-4.650510196095298,0.0,0.0,0.0,0.0,0.0,0.0
tactile_images/714.png,contact,4.67556553952813,0.0,3.940497971319952,0.0,0.0,-27.68551368981752,-2.3495647128865738,-1.4471849740823526,0.0,0.0,0.0,-4.09377017106615,0.0,0.0,0.0,0.0,0.0,0.0
tactile_images/715.png,contact,3.921085730066956,0.0,4.169513616674609,0.0,0.0,-27.63956306867604,-1.155669025708498,1.668447595683995,0.0,0.0,0.0,0.9262473538612516,0.0,0.0,0.0,0.0,0.0,0.0
tactile_images/716.png,contact,-0.4425396611369772,0.0,4.357756464781193,0.0,0.0,-27.623495358294186,-4.82585096058774,-3.779782713688253,0.0,0.0,0.0,3.662178280944557,0.0,0.0,0.0,0.0,0.0,0.0
tactile_images/717.png,contact,3.802378681807488,0.0,4.0723845585644085,0.0,0.0,-27.615130999040613,-1.1720941208211668,2.055865800645149,0.0,0.0,0.0,-0.5146958660117384,0.0,0.0,0.0,0.0,0.0,0.0
tactile_images/718.png,contact,-3.670314961224486,0.0,3.224765949857419,0.0,0.0,-27.59133674880391,3.088011061354546,4.721077279007796,0.0,0.0,0.0,1.2605814229972268,0.0,0.0,0.0,0.0,0.0,0.0
tactile_images/719.png,contact,-3.172222002012159,0.0,3.481992515991836,0.0,0.0,-27.564409242306965,0.4272236693825482,-4.5639963468128375,0.0,0.0,0.0,3.097331012292843,0.0,0.0,0.0,0.0,0.0,0.0
tactile_images/720.png,contact,4.398576573992148,0.0,3.1430060486632705,0.0,0.0,-27.53983670263083,-4.90199473066029,-4.061710988329152,0.0,0.0,0.0,-1.4323108954193065,0.0,0.0,0.0,0.0,0.0,0.0
tactile_images/721.png,contact,-3.173053122132368,0.0,3.783455527262357,0.0,0.0,-27.5181190709618,-0.3015617976015274,-3.763632326619861,0.0,0.0,0.0,1.5431407035133429,0.0,0.0,0.0,0.0,0.0,0.0
tactile_images/722.png,contact,-1.4964664899236846,0.0,3.1420491352986533,0.0,0.0,-27.496599234258568,-2.0854835235459257,-0.6943609505869874,0.0,0.0,0.0,-1.4956757420904596,0.0,0.0,0.0,0.0,0.0,0.0
tactile_images/723.png,contact,2.4899861673769976,0.0,4.7781847964979205,0.0,0.0,-27.46855947261584,-0.2244934460282888,-2.092198150669464,0.0,0.0,0.0,1.4271535477206925,0.0,0.0,0.0,0.0,0.0,0.0
tactile_images/724.png,contact,-1.079052140907038,0.0,4.911242759562712,0.0,0.0,-27.42415640855914,-0.9530727855212292,3.069201535406936,0.0,0.0,0.0,-2.82392279860752,0.0,0.0,0.0,0.0,0.0,0.0
tactile_images/725.png,contact,-2.524683375864943,0.0,4.920025314505438,0.0,0.0,-27.404766882310177,4.319792195573815,-0.2621276079903847,0.0,0.0,0.0,4.7783965427042006,0.0,0.0,0.0,0.0,0.0,0.0
tactile_images/726.png,contact,2.587985424004585,0.0,4.536935591328268,0.0,0.0,-27.386116709753885,-4.588227010369842,-0.1546265731144753,0.0,0.0,0.0,-4.238222314434567,0.0,0.0,0.0,0.0,0.0,0.0
tactile_images/727.png,contact,-0.2006802117781081,0.0,3.0623498182238427,0.0,0.0,-27.38579265645613,1.8358801128193225,2.1703810132535377,0.0,0.0,0.0,0.0523284952255762,0.0,0.0,0.0,0.0,0.0,0.0
tactile_images/728.png,contact,4.824476366333711,0.0,4.324371771423667,0.0,0.0,-27.35832192256277,3.510265963017416,-1.3803101746425428,0.0,0.0,0.0,-2.13703586947923,0.0,0.0,0.0,0.0,0.0,0.0
tactile_images/729.png,contact,2.618172189532735,0.0,4.396233848167047,0.0,0.0,-27.33229800941328,4.5923858465047545,-1.467927525795365,0.0,0.0,0.0,1.008378348160848,0.0,0.0,0.0,0.0,0.0,0.0
tactile_images/730.png,contact,-0.6067829493894994,0.0,3.408933440395151,0.0,0.0,-27.323462911583576,-3.223637734557041,2.569263876274804,0.0,0.0,0.0,-0.7169302008908893,0.0,0.0,0.0,0.0,0.0,0.0
tactile_images/731.png,contact,-2.0557517251568846,0.0,3.5069142593460327,0.0,0.0,-27.3227321866769,0.3130480196619389,2.800417458367648,0.0,0.0,0.0,-1.9333441239007296,0.0,0.0,0.0,0.0,0.0,0.0
tactile_images/732.png,contact,-0.4669568207213013,0.0,3.016699475027539,0.0,0.0,-27.268570834648266,-4.564104226827881,-4.856012274671805,0.0,0.0,0.0,-2.4996236171706454,0.0,0.0,0.0,0.0,0.0,0.0
tactile_images/733.png,contact,0.8635732508136478,0.0,3.142413435082465,0.0,0.0,-27.264281936011542,-0.0081647554491146,-3.5620952415926697,0.0,0.0,0.0,-3.175013858023852,0.0,0.0,0.0,0.0,0.0,0.0
tactile_images/734.png,contact,3.7979094462939154,0.0,3.5824466371565524,0.0,0.0,-27.184519525594485,-3.745419104590181,-2.869018188515202,0.0,0.0,0.0,2.8287931618876243,0.0,0.0,0.0,0.0,0.0,0.0
tactile_images/735.png,contact,1.483773127603656,0.0,4.878217396620482,0.0,0.0,-27.13241786531273,3.3789667469871336,-1.4839953124212366,0.0,0.0,0.0,-2.7780006290635395,0.0,0.0,0.0,0.0,0.0,0.0
tactile_images/736.png,contact,2.951187258492874,0.0,4.271186964016374,0.0,0.0,-27.13138174548954,-3.861299973946352,-2.085519165680469,0.0,0.0,0.0,2.7352619637591538,0.0,0.0,0.0,0.0,0.0,0.0
tactile_images/737.png,contact,-1.4747471415460298,0.0,3.938869724308088,0.0,0.0,-27.12054283458137,0.1328836038649523,1.685200483882765,0.0,0.0,0.0,-0.1496139084565531,0.0,0.0,0.0,0.0,0.0,0.0
tactile_images/738.png,contact,-0.2473563766143218,0.0,4.14148748346664,0.0,0.0,-27.057174142755315,0.2109606899275373,3.2813523380295813,0.0,0.0,0.0,-4.277719786438018,0.0,0.0,0.0,0.0,0.0,0.0
tactile_images/739.png,contact,1.3246557770846854,0.0,3.853810641272607,0.0,0.0,-27.05140275264389,4.716504979316055,-3.079130176439758,0.0,0.0,0.0,-3.345573223462641,0.0,0.0,0.0,0.0,0.0,0.0
tactile_images/740.png,contact,-1.0773679487885914,0.0,3.975753211996119,0.0,0.0,-26.99562301617309,1.5498069403888817,0.6298006060194838,0.0,0.0,0.0,3.9290464412219865,0.0,0.0,0.0,0.0,0.0,0.0
tactile_images/741.png,contact,4.568400880494239,0.0,3.8871994026363743,0.0,0.0,-26.98056026239484,-2.1215970692319805,-1.3218374891896405,0.0,0.0,0.0,1.0281582200512975,0.0,0.0,0.0,0.0,0.0,0.0
tactile_images/742.png,contact,2.4070324113422625,0.0,3.970689794268836,0.0,0.0,-26.968557253625747,-2.592006900618616,0.0577787504606188,0.0,0.0,0.0,-3.156668212783156,0.0,0.0,0.0,0.0,0.0,0.0
tactile_images/743.png,contact,-4.69302535619099,0.0,4.307312952811241,0.0,0.0,-26.94743729250837,-3.717517943549351,1.2075784178339388,0.0,0.0,0.0,2.0376491520080107,0.0,0.0,0.0,0.0,0.0,0.0
tactile_images/744.png,contact,3.2064398971075905,0.0,4.344168781212126,0.0,0.0,-26.9418231999545,2.565147240490595,3.935998186820111,0.0,0.0,0.0,3.2326174442849,0.0,0.0,0.0,0.0,0.0,0.0
tactile_images/745.png,contact,-0.8693650655890703,0.0,3.950585953131017,0.0,0.0,-26.9332035150831,1.907566561823386,-3.077073321727193,0.0,0.0,0.0,-1.6934685244152514,0.0,0.0,0.0,0.0,0.0,0.0
tactile_images/746.png,contact,-0.0723480868839239,0.0,4.098166445137446,0.0,0.0,-26.88627579651968,1.0987712730810593,-4.1299341294393965,0.0,0.0,0.0,0.565952128107126,0.0,0.0,0.0,0.0,0.0,0.0
tactile_images/747.png,contact,4.316467996900414,0.0,3.795757174954737,0.0,0.0,-26.861585671109992,-4.591595570500116,1.272119190453525,0.0,0.0,0.0,-2.06550029716863,0.0,0.0,0.0,0.0,0.0,0.0
tactile_images/748.png,contact,3.779617651552212,0.0,4.95946866954772,0.0,0.0,-26.83623526220134,2.6282886639429446,-1.058691512273735,0.0,0.0,0.0,-4.199382822794138,0.0,0.0,0.0,0.0,0.0,0.0
tactile_images/749.png,contact,0.2871283260183546,0.0,4.830953762436663,0.0,0.0,-26.82880619400547,1.4188757714847924,-3.370973067070114,0.0,0.0,0.0,-1.004909222630641,0.0,0.0,0.0,0.0,0.0,0.0
tactile_images/750.png,contact,1.3147365627623886,0.0,3.734347628862584,0.0,0.0,-26.79652100843884,4.638888681104884,-3.8291283264515528,0.0,0.0,0.0,2.5143201911488617,0.0,0.0,0.0,0.0,0.0,0.0
tactile_images/751.png,contact,-4.706765454097441,0.0,4.391280431437872,0.0,0.0,-26.78727957103896,0.8720212987681206,0.5890978687402981,0.0,0.0,0.0,-0.4131972111172306,0.0,0.0,0.0,0.0,0.0,0.0
tactile_images/752.png,contact,-2.2476677152876148,0.0,4.692238371110223,0.0,0.0,-26.66670375090813,-1.960480933382919,-1.995294054718044,0.0,0.0,0.0,-0.9473099197984264,0.0,0.0,0.0,0.0,0.0,0.0
tactile_images/753.png,contact,3.919742458693088,0.0,3.090973082944549,0.0,0.0,-26.656318783360508,-1.1847944781067978,4.974263795859779,0.0,0.0,0.0,-1.3399281116057882,0.0,0.0,0.0,0.0,0.0,0.0
tactile_images/754.png,contact,-0.9930211613943776,0.0,3.67273742376742,0.0,0.0,-26.62899438977121,-3.241592946217675,-0.9409918066928604,0.0,0.0,0.0,-0.410831773304503,0.0,0.0,0.0,0.0,0.0,0.0
tactile_images/755.png,contact,4.373103783781342,0.0,4.737514461073174,0.0,0.0,-26.591043820955846,2.229141822013851,-2.877133912348173,0.0,0.0,0.0,-1.817710478673345,0.0,0.0,0.0,0.0,0.0,0.0
tactile_images/756.png,contact,0.4105948340317962,0.0,4.26845599762723,0.0,0.0,-26.58749650646053,2.0772166002172536,1.2884904511727775,0.0,0.0,0.0,1.121841949118747,0.0,0.0,0.0,0.0,0.0,0.0
tactile_images/757.png,contact,2.3450359257092765,0.0,3.179756560201276,0.0,0.0,-26.579794716544725,-2.993499845223237,-2.557451103094931,0.0,0.0,0.0,-4.36434020475305,0.0,0.0,0.0,0.0,0.0,0.0
tactile_images/758.png,contact,0.8897892473445426,0.0,3.381618982892614,0.0,0.0,-26.56014941774021,-3.415106768177214,-0.0591395676883887,0.0,0.0,0.0,3.073881734473142,0.0,0.0,0.0,0.0,0.0,0.0
tactile_images/759.png,contact,-1.2263053359865808,0.0,4.681071759898387,0.0,0.0,-26.553810399094743,-4.229950667978054,-0.1742381627899263,0.0,0.0,0.0,-3.268330528466624,0.0,0.0,0.0,0.0,0.0,0.0
tactile_images/760.png,contact,-0.5678491092818794,0.0,3.642739911481741,0.0,0.0,-26.54236512252224,4.119757436817586,-0.4644237028426277,0.0,0.0,0.0,1.334447282887446,0.0,0.0,0.0,0.0,0.0,0.0
tactile_images/761.png,contact,-0.5543170560262745,0.0,4.574697696819414,0.0,0.0,-26.46462197545226,-2.6693016630514887,2.960856962695749,0.0,0.0,0.0,-0.5011747694775925,0.0,0.0,0.0,0.0,0.0,0.0
tactile_images/762.png,contact,-4.49799913291924,0.0,4.831886007908105,0.0,0.0,-26.447497361064272,-1.5583647324819605,-2.8338699853381613,0.0,0.0,0.0,2.734935468788069,0.0,0.0,0.0,0.0,0.0,0.0
tactile_images/763.png,contact,-4.948663171697671,0.0,3.997702047488549,0.0,0.0,-26.391072650966944,-2.1949549162250936,4.043073050704701,0.0,0.0,0.0,3.2613998682105656,0.0,0.0,0.0,0.0,0.0,0.0
tactile_images/764.png,contact,1.2782674475310287,0.0,3.4301429429301047,0.0,0.0,-26.343842076526293,-0.8637539738920896,2.913405032135344,0.0,0.0,0.0,-2.957996278143329,0.0,0.0,0.0,0.0,0.0,0.0
tactile_images/765.png,contact,4.164750853199813,0.0,3.200880835723932,0.0,0.0,-26.335981760729247,2.1404879938248333,-1.6687763575667622,0.0,0.0,0.0,1.7717914743775562,0.0,0.0,0.0,0.0,0.0,0.0
tactile_images/766.png,contact,3.5750445709848675,0.0,3.047432720611581,0.0,0.0,-26.322287812847804,3.705956337262844,-3.1939749371986146,0.0,0.0,0.0,-3.1009249323249377,0.0,0.0,0.0,0.0,0.0,0.0
tactile_images/767.png,contact,-2.4543947418433003,0.0,4.167716534616031,0.0,0.0,-26.255896085918785,-3.1740125047145984,-2.2046497549325874,0.0,0.0,0.0,-3.7600173916511537,0.0,0.0,0.0,0.0,0.0,0.0
tactile_images/768.png,contact,0.5155447802168025,0.0,3.0959154648739755,0.0,0.0,-26.25429725421897,1.864123437411651,-1.6736375309092164,0.0,0.0,0.0,4.30296101471251,0.0,0.0,0.0,0.0,0.0,0.0
tactile_images/769.png,contact,0.0111184654864393,0.0,3.1595782472680005,0.0,0.0,-26.25004282603176,-1.4743785775751483,0.5693316880704664,0.0,0.0,0.0,-3.3561092955865712,0.0,0.0,0.0,0.0,0.0,0.0
tactile_images/770.png,contact,0.016322272605203,0.0,4.887130434313954,0.0,0.0,-26.21696254723716,4.805271682972927,-4.536318311863498,0.0,0.0,0.0,-2.7186806741726666,0.0,0.0,0.0,0.0,0.0,0.0
tactile_images/771.png,contact,-2.2960617833806403,0.0,4.901212743159745,0.0,0.0,-26.19980691809356,-2.010808407159232,4.143591298520532,0.0,0.0,0.0,-3.696759922120311,0.0,0.0,0.0,0.0,0.0,0.0
tactile_images/772.png,contact,-3.2217988681642336,0.0,3.864234351231789,0.0,0.0,-26.175358491096144,-4.928070439921401,-4.0132514333888905,0.0,0.0,0.0,-0.2970811062854412,0.0,0.0,0.0,0.0,0.0,0.0
tactile_images/773.png,contact,3.5592121398680043,0.0,4.213844560453081,0.0,0.0,-26.173386650094272,0.1563997401984522,-2.207266058999652,0.0,0.0,0.0,4.196073225243904,0.0,0.0,0.0,0.0,0.0,0.0
tactile_images/774.png,contact,-2.3149646404313904,0.0,3.67392957569366,0.0,0.0,-26.14928624771939,-3.4926891572406227,-3.9071256204703344,0.0,0.0,0.0,-2.359442612877556,0.0,0.0,0.0,0.0,0.0,0.0
tactile_images/775.png,contact,-2.4112064929005905,0.0,3.777062296012084,0.0,0.0,-26.1478411375288,-4.555055731816009,-2.4332717347433985,0.0,0.0,0.0,0.418521307492897,0.0,0.0,0.0,0.0,0.0,0.0
tactile_images/776.png,contact,1.6480275835409903,0.0,3.684531185579493,0.0,0.0,-26.133310084378845,1.982692319477085,3.376738186088083,0.0,0.0,0.0,-0.8854126290723503,0.0,0.0,0.0,0.0,0.0,0.0
tactile_images/777.png,contact,-3.049889996807698,0.0,3.2172148046929854,0.0,0.0,-26.10653154484563,2.3225928250845653,1.1517581138324229,0.0,0.0,0.0,-1.6399058915952305,0.0,0.0,0.0,0.0,0.0,0.0
tactile_images/778.png,contact,4.205934153569705,0.0,3.238457155635717,0.0,0.0,-26.093253888892978,-0.3930098688349748,-2.7267677491051936,0.0,0.0,0.0,0.7215269126357473,0.0,0.0,0.0,0.0,0.0,0.0
tactile_images/779.png,contact,-1.690223373291083,0.0,3.9542595347913663,0.0,0.0,-26.089408239087724,1.768855167565773,3.717585297993377,0.0,0.0,0.0,0.5889290116881085,0.0,0.0,0.0,0.0,0.0,0.0
tactile_images/780.png,contact,-0.8325239231255672,0.0,3.3924313023405905,0.0,0.0,-26.08189069927317,0.382394482471339,3.0071205921848474,0.0,0.0,0.0,-1.4063339911599937,0.0,0.0,0.0,0.0,0.0,0.0
tactile_images/781.png,contact,-4.51811785423239,0.0,4.688419171552464,0.0,0.0,-26.00792312950437,1.298011077219316,2.5364928232158057,0.0,0.0,0.0,3.5056329656604177,0.0,0.0,0.0,0.0,0.0,0.0
tactile_images/782.png,contact,-2.818238633449356,0.0,3.950395438913899,0.0,0.0,-25.995557703352283,0.9670397318796118,3.4763269838571293,0.0,0.0,0.0,-4.468278922504748,0.0,0.0,0.0,0.0,0.0,0.0
tactile_images/783.png,contact,0.5469474499733451,0.0,4.39063789924877,0.0,0.0,-25.97282858016863,1.658227640555924,1.196496815183151,0.0,0.0,0.0,-4.14761604832692,0.0,0.0,0.0,0.0,0.0,0.0
tactile_images/784.png,contact,-3.169739072718368,0.0,3.763148775651036,0.0,0.0,-25.9686441551802,-3.003693513268288,0.0143736021123235,0.0,0.0,0.0,4.907812599667379,0.0,0.0,0.0,0.0,0.0,0.0
tactile_images/785.png,contact,-2.252576604151365,0.0,3.403310422533784,0.0,0.0,-25.932011424092785,-2.312933799632998,-1.260649738286106,0.0,0.0,0.0,2.476829120511791,0.0,0.0,0.0,0.0,0.0,0.0
tactile_images/786.png,contact,1.2731148298768602,0.0,4.419609426544744,0.0,0.0,-25.90393904019829,-0.6003685049230798,-2.7623597959230164,0.0,0.0,0.0,3.0392890343009853,0.0,0.0,0.0,0.0,0.0,0.0
tactile_images/787.png,contact,3.836336021145239,0.0,4.412464997063564,0.0,0.0,-25.83310949987092,-0.5387199058081364,0.5741165764689482,0.0,0.0,0.0,1.027010751387972,0.0,0.0,0.0,0.0,0.0,0.0
tactile_images/788.png,contact,1.2305557057509242,0.0,4.181507442706129,0.0,0.0,-25.818947990499744,2.7441171158690425,3.894923457140884,0.0,0.0,0.0,-0.8013957397354021,0.0,0.0,0.0,0.0,0.0,0.0
tactile_images/789.png,contact,1.811331816788612,0.0,4.78688693075253,0.0,0.0,-25.817537217686112,-1.3260634077046791,0.9398178899232504,0.0,0.0,0.0,1.2922687873230752,0.0,0.0,0.0,0.0,0.0,0.0
tactile_images/790.png,contact,0.113568095953342,0.0,4.865692442720598,0.0,0.0,-25.808862109902226,-3.3749484394081763,4.196068617206368,0.0,0.0,0.0,-4.074152943912869,0.0,0.0,0.0,0.0,0.0,0.0
tactile_images/791.png,contact,4.044646861653318,0.0,4.781990749288529,0.0,0.0,-25.7965283380624,-2.485340295089241,-1.4308263040683644,0.0,0.0,0.0,2.577691683021629,0.0,0.0,0.0,0.0,0.0,0.0
tactile_images/792.png,contact,-3.336440104751724,0.0,4.51625841299369,0.0,0.0,-25.783335860097218,-2.8526649761577163,1.9513797252749765,0.0,0.0,0.0,0.4074304714384951,0.0,0.0,0.0,0.0,0.0,0.0
tactile_images/793.png,contact,-3.7389007756251527,0.0,3.491500624371776,0.0,0.0,-25.69555130495557,2.3166001925602195,1.486654724626412,0.0,0.0,0.0,4.567318905380922,0.0,0.0,0.0,0.0,0.0,0.0
tactile_images/794.png,contact,1.023155855669453,0.0,4.503597889037417,0.0,0.0,-25.681975740921985,-0.2966038537401791,1.704338440627419,0.0,0.0,0.0,1.3747525770764977,0.0,0.0,0.0,0.0,0.0,0.0
tactile_images/795.png,contact,-2.2898106165581646,0.0,3.807140784899203,0.0,0.0,-25.66071251164898,2.0863069797098346,1.4504201224079258,0.0,0.0,0.0,-3.4830746282154887,0.0,0.0,0.0,0.0,0.0,0.0
tactile_images/796.png,contact,-0.0889055559105589,0.0,4.858232705382651,0.0,0.0,-25.62315324106985,-0.8378031924237304,-2.783453250628832,0.0,0.0,0.0,-0.2244988502195335,0.0,0.0,0.0,0.0,0.0,0.0
tactile_images/797.png,contact,1.7704352705875404,0.0,3.675495993469695,0.0,0.0,-25.613036526407377,3.897356025039052,-3.5640910171685105,0.0,0.0,0.0,-4.421777507806789,0.0,0.0,0.0,0.0,0.0,0.0
tactile_images/798.png,contact,4.947703864570872,0.0,3.7460141997571217,0.0,0.0,-25.610041159938977,4.835203077227346,4.7862825623205865,0.0,0.0,0.0,2.4542955929187134,0.0,0.0,0.0,0.0,0.0,0.0
tactile_images/799.png,contact,2.8876816852706897,0.0,4.094056292848896,0.0,0.0,-25.59052679367125,1.6984250870261164,-4.547048711574988,0.0,0.0,0.0,0.0183152156831756,0.0,0.0,0.0,0.0,0.0,0.0
tactile_images/800.png,contact,-0.074677337608362,0.0,3.3443885348515083,0.0,0.0,-25.590315616432747,3.638125572362189,-0.3226351297172964,0.0,0.0,0.0,-1.3034663020763049,0.0,0.0,0.0,0.0,0.0,0.0
tactile_images/801.png,contact,2.046985224281672,0.0,3.278375605515974,0.0,0.0,-25.58488585809515,0.0793326717206266,-0.7491968285813808,0.0,0.0,0.0,4.68549381672039,0.0,0.0,0.0,0.0,0.0,0.0
tactile_images/802.png,contact,-1.0577481935688713,0.0,3.071224300545683,0.0,0.0,-25.543320085919905,4.3462084035390784,-1.3998104178492374,0.0,0.0,0.0,4.4059851896738,0.0,0.0,0.0,0.0,0.0,0.0
tactile_images/803.png,contact,2.579779200191228,0.0,3.4189724454391994,0.0,0.0,-25.484920407630845,3.3158648567282807,2.8198385357670954,0.0,0.0,0.0,4.528319968261197,0.0,0.0,0.0,0.0,0.0,0.0
tactile_images/804.png,contact,4.24416386145933,0.0,3.334083562676305,0.0,0.0,-25.47020285457148,4.917785717660392,2.453502883125159,0.0,0.0,0.0,-2.790297577830898,0.0,0.0,0.0,0.0,0.0,0.0
tactile_images/805.png,contact,0.4621045861636075,0.0,4.098288030482903,0.0,0.0,-25.45618051483313,1.230937353277806,4.052249235299403,0.0,0.0,0.0,2.2856959571899216,0.0,0.0,0.0,0.0,0.0,0.0
tactile_images/806.png,contact,2.6999116271229697,0.0,3.727798812990665,0.0,0.0,-25.43534061504532,2.792067402682285,-1.0451247381307782,0.0,0.0,0.0,4.453821372024562,0.0,0.0,0.0,0.0,0.0,0.0
tactile_images/807.png,contact,-3.1279956725750253,0.0,3.359318578059824,0.0,0.0,-25.395787140422083,0.4286813997821346,0.6417952792945965,0.0,0.0,0.0,0.7087025670663376,0.0,0.0,0.0,0.0,0.0,0.0
tactile_images/808.png,contact,-0.2893713402721198,0.0,4.094255285137801,0.0,0.0,-25.380152605040887,-2.4087989572857715,3.923070473421205,0.0,0.0,0.0,-2.858396560668288,0.0,0.0,0.0,0.0,0.0,0.0
tactile_images/809.png,contact,1.440273213487384,0.0,4.4887364086079815,0.0,0.0,-25.337661208248274,-1.4524482887024224,4.938480628553844,0.0,0.0,0.0,3.178124638822622,0.0,0.0,0.0,0.0,0.0,0.0
tactile_images/810.png,contact,-4.633603204460378,0.0,4.198025274229225,0.0,0.0,-25.328899204873025,3.9400541473131607,4.69294362365355,0.0,0.0,0.0,3.799182473267118,0.0,0.0,0.0,0.0,0.0,0.0
tactile_images/811.png,contact,-2.661159327955862,0.0,4.224979014194167,0.0,0.0,-25.32435018670268,-4.440520534013794,2.178438712687342,0.0,0.0,0.0,2.03235386386514,0.0,0.0,0.0,0.0,0.0,0.0
tactile_images/812.png,contact,0.3799419635586734,0.0,3.1755458282468814,0.0,0.0,-25.309738596357573,0.9147988607440816,-3.567724421898204,0.0,0.0,0.0,-2.0644712246440378,0.0,0.0,0.0,0.0,0.0,0.0
tactile_images/813.png,contact,1.3986359252848093,0.0,3.449773560451064,0.0,0.0,-25.30901287731749,-1.2751596749589131,-4.768139882069734,0.0,0.0,0.0,-3.093061013455473,0.0,0.0,0.0,0.0,0.0,0.0
tactile_images/814.png,contact,-0.9241456886204248,0.0,4.0488726917154985,0.0,0.0,-25.304879017107663,-1.133074619944443,3.252183564029419,0.0,0.0,0.0,1.2426980119671749,0.0,0.0,0.0,0.0,0.0,0.0
tactile_images/815.png,contact,4.108755678839834,0.0,3.752775075468951,0.0,0.0,-25.281465956989617,3.8457120641376736,3.4094202449182536,0.0,0.0,0.0,-0.1719947519755207,0.0,0.0,0.0,0.0,0.0,0.0
tactile_images/816.png,contact,-0.7828014099617402,0.0,4.175590810132745,0.0,0.0,-25.27695285906777,3.5382237454622647,2.4636090826346955,0.0,0.0,0.0,1.6878272441327216,0.0,0.0,0.0,0.0,0.0,0.0
tactile_images/817.png,contact,-0.2016989231075117,0.0,3.5080422981911257,0.0,0.0,-25.22238620543394,0.9884237557246864,-2.2007651400077988,0.0,0.0,0.0,-3.883003345376341,0.0,0.0,0.0,0.0,0.0,0.0
tactile_images/818.png,contact,4.016043502866027,0.0,4.067179460220817,0.0,0.0,-25.20130543757,-2.2708115259566606,1.3981785959852662,0.0,0.0,0.0,-3.640864489519362,0.0,0.0,0.0,0.0,0.0,0.0
tactile_images/819.png,contact,4.80871033562713,0.0,4.830352674373195,0.0,0.0,-25.166727849015768,-0.2454365383797601,-1.8375155818472573,0.0,0.0,0.0,-1.3711044402312842,0.0,0.0,0.0,0.0,0.0,0.0
tactile_images/820.png,contact,-4.968742518459473,0.0,4.314395323280125,0.0,0.0,-25.144800148481167,-0.91706606210784,-0.4935175389907531,0.0,0.0,0.0,-2.4123971237112496,0.0,0.0,0.0,0.0,0.0,0.0
tactile_images/821.png,contact,-0.4873378936658614,0.0,3.3480208960322484,0.0,0.0,-25.136683150418488,-1.463819707975047,-1.1756491501948951,0.0,0.0,0.0,1.1933863109267089,0.0,0.0,0.0,0.0,0.0,0.0
tactile_images/822.png,contact,-4.577898009882039,0.0,4.22102632818432,0.0,0.0,-25.1097396907817,-3.972144214427036,4.136400867900555,0.0,0.0,0.0,-1.3245947063781194,0.0,0.0,0.0,0.0,0.0,0.0
tactile_images/823.png,contact,1.67543842851288,0.0,3.968945618066386,0.0,0.0,-25.085092016499008,0.4311388671532032,-2.6584266925612443,0.0,0.0,0.0,1.8397078614788391,0.0,0.0,0.0,0.0,0.0,0.0
tactile_images/824.png,contact,4.472347421403974,0.0,3.2106677884899284,0.0,0.0,-25.069730228085984,-1.981687021255164,0.7761090457375017,0.0,0.0,0.0,2.687984021056897,0.0,0.0,0.0,0.0,0.0,0.0
tactile_images/825.png,contact,-3.5876427934947213,0.0,4.553280148745246,0.0,0.0,-25.06492970917314,1.6080794292752838,-1.3901847096614084,0.0,0.0,0.0,-3.1283242978081827,0.0,0.0,0.0,0.0,0.0,0.0
tactile_images/826.png,contact,-0.0040114571020124,0.0,4.695362395924433,0.0,0.0,-25.05534689318441,-1.8079606417446925,1.6307111191422576,0.0,0.0,0.0,4.198238354150609,0.0,0.0,0.0,0.0,0.0,0.0
tactile_images/827.png,contact,-3.9534608915316927,0.0,3.9385645562404825,0.0,0.0,-25.04020411971984,-0.6883650686519829,0.6456314117747493,0.0,0.0,0.0,2.8715984028657013,0.0,0.0,0.0,0.0,0.0,0.0
tactile_images/828.png,contact,-2.731418739186715,0.0,4.110037048410582,0.0,0.0,-25.01905191531112,-4.4763962580559244,4.239776813659406,0.0,0.0,0.0,1.2678080215427538,0.0,0.0,0.0,0.0,0.0,0.0
tactile_images/829.png,contact,4.86998076489264,0.0,3.150187291610628,0.0,0.0,-25.01676842665857,4.925380699054777,-3.983878482987868,0.0,0.0,0.0,4.089288547481374,0.0,0.0,0.0,0.0,0.0,0.0
tactile_images/830.png,contact,-2.6190181260487,0.0,4.705967938060273,0.0,0.0,-24.96841998402284,0.076103832751758,-2.793591602432366,0.0,0.0,0.0,-2.341312503808004,0.0,0.0,0.0,0.0,0.0,0.0
tactile_images/831.png,contact,-4.710582451653679,0.0,3.611152918655652,0.0,0.0,-24.951769780760404,-4.757624058358272,2.663479638310559,0.0,0.0,0.0,-0.7828679802798195,0.0,0.0,0.0,0.0,0.0,0.0
tactile_images/832.png,contact,-0.5520081159946235,0.0,4.87225114308027,0.0,0.0,-24.93730244827435,0.4123065876114404,-1.3121316010515658,0.0,0.0,0.0,-4.142130195993984,0.0,0.0,0.0,0.0,0.0,0.0
tactile_images/833.png,contact,-1.773931298888728,0.0,4.895205003215445,0.0,0.0,-24.925592851017857,3.7035399930564967,-3.342162137712761,0.0,0.0,0.0,-0.4381817884289223,0.0,0.0,0.0,0.0,0.0,0.0
tactile_images/834.png,contact,-3.064036172328395,0.0,4.166390323766092,0.0,0.0,-24.904878576083828,2.7255213426620264,0.0332125924538768,0.0,0.0,0.0,0.0640072959772091,0.0,0.0,0.0,0.0,0.0,0.0
tactile_images/835.png,contact,3.010078610405632,0.0,3.5458343206487424,0.0,0.0,-24.90322058081399,2.0090668412945414,1.521420616113862,0.0,0.0,0.0,1.1606692366006168,0.0,0.0,0.0,0.0,0.0,0.0
tactile_images/836.png,contact,3.5988682423354748,0.0,4.141706051088626,0.0,0.0,-24.897570053918376,-3.6053534540096512,-4.551732858465014,0.0,0.0,0.0,-4.359607869156327,0.0,0.0,0.0,0.0,0.0,0.0
tactile_images/837.png,contact,-1.877220424305607,0.0,4.479592743872198,0.0,0.0,-24.869196170419173,1.577370789874724,-2.083781106325553,0.0,0.0,0.0,-4.675339807662976,0.0,0.0,0.0,0.0,0.0,0.0
tactile_images/838.png,contact,1.806863624095852,0.0,3.896970456005268,0.0,0.0,-24.86765117117573,2.6629837801226035,3.094225376960429,0.0,0.0,0.0,-0.801098347189031,0.0,0.0,0.0,0.0,0.0,0.0
tactile_images/839.png,contact,1.712483897124918,0.0,3.4430543038047343,0.0,0.0,-24.864684074704453,0.7241906396549656,0.2024456661019424,0.0,0.0,0.0,-3.108666877240748,0.0,0.0,0.0,0.0,0.0,0.0
tactile_images/840.png,contact,3.342518230347793,0.0,3.826994274126744,0.0,0.0,-24.86049375772319,3.927490045203516,-4.6462078482668,0.0,0.0,0.0,2.587883421524628,0.0,0.0,0.0,0.0,0.0,0.0
tactile_images/841.png,contact,-1.1861137821518426,0.0,3.338207800841303,0.0,0.0,-24.86046878233141,-2.2301021821511458,-2.180489947252992,0.0,0.0,0.0,1.687362841352302,0.0,0.0,0.0,0.0,0.0,0.0
tactile_images/842.png,contact,4.443944783195394,0.0,4.969875737941727,0.0,0.0,-24.85418502929415,-2.578553002607494,1.3914065597942136,0.0,0.0,0.0,-1.7417302561694816,0.0,0.0,0.0,0.0,0.0,0.0
tactile_images/843.png,contact,4.210605970534445,0.0,4.390814297178611,0.0,0.0,-24.826139601867126,3.695697449426461,-3.0064053042197525,0.0,0.0,0.0,-4.5421673483666725,0.0,0.0,0.0,0.0,0.0,0.0
tactile_images/844.png,contact,-0.953850173200438,0.0,3.089762032945436,0.0,0.0,-24.81276358575229,1.253982429914524,3.2739140621941427,0.0,0.0,0.0,-3.175563761564824,0.0,0.0,0.0,0.0,0.0,0.0
tactile_images/845.png,contact,3.1145939425074887,0.0,3.941089369902445,0.0,0.0,-24.81174816247934,-4.985527794790007,1.7657590708366424,0.0,0.0,0.0,1.91679342613111,0.0,0.0,0.0,0.0,0.0,0.0
tactile_images/846.png,contact,3.251185628240406,0.0,4.026283003026554,0.0,0.0,-24.784477518761825,-1.468685914889475,-0.2862093905220684,0.0,0.0,0.0,4.901648933369767,0.0,0.0,0.0,0.0,0.0,0.0
tactile_images/847.png,contact,-4.800325752854771,0.0,4.536842142234484,0.0,0.0,-24.77415202454718,3.578559858146745,4.156237810667848,0.0,0.0,0.0,-1.735395949004177,0.0,0.0,0.0,0.0,0.0,0.0
tactile_images/848.png,contact,1.935671772966284,0.0,4.755516684385466,0.0,0.0,-24.751672598356908,-4.726804883582567,-1.0819922907533828,0.0,0.0,0.0,3.0199628696539342,0.0,0.0,0.0,0.0,0.0,0.0
tactile_images/849.png,contact,-0.0563415342195883,0.0,3.5303617502606457,0.0,0.0,-24.7501190684186,-4.967520717384911,-2.6492658943591474,0.0,0.0,0.0,3.670964915987572,0.0,0.0,0.0,0.0,0.0,0.0
tactile_images/850.png,contact,-1.9235892246105808,0.0,4.516911494618253,0.0,0.0,-24.5978795998338,-2.1874070947487025,1.6140299252670085,0.0,0.0,0.0,-4.5181912784152285,0.0,0.0,0.0,0.0,0.0,0.0
tactile_images/851.png,contact,4.06018060159131,0.0,3.6587561340684354,0.0,0.0,-24.583761404904923,4.140000370092778,0.7329518747014854,0.0,0.0,0.0,4.162215979222147,0.0,0.0,0.0,0.0,0.0,0.0
tactile_images/852.png,contact,-2.6437266222173594,0.0,4.656547129631977,0.0,0.0,-24.552412678106712,4.014775814700164,-1.6475209906877488,0.0,0.0,0.0,-0.3379729563004554,0.0,0.0,0.0,0.0,0.0,0.0
tactile_images/853.png,contact,-1.7109315708597608,0.0,3.4893723762465454,0.0,0.0,-24.54796549007448,0.1876194580150789,-1.5633543867602286,0.0,0.0,0.0,4.642422065371678,0.0,0.0,0.0,0.0,0.0,0.0
tactile_images/854.png,contact,-1.3414213829573685,0.0,3.836893579432456,0.0,0.0,-24.527191801833787,0.5323687113962263,-1.0178969136589822,0.0,0.0,0.0,0.3855582745311592,0.0,0.0,0.0,0.0,0.0,0.0
tactile_images/855.png,contact,-4.730105547524456,0.0,3.719086289040007,0.0,0.0,-24.473255450238867,-1.6799198868281118,-2.088614325206307,0.0,0.0,0.0,-2.648564901013521,0.0,0.0,0.0,0.0,0.0,0.0
tactile_images/856.png,contact,-0.0267902322886151,0.0,4.842138972599162,0.0,0.0,-24.43273670639301,-2.5626333797219014,2.102414063609225,0.0,0.0,0.0,4.746683074076278,0.0,0.0,0.0,0.0,0.0,0.0
tactile_images/857.png,contact,3.69347656176537,0.0,3.5892978061250007,0.0,0.0,-24.42716471656648,3.152218542121183,1.513584050512053,0.0,0.0,0.0,-2.566950858840331,0.0,0.0,0.0,0.0,0.0,0.0
tactile_images/858.png,contact,4.115074979480805,0.0,3.672625455009911,0.0,0.0,-24.37144099535781,-3.9370513950035857,-0.5922234745360733,0.0,0.0,0.0,3.824782275975037,0.0,0.0,0.0,0.0,0.0,0.0
tactile_images/859.png,contact,-3.902637838909163,0.0,3.3624360872272345,0.0,0.0,-24.33197898088679,-0.1264562912136426,-1.0214532422076283,0.0,0.0,0.0,-3.2687150528145,0.0,0.0,0.0,0.0,0.0,0.0
tactile_images/860.png,contact,1.322406491227104,0.0,3.623555293610044,0.0,0.0,-24.31616215274599,1.343972594970845,-1.3494873064029491,0.0,0.0,0.0,1.7476757275662802,0.0,0.0,0.0,0.0,0.0,0.0
tactile_images/861.png,contact,-3.900053418175663,0.0,3.6711144033933145,0.0,0.0,-24.28368490158681,-3.963197096289708,-2.1653167860774647,0.0,0.0,0.0,-0.8870839111380597,0.0,0.0,0.0,0.0,0.0,0.0
tactile_images/862.png,contact,3.8901053078651895,0.0,3.4538015344876163,0.0,0.0,-24.283485779939863,0.1960709547234618,-4.143033368429406,0.0,0.0,0.0,4.720181731514451,0.0,0.0,0.0,0.0,0.0,0.0
tactile_images/863.png,contact,-2.0807257779604544,0.0,3.0794224151444944,0.0,0.0,-24.269025993109693,0.7752128791244317,-2.317953144774995,0.0,0.0,0.0,-3.1522736886074543,0.0,0.0,0.0,0.0,0.0,0.0
tactile_images/864.png,contact,-1.7073231190583409,0.0,3.037141437530198,0.0,0.0,-24.26691029176656,2.4249606050736485,-1.7879865130693495,0.0,0.0,0.0,-0.9120532699191894,0.0,0.0,0.0,0.0,0.0,0.0
tactile_images/865.png,contact,-2.1920177827226386,0.0,4.531568585431449,0.0,0.0,-24.262140117903783,-2.651639508524672,0.4768400626534328,0.0,0.0,0.0,1.3977632404374116,0.0,0.0,0.0,0.0,0.0,0.0
tactile_images/866.png,contact,-3.0666505302681646,0.0,4.180506730519388,0.0,0.0,-24.22944697376923,-2.066724967092417,2.737885090780497,0.0,0.0,0.0,4.776204232754402,0.0,0.0,0.0,0.0,0.0,0.0
tactile_images/867.png,contact,-3.034809303848485,0.0,3.983028451663653,0.0,0.0,-24.226944177604576,0.6952114663303348,-1.0429785516596837,0.0,0.0,0.0,-1.9613692336865949,0.0,0.0,0.0,0.0,0.0,0.0
tactile_images/868.png,contact,0.1216568145598753,0.0,4.643293194329,0.0,0.0,-24.198132543695746,4.831264099816142,4.4475690585209176,0.0,0.0,0.0,-1.031289489552225,0.0,0.0,0.0,0.0,0.0,0.0
tactile_images/869.png,contact,2.580683196844704,0.0,4.605351625052574,0.0,0.0,-24.195076231147176,-2.825068171798856,3.2734996344116247,0.0,0.0,0.0,-0.3820801267764038,0.0,0.0,0.0,0.0,0.0,0.0
tactile_images/870.png,contact,-0.2994058693023298,0.0,4.877177716354593,0.0,0.0,-24.181217918563604,4.85903827123464,4.848018478837451,0.0,0.0,0.0,-2.472995087038239,0.0,0.0,0.0,0.0,0.0,0.0
tactile_images/871.png,contact,1.5958844388574036,0.0,4.900568100340971,0.0,0.0,-24.169214581232367,2.1434253305448125,3.762030410414818,0.0,0.0,0.0,3.173547004036422,0.0,0.0,0.0,0.0,0.0,0.0
tactile_images/872.png,contact,3.393204152881548,0.0,4.666113882528427,0.0,0.0,-24.148713111897187,3.2608206963002324,1.167259493093792,0.0,0.0,0.0,-4.080043942476973,0.0,0.0,0.0,0.0,0.0,0.0
tactile_images/873.png,contact,-2.952673118598902,0.0,3.429489004816715,0.0,0.0,-24.121454663936447,-4.103587317636608,0.9847928781671892,0.0,0.0,0.0,2.0478993170630257,0.0,0.0,0.0,0.0,0.0,0.0
tactile_images/874.png,contact,1.732574579699592,0.0,4.243259156086428,0.0,0.0,-24.11944188463736,-1.9957981256936768,-3.704738732457829,0.0,0.0,0.0,0.3392896995753549,0.0,0.0,0.0,0.0,0.0,0.0
tactile_images/875.png,contact,1.7374608195885322,0.0,4.802448045955579,0.0,0.0,-24.112882063078008,-4.42263720349019,2.223992488915677,0.0,0.0,0.0,-2.5807304401428754,0.0,0.0,0.0,0.0,0.0,0.0
tactile_images/876.png,contact,-0.2640266093611316,0.0,4.610035386469256,0.0,0.0,-24.10749428712005,-1.2845300499682475,1.0020685759267138,0.0,0.0,0.0,-0.0716952646595121,0.0,0.0,0.0,0.0,0.0,0.0
tactile_images/877.png,contact,-1.346712732539414,0.0,3.98607024308041,0.0,0.0,-24.068831303400188,4.812896599200519,0.0693210339598469,0.0,0.0,0.0,3.2994909219420503,0.0,0.0,0.0,0.0,0.0,0.0
tactile_images/878.png,contact,2.7154525866870127,0.0,3.8824022044258646,0.0,0.0,-24.05896408601233,-3.9472693779366153,1.9328687255728865,0.0,0.0,0.0,-0.5455839607787363,0.0,0.0,0.0,0.0,0.0,0.0
tactile_images/879.png,contact,2.977458194754651,0.0,3.289797318614692,0.0,0.0,-24.01155750147878,0.6237278237119952,-0.5595215716200634,0.0,0.0,0.0,-3.781022350850228,0.0,0.0,0.0,0.0,0.0,0.0
tactile_images/880.png,contact,3.551051279087769,0.0,3.206293521756722,0.0,0.0,-24.002794119753773,-4.939293771861877,0.238596624082862,0.0,0.0,0.0,-4.591980378684802,0.0,0.0,0.0,0.0,0.0,0.0
tactile_images/881.png,contact,-4.666548190436696,0.0,4.181743845948517,0.0,0.0,-23.983932726606184,2.1268281604406267,-1.0164769519674364,0.0,0.0,0.0,2.777962941135569,0.0,0.0,0.0,0.0,0.0,0.0
tactile_images/882.png,contact,0.1530371286995304,0.0,3.920413236313231,0.0,0.0,-23.978619175793657,-3.0280730762795893,2.173708933706898,0.0,0.0,0.0,-1.695668541659594,0.0,0.0,0.0,0.0,0.0,0.0
tactile_images/883.png,contact,-4.227571905133944,0.0,3.5710501434306794,0.0,0.0,-23.967896792575868,-3.704154628752371,3.7661097054788826,0.0,0.0,0.0,4.312446965741358,0.0,0.0,0.0,0.0,0.0,0.0
tactile_images/884.png,contact,-3.0098070040336484,0.0,4.333076910595378,0.0,0.0,-23.93118728784005,-1.6298218783921237,3.4084493913260268,0.0,0.0,0.0,1.1714718100052242,0.0,0.0,0.0,0.0,0.0,0.0
tactile_images/885.png,contact,-1.59984046034179,0.0,3.2985360253384943,0.0,0.0,-23.91128027567764,2.710442979389816,2.860252720494688,0.0,0.0,0.0,-0.6371610883183711,0.0,0.0,0.0,0.0,0.0,0.0
tactile_images/886.png,contact,-4.556514982297534,0.0,3.935698366584086,0.0,0.0,-23.910138723059283,-3.933869136887892,-4.862122954554491,0.0,0.0,0.0,0.6446492015071259,0.0,0.0,0.0,0.0,0.0,0.0
tactile_images/887.png,contact,4.610700366743325,0.0,3.268862165671468,0.0,0.0,-23.90386916486378,-2.701610042013046,4.118804638774593,0.0,0.0,0.0,-0.4286735508736736,0.0,0.0,0.0,0.0,0.0,0.0
tactile_images/888.png,contact,2.4353693898323403,0.0,4.812508473475736,0.0,0.0,-23.861366902124963,-4.915355783826905,-2.2512427927660603,0.0,0.0,0.0,4.058110823832864,0.0,0.0,0.0,0.0,0.0,0.0
tactile_images/889.png,contact,1.8878250493660644,0.0,3.391332591250685,0.0,0.0,-23.85988506253619,4.68414862695618,3.879739429633759,0.0,0.0,0.0,-0.4197813063270921,0.0,0.0,0.0,0.0,0.0,0.0
tactile_images/890.png,contact,3.981076119339865,0.0,4.022591492492069,0.0,0.0,-23.82888780264181,0.9214559998886384,-3.0303189691062347,0.0,0.0,0.0,-3.9593549141125264,0.0,0.0,0.0,0.0,0.0,0.0
tactile_images/891.png,contact,3.685108801020184,0.0,4.064222267674007,0.0,0.0,-23.825750593796386,2.1989963638469945,-0.6035424857526275,0.0,0.0,0.0,0.9708803915845864,0.0,0.0,0.0,0.0,0.0,0.0
tactile_images/892.png,contact,1.9766675064850627,0.0,4.432186964979923,0.0,0.0,-23.82224417321663,1.5138317115601456,2.493987943269137,0.0,0.0,0.0,1.22981046150319,0.0,0.0,0.0,0.0,0.0,0.0
tactile_images/893.png,contact,-2.5137508602904566,0.0,3.2492284154150424,0.0,0.0,-23.81534937420229,-3.556354411303256,1.4027894527717253,0.0,0.0,0.0,2.653300727930347,0.0,0.0,0.0,0.0,0.0,0.0
tactile_images/894.png,contact,-0.698896848713165,0.0,4.608218492122264,0.0,0.0,-23.809785700350204,0.9493993899399412,-0.8407806197057006,0.0,0.0,0.0,4.332841415510089,0.0,0.0,0.0,0.0,0.0,0.0
tactile_images/895.png,contact,0.9489730547243358,0.0,4.260014270893047,0.0,0.0,-23.80948689357512,-3.685844048587379,1.7862385674027834,0.0,0.0,0.0,-0.5691831787654955,0.0,0.0,0.0,0.0,0.0,0.0
tactile_images/896.png,contact,2.120546573240075,0.0,3.49738361894227,0.0,0.0,-23.8007993612702,-0.987635460368721,0.489495100466395,0.0,0.0,0.0,-1.4792339339269422,0.0,0.0,0.0,0.0,0.0,0.0
tactile_images/897.png,contact,4.023278859936161,0.0,4.71021884399488,0.0,0.0,-23.781463842278427,0.68963135925293,-2.242636933644677,0.0,0.0,0.0,-0.0922898425250071,0.0,0.0,0.0,0.0,0.0,0.0
tactile_images/898.png,contact,-0.2251018108558842,0.0,4.217516650259106,0.0,0.0,-23.76692214051487,0.5888111410215586,1.4632944549713978,0.0,0.0,0.0,4.001989019112971,0.0,0.0,0.0,0.0,0.0,0.0
tactile_images/899.png,contact,3.801089065272879,0.0,4.388549492871726,0.0,0.0,-23.757515532645733,-3.809265740172591,-2.9575291365547662,0.0,0.0,0.0,4.799823818365201,0.0,0.0,0.0,0.0,0.0,0.0
tactile_images/900.png,contact,-3.9455222689409135,0.0,4.230429793193828,0.0,0.0,-23.68439668175315,-4.655640303534778,1.939882842591655,0.0,0.0,0.0,4.712350066137422,0.0,0.0,0.0,0.0,0.0,0.0
tactile_images/901.png,contact,1.7548819982465789,0.0,3.839344584314537,0.0,0.0,-23.68253615036769,2.9823431387381385,-4.968891223767572,0.0,0.0,0.0,-2.70304487194772,0.0,0.0,0.0,0.0,0.0,0.0
tactile_images/902.png,contact,-4.31554914309481,0.0,3.612012210417887,0.0,0.0,-23.675770851976583,2.2592243699600534,0.487725137617697,0.0,0.0,0.0,-0.0310463843812369,0.0,0.0,0.0,0.0,0.0,0.0
tactile_images/903.png,contact,-0.2095797727204216,0.0,3.6433249427894943,0.0,0.0,-23.646736112877868,-4.18181095435262,-0.9893237244385896,0.0,0.0,0.0,-2.405259741449885,0.0,0.0,0.0,0.0,0.0,0.0
tactile_images/904.png,contact,3.703210217757648,0.0,4.702877392662229,0.0,0.0,-23.57215361598847,-3.725844811984466,-1.968962261980527,0.0,0.0,0.0,-1.320172176329529,0.0,0.0,0.0,0.0,0.0,0.0
tactile_images/905.png,contact,-1.6684739130565802,0.0,3.8137581252493415,0.0,0.0,-23.560735245376712,3.9258377638962014,0.1570796723463754,0.0,0.0,0.0,-4.6831589445845285,0.0,0.0,0.0,0.0,0.0,0.0
tactile_images/906.png,contact,1.7320529414222263,0.0,4.12323231958291,0.0,0.0,-23.515767733613966,2.6912890162178,1.4531163253588808,0.0,0.0,0.0,-3.393988207284165,0.0,0.0,0.0,0.0,0.0,0.0
tactile_images/907.png,contact,-3.3980228563561727,0.0,3.9685323962194494,0.0,0.0,-23.48141463120464,4.961602962166742,4.653122662134649,0.0,0.0,0.0,-1.029240453129728,0.0,0.0,0.0,0.0,0.0,0.0
tactile_images/908.png,contact,0.0718041546717538,0.0,3.863433770053222,0.0,0.0,-23.47321959552777,-2.4601255079497832,3.3306448988809763,0.0,0.0,0.0,-1.3529536777693565,0.0,0.0,0.0,0.0,0.0,0.0
tactile_images/909.png,contact,1.0710489110682095,0.0,4.694314914006215,0.0,0.0,-23.43556593724089,-0.1219701113118514,2.171498830838108,0.0,0.0,0.0,-2.211674488686619,0.0,0.0,0.0,0.0,0.0,0.0
tactile_images/910.png,contact,-1.5761289230034334,0.0,4.742553976242315,0.0,0.0,-23.41425977481779,-2.6354042393764434,-0.2103308832085364,0.0,0.0,0.0,-2.6969042291369663,0.0,0.0,0.0,0.0,0.0,0.0
tactile_images/911.png,contact,0.2574497902304635,0.0,4.348398749885721,0.0,0.0,-23.414242636719937,1.2280013847730975,-1.0785588033564577,0.0,0.0,0.0,2.4895571444739018,0.0,0.0,0.0,0.0,0.0,0.0
tactile_images/912.png,contact,-4.270009679242953,0.0,3.043253984923588,0.0,0.0,-23.411334686755364,-3.84585760908682,-4.674703454140028,0.0,0.0,0.0,-2.054503001886089,0.0,0.0,0.0,0.0,0.0,0.0
tactile_images/913.png,contact,1.1440240748666666,0.0,3.282119598984594,0.0,0.0,-23.407387303092765,-3.727568272569669,-1.4090309694095184,0.0,0.0,0.0,2.065436314627433,0.0,0.0,0.0,0.0,0.0,0.0
tactile_images/914.png,contact,-3.7588308351705706,0.0,3.305774231295996,0.0,0.0,-23.36634413716804,-4.281121085948774,3.483771386726165,0.0,0.0,0.0,-1.3137489091833618,0.0,0.0,0.0,0.0,0.0,0.0
tactile_images/915.png,contact,0.6618258042347049,0.0,4.229541906312525,0.0,0.0,-23.35966871327285,1.9358608226416687,-1.1597541802371003,0.0,0.0,0.0,3.019792390755576,0.0,0.0,0.0,0.0,0.0,0.0
tactile_images/916.png,contact,-3.8255987677234735,0.0,3.0164724831839203,0.0,0.0,-23.34372959435529,-0.0592742256679326,-0.3841500093785353,0.0,0.0,0.0,-3.3276665126465788,0.0,0.0,0.0,0.0,0.0,0.0
tactile_images/917.png,contact,-1.5196125950260058,0.0,3.0316761418897484,0.0,0.0,-23.335881319596027,1.1773121635463006,-2.2816557597509526,0.0,0.0,0.0,-3.4239611963042185,0.0,0.0,0.0,0.0,0.0,0.0
tactile_images/918.png,contact,1.691019751473508,0.0,3.427602421325465,0.0,0.0,-23.2899187401543,3.793010465893589,-2.258672411866333,0.0,0.0,0.0,1.796722670410044,0.0,0.0,0.0,0.0,0.0,0.0
tactile_images/919.png,contact,0.1696030244111002,0.0,3.2667624732754854,0.0,0.0,-23.28285219705324,2.4032848475535857,-4.381282391082516,0.0,0.0,0.0,4.149152418088551,0.0,0.0,0.0,0.0,0.0,0.0
tactile_images/920.png,contact,1.8470966216938969,0.0,3.423433556923931,0.0,0.0,-23.276642579639645,-0.38277081833309,1.1380392561980075,0.0,0.0,0.0,-3.5701329516712867,0.0,0.0,0.0,0.0,0.0,0.0
tactile_images/921.png,contact,2.0877085980195806,0.0,4.788182738515691,0.0,0.0,-23.245764111781384,4.843559883942264,-0.5193059695465365,0.0,0.0,0.0,-4.26295382156183,0.0,0.0,0.0,0.0,0.0,0.0
tactile_images/922.png,contact,2.0853908650620614,0.0,3.963399676024682,0.0,0.0,-23.177768102724823,-0.4374389885802676,1.0596080749079464,0.0,0.0,0.0,4.346372068218237,0.0,0.0,0.0,0.0,0.0,0.0
tactile_images/923.png,contact,-3.714140341908543,0.0,4.1281698433772505,0.0,0.0,-23.176833174394428,-3.875493267664668,0.468869000288528,0.0,0.0,0.0,-3.826730561341805,0.0,0.0,0.0,0.0,0.0,0.0
tactile_images/924.png,contact,-4.283185625877254,0.0,4.338824128507287,0.0,0.0,-23.1595784701376,4.92654747252716,2.988445872971748,0.0,0.0,0.0,-2.4963308023431727,0.0,0.0,0.0,0.0,0.0,0.0
tactile_images/925.png,contact,4.758082361086448,0.0,3.1332559968207496,0.0,0.0,-23.154070279520592,-4.771792699851527,2.510119123114727,0.0,0.0,0.0,4.294941674200807,0.0,0.0,0.0,0.0,0.0,0.0
tactile_images/926.png,contact,-1.0107416680023291,0.0,4.951209937178224,0.0,0.0,-23.14401272995971,0.4988355948775211,2.7145385313787944,0.0,0.0,0.0,3.0291789296022174,0.0,0.0,0.0,0.0,0.0,0.0
tactile_images/927.png,contact,1.3205924869791552,0.0,3.0004817490357327,0.0,0.0,-23.114918382684387,-1.909045113002908,-0.0076099305832446,0.0,0.0,0.0,-1.5724218634270617,0.0,0.0,0.0,0.0,0.0,0.0
tactile_images/928.png,contact,-1.5950598165132712,0.0,3.0420496144392044,0.0,0.0,-23.098093207354594,0.0355215101698478,-1.461186486460695,0.0,0.0,0.0,4.545277196565934,0.0,0.0,0.0,0.0,0.0,0.0
tactile_images/929.png,contact,-4.877223897360315,0.0,3.739997771919955,0.0,0.0,-23.0955048665452,0.5871295259452154,4.334365905329529,0.0,0.0,0.0,0.6804851319873748,0.0,0.0,0.0,0.0,0.0,0.0
tactile_images/930.png,contact,-0.3870179795271422,0.0,3.064127034189083,0.0,0.0,-23.06594733469328,-2.599041037215124,-4.45730226283446,0.0,0.0,0.0,-4.277517373723068,0.0,0.0,0.0,0.0,0.0,0.0
tactile_images/931.png,contact,-4.5486528066319405,0.0,3.1300015778977768,0.0,0.0,-23.043286672329305,0.5685875573726182,-3.473786921497697,0.0,0.0,0.0,2.030668772678146,0.0,0.0,0.0,0.0,0.0,0.0
tactile_images/932.png,contact,2.9501570458417903,0.0,3.280089624268458,0.0,0.0,-23.027389317450083,2.560611120055375,-0.8040090782336033,0.0,0.0,0.0,0.3727735782330192,0.0,0.0,0.0,0.0,0.0,0.0
tactile_images/933.png,contact,-1.4645874163793051,0.0,3.5702663503614174,0.0,0.0,-22.939284854489085,-2.3349016275600167,1.1395765256801118,0.0,0.0,0.0,0.7258805051915553,0.0,0.0,0.0,0.0,0.0,0.0
tactile_images/934.png,contact,-1.057792494526904,0.0,3.306226891544397,0.0,0.0,-22.938105164893773,-1.1657386668609293,-4.917996251932784,0.0,0.0,0.0,4.94104244325465,0.0,0.0,0.0,0.0,0.0,0.0
tactile_images/935.png,contact,3.530372904117903,0.0,4.735494780163461,0.0,0.0,-22.936678209229385,-2.3175730683594207,2.19322819311142,0.0,0.0,0.0,-3.4748571670045845,0.0,0.0,0.0,0.0,0.0,0.0
tactile_images/936.png,contact,-1.971358058918092,0.0,4.810176246776528,0.0,0.0,-22.917414961220768,3.205597309882025,0.5872654278991476,0.0,0.0,0.0,1.567959002878922,0.0,0.0,0.0,0.0,0.0,0.0
tactile_images/937.png,contact,1.1567335284031834,0.0,4.568374358464159,0.0,0.0,-22.913046712128462,2.249822592095967,-0.1529724132307475,0.0,0.0,0.0,-0.412589027703083,0.0,0.0,0.0,0.0,0.0,0.0
tactile_images/938.png,contact,-1.6808513657064612,0.0,3.019400709846084,0.0,0.0,-22.90343485603863,3.711964372184074,-0.7650496117213184,0.0,0.0,0.0,-2.281068751120044,0.0,0.0,0.0,0.0,0.0,0.0
tactile_images/939.png,contact,2.071779632990353,0.0,4.322530612530184,0.0,0.0,-22.868726169306,-3.299501070983407,0.1948703174062451,0.0,0.0,0.0,1.935447916629628,0.0,0.0,0.0,0.0,0.0,0.0
tactile_images/940.png,contact,-3.129010091300776,0.0,4.8191108568744045,0.0,0.0,-22.85332719508544,-4.264203618402485,-3.382142655182524,0.0,0.0,0.0,1.6821280724999983,0.0,0.0,0.0,0.0,0.0,0.0
tactile_images/941.png,contact,0.7034318726106488,0.0,4.660354485999175,0.0,0.0,-22.85292555430049,-3.806164961413266,-3.912882607230175,0.0,0.0,0.0,3.564951081235302,0.0,0.0,0.0,0.0,0.0,0.0
tactile_images/942.png,contact,0.7129797901356643,0.0,4.703673617637866,0.0,0.0,-22.805391268778795,-3.389816671757636,-2.1036252124816155,0.0,0.0,0.0,3.78869235186504,0.0,0.0,0.0,0.0,0.0,0.0
tactile_images/943.png,contact,-2.889851599207933,0.0,4.0261388457268765,0.0,0.0,-22.764001911821204,0.3308266067480234,2.095047919853247,0.0,0.0,0.0,0.6181945304923806,0.0,0.0,0.0,0.0,0.0,0.0
tactile_images/944.png,contact,-0.735289514555733,0.0,4.478249334273093,0.0,0.0,-22.721014168375863,4.709120703627649,0.882878838354964,0.0,0.0,0.0,-1.7442743393228255,0.0,0.0,0.0,0.0,0.0,0.0
tactile_images/945.png,contact,-1.8556528722897128,0.0,4.541629043328642,0.0,0.0,-22.719413980191103,-1.4276458338321794,-0.1987698238098731,0.0,0.0,0.0,0.2958045043814508,0.0,0.0,0.0,0.0,0.0,0.0
tactile_images/946.png,contact,2.39713142433997,0.0,4.260801852072,0.0,0.0,-22.711849465891003,4.585082693602052,0.7152096589596031,0.0,0.0,0.0,-1.4074487329713712,0.0,0.0,0.0,0.0,0.0,0.0
tactile_images/947.png,contact,2.066913892194353,0.0,3.232361550023782,0.0,0.0,-22.634790524795385,-4.617992050108203,0.5925801303934319,0.0,0.0,0.0,-2.2264391597038857,0.0,0.0,0.0,0.0,0.0,0.0
tactile_images/948.png,contact,2.623624560076004,0.0,3.804589356152637,0.0,0.0,-22.62980636849336,4.268722028146584,-1.929580745100746,0.0,0.0,0.0,0.5157537777716668,0.0,0.0,0.0,0.0,0.0,0.0
tactile_images/949.png,contact,-1.4591724133160122,0.0,3.31150324573106,0.0,0.0,-22.615588621902376,-3.188473926950288,-4.025440527552742,0.0,0.0,0.0,1.5793417416306932,0.0,0.0,0.0,0.0,0.0,0.0
tactile_images/950.png,contact,3.4379343131337805,0.0,3.1623755741008623,0.0,0.0,-22.55808328871891,4.124749857193489,3.9678236866305054,0.0,0.0,0.0,0.905712869103942,0.0,0.0,0.0,0.0,0.0,0.0
tactile_images/951.png,contact,0.4870588697074502,0.0,3.5249689094329533,0.0,0.0,-22.546809483140848,-4.437725698845388,0.999112626239146,0.0,0.0,0.0,4.544195213633195,0.0,0.0,0.0,0.0,0.0,0.0
tactile_images/952.png,contact,2.780278380670506,0.0,3.428600144645757,0.0,0.0,-22.487943856568016,4.482194474950326,1.9774799968085164,0.0,0.0,0.0,-2.013638814460351,0.0,0.0,0.0,0.0,0.0,0.0
tactile_images/953.png,contact,0.8027268307387772,0.0,4.798906169107671,0.0,0.0,-22.449441908881752,-2.992017356811392,-0.3600277563304486,0.0,0.0,0.0,-1.276583149453259,0.0,0.0,0.0,0.0,0.0,0.0
tactile_images/954.png,contact,-2.2571950838836,0.0,3.575868188186438,0.0,0.0,-22.409443910306408,-1.9728593992683927,2.564805799765626,0.0,0.0,0.0,1.676428232235537,0.0,0.0,0.0,0.0,0.0,0.0
tactile_images/955.png,contact,-2.325720972102503,0.0,3.5499583839472804,0.0,0.0,-22.38129282363161,-0.0905765589704188,0.8449726397866719,0.0,0.0,0.0,1.003586275036069,0.0,0.0,0.0,0.0,0.0,0.0
tactile_images/956.png,contact,-0.1879062174336612,0.0,3.792494693632812,0.0,0.0,-22.34170810901217,-1.192791187645248,-4.461988779028098,0.0,0.0,0.0,-4.981366146626365,0.0,0.0,0.0,0.0,0.0,0.0
tactile_images/957.png,contact,-1.920736470243689,0.0,3.049751764029211,0.0,0.0,-22.32538088317979,1.6752796926314997,3.900970353936911,0.0,0.0,0.0,-1.877145314732588,0.0,0.0,0.0,0.0,0.0,0.0
tactile_images/958.png,contact,1.659500343312308,0.0,4.848155610588539,0.0,0.0,-22.31578262951365,4.748077672500774,-1.944638532121132,0.0,0.0,0.0,-2.462381475313625,0.0,0.0,0.0,0.0,0.0,0.0
tactile_images/959.png,contact,3.3027157142307684,0.0,4.715175351524803,0.0,0.0,-22.304600490133264,1.0642649080494069,-3.621092225786645,0.0,0.0,0.0,3.399148866460157,0.0,0.0,0.0,0.0,0.0,0.0
tactile_images/960.png,contact,-0.75474177875879,0.0,3.317072316999848,0.0,0.0,-22.292357331722577,2.214854094365492,-4.119589922956842,0.0,0.0,0.0,3.6624873088492897,0.0,0.0,0.0,0.0,0.0,0.0
tactile_images/961.png,contact,4.483312783420389,0.0,3.0755659361291903,0.0,0.0,-22.286477113067622,-4.119947496942985,2.2044031384211085,0.0,0.0,0.0,-2.1610685896884174,0.0,0.0,0.0,0.0,0.0,0.0
tactile_images/962.png,contact,4.215436186577341,0.0,3.5413492119305787,0.0,0.0,-22.27776322308484,1.2781242907000534,2.0396836680435984,0.0,0.0,0.0,-3.979288463724636,0.0,0.0,0.0,0.0,0.0,0.0
tactile_images/963.png,contact,-3.2298380504176745,0.0,3.57629897806675,0.0,0.0,-22.25932092381808,-0.4615022295358688,2.0016212481327065,0.0,0.0,0.0,-2.9479805294130057,0.0,0.0,0.0,0.0,0.0,0.0
tactile_images/964.png,contact,-2.036859774607958,0.0,4.35789084856134,0.0,0.0,-22.23768649520111,3.857823579196284,4.15752772681566,0.0,0.0,0.0,-3.2343160108094104,0.0,0.0,0.0,0.0,0.0,0.0
tactile_images/965.png,contact,2.6639224895009006,0.0,4.503359534062847,0.0,0.0,-22.227161082107404,-1.1178890035689806,-1.5105697800234852,0.0,0.0,0.0,-2.6256464071491035,0.0,0.0,0.0,0.0,0.0,0.0
tactile_images/966.png,contact,1.2453107153349965,0.0,4.328688582929429,0.0,0.0,-22.20990232379493,1.7945414404991915,0.6113305635892319,0.0,0.0,0.0,-2.653550977025847,0.0,0.0,0.0,0.0,0.0,0.0
tactile_images/967.png,contact,-3.766507618282006,0.0,4.816379191393006,0.0,0.0,-22.181520373274218,-2.718462717409209,1.1949558299434946,0.0,0.0,0.0,-0.2016135109902661,0.0,0.0,0.0,0.0,0.0,0.0
tactile_images/968.png,contact,-1.0352880650112093,0.0,3.008254309349208,0.0,0.0,-22.16914635643829,-2.4062746647580404,4.7948182856646255,0.0,0.0,0.0,-1.8035861926243548,0.0,0.0,0.0,0.0,0.0,0.0
tactile_images/969.png,contact,3.048334827813496,0.0,4.294319122253915,0.0,0.0,-22.16136488895048,-1.2387756907772642,-1.8765385628140816,0.0,0.0,0.0,0.5982175085544386,0.0,0.0,0.0,0.0,0.0,0.0
tactile_images/970.png,contact,-2.4838434967623133,0.0,4.749978990048843,0.0,0.0,-22.10500725452559,-1.959364624934973,4.563311999039405,0.0,0.0,0.0,-1.5586537565915846,0.0,0.0,0.0,0.0,0.0,0.0
tactile_images/971.png,contact,1.2090595132806383,0.0,4.463291807839776,0.0,0.0,-22.06792579706428,-2.461211606099252,-3.5126566691761862,0.0,0.0,0.0,3.146769299652705,0.0,0.0,0.0,0.0,0.0,0.0
tactile_images/972.png,contact,-4.741944438163571,0.0,3.390845173276698,0.0,0.0,-22.04464927774725,-4.503312940991907,2.64001456027842,0.0,0.0,0.0,4.507924777837376,0.0,0.0,0.0,0.0,0.0,0.0
tactile_images/973.png,contact,-0.9563874060784432,0.0,3.5789957302394395,0.0,0.0,-22.01423632519993,3.3674633175245905,1.3288590002041278,0.0,0.0,0.0,-0.9608154664497528,0.0,0.0,0.0,0.0,0.0,0.0
tactile_images/974.png,contact,-4.657472098197475,0.0,4.829863803540593,0.0,0.0,-21.97592774567623,-4.356984691087157,3.1689603727198747,0.0,0.0,0.0,-4.505314652134452,0.0,0.0,0.0,0.0,0.0,0.0
tactile_images/975.png,contact,0.1333105857529712,0.0,3.156484197160045,0.0,0.0,-21.96039415260806,3.873655156029676,-4.713144263601529,0.0,0.0,0.0,-2.604217526321606,0.0,0.0,0.0,0.0,0.0,0.0
tactile_images/976.png,contact,-0.4264463470757658,0.0,3.035915727500302,0.0,0.0,-21.948201813409625,-3.7453461093193976,-4.218689570609442,0.0,0.0,0.0,-3.981418357969583,0.0,0.0,0.0,0.0,0.0,0.0
tactile_images/977.png,contact,-3.7735045313283866,0.0,3.635878659413645,0.0,0.0,-21.921417481346307,-4.34738262937341,-4.303042204308541,0.0,0.0,0.0,-1.5523609018709328,0.0,0.0,0.0,0.0,0.0,0.0
tactile_images/978.png,contact,-2.622851347766158,0.0,4.760503546563374,0.0,0.0,-21.89783935205432,0.6300476398069712,0.929594554972878,0.0,0.0,0.0,1.451142341801695,0.0,0.0,0.0,0.0,0.0,0.0
tactile_images/979.png,contact,4.214215028449793,0.0,3.4430021017077053,0.0,0.0,-21.87147037612657,0.0244179257472172,1.0293606757553793,0.0,0.0,0.0,0.1890790894451068,0.0,0.0,0.0,0.0,0.0,0.0
tactile_images/980.png,contact,-4.354845135274957,0.0,3.986888558565477,0.0,0.0,-21.833560036857087,-0.087654311681149,4.061048893549762,0.0,0.0,0.0,-2.571243219723616,0.0,0.0,0.0,0.0,0.0,0.0
tactile_images/981.png,contact,-3.8420646334840782,0.0,4.274997605868326,0.0,0.0,-21.828120072126687,0.7450432750139777,-0.32396485481555,0.0,0.0,0.0,2.672590526426567,0.0,0.0,0.0,0.0,0.0,0.0
tactile_images/982.png,contact,-1.7364541747490767,0.0,4.420775294876596,0.0,0.0,-21.79764747072277,-2.1294339388084427,-4.319509449950361,0.0,0.0,0.0,-3.685192706202709,0.0,0.0,0.0,0.0,0.0,0.0
tactile_images/983.png,contact,1.808995267567444,0.0,4.993981005625102,0.0,0.0,-21.795687365765424,1.629492734296112,-2.904705983774845,0.0,0.0,0.0,-2.7180402487529887,0.0,0.0,0.0,0.0,0.0,0.0
tactile_images/984.png,contact,2.1428791371813927,0.0,3.873554338646639,0.0,0.0,-21.73277353095409,0.0240221970718321,-4.919269051821571,0.0,0.0,0.0,1.7604715059267484,0.0,0.0,0.0,0.0,0.0,0.0
tactile_images/985.png,contact,-0.9684284891688923,0.0,3.665636722183344,0.0,0.0,-21.697414386175588,-1.6525653304267474,2.7671452512840498,0.0,0.0,0.0,-3.027656133111332,0.0,0.0,0.0,0.0,0.0,0.0
tactile_images/986.png,contact,1.428788406994972,0.0,4.7106289287258765,0.0,0.0,-21.64719153853634,3.2650066698072813,3.155994368807745,0.0,0.0,0.0,1.7876271587858923,0.0,0.0,0.0,0.0,0.0,0.0
tactile_images/987.png,contact,4.329235226115725,0.0,4.840227626645257,0.0,0.0,-21.62920899699457,2.277210963267101,4.979404162841361,0.0,0.0,0.0,4.769413502961498,0.0,0.0,0.0,0.0,0.0,0.0
tactile_images/988.png,contact,-4.856504541106007,0.0,4.590145762362328,0.0,0.0,-21.61083361951738,-1.0638965805537803,-0.878055509469057,0.0,0.0,0.0,3.3135328719615327,0.0,0.0,0.0,0.0,0.0,0.0
tactile_images/989.png,contact,0.608650914297816,0.0,3.179651505144168,0.0,0.0,-21.560828991884776,3.4761778522887283,-4.807016245984075,0.0,0.0,0.0,-3.3998945963707614,0.0,0.0,0.0,0.0,0.0,0.0
tactile_images/990.png,contact,3.6289029427100097,0.0,4.865558249375469,0.0,0.0,-21.54361379966319,4.202582501117743,-2.652701185096278,0.0,0.0,0.0,0.2049842150325354,0.0,0.0,0.0,0.0,0.0,0.0
tactile_images/991.png,contact,1.2888706156987215,0.0,4.534025059961539,0.0,0.0,-21.53905858489621,0.3686626708436247,0.8776886766329586,0.0,0.0,0.0,-0.7767843656751534,0.0,0.0,0.0,0.0,0.0,0.0
tactile_images/992.png,contact,-4.994137257706665,0.0,4.626364294568923,0.0,0.0,-21.52877530279906,-2.850475498430792,4.619429670527364,0.0,0.0,0.0,4.916694132333971,0.0,0.0,0.0,0.0,0.0,0.0
tactile_images/993.png,contact,-4.417257116189251,0.0,4.8101562555889625,0.0,0.0,-21.524794561528584,4.157921565469868,-3.964214485292057,0.0,0.0,0.0,4.644007017405828,0.0,0.0,0.0,0.0,0.0,0.0
tactile_images/994.png,contact,-1.1949034600961452,0.0,3.990635293867817,0.0,0.0,-21.443114503520786,-3.105203799044828,-3.784269798392572,0.0,0.0,0.0,-3.7288794722909513,0.0,0.0,0.0,0.0,0.0,0.0
tactile_images/995.png,contact,2.580228696829546,0.0,3.1700872426121425,0.0,0.0,-21.436059097728084,-4.515767735827309,2.0175898527894294,0.0,0.0,0.0,4.087308720163334,0.0,0.0,0.0,0.0,0.0,0.0
tactile_images/996.png,contact,1.0117721910309951,0.0,3.927351611546356,0.0,0.0,-21.391934215862168,-1.7251299112686915,1.672070550215495,0.0,0.0,0.0,-3.065816619615412,0.0,0.0,0.0,0.0,0.0,0.0
tactile_images/997.png,contact,4.29891860358743,0.0,4.259345303719774,0.0,0.0,-21.3080709354078,2.269663444610398,-2.494936446881669,0.0,0.0,0.0,-1.8054849828725072,0.0,0.0,0.0,0.0,0.0,0.0
tactile_images/998.png,contact,4.0463907872699645,0.0,3.5513717938054006,0.0,0.0,-21.29009332612132,4.232740863535495,3.131447910145189,0.0,0.0,0.0,-1.4659202026905662,0.0,0.0,0.0,0.0,0.0,0.0
tactile_images/999.png,contact,-0.6044063098043999,0.0,4.77728533872591,0.0,0.0,-21.27924997330344,1.3728564681443984,-3.712212445225368,0.0,0.0,0.0,-2.1317795487817848,0.0,0.0,0.0,0.0,0.0,0.0
tactile_images/1000.png,contact,-3.979191869576658,0.0,3.339585279101895,0.0,0.0,-21.214330090876626,4.518385469666601,4.257418447767599,0.0,0.0,0.0,3.5324379316692927,0.0,0.0,0.0,0.0,0.0,0.0
tactile_images/1001.png,contact,-2.9829517896677515,0.0,4.019471020007874,0.0,0.0,-21.20893940459734,-4.076291607241034,-2.9896806966757863,0.0,0.0,0.0,-1.7006759412362502,0.0,0.0,0.0,0.0,0.0,0.0
tactile_images/1002.png,contact,-4.811925291641158,0.0,4.833957498037005,0.0,0.0,-21.16328398357677,-4.392462704119799,-4.18647627276995,0.0,0.0,0.0,3.1673841908519123,0.0,0.0,0.0,0.0,0.0,0.0
tactile_images/1003.png,contact,-2.349258473948942,0.0,3.223600742467874,0.0,0.0,-21.08972197292025,1.0419195074366403,-1.6047791352614538,0.0,0.0,0.0,4.943768165049573,0.0,0.0,0.0,0.0,0.0,0.0
tactile_images/1004.png,contact,-0.1222192081267445,0.0,3.029922396512601,0.0,0.0,-21.087422409466463,4.661163224927549,-3.12158711465455,0.0,0.0,0.0,3.407615378270457,0.0,0.0,0.0,0.0,0.0,0.0
tactile_images/1005.png,contact,1.8665208241485685,0.0,3.3455793037649264,0.0,0.0,-21.054402870756764,0.0272130895472404,0.2694122503603289,0.0,0.0,0.0,-1.5385707356570777,0.0,0.0,0.0,0.0,0.0,0.0
tactile_images/1006.png,contact,1.8612450327752947,0.0,3.552150272138821,0.0,0.0,-21.031891596182284,-4.4848477406069485,1.8684653737172603,0.0,0.0,0.0,2.112523934128624,0.0,0.0,0.0,0.0,0.0,0.0
tactile_images/1007.png,contact,4.700264101273221,0.0,3.592696153761161,0.0,0.0,-20.91927392266433,-2.787813439225438,-0.0907842152170879,0.0,0.0,0.0,0.3392344699107328,0.0,0.0,0.0,0.0,0.0,0.0
tactile_images/1008.png,contact,-4.866395785011754,0.0,3.413674221233217,0.0,0.0,-20.903650310289176,-2.552070935842293,1.6060733181097762,0.0,0.0,0.0,2.865177838834086,0.0,0.0,0.0,0.0,0.0,0.0
tactile_images/1009.png,contact,4.230467983707909,0.0,3.9085414487208494,0.0,0.0,-20.83427622288734,-1.6214287086305,-1.3507948560001557,0.0,0.0,0.0,-3.4690260535375828,0.0,0.0,0.0,0.0,0.0,0.0
tactile_images/1010.png,contact,-0.2332963119474129,0.0,4.694024070778167,0.0,0.0,-20.75922002252205,-4.563966164137874,-4.7207740276136,0.0,0.0,0.0,1.3813459264590389,0.0,0.0,0.0,0.0,0.0,0.0
tactile_images/1011.png,contact,-1.5869363161894503,0.0,4.704877771283746,0.0,0.0,-20.637253717006708,4.048927004979163,4.740641242251492,0.0,0.0,0.0,2.736667733417346,0.0,0.0,0.0,0.0,0.0,0.0
tactile_images/1012.png,contact,-4.271778194794527,0.0,3.572361741595815,0.0,0.0,-20.62475660739008,0.155639447214952,3.1941350453999533,0.0,0.0,0.0,2.6123133540664014,0.0,0.0,0.0,0.0,0.0,0.0
tactile_images/1013.png,contact,-3.672942009598025,0.0,4.088360231883907,0.0,0.0,-20.601455122810528,1.7093079295410902,-4.265811759153719,0.0,0.0,0.0,4.635930056037816,0.0,0.0,0.0,0.0,0.0,0.0
tactile_images/1014.png,contact,2.3976340201477067,0.0,4.436012420215295,0.0,0.0,-20.55229823302433,-4.32827163104991,-0.5082360384366558,0.0,0.0,0.0,-4.415886192156799,0.0,0.0,0.0,0.0,0.0,0.0
tactile_images/1015.png,contact,-4.528150170025061,0.0,3.4134932914804783,0.0,0.0,-20.55138124057256,-4.458845321963506,1.3501907007187466,0.0,0.0,0.0,-1.5422063090770943,0.0,0.0,0.0,0.0,0.0,0.0
tactile_images/1016.png,contact,4.8900417134151954,0.0,4.727871614919909,0.0,0.0,-20.539910321252883,0.8646777204054725,-3.094057294273621,0.0,0.0,0.0,-0.2344641820856114,0.0,0.0,0.0,0.0,0.0,0.0
tactile_images/1017.png,contact,-1.637896861755891,0.0,3.5204227358715072,0.0,0.0,-20.53856226386926,3.8729601050420808,0.7798861136277146,0.0,0.0,0.0,-1.902364716079188,0.0,0.0,0.0,0.0,0.0,0.0
tactile_images/1018.png,contact,0.8166613589771989,0.0,3.0049091728876887,0.0,0.0,-20.52397385650353,0.28482000959547,0.3364861811768707,0.0,0.0,0.0,-1.9021048632752915,0.0,0.0,0.0,0.0,0.0,0.0
tactile_images/1019.png,contact,1.279819142072168,0.0,4.918470870647644,0.0,0.0,-20.49733664118272,3.778191725700715,-2.9173481146529525,0.0,0.0,0.0,-3.2387139331007364,0.0,0.0,0.0,0.0,0.0,0.0
tactile_images/1020.png,contact,-3.35302495589238,0.0,3.72637824743245,0.0,0.0,-20.49710765539805,3.1099127305523933,-3.5878969072254674,0.0,0.0,0.0,3.1295140302520768,0.0,0.0,0.0,0.0,0.0,0.0
tactile_images/1021.png,contact,-3.1707207094928,0.0,3.0184831768110287,0.0,0.0,-20.47055444445191,-4.241462142050793,2.5896228961863743,0.0,0.0,0.0,4.080690443845423,0.0,0.0,0.0,0.0,0.0,0.0
tactile_images/1022.png,contact,0.6441668518706702,0.0,3.211911822688095,0.0,0.0,-20.4340619123576,-2.980425256143101,-1.7741355385036628,0.0,0.0,0.0,-4.176726404282495,0.0,0.0,0.0,0.0,0.0,0.0
tactile_images/1023.png,contact,2.006044116283188,0.0,4.747119204545226,0.0,0.0,-20.4063790899976,1.5771066915534249,-2.5595946615775667,0.0,0.0,0.0,-3.451010882417014,0.0,0.0,0.0,0.0,0.0,0.0
tactile_images/1024.png,contact,-0.015162946871996,0.0,4.484402018242265,0.0,0.0,-20.3700371308356,-0.5649861744995839,2.378783528059887,0.0,0.0,0.0,-2.715470001281468,0.0,0.0,0.0,0.0,0.0,0.0
tactile_images/1025.png,contact,-4.961576734987789,0.0,3.5077680219221365,0.0,0.0,-20.33569726218581,-2.0930018635307945,2.36068692022982,0.0,0.0,0.0,0.0898748385416912,0.0,0.0,0.0,0.0,0.0,0.0
tactile_images/1026.png,contact,0.0840545325856307,0.0,3.3381154982674115,0.0,0.0,-20.32131554457797,-0.8136614395202093,-2.2359834366377083,0.0,0.0,0.0,2.9117203330096704,0.0,0.0,0.0,0.0,0.0,0.0
tactile_images/1027.png,contact,-2.862781993840331,0.0,4.307659927655355,0.0,0.0,-20.260341755334046,-0.5480035372936563,3.725684612518537,0.0,0.0,0.0,-4.285444752350498,0.0,0.0,0.0,0.0,0.0,0.0
tactile_images/1028.png,contact,0.5595625079779705,0.0,3.5035769066937688,0.0,0.0,-20.253680064278708,4.105522508215966,1.882501650723424,0.0,0.0,0.0,1.368129856584286,0.0,0.0,0.0,0.0,0.0,0.0
tactile_images/1029.png,contact,-4.293759891275858,0.0,3.673843826153491,0.0,0.0,-20.250798318907297,-3.9654171629504695,-1.542357821784619,0.0,0.0,0.0,-3.506645437295802,0.0,0.0,0.0,0.0,0.0,0.0
tactile_images/1030.png,contact,0.8185521183720033,0.0,3.9686858045442497,0.0,0.0,-20.23298348152125,-2.2026925319238497,-0.7251034981534108,0.0,0.0,0.0,4.714570678762653,0.0,0.0,0.0,0.0,0.0,0.0
tactile_images/1031.png,contact,2.285079974572887,0.0,3.316265291438729,0.0,0.0,-20.2302068905723,0.3756481658271395,2.2670968593061778,0.0,0.0,0.0,3.9877343085174175,0.0,0.0,0.0,0.0,0.0,0.0
tactile_images/1032.png,contact,2.9984975575519,0.0,4.804491246192463,0.0,0.0,-20.19201927819504,1.9828692663059169,-2.88416167104508,0.0,0.0,0.0,4.495828489457519,0.0,0.0,0.0,0.0,0.0,0.0
tactile_images/1033.png,contact,3.147296446166763,0.0,4.899910018664408,0.0,0.0,-20.143456703414664,1.3063728895924367,-0.3123920752477591,0.0,0.0,0.0,-3.9383612241729193,0.0,0.0,0.0,0.0,0.0,0.0
tactile_images/1034.png,contact,-1.1815573431811908,0.0,3.8359390871730543,0.0,0.0,-20.14036483401452,4.416427377373944,1.535583422580996,0.0,0.0,0.0,-0.1196361714580804,0.0,0.0,0.0,0.0,0.0,0.0
tactile_images/1035.png,contact,4.885820165459264,0.0,4.473313470437581,0.0,0.0,-20.13954177912539,2.956089248194732,0.3949854800871319,0.0,0.0,0.0,-3.347534330016248,0.0,0.0,0.0,0.0,0.0,0.0
tactile_images/1036.png,contact,-0.6578155484099639,0.0,3.927730442857695,0.0,0.0,-20.11586438836091,0.5707684197443026,1.0832834590449325,0.0,0.0,0.0,1.0035555078316625,0.0,0.0,0.0,0.0,0.0,0.0
tactile_images/1037.png,contact,4.653297332735167,0.0,3.4280142263477487,0.0,0.0,-20.109166882593787,-2.8531730832649247,0.4621249947677963,0.0,0.0,0.0,-2.672608873381359,0.0,0.0,0.0,0.0,0.0,0.0
tactile_images/1038.png,contact,-1.8544388322190155,0.0,4.813745663638105,0.0,0.0,-20.071776602255927,-0.4912576859776019,-3.007725562099799,0.0,0.0,0.0,2.706309833689708,0.0,0.0,0.0,0.0,0.0,0.0
tactile_images/1039.png,contact,-3.174078473061094,0.0,3.875995495791108,0.0,0.0,-20.00573707332912,1.9338224419447727,-0.8979465502737858,0.0,0.0,0.0,1.4400260064966774,0.0,0.0,0.0,0.0,0.0,0.0
tactile_images/1040.png,contact,-2.486452341262,0.0,4.322607924573734,0.0,0.0,-19.980230938205587,3.379621748360849,0.3198549547754572,0.0,0.0,0.0,0.7160459428726877,0.0,0.0,0.0,0.0,0.0,0.0
tactile_images/1041.png,contact,-2.7552761669501056,0.0,4.011484596710889,0.0,0.0,-19.96998773180792,4.5973622442238735,2.800627423459461,0.0,0.0,0.0,3.252271579653298,0.0,0.0,0.0,0.0,0.0,0.0
tactile_images/1042.png,contact,-3.583416767991208,0.0,3.334391709094537,0.0,0.0,-19.92733444376409,1.0545276613791763,1.5390423716954258,0.0,0.0,0.0,0.0027303083494887,0.0,0.0,0.0,0.0,0.0,0.0
tactile_images/1043.png,contact,-3.038145451934467,0.0,3.4281049124548684,0.0,0.0,-19.91591066277488,0.2691936730443247,-0.7340905481406521,0.0,0.0,0.0,-2.301482596543154,0.0,0.0,0.0,0.0,0.0,0.0
tactile_images/1044.png,contact,-2.6827341386451824,0.0,4.549766864505898,0.0,0.0,-19.914476099815825,-4.823080768788516,4.743998321591455,0.0,0.0,0.0,1.2070549680008815,0.0,0.0,0.0,0.0,0.0,0.0
tactile_images/1045.png,contact,2.739710021840003,0.0,4.811903838389289,0.0,0.0,-19.9061877377973,-4.279009308498201,-3.922044783202749,0.0,0.0,0.0,4.570626321978061,0.0,0.0,0.0,0.0,0.0,0.0
tactile_images/1046.png,contact,-0.9284018050811014,0.0,3.805464739733933,0.0,0.0,-19.90470481103734,-3.4389500236259973,-2.931951314450316,0.0,0.0,0.0,1.0115936334420574,0.0,0.0,0.0,0.0,0.0,0.0
tactile_images/1047.png,contact,4.746492565845425,0.0,3.058341337148149,0.0,0.0,-19.89582222260811,-4.452400688103719,-1.5868738996833596,0.0,0.0,0.0,1.2961944903943063,0.0,0.0,0.0,0.0,0.0,0.0
tactile_images/1048.png,contact,4.419080479196502,0.0,4.228325405232398,0.0,0.0,-19.860208332269348,-0.9913676119507356,-2.7142792301208987,0.0,0.0,0.0,4.347506812596642,0.0,0.0,0.0,0.0,0.0,0.0
tactile_images/1049.png,contact,-4.971823539029504,0.0,3.3953418737485377,0.0,0.0,-19.8274487978721,-1.631214548611278,1.2544199680601134,0.0,0.0,0.0,0.1527510030774497,0.0,0.0,0.0,0.0,0.0,0.0
tactile_images/1050.png,contact,2.879551600917733,0.0,4.653455296792564,0.0,0.0,-19.73021334657811,1.373541578683929,-4.604492706637448,0.0,0.0,0.0,4.963574617147925,0.0,0.0,0.0,0.0,0.0,0.0
tactile_images/1051.png,contact,2.1136944675974423,0.0,4.92574098800362,0.0,0.0,-19.72253999888889,0.3566510793340267,-3.225632157265841,0.0,0.0,0.0,-3.4033795646692457,0.0,0.0,0.0,0.0,0.0,0.0
tactile_images/1052.png,contact,4.351464055170316,0.0,4.786918108334232,0.0,0.0,-19.71350521442806,0.9597075938785968,-2.066527623413956,0.0,0.0,0.0,0.3703984301232026,0.0,0.0,0.0,0.0,0.0,0.0
tactile_images/1053.png,contact,-3.4810923501563007,0.0,3.6911617466973934,0.0,0.0,-19.70413659479384,-0.2802279706234589,1.8334577507931649,0.0,0.0,0.0,-2.8709915898561853,0.0,0.0,0.0,0.0,0.0,0.0
tactile_images/1054.png,contact,2.49532101207501,0.0,4.182485811501229,0.0,0.0,-19.68493949342003,-2.222628514457429,3.75864882581128,0.0,0.0,0.0,-0.4667363165930736,0.0,0.0,0.0,0.0,0.0,0.0
tactile_images/1055.png,contact,-3.025856795798129,0.0,4.822468620629342,0.0,0.0,-19.68346840245796,4.528253149464771,2.9849177055305445,0.0,0.0,0.0,-3.294260904982319,0.0,0.0,0.0,0.0,0.0,0.0
tactile_images/1056.png,contact,3.047570122019555,0.0,3.193834654133989,0.0,0.0,-19.65277859818889,-4.13590840239861,-3.179190667497452,0.0,0.0,0.0,-2.7747122847419394,0.0,0.0,0.0,0.0,0.0,0.0
tactile_images/1057.png,contact,0.2652822921943434,0.0,4.108978228642341,0.0,0.0,-19.642267949243344,4.388909994653073,0.6540575844106913,0.0,0.0,0.0,-2.891999503677365,0.0,0.0,0.0,0.0,0.0,0.0
tactile_images/1058.png,contact,2.34399957411294,0.0,4.875529118636448,0.0,0.0,-19.639305305589723,-1.8876195313526527,-4.699773546553128,0.0,0.0,0.0,-1.799686609759921,0.0,0.0,0.0,0.0,0.0,0.0
tactile_images/1059.png,contact,1.5304679810377229,0.0,3.6580114593244657,0.0,0.0,-19.63341373324592,0.1266144536729738,-1.8946322464713885,0.0,0.0,0.0,-3.653949654811636,0.0,0.0,0.0,0.0,0.0,0.0
tactile_images/1060.png,contact,-0.9366079120853844,0.0,4.041982777298714,0.0,0.0,-19.61976875164184,-3.911576771724538,3.059837948283267,0.0,0.0,0.0,3.0934217497501617,0.0,0.0,0.0,0.0,0.0,0.0
tactile_images/1061.png,contact,-1.0671504638285594,0.0,4.984031938793671,0.0,0.0,-19.60995545067621,-4.290689316289908,-0.4333428625666045,0.0,0.0,0.0,-2.793244027077865,0.0,0.0,0.0,0.0,0.0,0.0
tactile_images/1062.png,contact,3.290635975791517,0.0,3.1868637336849988,0.0,0.0,-19.59560394758096,-0.7045455128139713,-3.5005867772416543,0.0,0.0,0.0,-0.8343100485662491,0.0,0.0,0.0,0.0,0.0,0.0
tactile_images/1063.png,contact,1.257292042438797,0.0,4.308046155317521,0.0,0.0,-19.5920047931214,2.416973763796781,-0.6144661851168731,0.0,0.0,0.0,-4.839428617699757,0.0,0.0,0.0,0.0,0.0,0.0
tactile_images/1064.png,contact,2.1159456218125428,0.0,3.9438747315105886,0.0,0.0,-19.577769270525177,-2.3063522245145105,-3.0196707453777174,0.0,0.0,0.0,-3.951184567182179,0.0,0.0,0.0,0.0,0.0,0.0
tactile_images/1065.png,contact,-2.132068832826177,0.0,3.4091872285835514,0.0,0.0,-19.566825071622088,0.6234788893532004,-1.068085421360372,0.0,0.0,0.0,3.962719004132517,0.0,0.0,0.0,0.0,0.0,0.0
tactile_images/1066.png,contact,-0.0313625858008768,0.0,4.660065367256149,0.0,0.0,-19.53648638253865,-2.213496594771817,-0.1216652725215663,0.0,0.0,0.0,3.371602038404454,0.0,0.0,0.0,0.0,0.0,0.0
tactile_images/1067.png,contact,2.421123145667977,0.0,4.96010388595297,0.0,0.0,-19.447353817344982,-1.113869391069592,-1.5044188748897156,0.0,0.0,0.0,3.409224524551945,0.0,0.0,0.0,0.0,0.0,0.0
tactile_images/1068.png,contact,0.3770443899939284,0.0,3.8952477453310497,0.0,0.0,-19.43189457130736,4.064463184738248,4.369689504338609,0.0,0.0,0.0,-0.8864658274514294,0.0,0.0,0.0,0.0,0.0,0.0
tactile_images/1069.png,contact,4.908029483833704,0.0,3.5101744448427965,0.0,0.0,-19.42653195989604,3.558396254949196,0.6253029755638195,0.0,0.0,0.0,-3.584692011483358,0.0,0.0,0.0,0.0,0.0,0.0
tactile_images/1070.png,contact,-3.616909037873452,0.0,4.404792285080854,0.0,0.0,-19.421047177284294,0.1601754341762982,3.428926739468966,0.0,0.0,0.0,-3.921054785056839,0.0,0.0,0.0,0.0,0.0,0.0
tactile_images/1071.png,contact,2.2975230786921674,0.0,4.4578042715815,0.0,0.0,-19.3877334857116,-2.6189437252792125,2.6072854705558024,0.0,0.0,0.0,1.0560272480071546,0.0,0.0,0.0,0.0,0.0,0.0
tactile_images/1072.png,contact,1.013369722276869,0.0,3.786705677495524,0.0,0.0,-19.385350935566223,-3.068160872669772,1.611663092677765,0.0,0.0,0.0,3.281932549086296,0.0,0.0,0.0,0.0,0.0,0.0
tactile_images/1073.png,contact,4.930478694688093,0.0,4.734709278230715,0.0,0.0,-19.37828827805,4.540873530357143,-0.0311125169741774,0.0,0.0,0.0,4.001144821402431,0.0,0.0,0.0,0.0,0.0,0.0
tactile_images/1074.png,contact,3.098923502162724,0.0,3.1939027852534294,0.0,0.0,-19.343804357493752,-2.9728340348931246,-4.978262162184125,0.0,0.0,0.0,-2.112683494397735,0.0,0.0,0.0,0.0,0.0,0.0
tactile_images/1075.png,contact,-4.404585843529143,0.0,4.420346533180322,0.0,0.0,-19.332411634402163,3.081683109125392,1.1346760055208378,0.0,0.0,0.0,-1.7897343016654643,0.0,0.0,0.0,0.0,0.0,0.0
tactile_images/1076.png,contact,-2.3789691669576847,0.0,4.650616804845965,0.0,0.0,-19.280798980208832,-1.310297904644627,-1.4404254699750227,0.0,0.0,0.0,-3.991233431385753,0.0,0.0,0.0,0.0,0.0,0.0
tactile_images/1077.png,contact,0.0363375279876363,0.0,4.28754121620249,0.0,0.0,-19.24991790949233,4.856598475582384,-3.822378331986812,0.0,0.0,0.0,2.74409789268012,0.0,0.0,0.0,0.0,0.0,0.0
tactile_images/1078.png,contact,4.422194390036333,0.0,3.4301704575701857,0.0,0.0,-19.249118295859155,-1.3184425963721216,-0.5537373638792236,0.0,0.0,0.0,-2.243097288788612,0.0,0.0,0.0,0.0,0.0,0.0
tactile_images/1079.png,contact,-4.995577032504386,0.0,4.629584003271792,0.0,0.0,-19.239920907685747,-1.4848337508927392,2.3555332228330474,0.0,0.0,0.0,-0.1907053043657036,0.0,0.0,0.0,0.0,0.0,0.0
tactile_images/1080.png,contact,-0.8319080427709755,0.0,3.331070585387732,0.0,0.0,-19.21816645694804,1.3746362887762311,4.616777946987039,0.0,0.0,0.0,4.288973045288323,0.0,0.0,0.0,0.0,0.0,0.0
tactile_images/1081.png,contact,-0.0705964673871832,0.0,4.19525798639112,0.0,0.0,-19.20459973952451,4.615168066268193,-1.2589510887791802,0.0,0.0,0.0,2.5221573032493696,0.0,0.0,0.0,0.0,0.0,0.0
tactile_images/1082.png,contact,3.26503949644978,0.0,3.619138704476463,0.0,0.0,-19.19342795046345,4.762096057964328,0.4272329870497673,0.0,0.0,0.0,-4.472621037109282,0.0,0.0,0.0,0.0,0.0,0.0
tactile_images/1083.png,contact,-0.2451138957025467,0.0,3.428352505479173,0.0,0.0,-19.157015630868173,2.0720614646698525,3.512443833635849,0.0,0.0,0.0,-4.918454055405704,0.0,0.0,0.0,0.0,0.0,0.0
tactile_images/1084.png,contact,1.932234004778588,0.0,4.920504650402875,0.0,0.0,-19.07603911936345,2.546063656363536,-1.660005800499852,0.0,0.0,0.0,2.87407925880408,0.0,0.0,0.0,0.0,0.0,0.0
tactile_images/1085.png,contact,-0.0857069116470281,0.0,3.09483127228017,0.0,0.0,-19.06692762496246,0.6340217597302766,-3.577427550291846,0.0,0.0,0.0,0.5250023697869564,0.0,0.0,0.0,0.0,0.0,0.0
tactile_images/1086.png,contact,-0.9741310217030827,0.0,4.153918300241958,0.0,0.0,-18.997035136573786,2.557757391323319,-2.181181687673109,0.0,0.0,0.0,2.203344093627009,0.0,0.0,0.0,0.0,0.0,0.0
tactile_images/1087.png,contact,2.247608189629917,0.0,3.7743107881079663,0.0,0.0,-18.99207033767712,3.5977965497049667,3.991228298083879,0.0,0.0,0.0,-3.431846781733865,0.0,0.0,0.0,0.0,0.0,0.0
tactile_images/1088.png,contact,-4.093204020787821,0.0,4.410126568410759,0.0,0.0,-18.96554756479697,-0.139046968049767,-3.4060689153816224,0.0,0.0,0.0,3.7204784997062017,0.0,0.0,0.0,0.0,0.0,0.0
tactile_images/1089.png,contact,-3.588167711681546,0.0,4.510677859007944,0.0,0.0,-18.96261146063521,1.1986226283010302,-1.7077893899321794,0.0,0.0,0.0,2.73324979014462,0.0,0.0,0.0,0.0,0.0,0.0
tactile_images/1090.png,contact,-4.862107444796029,0.0,3.6322097758817913,0.0,0.0,-18.92735814611053,0.373166952330477,-0.3535968949965937,0.0,0.0,0.0,3.908389140546136,0.0,0.0,0.0,0.0,0.0,0.0
tactile_images/1091.png,contact,-4.320281055100175,0.0,4.352283577202915,0.0,0.0,-18.914808385832373,0.6247061352867718,3.4711322349092004,0.0,0.0,0.0,-1.5890391734252916,0.0,0.0,0.0,0.0,0.0,0.0
tactile_images/1092.png,contact,2.967769089139128,0.0,3.0180113285289503,0.0,0.0,-18.88617285360229,3.900479098739409,4.377132836529746,0.0,0.0,0.0,-2.2429480471675367,0.0,0.0,0.0,0.0,0.0,0.0
tactile_images/1093.png,contact,-0.9413071535213512,0.0,3.904646955268592,0.0,0.0,-18.88195540440983,-1.4438316979442978,-0.7418969036674516,0.0,0.0,0.0,-3.482685600760731,0.0,0.0,0.0,0.0,0.0,0.0
tactile_images/1094.png,contact,-1.3156022009252055,0.0,3.3879879124467944,0.0,0.0,-18.87739018281839,-2.918159743993758,4.319540483535157,0.0,0.0,0.0,4.300885079469971,0.0,0.0,0.0,0.0,0.0,0.0
tactile_images/1095.png,contact,3.0840705426517423,0.0,4.2517167941402345,0.0,0.0,-18.854152849963,-0.4371988972637091,-3.3854090514224544,0.0,0.0,0.0,-3.231707964421593,0.0,0.0,0.0,0.0,0.0,0.0
tactile_images/1096.png,contact,3.3832856376303813,0.0,3.744801332070712,0.0,0.0,-18.840409078656283,-2.9191480951873485,-3.431477081036296,0.0,0.0,0.0,-3.80682766288495,0.0,0.0,0.0,0.0,0.0,0.0
tactile_images/1097.png,contact,1.1959945102959035,0.0,3.468388851233626,0.0,0.0,-18.822602345136225,-0.0159957433798085,4.492508196347979,0.0,0.0,0.0,-3.0732179101321764,0.0,0.0,0.0,0.0,0.0,0.0
tactile_images/1098.png,contact,0.4073480282678607,0.0,4.567850558283775,0.0,0.0,-18.8144617003084,4.035081053570586,0.0968013352833114,0.0,0.0,0.0,2.713817267601133,0.0,0.0,0.0,0.0,0.0,0.0
tactile_images/1099.png,contact,-1.638045276218051,0.0,3.3342686297386144,0.0,0.0,-18.78511573651991,1.1743352048247775,-3.140921646460461,0.0,0.0,0.0,3.895292349828809,0.0,0.0,0.0,0.0,0.0,0.0
tactile_images/1100.png,contact,4.808077231769433,0.0,4.584913338278526,0.0,0.0,-18.74293485829492,3.554328533030777,-0.1200962942443819,0.0,0.0,0.0,3.1091345649642435,0.0,0.0,0.0,0.0,0.0,0.0
tactile_images/1101.png,contact,4.070093601768678,0.0,3.183700674458402,0.0,0.0,-18.73332306750693,-3.338090803844882,2.832111553790515,0.0,0.0,0.0,0.6323855287128479,0.0,0.0,0.0,0.0,0.0,0.0
tactile_images/1102.png,contact,3.6652002758405615,0.0,4.740800926211674,0.0,0.0,-18.722159220099204,4.008735925371768,3.269203657235236,0.0,0.0,0.0,4.938842507777231,0.0,0.0,0.0,0.0,0.0,0.0
tactile_images/1103.png,contact,-1.2770805307141782,0.0,3.502860304374927,0.0,0.0,-18.70371005237847,1.0178716440711577,3.639692566492423,0.0,0.0,0.0,-4.311459355065512,0.0,0.0,0.0,0.0,0.0,0.0
tactile_images/1104.png,contact,3.188167209499172,0.0,4.131128651135908,0.0,0.0,-18.69347107243658,-4.682402112595202,0.6957090308741858,0.0,0.0,0.0,3.671916778216256,0.0,0.0,0.0,0.0,0.0,0.0
tactile_images/1105.png,contact,-2.3361438056140207,0.0,3.065953887365187,0.0,0.0,-18.68578985562626,1.3311895528503683,3.669460143678803,0.0,0.0,0.0,-0.7228613828623107,0.0,0.0,0.0,0.0,0.0,0.0
tactile_images/1106.png,contact,0.8384600182023849,0.0,3.530739466240688,0.0,0.0,-18.652515733169423,4.51396956260918,0.1003020880325467,0.0,0.0,0.0,-0.4487765129453356,0.0,0.0,0.0,0.0,0.0,0.0
tactile_images/1107.png,contact,-2.728095732903374,0.0,4.894175093951111,0.0,0.0,-18.647460117440747,-4.20832999524638,1.0705990239107734,0.0,0.0,0.0,-3.724051063487195,0.0,0.0,0.0,0.0,0.0,0.0
tactile_images/1108.png,contact,-0.3135463156814797,0.0,3.5180702882066943,0.0,0.0,-18.603481211206,0.8245613046957212,2.5871980227164526,0.0,0.0,0.0,-4.665670256461716,0.0,0.0,0.0,0.0,0.0,0.0
tactile_images/1109.png,contact,3.590757750252373,0.0,3.9622513836336912,0.0,0.0,-18.59301809825445,4.154786028697147,-0.7456470728949149,0.0,0.0,0.0,-1.833716739305668,0.0,0.0,0.0,0.0,0.0,0.0
tactile_images/1110.png,contact,4.389220401451363,0.0,4.916655372962774,0.0,0.0,-18.56278785369951,-4.903048316656254,-4.264185128612253,0.0,0.0,0.0,-3.251464668860708,0.0,0.0,0.0,0.0,0.0,0.0
tactile_images/1111.png,contact,-0.7087741683947621,0.0,4.672946383331943,0.0,0.0,-18.554137311630125,1.3091292646582318,-1.498336431423024,0.0,0.0,0.0,-0.1666124392868839,0.0,0.0,0.0,0.0,0.0,0.0
tactile_images/1112.png,contact,-4.209945210965758,0.0,4.749866648701298,0.0,0.0,-18.54192323177385,-0.2509770816903733,1.239442167959604,0.0,0.0,0.0,-3.5266947394622807,0.0,0.0,0.0,0.0,0.0,0.0
tactile_images/1113.png,contact,4.688168649387153,0.0,3.8592054868970935,0.0,0.0,-18.53732356604061,-1.530106813513894,-3.076676303605232,0.0,0.0,0.0,-3.6207226349772426,0.0,0.0,0.0,0.0,0.0,0.0
tactile_images/1114.png,contact,0.4087597671331906,0.0,4.06640132873808,0.0,0.0,-18.517463272038498,1.27536489945376,-3.5161463650036,0.0,0.0,0.0,3.769789841038495,0.0,0.0,0.0,0.0,0.0,0.0
tactile_images/1115.png,contact,2.624566750761224,0.0,4.16273311440915,0.0,0.0,-18.49887965212946,-4.472979054125831,-2.069194554085624,0.0,0.0,0.0,4.21294701326409,0.0,0.0,0.0,0.0,0.0,0.0
tactile_images/1116.png,contact,-3.53784921704667,0.0,4.444866846044826,0.0,0.0,-18.474095180097777,2.5306304628740017,-4.678885377221786,0.0,0.0,0.0,4.642162085879098,0.0,0.0,0.0,0.0,0.0,0.0
tactile_images/1117.png,contact,2.175275736299964,0.0,3.43187640804027,0.0,0.0,-18.450634771441827,-4.955205230802924,2.434228980869197,0.0,0.0,0.0,1.8050244287391195,0.0,0.0,0.0,0.0,0.0,0.0
tactile_images/1118.png,contact,-1.2894284677988397,0.0,4.325812504689131,0.0,0.0,-18.43865603945306,-1.9306425620764776,-2.412843978116612,0.0,0.0,0.0,2.710165047958694,0.0,0.0,0.0,0.0,0.0,0.0
tactile_images/1119.png,contact,3.2288932059295106,0.0,3.305316329081568,0.0,0.0,-18.431189920947386,0.0395863768467839,-3.757616033634005,0.0,0.0,0.0,3.3578475524262927,0.0,0.0,0.0,0.0,0.0,0.0
tactile_images/1120.png,contact,-1.129395824945255,0.0,4.420486683854518,0.0,0.0,-18.394707581023862,-1.229777494334483,1.9912941596343527,0.0,0.0,0.0,1.5892205912066446,0.0,0.0,0.0,0.0,0.0,0.0
tactile_images/1121.png,contact,1.7353869175600811,0.0,4.692636025561748,0.0,0.0,-18.390728534121163,-1.925240647944176,3.429280125432878,0.0,0.0,0.0,-1.6975689529747084,0.0,0.0,0.0,0.0,0.0,0.0
tactile_images/1122.png,contact,-1.5465068686595451,0.0,3.721576802157453,0.0,0.0,-18.38484855434928,3.3083514546809614,-4.801244041382216,0.0,0.0,0.0,-3.4361300156647587,0.0,0.0,0.0,0.0,0.0,0.0
tactile_images/1123.png,contact,-3.622029736581888,0.0,4.508751911049819,0.0,0.0,-18.366857004363013,4.348325742719089,-2.664002292587752,0.0,0.0,0.0,-2.627266928418499,0.0,0.0,0.0,0.0,0.0,0.0
tactile_images/1124.png,contact,-1.439042535411307,0.0,3.9879743602869824,0.0,0.0,-18.36151076554128,3.737126849058887,4.4523232486958335,0.0,0.0,0.0,3.404140514049626,0.0,0.0,0.0,0.0,0.0,0.0
tactile_images/1125.png,contact,0.8120668092583863,0.0,4.472164288674171,0.0,0.0,-18.340626451346505,0.224313130499997,-1.1474586406722476,0.0,0.0,0.0,1.9609723828684125,0.0,0.0,0.0,0.0,0.0,0.0
tactile_images/1126.png,contact,2.5339636502197536,0.0,3.3540828821198128,0.0,0.0,-18.33027740173292,3.84164175193483,4.385920633819312,0.0,0.0,0.0,-0.4420423647384837,0.0,0.0,0.0,0.0,0.0,0.0
tactile_images/1127.png,contact,4.272369936358064,0.0,3.900190537181719,0.0,0.0,-18.31190135806688,4.208615651815437,-2.2578746162932264,0.0,0.0,0.0,-4.705949228195473,0.0,0.0,0.0,0.0,0.0,0.0
tactile_images/1128.png,contact,-4.060870604812605,0.0,4.282980738128575,0.0,0.0,-18.29729721347225,-0.9076160295253805,-2.81932364428068,0.0,0.0,0.0,-2.3379562956611686,0.0,0.0,0.0,0.0,0.0,0.0
tactile_images/1129.png,contact,3.219640331302486,0.0,3.483855456238473,0.0,0.0,-18.288347356785188,-2.1655414049455457,-2.858915882720041,0.0,0.0,0.0,2.2889749312576377,0.0,0.0,0.0,0.0,0.0,0.0
tactile_images/1130.png,contact,-2.648098009029954,0.0,4.671141419929121,0.0,0.0,-18.27261383835868,-4.017347941866797,-4.147713395750618,0.0,0.0,0.0,0.1238723509502293,0.0,0.0,0.0,0.0,0.0,0.0
tactile_images/1131.png,contact,-2.4359391617655977,0.0,4.247484490999082,0.0,0.0,-18.21497177507165,-0.2090807895077091,3.964322885091256,0.0,0.0,0.0,-0.6446750551755001,0.0,0.0,0.0,0.0,0.0,0.0
tactile_images/1132.png,contact,-0.4079375498554434,0.0,3.938605992720014,0.0,0.0,-18.18229028880201,4.462969204384415,4.798350226329012,0.0,0.0,0.0,-1.8632059922009223,0.0,0.0,0.0,0.0,0.0,0.0
tactile_images/1133.png,contact,-1.7910231914448964,0.0,3.1822746781794145,0.0,0.0,-18.11691887900515,0.6090752807037099,4.5450880727163785,0.0,0.0,0.0,1.0693183057702391,0.0,0.0,0.0,0.0,0.0,0.0
tactile_images/1134.png,contact,-1.5640960350065694,0.0,3.126067304999524,0.0,0.0,-18.115633158784654,1.675621017861716,3.52028139827274,0.0,0.0,0.0,4.663853853716892,0.0,0.0,0.0,0.0,0.0,0.0
tactile_images/1135.png,contact,1.4510231651344596,0.0,3.260388919740733,0.0,0.0,-18.07240444814472,-3.871161815081524,3.4688790765097526,0.0,0.0,0.0,4.0112364329750605,0.0,0.0,0.0,0.0,0.0,0.0
tactile_images/1136.png,contact,4.950600190655904,0.0,3.570810580605684,0.0,0.0,-18.05971885295712,-3.564803358577437,1.6108546716898768,0.0,0.0,0.0,-4.69502061915718,0.0,0.0,0.0,0.0,0.0,0.0
tactile_images/1137.png,contact,-4.252483174156659,0.0,3.148493718661092,0.0,0.0,-17.99762350815939,-0.3552673804032746,3.262137119506136,0.0,0.0,0.0,-0.1904617741655423,0.0,0.0,0.0,0.0,0.0,0.0
tactile_images/1138.png,contact,-3.23552226611819,0.0,3.4431868608788947,0.0,0.0,-17.977603777547532,4.512647989837257,-2.9165763565695224,0.0,0.0,0.0,-1.705307019530523,0.0,0.0,0.0,0.0,0.0,0.0
tactile_images/1139.png,contact,3.228502105526141,0.0,3.0891400814252616,0.0,0.0,-17.959915840497978,-1.3921535840847108,-1.120873696128715,0.0,0.0,0.0,0.1060466233980097,0.0,0.0,0.0,0.0,0.0,0.0
tactile_images/1140.png,contact,-1.9673716536415065,0.0,3.341354870604468,0.0,0.0,-17.952340525456773,3.774840413175335,1.4083629329474787,0.0,0.0,0.0,1.0621368987171476,0.0,0.0,0.0,0.0,0.0,0.0
tactile_images/1141.png,contact,-2.282163486118596,0.0,4.566580184877733,0.0,0.0,-17.937793194863215,-3.797114065742885,3.747713325615964,0.0,0.0,0.0,-2.999719320024532,0.0,0.0,0.0,0.0,0.0,0.0
tactile_images/1142.png,contact,1.9903643305318373,0.0,4.907841607693444,0.0,0.0,-17.91220361306318,1.1701720693371005,1.6046946236878368,0.0,0.0,0.0,2.8156806954825626,0.0,0.0,0.0,0.0,0.0,0.0
tactile_images/1143.png,contact,-1.7849996829263777,0.0,3.9910183546612767,0.0,0.0,-17.907652166247104,1.0061297691051818,3.390219583342059,0.0,0.0,0.0,-0.2493194991403369,0.0,0.0,0.0,0.0,0.0,0.0
tactile_images/1144.png,contact,-1.7712063973500936,0.0,4.94595476084061,0.0,0.0,-17.895101669886667,3.598747500702684,-0.260504841507025,0.0,0.0,0.0,4.920060548982461,0.0,0.0,0.0,0.0,0.0,0.0
tactile_images/1145.png,contact,2.034400877940693,0.0,3.622083410113968,0.0,0.0,-17.863691828441983,-4.966832955950985,2.173037377050443,0.0,0.0,0.0,-4.748726142564388,0.0,0.0,0.0,0.0,0.0,0.0
tactile_images/1146.png,contact,1.0099729612986974,0.0,3.714483936340272,0.0,0.0,-17.84181984747923,-3.1006833280242785,4.799808063750866,0.0,0.0,0.0,-3.102808238135415,0.0,0.0,0.0,0.0,0.0,0.0
tactile_images/1147.png,contact,3.628515118472568,0.0,4.448271957665266,0.0,0.0,-17.82177957414573,-2.8031237457051827,-3.4651144287024227,0.0,0.0,0.0,1.896298005603981,0.0,0.0,0.0,0.0,0.0,0.0
tactile_images/1148.png,contact,3.183860322433973,0.0,3.0507429760846314,0.0,0.0,-17.81290806538529,4.499660880907374,4.269206923158899,0.0,0.0,0.0,1.951797465255588,0.0,0.0,0.0,0.0,0.0,0.0
tactile_images/1149.png,contact,-4.508635622504103,0.0,3.186060749481792,0.0,0.0,-17.804686197749323,-3.4630634373010505,0.2236394784190274,0.0,0.0,0.0,0.8218822441694495,0.0,0.0,0.0,0.0,0.0,0.0
tactile_images/1150.png,contact,-0.4140760734758517,0.0,3.9118923715373226,0.0,0.0,-17.80458630252409,-4.630376497794396,1.4321803073005803,0.0,0.0,0.0,4.719600286906287,0.0,0.0,0.0,0.0,0.0,0.0
tactile_images/1151.png,contact,-2.4270652119998104,0.0,3.116594407724714,0.0,0.0,-17.77901581520904,0.3446149474180799,3.778690069105128,0.0,0.0,0.0,-0.8468499128006659,0.0,0.0,0.0,0.0,0.0,0.0
tactile_images/1152.png,contact,-4.198556164127606,0.0,3.60366932178579,0.0,0.0,-17.765494118216658,0.285584624336817,-0.9034582744768302,0.0,0.0,0.0,-0.8296318793248059,0.0,0.0,0.0,0.0,0.0,0.0
tactile_images/1153.png,contact,-2.5704811469862543,0.0,3.614924346067052,0.0,0.0,-17.737463868208884,3.440469653678642,-0.8130742510994935,0.0,0.0,0.0,4.104763632241733,0.0,0.0,0.0,0.0,0.0,0.0
tactile_images/1154.png,contact,0.5720186345626255,0.0,3.505485337496906,0.0,0.0,-17.73081624020808,4.488596501778021,0.2718183634710041,0.0,0.0,0.0,0.3844178199681067,0.0,0.0,0.0,0.0,0.0,0.0
tactile_images/1155.png,contact,-0.8162229298919357,0.0,4.013002402073851,0.0,0.0,-17.725792651327207,0.3854544214013096,-4.808979155031494,0.0,0.0,0.0,-1.4627233841439955,0.0,0.0,0.0,0.0,0.0,0.0
tactile_images/1156.png,contact,-3.465143386902781,0.0,4.147923035003259,0.0,0.0,-17.69981558445116,4.299941824196555,-0.033338190566492,0.0,0.0,0.0,2.18937985833859,0.0,0.0,0.0,0.0,0.0,0.0
tactile_images/1157.png,contact,-1.4328821844235318,0.0,3.265207981493622,0.0,0.0,-17.650118882626035,2.2515915129982966,-2.089127350057697,0.0,0.0,0.0,1.1967061818752749,0.0,0.0,0.0,0.0,0.0,0.0
tactile_images/1158.png,contact,-2.56751505688635,0.0,4.872685506796456,0.0,0.0,-17.646868474806027,-2.35440872004415,4.279541823917814,0.0,0.0,0.0,-1.935899497134085,0.0,0.0,0.0,0.0,0.0,0.0
tactile_images/1159.png,contact,-3.070709038667029,0.0,4.705912227347498,0.0,0.0,-17.64267516260951,4.284207109439263,-4.122647012469686,0.0,0.0,0.0,-2.020712019187844,0.0,0.0,0.0,0.0,0.0,0.0
tactile_images/1160.png,contact,-1.5892394191015136,0.0,3.666015266104489,0.0,0.0,-17.635925732777316,1.674431761818748,-0.4067953798019816,0.0,0.0,0.0,-1.0438720247274524,0.0,0.0,0.0,0.0,0.0,0.0
tactile_images/1161.png,contact,-3.81690611843508,0.0,4.953942109252521,0.0,0.0,-17.61720449312141,-0.8590406725736619,4.474681703773609,0.0,0.0,0.0,-4.283799343398064,0.0,0.0,0.0,0.0,0.0,0.0
tactile_images/1162.png,contact,-3.930902051954149,0.0,3.5470057316594144,0.0,0.0,-17.566817884700807,1.802420845169307,4.010352503184775,0.0,0.0,0.0,4.426169024876391,0.0,0.0,0.0,0.0,0.0,0.0
tactile_images/1163.png,contact,-4.711509073682858,0.0,4.8060021703029925,0.0,0.0,-17.541451696183863,-0.9868717225624914,2.013484423745502,0.0,0.0,0.0,-3.1697995980333493,0.0,0.0,0.0,0.0,0.0,0.0
tactile_images/1164.png,contact,-4.681934279147217,0.0,3.992438958979849,0.0,0.0,-17.53990742894317,-3.858162320120408,0.8936105199607471,0.0,0.0,0.0,-3.061756976722795,0.0,0.0,0.0,0.0,0.0,0.0
tactile_images/1165.png,contact,0.2309989353202999,0.0,4.552782737305452,0.0,0.0,-17.532554900404264,2.189787471768998,-2.1926906286715986,0.0,0.0,0.0,1.470384050170777,0.0,0.0,0.0,0.0,0.0,0.0
tactile_images/1166.png,contact,0.8241922421507164,0.0,3.661585982855312,0.0,0.0,-17.51062479346285,3.240876121707437,-1.3304288724754525,0.0,0.0,0.0,2.2424704729981126,0.0,0.0,0.0,0.0,0.0,0.0
tactile_images/1167.png,contact,-3.187402294840508,0.0,3.746928433585444,0.0,0.0,-17.479186740935084,2.288061990193877,-4.098651352458727,0.0,0.0,0.0,2.368354595998724,0.0,0.0,0.0,0.0,0.0,0.0
tactile_images/1168.png,contact,3.974902720093208,0.0,4.404194376758982,0.0,0.0,-17.425539555686605,-2.7088533224332343,2.8610829775823765,0.0,0.0,0.0,-1.2492497649576897,0.0,0.0,0.0,0.0,0.0,0.0
tactile_images/1169.png,contact,-3.884036723086812,0.0,4.675458197245312,0.0,0.0,-17.39107614123436,4.56635013477613,-1.7613023209618826,0.0,0.0,0.0,3.733289529099256,0.0,0.0,0.0,0.0,0.0,0.0
tactile_images/1170.png,contact,-0.412665786761103,0.0,3.011541322585936,0.0,0.0,-17.351245185912852,-4.74745438308844,1.6778189903020737,0.0,0.0,0.0,0.4399906174804435,0.0,0.0,0.0,0.0,0.0,0.0
tactile_images/1171.png,contact,2.839618174904004,0.0,3.901807306186297,0.0,0.0,-17.347051698407,-1.673147026243594,-1.4240522280138657,0.0,0.0,0.0,-0.6141244783744444,0.0,0.0,0.0,0.0,0.0,0.0
tactile_images/1172.png,contact,-1.8632719668609743,0.0,4.037779063302163,0.0,0.0,-17.31261527099193,-2.399075654651045,-0.3566955860373735,0.0,0.0,0.0,3.103864608656673,0.0,0.0,0.0,0.0,0.0,0.0
tactile_images/1173.png,contact,-3.902580530178021,0.0,3.02894128300573,0.0,0.0,-17.30769807122342,-4.5187377238514905,0.5500247237639497,0.0,0.0,0.0,-2.564387507761623,0.0,0.0,0.0,0.0,0.0,0.0
tactile_images/1174.png,contact,2.036423864867116,0.0,3.3542709095860053,0.0,0.0,-17.27771833782564,-0.942703070113316,3.018524083906035,0.0,0.0,0.0,3.601854434355192,0.0,0.0,0.0,0.0,0.0,0.0
tactile_images/1175.png,contact,3.645404632053092,0.0,4.388711777990542,0.0,0.0,-17.26862331565328,1.2311484016277454,-2.888436224593196,0.0,0.0,0.0,0.3882939456492753,0.0,0.0,0.0,0.0,0.0,0.0
tactile_images/1176.png,contact,1.252780294926236,0.0,3.8950844709325487,0.0,0.0,-17.25875541630523,3.825528634851013,-1.012346131701436,0.0,0.0,0.0,4.000581576731365,0.0,0.0,0.0,0.0,0.0,0.0
tactile_images/1177.png,contact,0.715420961512045,0.0,3.998423007066533,0.0,0.0,-17.2567809445657,4.896897161914701,-3.699184281081824,0.0,0.0,0.0,-2.983874689442408,0.0,0.0,0.0,0.0,0.0,0.0
tactile_images/1178.png,contact,-0.4645854172812438,0.0,3.371208127910866,0.0,0.0,-17.252900651861243,3.080895864043981,-4.242394950787407,0.0,0.0,0.0,4.360630760024259,0.0,0.0,0.0,0.0,0.0,0.0
tactile_images/1179.png,contact,-3.1446848258893585,0.0,4.151002036938118,0.0,0.0,-17.248010469394366,-0.3131948128717523,1.0467435616879186,0.0,0.0,0.0,1.8787674197239017,0.0,0.0,0.0,0.0,0.0,0.0
tactile_images/1180.png,contact,-1.018815896363221,0.0,4.790825422388438,0.0,0.0,-17.245646382623832,2.237044259670306,-3.1090895564109733,0.0,0.0,0.0,1.183285268023856,0.0,0.0,0.0,0.0,0.0,0.0
tactile_images/1181.png,contact,1.856440189236733,0.0,3.7777029929482326,0.0,0.0,-17.24497083885054,3.436237885896407,-4.402006580739012,0.0,0.0,0.0,-0.7793248051699262,0.0,0.0,0.0,0.0,0.0,0.0
tactile_images/1182.png,contact,3.153675426526308,0.0,4.620411699006671,0.0,0.0,-17.192118529186455,-0.3469280358131863,3.9709793120640544,0.0,0.0,0.0,4.5631499996572416,0.0,0.0,0.0,0.0,0.0,0.0
tactile_images/1183.png,contact,4.629923652845074,0.0,3.696461279414737,0.0,0.0,-17.187586864161172,2.8505443402549986,0.3431441978539586,0.0,0.0,0.0,-0.5608037168848723,0.0,0.0,0.0,0.0,0.0,0.0
tactile_images/1184.png,contact,-3.706884554574394,0.0,4.893582344563241,0.0,0.0,-17.185118219968516,-0.1734758168712327,-3.653717925970153,0.0,0.0,0.0,-0.0145704755242412,0.0,0.0,0.0,0.0,0.0,0.0
tactile_images/1185.png,contact,0.700423802201783,0.0,4.819436623815552,0.0,0.0,-17.163595978430074,-1.135040091232773,-4.465738725524503,0.0,0.0,0.0,2.814981085853125,0.0,0.0,0.0,0.0,0.0,0.0
tactile_images/1186.png,contact,-4.325548784193121,0.0,4.177377948672032,0.0,0.0,-17.133939636645934,0.2609083778376124,-3.80139946586344,0.0,0.0,0.0,-2.151575703872939,0.0,0.0,0.0,0.0,0.0,0.0
tactile_images/1187.png,contact,2.627732082640055,0.0,3.995952605174786,0.0,0.0,-17.09999899096094,1.7585473762714487,-0.2866275967938589,0.0,0.0,0.0,-2.085046871862082,0.0,0.0,0.0,0.0,0.0,0.0
tactile_images/1188.png,contact,-4.609201469288246,0.0,4.219737469971076,0.0,0.0,-17.07782177811505,2.268820563185974,1.684652551688978,0.0,0.0,0.0,2.7529768762122,0.0,0.0,0.0,0.0,0.0,0.0
tactile_images/1189.png,contact,4.496504730306468,0.0,3.0603840306743773,0.0,0.0,-17.075824318810582,-1.4326373110789214,1.4128007498604551,0.0,0.0,0.0,-3.7142021080989207,0.0,0.0,0.0,0.0,0.0,0.0
tactile_images/1190.png,contact,0.8258899685122101,0.0,4.556743809090983,0.0,0.0,-17.072088161085965,0.7132025155603481,-3.555769137355015,0.0,0.0,0.0,3.229645202930234,0.0,0.0,0.0,0.0,0.0,0.0
tactile_images/1191.png,contact,1.6238482859637204,0.0,3.747211319068118,0.0,0.0,-17.070299357889326,4.098708740804471,1.3348895183770884,0.0,0.0,0.0,1.2517500830984831,0.0,0.0,0.0,0.0,0.0,0.0
tactile_images/1192.png,contact,3.672842459569397,0.0,4.097683511186948,0.0,0.0,-17.067296170432858,4.763129001106398,-0.9513437578240058,0.0,0.0,0.0,0.3908376640327109,0.0,0.0,0.0,0.0,0.0,0.0
tactile_images/1193.png,contact,4.326493985312283,0.0,4.807963393178571,0.0,0.0,-17.052338759219488,-2.727519088160455,-0.3525621570053499,0.0,0.0,0.0,-2.7089061782011847,0.0,0.0,0.0,0.0,0.0,0.0
tactile_images/1194.png,contact,2.9814654787705166,0.0,3.0018116704921805,0.0,0.0,-17.0319052616798,-3.0716883428665853,3.0143040624531707,0.0,0.0,0.0,2.863681693444088,0.0,0.0,0.0,0.0,0.0,0.0
tactile_images/1195.png,contact,-3.442123252861432,0.0,4.40346208151157,0.0,0.0,-17.010476818924168,1.7668563342864854,-1.6750062732036164,0.0,0.0,0.0,3.049530895087493,0.0,0.0,0.0,0.0,0.0,0.0
tactile_images/1196.png,contact,1.1610877862678857,0.0,3.299098637113889,0.0,0.0,-16.941235351308336,-0.8531611417655611,-3.5300095283664623,0.0,0.0,0.0,-0.1705813212348221,0.0,0.0,0.0,0.0,0.0,0.0
tactile_images/1197.png,contact,-3.5034800111989544,0.0,4.077638734499338,0.0,0.0,-16.930108420654705,-4.75777661581863,3.734531335663405,0.0,0.0,0.0,-1.1083102514279115,0.0,0.0,0.0,0.0,0.0,0.0
tactile_images/1198.png,contact,-3.6996915964768498,0.0,3.870872257804071,0.0,0.0,-16.89429816996703,-1.531381293527159,-2.8786942413366203,0.0,0.0,0.0,-2.5383816247606017,0.0,0.0,0.0,0.0,0.0,0.0
tactile_images/1199.png,contact,1.2353663312195042,0.0,4.911837599924088,0.0,0.0,-16.867776702621537,3.0674474347225207,-2.059701294453573,0.0,0.0,0.0,2.542340170891749,0.0,0.0,0.0,0.0,0.0,0.0
tactile_images/1200.png,contact,-0.1908178513621807,0.0,4.033328519687749,0.0,0.0,-16.860371098868068,2.974269303831826,2.0659005890262243,0.0,0.0,0.0,1.3945192312670611,0.0,0.0,0.0,0.0,0.0,0.0
tactile_images/1201.png,contact,3.14353295098757,0.0,4.10902511138193,0.0,0.0,-16.840537866366045,-0.0531485118341814,1.8355031705760725,0.0,0.0,0.0,-2.933689706331423,0.0,0.0,0.0,0.0,0.0,0.0
tactile_images/1202.png,contact,2.6628791808956698,0.0,3.4107363693799706,0.0,0.0,-16.837355641030257,-0.2742206511246472,3.004000212838287,0.0,0.0,0.0,2.944680796849007,0.0,0.0,0.0,0.0,0.0,0.0
tactile_images/1203.png,contact,1.0402952733754511,0.0,3.3362821717894944,0.0,0.0,-16.823880961868984,0.7950744243437748,-3.1613335855205893,0.0,0.0,0.0,3.822053133584596,0.0,0.0,0.0,0.0,0.0,0.0
tactile_images/1204.png,contact,3.631813690810386,0.0,4.955425625650999,0.0,0.0,-16.770518174189828,-2.80603289436424,-1.4772010668579671,0.0,0.0,0.0,-4.407527372517541,0.0,0.0,0.0,0.0,0.0,0.0
tactile_images/1205.png,contact,1.8828892391058905,0.0,4.415045637956085,0.0,0.0,-16.76721257370877,0.2604362489095546,-3.741167610437389,0.0,0.0,0.0,2.724206380240412,0.0,0.0,0.0,0.0,0.0,0.0
tactile_images/1206.png,contact,3.1480443213253206,0.0,4.25042306771503,0.0,0.0,-16.7399661949086,-4.889536399433516,0.4103914716860419,0.0,0.0,0.0,3.528019334276525,0.0,0.0,0.0,0.0,0.0,0.0
tactile_images/1207.png,contact,-4.50772707731338,0.0,4.501622762748879,0.0,0.0,-16.738676077964865,-0.2444044521686628,-2.074294074612988,0.0,0.0,0.0,4.915078994745469,0.0,0.0,0.0,0.0,0.0,0.0
tactile_images/1208.png,contact,1.5174453297669963,0.0,3.548825263271364,0.0,0.0,-16.715691160116968,-1.6394895374940743,1.889356410085627,0.0,0.0,0.0,-2.6239850106263307,0.0,0.0,0.0,0.0,0.0,0.0
tactile_images/1209.png,contact,-3.049067768414385,0.0,3.6624276292462414,0.0,0.0,-16.693886666464817,1.7486960590365968,-4.996556320154589,0.0,0.0,0.0,-1.2899679478574724,0.0,0.0,0.0,0.0,0.0,0.0
tactile_images/1210.png,contact,2.689252034119286,0.0,4.170243321854249,0.0,0.0,-16.68939835846208,1.3835358415262755,-4.403170015404207,0.0,0.0,0.0,4.66191092200879,0.0,0.0,0.0,0.0,0.0,0.0
tactile_images/1211.png,contact,3.4045531988681166,0.0,4.7693499699067,0.0,0.0,-16.661004667402523,-1.1916411981719095,-0.6743969948065667,0.0,0.0,0.0,-4.059844497064155,0.0,0.0,0.0,0.0,0.0,0.0
tactile_images/1212.png,contact,-1.1145423543464783,0.0,4.433263873404063,0.0,0.0,-16.632058801108577,-4.927270185214084,4.581841559755684,0.0,0.0,0.0,0.2370784391475409,0.0,0.0,0.0,0.0,0.0,0.0
tactile_images/1213.png,contact,-1.6948695519819008,0.0,4.720495621954929,0.0,0.0,-16.60146563431308,-2.477263706050396,3.908513873591829,0.0,0.0,0.0,0.0674457983788769,0.0,0.0,0.0,0.0,0.0,0.0
tactile_images/1214.png,contact,2.2140966096804138,0.0,4.428306292784348,0.0,0.0,-16.596104824298294,1.3334785018916229,4.940090280619833,0.0,0.0,0.0,1.065477388811637,0.0,0.0,0.0,0.0,0.0,0.0
tactile_images/1215.png,contact,-4.367299887367345,0.0,3.0806504794419016,0.0,0.0,-16.578655529775975,-4.276266569824955,-0.8316977513595516,0.0,0.0,0.0,-1.6920738515370992,0.0,0.0,0.0,0.0,0.0,0.0
tactile_images/1216.png,contact,1.4537784235922349,0.0,3.060993095705509,0.0,0.0,-16.57516543622486,-3.923575781665362,-4.534315137262484,0.0,0.0,0.0,4.259180886717914,0.0,0.0,0.0,0.0,0.0,0.0
tactile_images/1217.png,contact,1.8617319177558445,0.0,3.3546225070452897,0.0,0.0,-16.567624578992767,1.470350245670872,-1.940438579802376,0.0,0.0,0.0,-2.2993873904092723,0.0,0.0,0.0,0.0,0.0,0.0
tactile_images/1218.png,contact,4.78086671224991,0.0,3.649501217934404,0.0,0.0,-16.552825318844548,2.5576740094929225,1.7577085217395148,0.0,0.0,0.0,1.4969551758440236,0.0,0.0,0.0,0.0,0.0,0.0
tactile_images/1219.png,contact,2.2002090633971583,0.0,3.173879121384508,0.0,0.0,-16.54397542114124,-1.784502919872879,-3.6483619023258473,0.0,0.0,0.0,-0.0407297724506383,0.0,0.0,0.0,0.0,0.0,0.0
tactile_images/1220.png,contact,3.337166312439206,0.0,4.218390782786653,0.0,0.0,-16.51042804701385,-0.1032693448343815,-2.00027821239999,0.0,0.0,0.0,-2.333265475199201,0.0,0.0,0.0,0.0,0.0,0.0
tactile_images/1221.png,contact,-1.15298025069802,0.0,4.225185616551753,0.0,0.0,-16.43352037569278,4.457113649836586,-4.438338354551413,0.0,0.0,0.0,-3.11146204277573,0.0,0.0,0.0,0.0,0.0,0.0
tactile_images/1222.png,contact,-4.011580104909889,0.0,4.53152664209508,0.0,0.0,-16.37942225450397,4.455435621759694,-0.2503296160976571,0.0,0.0,0.0,4.56562124257659,0.0,0.0,0.0,0.0,0.0,0.0
tactile_images/1223.png,contact,-3.078459419412585,0.0,4.957712030356469,0.0,0.0,-16.350730824935948,-1.9249722553656987,-2.9107932230491205,0.0,0.0,0.0,0.6129146159578589,0.0,0.0,0.0,0.0,0.0,0.0
tactile_images/1224.png,contact,-1.939495905101568,0.0,3.0879432832429097,0.0,0.0,-16.287545846398544,3.0998787501709018,-4.0875197310099765,0.0,0.0,0.0,1.0419091222444177,0.0,0.0,0.0,0.0,0.0,0.0
tactile_images/1225.png,contact,2.585035147431322,0.0,4.011966658314127,0.0,0.0,-16.256550020556443,0.9394405280685882,-0.8878419051752093,0.0,0.0,0.0,2.828954590419784,0.0,0.0,0.0,0.0,0.0,0.0
tactile_images/1226.png,contact,2.8766088932172384,0.0,3.442475639613368,0.0,0.0,-16.220043985599027,4.754844933503801,-1.4877459562584503,0.0,0.0,0.0,-4.187733414002168,0.0,0.0,0.0,0.0,0.0,0.0
tactile_images/1227.png,contact,-1.2750546321837009,0.0,3.4023459342278013,0.0,0.0,-16.216174187923816,-0.2238643028890354,0.3751773694549234,0.0,0.0,0.0,2.137642677967788,0.0,0.0,0.0,0.0,0.0,0.0
tactile_images/1228.png,contact,3.605061393479581,0.0,4.683617418057638,0.0,0.0,-16.214766903722964,2.747068680155616,2.490386553136391,0.0,0.0,0.0,-3.3485986242767964,0.0,0.0,0.0,0.0,0.0,0.0
tactile_images/1229.png,contact,-4.5807348011938025,0.0,4.689900754545208,0.0,0.0,-16.213226496326094,2.6813712961487104,-3.874312635734948,0.0,0.0,0.0,2.40481085076456,0.0,0.0,0.0,0.0,0.0,0.0
tactile_images/1230.png,contact,1.2905899184223475,0.0,4.500300562597035,0.0,0.0,-16.17929631283304,-0.025671323669238,2.911255902100085,0.0,0.0,0.0,-3.586713283726227,0.0,0.0,0.0,0.0,0.0,0.0
tactile_images/1231.png,contact,2.657966290736659,0.0,4.020431868156808,0.0,0.0,-16.155932646117396,2.9563011429730777,-4.737100201248198,0.0,0.0,0.0,3.3249369987359625,0.0,0.0,0.0,0.0,0.0,0.0
tactile_images/1232.png,contact,3.04759397043508,0.0,3.6301119386373086,0.0,0.0,-16.13663159727876,-2.389596666930035,-0.568980975041522,0.0,0.0,0.0,1.810162607270125,0.0,0.0,0.0,0.0,0.0,0.0
tactile_images/1233.png,contact,-0.590592849466022,0.0,4.096967171498249,0.0,0.0,-16.099017024767477,-3.777469637097712,0.8743028688588197,0.0,0.0,0.0,-1.141097111475796,0.0,0.0,0.0,0.0,0.0,0.0
tactile_images/1234.png,contact,-2.5237452943768,0.0,3.2997255977731035,0.0,0.0,-16.07078292236846,-0.748362553446837,4.569986731397975,0.0,0.0,0.0,-1.4116555609741654,0.0,0.0,0.0,0.0,0.0,0.0
tactile_images/1235.png,contact,4.188508214637609,0.0,3.798283322187903,0.0,0.0,-16.06601764888282,4.436306566335848,0.7392302686964971,0.0,0.0,0.0,-3.510529364440804,0.0,0.0,0.0,0.0,0.0,0.0
tactile_images/1236.png,contact,-4.717820827209607,0.0,3.5757590066696894,0.0,0.0,-16.048435799966903,0.0074460820252877,-3.4125080672861143,0.0,0.0,0.0,4.040533557661165,0.0,0.0,0.0,0.0,0.0,0.0
tactile_images/1237.png,contact,-0.3030213324915829,0.0,4.583280144366126,0.0,0.0,-16.043713531833394,1.3525913864692694,0.1754180534390919,0.0,0.0,0.0,-3.814707271511876,0.0,0.0,0.0,0.0,0.0,0.0
tactile_images/1238.png,contact,-4.799703293588507,0.0,3.818689841764785,0.0,0.0,-16.04064867763527,1.241624559078753,-1.042160528085838,0.0,0.0,0.0,-0.2792261147087433,0.0,0.0,0.0,0.0,0.0,0.0
tactile_images/1239.png,contact,-1.4047604217584393,0.0,4.801926992077528,0.0,0.0,-16.03827822711521,-3.674271327304696,-0.2064443239975633,0.0,0.0,0.0,-2.6348154521019653,0.0,0.0,0.0,0.0,0.0,0.0
tactile_images/1240.png,contact,0.8897153019329531,0.0,4.009508647131083,0.0,0.0,-16.032432924908445,-1.0970311762278977,-3.029029853409128,0.0,0.0,0.0,4.963275080190261,0.0,0.0,0.0,0.0,0.0,0.0
tactile_images/1241.png,contact,3.3878118802487744,0.0,4.964080175181964,0.0,0.0,-16.02054933059116,2.069389729218748,0.0082704231127186,0.0,0.0,0.0,0.8584405151869827,0.0,0.0,0.0,0.0,0.0,0.0
tactile_images/1242.png,contact,-2.9985525594731524,0.0,4.656086571548505,0.0,0.0,-15.99103509567544,4.719900985807263,-3.499602357091232,0.0,0.0,0.0,-3.504154966089872,0.0,0.0,0.0,0.0,0.0,0.0
tactile_images/1243.png,contact,-1.3141892121837635,0.0,4.704428413445958,0.0,0.0,-15.964914470272412,-3.3198226170297387,2.440430806908699,0.0,0.0,0.0,1.6756399762180705,0.0,0.0,0.0,0.0,0.0,0.0
tactile_images/1244.png,contact,-2.045544280274453,0.0,4.426056404578193,0.0,0.0,-15.9009210425926,-0.8955810966088373,0.9390626022559792,0.0,0.0,0.0,4.916090172225513,0.0,0.0,0.0,0.0,0.0,0.0
tactile_images/1245.png,contact,0.6102857929436389,0.0,3.953507751016656,0.0,0.0,-15.880737753301425,-4.049062001972707,-4.214723084082167,0.0,0.0,0.0,1.05043280615374,0.0,0.0,0.0,0.0,0.0,0.0
tactile_images/1246.png,contact,0.4174710950848332,0.0,3.4667925389162537,0.0,0.0,-15.864819211178244,-2.5762354035074395,3.896144679289797,0.0,0.0,0.0,-0.426209054438055,0.0,0.0,0.0,0.0,0.0,0.0
tactile_images/1247.png,contact,2.3467386244453303,0.0,4.244630712908529,0.0,0.0,-15.856331889755246,-1.2324065667384976,1.1637960461563832,0.0,0.0,0.0,-2.0672987838134538,0.0,0.0,0.0,0.0,0.0,0.0
tactile_images/1248.png,contact,-4.680763814507335,0.0,3.417674040903968,0.0,0.0,-15.799441171829445,0.4064324795235041,-1.8389294487216856,0.0,0.0,0.0,-4.078765851712321,0.0,0.0,0.0,0.0,0.0,0.0
tactile_images/1249.png,contact,-3.179670241190621,0.0,4.64092258031663,0.0,0.0,-15.77980098958874,-2.6943311776091905,-4.543576004726897,0.0,0.0,0.0,-2.7175370101011245,0.0,0.0,0.0,0.0,0.0,0.0
tactile_images/1250.png,contact,2.404582168239097,0.0,3.261396507496626,0.0,0.0,-15.768494742296824,-2.7243733882131425,1.3222669577163302,0.0,0.0,0.0,0.5362077956487372,0.0,0.0,0.0,0.0,0.0,0.0
tactile_images/1251.png,contact,3.4384740263380964,0.0,3.225008266476183,0.0,0.0,-15.751133139862247,2.7782997914020378,-1.2655973865166317,0.0,0.0,0.0,2.5378569864958225,0.0,0.0,0.0,0.0,0.0,0.0
tactile_images/1252.png,contact,3.880803806022721,0.0,4.34194941897157,0.0,0.0,-15.72855911039607,4.626416629468812,4.076181048784877,0.0,0.0,0.0,3.779308902296496,0.0,0.0,0.0,0.0,0.0,0.0
tactile_images/1253.png,contact,0.9241579142618308,0.0,3.0701298980374374,0.0,0.0,-15.720495591227262,-1.7638703224854382,-4.651221672858254,0.0,0.0,0.0,2.9371225037267044,0.0,0.0,0.0,0.0,0.0,0.0
tactile_images/1254.png,contact,3.603487452436871,0.0,3.594985339985336,0.0,0.0,-15.703381653186131,1.8799201863568007,-4.608975646577567,0.0,0.0,0.0,-3.745347986275824,0.0,0.0,0.0,0.0,0.0,0.0
tactile_images/1255.png,contact,-4.092202058615602,0.0,3.994047295554413,0.0,0.0,-15.69469435852838,-2.4191953864207925,4.492992869069354,0.0,0.0,0.0,2.7345988501304674,0.0,0.0,0.0,0.0,0.0,0.0
tactile_images/1256.png,contact,-0.968518768877594,0.0,4.860846986357556,0.0,0.0,-15.676390880488515,4.2795225496563205,4.648739456795063,0.0,0.0,0.0,0.8160454614580557,0.0,0.0,0.0,0.0,0.0,0.0
tactile_images/1257.png,contact,3.729394873481152,0.0,4.5426462864337,0.0,0.0,-15.664361044100826,1.7290236016539833,-4.7225777322736135,0.0,0.0,0.0,-0.3089244249517628,0.0,0.0,0.0,0.0,0.0,0.0
tactile_images/1258.png,contact,-0.3229187595145442,0.0,3.4500807980883987,0.0,0.0,-15.64809056854508,3.026768546375699,2.160332349413276,0.0,0.0,0.0,0.727641184720806,0.0,0.0,0.0,0.0,0.0,0.0
tactile_images/1259.png,contact,-4.504591705752958,0.0,3.2162918846743973,0.0,0.0,-15.62632152134604,-4.506459568008352,-2.785051476711596,0.0,0.0,0.0,-4.919246712275125,0.0,0.0,0.0,0.0,0.0,0.0
tactile_images/1260.png,contact,-3.70578425046007,0.0,3.548272334383877,0.0,0.0,-15.619550242376755,0.9850596824062468,2.013927662860725,0.0,0.0,0.0,-4.322697570289732,0.0,0.0,0.0,0.0,0.0,0.0
tactile_images/1261.png,contact,-4.67761465269562,0.0,4.111017956790967,0.0,0.0,-15.619430662424726,0.2761233135838221,3.687327966579837,0.0,0.0,0.0,0.2584927907298118,0.0,0.0,0.0,0.0,0.0,0.0
tactile_images/1262.png,contact,2.0785535146478185,0.0,4.602704116540497,0.0,0.0,-15.615510510307356,-2.07003093088468,-3.991685211377246,0.0,0.0,0.0,-3.263807505184424,0.0,0.0,0.0,0.0,0.0,0.0
tactile_images/1263.png,contact,1.2749106844653415,0.0,4.138865366189709,0.0,0.0,-15.59198922011863,-2.3757001494268195,-2.61233583237958,0.0,0.0,0.0,0.4554095213343325,0.0,0.0,0.0,0.0,0.0,0.0
tactile_images/1264.png,contact,-1.870192665032428,0.0,4.050404400461594,0.0,0.0,-15.543572078620151,0.8002480231696971,-4.759223316735052,0.0,0.0,0.0,-1.4578642812518483,0.0,0.0,0.0,0.0,0.0,0.0
tactile_images/1265.png,contact,-0.0263709310519209,0.0,3.903738089304556,0.0,0.0,-15.538901274088506,2.064856350072252,-4.561701545555592,0.0,0.0,0.0,4.074120206747526,0.0,0.0,0.0,0.0,0.0,0.0
tactile_images/1266.png,contact,4.28224193773487,0.0,3.150044177785836,0.0,0.0,-15.52034116433142,-4.668272429648111,-4.703821417822258,0.0,0.0,0.0,4.496834273044536,0.0,0.0,0.0,0.0,0.0,0.0
tactile_images/1267.png,contact,-1.118528947223795,0.0,3.9957383610286383,0.0,0.0,-15.511047307052142,0.6740158192370433,3.006823564264145,0.0,0.0,0.0,4.797841130685196,0.0,0.0,0.0,0.0,0.0,0.0
tactile_images/1268.png,contact,2.0640815573550664,0.0,4.392062813978227,0.0,0.0,-15.47287038925501,-3.2954047105337136,-2.0170732156922333,0.0,0.0,0.0,3.989379958828186,0.0,0.0,0.0,0.0,0.0,0.0
tactile_images/1269.png,contact,3.32642967763219,0.0,3.201387202207606,0.0,0.0,-15.435097227195511,-3.596372686138994,-0.067885604280109,0.0,0.0,0.0,4.858908511923328,0.0,0.0,0.0,0.0,0.0,0.0
tactile_images/1270.png,contact,4.500209713403213,0.0,4.918087993742816,0.0,0.0,-15.431839506341465,1.2311948809468456,2.878442635970164,0.0,0.0,0.0,2.0614712573936176,0.0,0.0,0.0,0.0,0.0,0.0
tactile_images/1271.png,contact,4.4817646317757305,0.0,4.656756291203292,0.0,0.0,-15.380691205700824,-1.8912988278252696,-0.0505633729328192,0.0,0.0,0.0,4.605422799010515,0.0,0.0,0.0,0.0,0.0,0.0
tactile_images/1272.png,contact,-1.3595470716372846,0.0,3.030732501469447,0.0,0.0,-15.379612839465548,-0.5911976686513594,-0.7080393737540387,0.0,0.0,0.0,1.4179246545682709,0.0,0.0,0.0,0.0,0.0,0.0
tactile_images/1273.png,contact,-4.024130332861034,0.0,3.220710113115751,0.0,0.0,-15.332505810504884,-1.4000119056022706,-4.884267935105412,0.0,0.0,0.0,3.0921420688572017,0.0,0.0,0.0,0.0,0.0,0.0
tactile_images/1274.png,contact,-4.447320222914103,0.0,3.6587070484999096,0.0,0.0,-15.331815292704764,1.4833632015252372,0.6803950253675612,0.0,0.0,0.0,-3.680900072762897,0.0,0.0,0.0,0.0,0.0,0.0
tactile_images/1275.png,contact,4.315495474339832,0.0,4.947053103674504,0.0,0.0,-15.324978705509915,-0.2988023393353112,-3.752569218629136,0.0,0.0,0.0,1.82599587602558,0.0,0.0,0.0,0.0,0.0,0.0
tactile_images/1276.png,contact,-0.6754084826155813,0.0,4.076652744019825,0.0,0.0,-15.3089135865842,4.6345866203794746,2.6464824079102627,0.0,0.0,0.0,4.311033093352597,0.0,0.0,0.0,0.0,0.0,0.0
tactile_images/1277.png,contact,3.3251741774093024,0.0,4.751434073117879,0.0,0.0,-15.276757646802992,-1.476172408935347,-2.422622761849804,0.0,0.0,0.0,0.4004824153276267,0.0,0.0,0.0,0.0,0.0,0.0
tactile_images/1278.png,contact,-3.0367207689911453,0.0,4.462205966007124,0.0,0.0,-15.212153750627586,2.402843402628352,1.7418741080865503,0.0,0.0,0.0,-3.1318028646969074,0.0,0.0,0.0,0.0,0.0,0.0
tactile_images/1279.png,contact,2.893378109943334,0.0,4.66050038556277,0.0,0.0,-15.20151371996798,-2.4270743241695545,1.4622352782467942,0.0,0.0,0.0,0.2688856072500147,0.0,0.0,0.0,0.0,0.0,0.0
tactile_images/1280.png,contact,0.5021535117867746,0.0,4.372733213157359,0.0,0.0,-15.173571174529044,0.0875309262614685,1.1667560293002008,0.0,0.0,0.0,2.069409940594883,0.0,0.0,0.0,0.0,0.0,0.0
tactile_images/1281.png,contact,3.786150605775711,0.0,3.924656994918565,0.0,0.0,-15.162507807165277,0.5256975190195696,-2.330479924628074,0.0,0.0,0.0,2.6978849909739786,0.0,0.0,0.0,0.0,0.0,0.0
tactile_images/1282.png,contact,2.6306667509335133,0.0,3.542355571422407,0.0,0.0,-15.161021667413875,-1.7089071893726784,-2.3291022282443183,0.0,0.0,0.0,0.2370200993198388,0.0,0.0,0.0,0.0,0.0,0.0
tactile_images/1283.png,contact,3.165578035965655,0.0,3.49062099597196,0.0,0.0,-15.098706427782648,-0.2821947108737088,3.6304804344132986,0.0,0.0,0.0,-2.826319757813499,0.0,0.0,0.0,0.0,0.0,0.0
tactile_images/1284.png,contact,1.7632076359575637,0.0,3.856038704879288,0.0,0.0,-15.095725312810952,-2.2072136210150783,-4.8719266736957305,0.0,0.0,0.0,4.266887885787474,0.0,0.0,0.0,0.0,0.0,0.0
tactile_images/1285.png,contact,2.4032916104958604,0.0,4.989626058607545,0.0,0.0,-15.063792011384423,-4.9399921832601805,-3.184773665460421,0.0,0.0,0.0,2.736174164533571,0.0,0.0,0.0,0.0,0.0,0.0
tactile_images/1286.png,contact,2.34953571674996,0.0,3.503706724691418,0.0,0.0,-15.055957626086348,-2.8435169836212126,1.1017091764198508,0.0,0.0,0.0,-2.29311599382396,0.0,0.0,0.0,0.0,0.0,0.0
tactile_images/1287.png,contact,3.578628762065424,0.0,4.267558079086501,0.0,0.0,-15.026541894119404,2.000641724932006,3.1704625440316985,0.0,0.0,0.0,3.1181291739637444,0.0,0.0,0.0,0.0,0.0,0.0
tactile_images/1288.png,contact,-2.404761319535192,0.0,3.661265909719084,0.0,0.0,-15.011619108672686,2.70963024485377,-1.4165449132714136,0.0,0.0,0.0,-1.521373504819409,0.0,0.0,0.0,0.0,0.0,0.0
tactile_images/1289.png,contact,1.830779948437224,0.0,4.245482552754956,0.0,0.0,-15.001396635128224,-2.1979713286108007,1.534434586108001,0.0,0.0,0.0,-1.8756865533161928,0.0,0.0,0.0,0.0,0.0,0.0
tactile_images/1290.png,contact,2.526518982568024,0.0,4.775126143632383,0.0,0.0,-14.992379869858514,-0.9195700118192808,0.5715641962023632,0.0,0.0,0.0,3.6307662734714414,0.0,0.0,0.0,0.0,0.0,0.0
tactile_images/1291.png,contact,-2.3803361642637046,0.0,4.706345957293445,0.0,0.0,-14.960268695739092,-4.626343398613889,-4.354598955179646,0.0,0.0,0.0,3.732352068171213,0.0,0.0,0.0,0.0,0.0,0.0
tactile_images/1292.png,contact,4.799288022222736,0.0,4.654316296855247,0.0,0.0,-14.923454186207737,-2.629370989023194,1.217501969306781,0.0,0.0,0.0,-1.0151859718102083,0.0,0.0,0.0,0.0,0.0,0.0
tactile_images/1293.png,contact,-0.990445871503816,0.0,4.72249877036613,0.0,0.0,-14.90269937808489,2.792192833722992,3.1390347227249347,0.0,0.0,0.0,-4.910771949184355,0.0,0.0,0.0,0.0,0.0,0.0
tactile_images/1294.png,contact,-4.148459010681,0.0,4.006136645264056,0.0,0.0,-14.895599938960409,1.0598627026505725,4.924483202994093,0.0,0.0,0.0,-3.1343437860000813,0.0,0.0,0.0,0.0,0.0,0.0
tactile_images/1295.png,contact,1.4116951587649753,0.0,3.771718893672218,0.0,0.0,-14.861225148034482,-2.942294780456286,-4.703599273482771,0.0,0.0,0.0,4.092963282245586,0.0,0.0,0.0,0.0,0.0,0.0
tactile_images/1296.png,contact,-4.78981115174809,0.0,4.952965552401742,0.0,0.0,-14.808427727295973,-2.4255800487756787,1.60058172583868,0.0,0.0,0.0,3.9874933705505775,0.0,0.0,0.0,0.0,0.0,0.0
tactile_images/1297.png,contact,-1.4996393077776515,0.0,3.8448915800617582,0.0,0.0,-14.769155689469358,3.168020229895601,-0.8545044685203784,0.0,0.0,0.0,-0.466552519065524,0.0,0.0,0.0,0.0,0.0,0.0
tactile_images/1298.png,contact,1.3071922978445896,0.0,3.445042088354893,0.0,0.0,-14.748352017472165,-2.909157970550992,-4.902121112937947,0.0,0.0,0.0,-1.9588329272412144,0.0,0.0,0.0,0.0,0.0,0.0
tactile_images/1299.png,contact,0.0738190600713037,0.0,4.770030649094517,0.0,0.0,-14.748256756516902,-1.658422741528688,1.1436094370851135,0.0,0.0,0.0,-1.972517078948284,0.0,0.0,0.0,0.0,0.0,0.0
tactile_images/1300.png,contact,1.4432728353505089,0.0,4.32304864829235,0.0,0.0,-14.688649014676823,1.6435869165464432,-3.775727014443645,0.0,0.0,0.0,3.971948026285382,0.0,0.0,0.0,0.0,0.0,0.0
tactile_images/1301.png,contact,3.684323148727402,0.0,4.01032803658663,0.0,0.0,-14.666248036066952,0.611123857080786,-1.214331498108634,0.0,0.0,0.0,-1.7526668902448348,0.0,0.0,0.0,0.0,0.0,0.0
tactile_images/1302.png,contact,4.985261779136886,0.0,4.302639794452478,0.0,0.0,-14.641395659129332,-0.3912979476618572,-2.3863290751159774,0.0,0.0,0.0,0.1158025974010961,0.0,0.0,0.0,0.0,0.0,0.0
tactile_images/1303.png,contact,-0.6937736118228273,0.0,4.822908006909678,0.0,0.0,-14.640410084976711,3.997410909797443,-1.3883659772890065,0.0,0.0,0.0,2.3101105059289786,0.0,0.0,0.0,0.0,0.0,0.0
tactile_images/1304.png,contact,3.0358078412798264,0.0,4.357426472430708,0.0,0.0,-14.635723906516894,-2.802895372849483,-0.0730441849905041,0.0,0.0,0.0,-2.905189583905812,0.0,0.0,0.0,0.0,0.0,0.0
tactile_images/1305.png,contact,-2.7201247630999035,0.0,4.956988929343582,0.0,0.0,-14.589706986588563,2.414198908629998,-1.407904675104855,0.0,0.0,0.0,-2.4616091841410634,0.0,0.0,0.0,0.0,0.0,0.0
tactile_images/1306.png,contact,-4.783547870568567,0.0,4.839206838842873,0.0,0.0,-14.533768010640848,-3.4093615938181667,0.5273187058953921,0.0,0.0,0.0,-1.4193810690487316,0.0,0.0,0.0,0.0,0.0,0.0
tactile_images/1307.png,contact,4.130132400885898,0.0,3.831572124138366,0.0,0.0,-14.529796870051854,1.1573383348214517,-2.6135030976714626,0.0,0.0,0.0,1.5422338934738995,0.0,0.0,0.0,0.0,0.0,0.0
tactile_images/1308.png,contact,0.4200424099642852,0.0,4.775636229929997,0.0,0.0,-14.519526760125252,3.7062356341131313,1.3536176742838162,0.0,0.0,0.0,3.174906511463279,0.0,0.0,0.0,0.0,0.0,0.0
tactile_images/1309.png,contact,4.545536196585421,0.0,3.1829659158592944,0.0,0.0,-14.504134357528129,-0.4209821452186215,3.537630041248533,0.0,0.0,0.0,0.4670576333099951,0.0,0.0,0.0,0.0,0.0,0.0
tactile_images/1310.png,contact,0.2445396251317335,0.0,4.596991927207826,0.0,0.0,-14.498261704464944,2.2429450719132893,-2.759329530847876,0.0,0.0,0.0,-3.670712633503763,0.0,0.0,0.0,0.0,0.0,0.0
tactile_images/1311.png,contact,0.6252507797627089,0.0,4.799819086709343,0.0,0.0,-14.431920923518671,3.2039335299898823,0.0787721585562248,0.0,0.0,0.0,-0.537544769302789,0.0,0.0,0.0,0.0,0.0,0.0
tactile_images/1312.png,contact,-0.6772731793105455,0.0,3.6723193299701977,0.0,0.0,-14.39916597828852,-3.6397357512239727,1.4868978454988868,0.0,0.0,0.0,-3.72309277876806,0.0,0.0,0.0,0.0,0.0,0.0
tactile_images/1313.png,contact,3.834169254443033,0.0,3.044319071089043,0.0,0.0,-14.387218132701856,2.0582689528211,0.6462613121341612,0.0,0.0,0.0,-4.117028303333047,0.0,0.0,0.0,0.0,0.0,0.0
tactile_images/1314.png,contact,-3.247432373470076,0.0,4.325444846736356,0.0,0.0,-14.374217961144277,4.198410239886762,-1.3435055380777403,0.0,0.0,0.0,0.8961676985144784,0.0,0.0,0.0,0.0,0.0,0.0
tactile_images/1315.png,contact,4.668106454375738,0.0,3.77579705790346,0.0,0.0,-14.365196108236464,0.763706098555442,1.4219970800574837,0.0,0.0,0.0,4.562121117979229,0.0,0.0,0.0,0.0,0.0,0.0
tactile_images/1316.png,contact,2.207239115455896,0.0,4.525305117512282,0.0,0.0,-14.333457986008842,-3.13877755471244,-4.7175379378992375,0.0,0.0,0.0,3.376118333340594,0.0,0.0,0.0,0.0,0.0,0.0
tactile_images/1317.png,contact,3.3179634423348183,0.0,4.606248332358077,0.0,0.0,-14.324233042973871,-3.73057468411057,-1.3009376800356698,0.0,0.0,0.0,2.744712625424929,0.0,0.0,0.0,0.0,0.0,0.0
tactile_images/1318.png,contact,-1.9742026724683992,0.0,3.545115497630801,0.0,0.0,-14.306027832881178,-2.402646695332521,0.3261221464100314,0.0,0.0,0.0,2.2705596586533368,0.0,0.0,0.0,0.0,0.0,0.0
tactile_images/1319.png,contact,-0.1567942769649777,0.0,3.5100073050021514,0.0,0.0,-14.249336404384533,-3.964867309833174,-4.793868411641354,0.0,0.0,0.0,3.971278571356976,0.0,0.0,0.0,0.0,0.0,0.0
tactile_images/1320.png,contact,3.386371989446163,0.0,3.802887098520008,0.0,0.0,-14.247149355879944,0.1339407158504748,0.0764882968429976,0.0,0.0,0.0,2.528350841427777,0.0,0.0,0.0,0.0,0.0,0.0
tactile_images/1321.png,contact,3.1876693383433983,0.0,4.507332275819163,0.0,0.0,-14.230681014949653,-4.3029531729326544,1.542544607656283,0.0,0.0,0.0,1.2687734530077144,0.0,0.0,0.0,0.0,0.0,0.0
tactile_images/1322.png,contact,3.6991933017105305,0.0,3.83341732769446,0.0,0.0,-14.226632587974237,-2.7659537536377354,2.592076977130451,0.0,0.0,0.0,-1.3531991972627964,0.0,0.0,0.0,0.0,0.0,0.0
tactile_images/1323.png,contact,3.181750327928994,0.0,4.354147425316896,0.0,0.0,-14.221277524081357,-0.6008955608778566,-3.866259185905696,0.0,0.0,0.0,-3.990561101402073,0.0,0.0,0.0,0.0,0.0,0.0
tactile_images/1324.png,contact,-3.6201448227262247,0.0,3.901164985632235,0.0,0.0,-14.209822899724433,-0.2608524959797851,4.905648748916949,0.0,0.0,0.0,-0.3896663615598958,0.0,0.0,0.0,0.0,0.0,0.0
tactile_images/1325.png,contact,-4.164205445320663,0.0,3.4876781993918806,0.0,0.0,-14.194634127120503,0.6539848514696445,1.0616770133509554,0.0,0.0,0.0,4.247842361453673,0.0,0.0,0.0,0.0,0.0,0.0
tactile_images/1326.png,contact,1.730683836619209,0.0,3.3370292869183684,0.0,0.0,-14.178934323302832,2.0561496275072653,-1.3680620738767004,0.0,0.0,0.0,0.8310026537515256,0.0,0.0,0.0,0.0,0.0,0.0
tactile_images/1327.png,contact,-4.905051420006734,0.0,4.212030004958886,0.0,0.0,-14.164976658467396,-4.527713603345324,-2.5090714554328617,0.0,0.0,0.0,-3.1549582010486645,0.0,0.0,0.0,0.0,0.0,0.0
tactile_images/1328.png,contact,0.4156857586856199,0.0,4.616729380353633,0.0,0.0,-14.162814753464598,-4.193790478242168,0.7289686168341456,0.0,0.0,0.0,1.4902330848084393,0.0,0.0,0.0,0.0,0.0,0.0
tactile_images/1329.png,contact,1.4079125301730966,0.0,4.13940926407082,0.0,0.0,-14.143940380604825,-4.391408481952192,3.817116471665708,0.0,0.0,0.0,-0.3453776591949555,0.0,0.0,0.0,0.0,0.0,0.0
tactile_images/1330.png,contact,-0.2309784417014881,0.0,4.912442347287255,0.0,0.0,-14.049554107287015,-0.7684968453508967,0.2056539614136472,0.0,0.0,0.0,4.313800885829664,0.0,0.0,0.0,0.0,0.0,0.0
tactile_images/1331.png,contact,-1.2296658356348278,0.0,3.8384984986379314,0.0,0.0,-14.041532154501272,-4.581520551170657,1.614720556049603,0.0,0.0,0.0,-3.390600899379974,0.0,0.0,0.0,0.0,0.0,0.0
tactile_images/1332.png,contact,1.3760610088336689,0.0,4.168449577663436,0.0,0.0,-14.038766255592977,2.4608126683132623,-1.4230356045943982,0.0,0.0,0.0,2.1201174850676257,0.0,0.0,0.0,0.0,0.0,0.0
tactile_images/1333.png,contact,1.6254572103577103,0.0,4.549443245218683,0.0,0.0,-13.988859348710251,-2.769998189615221,-1.118477119110274,0.0,0.0,0.0,1.816024648068017,0.0,0.0,0.0,0.0,0.0,0.0
tactile_images/1334.png,contact,4.396479160094362,0.0,4.450779203323665,0.0,0.0,-13.958568450530793,4.392124932899588,-2.13824894228108,0.0,0.0,0.0,4.835415785215048,0.0,0.0,0.0,0.0,0.0,0.0
tactile_images/1335.png,contact,4.241366718913361,0.0,4.747150611519468,0.0,0.0,-13.93136092482009,-0.1359624490288862,2.0563729436823976,0.0,0.0,0.0,0.6491212661843875,0.0,0.0,0.0,0.0,0.0,0.0
tactile_images/1336.png,contact,2.757306905394402,0.0,4.115620251470869,0.0,0.0,-13.91007514855373,-0.5367424755779835,-1.4081244658343497,0.0,0.0,0.0,3.715740359336401,0.0,0.0,0.0,0.0,0.0,0.0
tactile_images/1337.png,contact,4.343051410456342,0.0,3.7449378778242166,0.0,0.0,-13.83531601703324,2.805386926395003,-3.092835959587608,0.0,0.0,0.0,-4.7528606246856935,0.0,0.0,0.0,0.0,0.0,0.0
tactile_images/1338.png,contact,-4.631151115891738,0.0,4.063976636541564,0.0,0.0,-13.815020608483708,2.1315398389299114,-1.3059942883376203,0.0,0.0,0.0,-3.771080317758674,0.0,0.0,0.0,0.0,0.0,0.0
tactile_images/1339.png,contact,-2.3199394181140507,0.0,3.191508397326716,0.0,0.0,-13.802427506710243,1.0730904094814289,3.5382720783275623,0.0,0.0,0.0,-1.5406142715346949,0.0,0.0,0.0,0.0,0.0,0.0
tactile_images/1340.png,contact,1.8437265623665,0.0,3.1983890602257574,0.0,0.0,-13.787800219079664,4.3514670625037,2.3825204357692344,0.0,0.0,0.0,1.1932739715723786,0.0,0.0,0.0,0.0,0.0,0.0
tactile_images/1341.png,contact,-3.682712805132587,0.0,4.016811953289254,0.0,0.0,-13.784102589107365,-0.7774073901292304,-1.6535915553643612,0.0,0.0,0.0,-0.5092065503259136,0.0,0.0,0.0,0.0,0.0,0.0
tactile_images/1342.png,contact,-2.0768093474091573,0.0,4.322676227672425,0.0,0.0,-13.777801166619245,3.0853167577228646,4.068089648367025,0.0,0.0,0.0,-2.973037526534111,0.0,0.0,0.0,0.0,0.0,0.0
tactile_images/1343.png,contact,1.0298495876280835,0.0,4.44840982561674,0.0,0.0,-13.757346261470165,-1.1990705425418149,-4.251673648825331,0.0,0.0,0.0,0.8920373989143453,0.0,0.0,0.0,0.0,0.0,0.0
tactile_images/1344.png,contact,-0.6660525890546296,0.0,4.091125088335516,0.0,0.0,-13.730547307638002,3.383456742961048,-4.502462085863568,0.0,0.0,0.0,0.6669905934136278,0.0,0.0,0.0,0.0,0.0,0.0
tactile_images/1345.png,contact,4.742304012356488,0.0,4.741783580935612,0.0,0.0,-13.713497870490514,-2.4052537103403138,-3.725296452147587,0.0,0.0,0.0,0.2444747852084861,0.0,0.0,0.0,0.0,0.0,0.0
tactile_images/1346.png,contact,4.80883905570236,0.0,4.240557634201686,0.0,0.0,-13.711234717503288,-2.107329271639675,-3.835452441413969,0.0,0.0,0.0,-4.094438878893019,0.0,0.0,0.0,0.0,0.0,0.0
tactile_images/1347.png,contact,0.3828385618688088,0.0,3.161693603286508,0.0,0.0,-13.697131537267492,1.77869534017454,-4.121656849876595,0.0,0.0,0.0,4.270254927562307,0.0,0.0,0.0,0.0,0.0,0.0
tactile_images/1348.png,contact,3.6464591772231447,0.0,4.637475980909304,0.0,0.0,-13.676495092061494,-2.8728670504820366,1.6134261199799234,0.0,0.0,0.0,0.9225530370143638,0.0,0.0,0.0,0.0,0.0,0.0
tactile_images/1349.png,contact,4.158723377406171,0.0,3.4792196640564104,0.0,0.0,-13.676303659608593,-2.708458129745712,1.0084237965542382,0.0,0.0,0.0,-2.3600825280134274,0.0,0.0,0.0,0.0,0.0,0.0
tactile_images/1350.png,contact,-1.61667259629189,0.0,4.312455980817614,0.0,0.0,-13.675294170815924,-1.9473757098258524,1.4760551058171467,0.0,0.0,0.0,1.8741819039452068,0.0,0.0,0.0,0.0,0.0,0.0
tactile_images/1351.png,contact,-3.05648805363342,0.0,3.00749018942257,0.0,0.0,-13.653052435243062,1.7892876966037583,1.8836605416203,0.0,0.0,0.0,-1.8209200913111268,0.0,0.0,0.0,0.0,0.0,0.0
tactile_images/1352.png,contact,4.592711976810299,0.0,3.924913634130296,0.0,0.0,-13.608847032118115,3.89388092423232,2.568797524806799,0.0,0.0,0.0,0.0585602677442587,0.0,0.0,0.0,0.0,0.0,0.0
tactile_images/1353.png,contact,-4.0255290667956665,0.0,4.863070098310524,0.0,0.0,-13.580629609537713,1.745676511269867,-2.9282307251358963,0.0,0.0,0.0,-1.5886822894101704,0.0,0.0,0.0,0.0,0.0,0.0
tactile_images/1354.png,contact,-3.2163689771047164,0.0,4.559637351246288,0.0,0.0,-13.576013867893334,3.2781424434412525,1.2230351323479989,0.0,0.0,0.0,3.80394026537693,0.0,0.0,0.0,0.0,0.0,0.0
tactile_images/1355.png,contact,2.5033104725976987,0.0,3.2311133976726776,0.0,0.0,-13.546532049838731,0.435605896944697,0.8004865933637326,0.0,0.0,0.0,4.939805845349301,0.0,0.0,0.0,0.0,0.0,0.0
tactile_images/1356.png,contact,-2.193536223691586,0.0,3.078903905845383,0.0,0.0,-13.513375167264652,-4.310767786548547,4.436600258034737,0.0,0.0,0.0,-3.388179346721013,0.0,0.0,0.0,0.0,0.0,0.0
tactile_images/1357.png,contact,-3.564898411883222,0.0,3.0985473071655427,0.0,0.0,-13.480638288164144,-3.9953378849149934,-2.676322757603514,0.0,0.0,0.0,-4.764210494434032,0.0,0.0,0.0,0.0,0.0,0.0
tactile_images/1358.png,contact,-1.0673172471743635,0.0,4.444922620677908,0.0,0.0,-13.471031510439987,0.5439197836691543,-4.412770656256686,0.0,0.0,0.0,-2.806774930179575,0.0,0.0,0.0,0.0,0.0,0.0
tactile_images/1359.png,contact,1.511794660305207,0.0,3.8707787922560266,0.0,0.0,-13.435495425705078,-1.721990313578904,1.5349506971454314,0.0,0.0,0.0,0.8995198309761339,0.0,0.0,0.0,0.0,0.0,0.0
tactile_images/1360.png,contact,4.8759596372268525,0.0,3.036912838086045,0.0,0.0,-13.423695835303825,-2.7943192636305736,2.4017284023671177,0.0,0.0,0.0,-3.260488604224669,0.0,0.0,0.0,0.0,0.0,0.0
tactile_images/1361.png,contact,3.682849714209064,0.0,4.740821657116601,0.0,0.0,-13.423468880836186,-0.3374307269737917,-2.1680399419244933,0.0,0.0,0.0,3.114844246061533,0.0,0.0,0.0,0.0,0.0,0.0
tactile_images/1362.png,contact,1.7792083441682172,0.0,3.8500048282463952,0.0,0.0,-13.414200774535836,1.664967409043015,0.7084843093966899,0.0,0.0,0.0,-0.913294232055576,0.0,0.0,0.0,0.0,0.0,0.0
tactile_images/1363.png,contact,2.5752949636527034,0.0,3.914047904385251,0.0,0.0,-13.39759677639093,-1.1500805226414157,-4.404639344658494,0.0,0.0,0.0,1.1053274071412955,0.0,0.0,0.0,0.0,0.0,0.0
tactile_images/1364.png,contact,-2.900304363070614,0.0,3.796298987045813,0.0,0.0,-13.381747126032984,3.025422571573417,4.6004484116828905,0.0,0.0,0.0,-0.4438215837714114,0.0,0.0,0.0,0.0,0.0,0.0
tactile_images/1365.png,contact,3.895258868686053,0.0,4.010056092297534,0.0,0.0,-13.336387612187302,2.385232465713937,-3.9007502670083136,0.0,0.0,0.0,4.033279216189536,0.0,0.0,0.0,0.0,0.0,0.0
tactile_images/1366.png,contact,-3.4478322811688766,0.0,4.407871814655662,0.0,0.0,-13.288822935479152,2.3491488215956675,-4.324294638480043,0.0,0.0,0.0,-4.648646629377222,0.0,0.0,0.0,0.0,0.0,0.0
tactile_images/1367.png,contact,-4.411208125336735,0.0,4.670491095476005,0.0,0.0,-13.26611893097223,4.851896896773885,-4.558898405053809,0.0,0.0,0.0,2.293018956565996,0.0,0.0,0.0,0.0,0.0,0.0
tactile_images/1368.png,contact,-4.730781629723328,0.0,3.947616869920277,0.0,0.0,-13.180205081480374,-2.047700226283652,-0.7272809349664735,0.0,0.0,0.0,1.5217213334086663,0.0,0.0,0.0,0.0,0.0,0.0
tactile_images/1369.png,contact,-1.150129680388666,0.0,4.357034138968829,0.0,0.0,-13.175525138716264,1.4472558634089516,-4.0284025654281,0.0,0.0,0.0,1.495150309857599,0.0,0.0,0.0,0.0,0.0,0.0
tactile_images/1370.png,contact,-2.024840839871093,0.0,3.730187840463612,0.0,0.0,-13.13407243857747,3.554783401603135,2.4464824095557525,0.0,0.0,0.0,-0.8601060696179488,0.0,0.0,0.0,0.0,0.0,0.0
tactile_images/1371.png,contact,4.61573651037675,0.0,3.730488403230744,0.0,0.0,-13.076661768821182,0.79524433913911,3.988741606264057,0.0,0.0,0.0,-4.8432477152410245,0.0,0.0,0.0,0.0,0.0,0.0
tactile_images/1372.png,contact,1.322140122438471,0.0,4.7500690624905175,0.0,0.0,-13.035042774836237,2.8950217611539264,-2.39781067675143,0.0,0.0,0.0,1.892407219679578,0.0,0.0,0.0,0.0,0.0,0.0
tactile_images/1373.png,contact,-4.941393612211675,0.0,4.37579729095815,0.0,0.0,-13.030504728159638,-0.8554781416008774,1.2877311925139887,0.0,0.0,0.0,3.2947121280825336,0.0,0.0,0.0,0.0,0.0,0.0
tactile_images/1374.png,contact,0.1175886297822179,0.0,4.89495446879125,0.0,0.0,-13.028142509068031,0.904913456548046,-4.576615529881822,0.0,0.0,0.0,-4.147696890126519,0.0,0.0,0.0,0.0,0.0,0.0
tactile_images/1375.png,contact,-1.0161182014633123,0.0,4.892528986006164,0.0,0.0,-13.01143225428456,-4.443336071956717,-1.134355283072046,0.0,0.0,0.0,-0.5838249575603136,0.0,0.0,0.0,0.0,0.0,0.0
tactile_images/1376.png,contact,-2.130460506343187,0.0,3.728054938429133,0.0,0.0,-12.942255247296472,4.857676058248133,-2.0705788657227164,0.0,0.0,0.0,-3.374051460529458,0.0,0.0,0.0,0.0,0.0,0.0
tactile_images/1377.png,contact,-4.303984201693256,0.0,4.178543522474174,0.0,0.0,-12.941736254126113,3.000184814484172,-2.7138090355964115,0.0,0.0,0.0,1.109377864296083,0.0,0.0,0.0,0.0,0.0,0.0
tactile_images/1378.png,contact,-2.889324717760072,0.0,3.7152810991778233,0.0,0.0,-12.911207110715496,3.688090716314495,1.4472348962869912,0.0,0.0,0.0,2.8560487635903664,0.0,0.0,0.0,0.0,0.0,0.0
tactile_images/1379.png,contact,0.4055323159401336,0.0,4.532051799038593,0.0,0.0,-12.894180469892513,1.942942781429461,-3.697720536414637,0.0,0.0,0.0,1.667065649274063,0.0,0.0,0.0,0.0,0.0,0.0
tactile_images/1380.png,contact,4.480106480222926,0.0,3.801805445158253,0.0,0.0,-12.877658867563632,-3.139499671913005,3.607105232969884,0.0,0.0,0.0,-1.819399295141145,0.0,0.0,0.0,0.0,0.0,0.0
tactile_images/1381.png,contact,-0.393422419156507,0.0,4.05966777792414,0.0,0.0,-12.838617750186678,-4.689715575819678,1.648359063687347,0.0,0.0,0.0,-3.602672971676162,0.0,0.0,0.0,0.0,0.0,0.0
tactile_images/1382.png,contact,3.981963170504631,0.0,3.561180431948738,0.0,0.0,-12.836818876579317,3.646566077360136,2.10735178688058,0.0,0.0,0.0,2.9426814605046223,0.0,0.0,0.0,0.0,0.0,0.0
tactile_images/1383.png,contact,3.839273594930837,0.0,3.863610201571824,0.0,0.0,-12.790032234687963,-1.0366934626387692,4.353443086576682,0.0,0.0,0.0,-1.7608314150730786,0.0,0.0,0.0,0.0,0.0,0.0
tactile_images/1384.png,contact,-4.685373316998922,0.0,3.692727006216989,0.0,0.0,-12.741683185786606,-2.3613512396008005,4.423728715025147,0.0,0.0,0.0,-4.778601682555738,0.0,0.0,0.0,0.0,0.0,0.0
tactile_images/1385.png,contact,2.290573016836346,0.0,4.892617798416775,0.0,0.0,-12.739549757979276,0.6167295883894441,0.5165232381923577,0.0,0.0,0.0,0.7142121434925075,0.0,0.0,0.0,0.0,0.0,0.0
tactile_images/1386.png,contact,-3.717835665922017,0.0,4.232448503213906,0.0,0.0,-12.722681891288218,-0.7910147752428065,-0.0462018271401953,0.0,0.0,0.0,-2.5332268976662164,0.0,0.0,0.0,0.0,0.0,0.0
tactile_images/1387.png,contact,0.9184830913330186,0.0,4.809859033963631,0.0,0.0,-12.707650748801974,1.5166599568755696,-1.646183917730899,0.0,0.0,0.0,3.412059983581768,0.0,0.0,0.0,0.0,0.0,0.0
tactile_images/1388.png,contact,-1.1329168488737906,0.0,4.311554603568361,0.0,0.0,-12.681325481724803,-0.1620676694548635,2.155716102024683,0.0,0.0,0.0,-3.5674479560922148,0.0,0.0,0.0,0.0,0.0,0.0
tactile_images/1389.png,contact,0.4033512959733878,0.0,3.4045463634840605,0.0,0.0,-12.674668394718909,1.9723314044027065,0.3820888697981299,0.0,0.0,0.0,-0.6519915094074964,0.0,0.0,0.0,0.0,0.0,0.0
tactile_images/1390.png,contact,-1.6686425754610434,0.0,3.581285938613062,0.0,0.0,-12.66626027469622,3.534232695091429,4.328750797401247,0.0,0.0,0.0,-2.4686979638898823,0.0,0.0,0.0,0.0,0.0,0.0
tactile_images/1391.png,contact,-3.359801205122059,0.0,3.791489659694709,0.0,0.0,-12.665077581189628,-3.044429890442109,-2.613740512873947,0.0,0.0,0.0,1.896016192210813,0.0,0.0,0.0,0.0,0.0,0.0
tactile_images/1392.png,contact,2.524402297201136,0.0,3.409603049878334,0.0,0.0,-12.647558133959258,-1.7056711943451317,-1.8974731374950924,0.0,0.0,0.0,0.4853090935742159,0.0,0.0,0.0,0.0,0.0,0.0
tactile_images/1393.png,contact,4.816093234525333,0.0,3.1760120550229045,0.0,0.0,-12.64648933555086,-0.631844134293611,-1.839095525800313,0.0,0.0,0.0,2.9098771924859603,0.0,0.0,0.0,0.0,0.0,0.0
tactile_images/1394.png,contact,-2.4604487926542333,0.0,3.5407664706213127,0.0,0.0,-12.646103953309217,4.620584480276381,3.0599845455670707,0.0,0.0,0.0,-0.413874247763478,0.0,0.0,0.0,0.0,0.0,0.0
tactile_images/1395.png,contact,2.994752732996633,0.0,3.4843917840262844,0.0,0.0,-12.610978889954914,-1.346663864525147,-4.0095966815784765,0.0,0.0,0.0,-4.951915684556044,0.0,0.0,0.0,0.0,0.0,0.0
tactile_images/1396.png,contact,-3.1744970849119163,0.0,4.5653031256457535,0.0,0.0,-12.591891376780431,-1.1890015040737048,-0.4435087901102026,0.0,0.0,0.0,-2.848035194605043,0.0,0.0,0.0,0.0,0.0,0.0
tactile_images/1397.png,contact,4.664675652642206,0.0,3.3287853686568285,0.0,0.0,-12.57536522402905,1.5347252295956118,-0.7241926302695267,0.0,0.0,0.0,4.991571081942736,0.0,0.0,0.0,0.0,0.0,0.0
tactile_images/1398.png,contact,-0.8217046017627325,0.0,3.0312865906148683,0.0,0.0,-12.558655160392355,-0.8080029011005072,-4.268603789862414,0.0,0.0,0.0,-0.9465501069048976,0.0,0.0,0.0,0.0,0.0,0.0
tactile_images/1399.png,contact,4.518571640216465,0.0,3.661201619940004,0.0,0.0,-12.527964606674772,4.512237456396052,-0.8920300145565285,0.0,0.0,0.0,1.202351078862255,0.0,0.0,0.0,0.0,0.0,0.0
tactile_images/1400.png,contact,2.995254844715972,0.0,4.592600371935327,0.0,0.0,-12.523506634857696,3.944687604754439,0.1337798328398136,0.0,0.0,0.0,4.049316080587571,0.0,0.0,0.0,0.0,0.0,0.0
tactile_images/1401.png,contact,-4.366056922949614,0.0,3.141743401309747,0.0,0.0,-12.504627154962437,0.1340877777567293,-4.348953074950868,0.0,0.0,0.0,-4.794758178549116,0.0,0.0,0.0,0.0,0.0,0.0
tactile_images/1402.png,contact,-3.774720135270529,0.0,4.705077481711934,0.0,0.0,-12.497623460484796,1.447752339478498,0.0986212844466738,0.0,0.0,0.0,1.5960739639739527,0.0,0.0,0.0,0.0,0.0,0.0
tactile_images/1403.png,contact,-4.041586944937484,0.0,3.896321746738004,0.0,0.0,-12.424133551659402,-4.4196943811637945,4.592379046834012,0.0,0.0,0.0,-2.1162302602156324,0.0,0.0,0.0,0.0,0.0,0.0
tactile_images/1404.png,contact,3.5307807641622926,0.0,4.620138616458455,0.0,0.0,-12.353956360475024,1.9573052803239808,4.789143231615324,0.0,0.0,0.0,-2.207517446475685,0.0,0.0,0.0,0.0,0.0,0.0
tactile_images/1405.png,contact,-0.8242265820724644,0.0,3.325134137326957,0.0,0.0,-12.353681869121118,2.0720087294903227,0.3167977858981121,0.0,0.0,0.0,-2.751485967516931,0.0,0.0,0.0,0.0,0.0,0.0
tactile_images/1406.png,contact,3.3720901079377064,0.0,3.2541125307153487,0.0,0.0,-12.342255309296547,-1.4080070435679195,0.1509693260295899,0.0,0.0,0.0,3.2272921629115974,0.0,0.0,0.0,0.0,0.0,0.0
tactile_images/1407.png,contact,-0.0614186284024409,0.0,4.600108815902743,0.0,0.0,-12.311734970101057,-2.8031711637472734,-2.1449183358360857,0.0,0.0,0.0,-1.2705226755350552,0.0,0.0,0.0,0.0,0.0,0.0
tactile_images/1408.png,contact,4.606878601589011,0.0,3.836263199587245,0.0,0.0,-12.222476883730437,4.150784018170167,4.971154717121015,0.0,0.0,0.0,-4.328834617395742,0.0,0.0,0.0,0.0,0.0,0.0
tactile_images/1409.png,contact,2.850873629636041,0.0,3.7855218378494384,0.0,0.0,-12.169456796677686,-0.7329509919487229,-2.25770828974774,0.0,0.0,0.0,-4.031488421168369,0.0,0.0,0.0,0.0,0.0,0.0
tactile_images/1410.png,contact,-0.983574842977588,0.0,4.580814951765976,0.0,0.0,-12.166106200423542,1.5370610480171063,-0.4709869956004366,0.0,0.0,0.0,-3.513856373131979,0.0,0.0,0.0,0.0,0.0,0.0
tactile_images/1411.png,contact,-3.834647629860607,0.0,4.1121146703829226,0.0,0.0,-12.16430448855538,-4.66671205023744,-4.9706594219732345,0.0,0.0,0.0,3.989275872509253,0.0,0.0,0.0,0.0,0.0,0.0
tactile_images/1412.png,contact,-0.47959488973693,0.0,4.151040433932248,0.0,0.0,-12.16191516116298,-0.8593283342316376,-1.507677090908631,0.0,0.0,0.0,-0.7255657349265752,0.0,0.0,0.0,0.0,0.0,0.0
tactile_images/1413.png,contact,-2.6488326154212825,0.0,3.3206180790311377,0.0,0.0,-12.121239315164097,3.1725881101388005,-4.285596993911761,0.0,0.0,0.0,4.160493395995209,0.0,0.0,0.0,0.0,0.0,0.0
tactile_images/1414.png,contact,2.817924654478277,0.0,3.130385604369382,0.0,0.0,-12.109125673055368,-1.1242399959928493,2.4382477038513226,0.0,0.0,0.0,3.174794727621244,0.0,0.0,0.0,0.0,0.0,0.0
tactile_images/1415.png,contact,-4.208418826173723,0.0,3.692532101575861,0.0,0.0,-12.086952282443384,1.031611601368768,0.6101445302993227,0.0,0.0,0.0,3.37882621257848,0.0,0.0,0.0,0.0,0.0,0.0
tactile_images/1416.png,contact,2.7074860476735854,0.0,4.947384269700398,0.0,0.0,-12.028663376220123,-2.901441995154605,0.7217187728765655,0.0,0.0,0.0,-2.131681888681673,0.0,0.0,0.0,0.0,0.0,0.0
tactile_images/1417.png,contact,2.627509125032,0.0,4.013099999817094,0.0,0.0,-12.02465999566752,-0.8347435116044046,-2.13488714100297,0.0,0.0,0.0,-2.286855872904643,0.0,0.0,0.0,0.0,0.0,0.0
tactile_images/1418.png,contact,0.1386951478507594,0.0,3.762218652016566,0.0,0.0,-12.011485103193955,4.276377180531867,3.1489629025297354,0.0,0.0,0.0,0.60068379837828,0.0,0.0,0.0,0.0,0.0,0.0
tactile_images/1419.png,contact,2.34417167041394,0.0,4.076159085748109,0.0,0.0,-12.01041556500688,0.6645174970103715,-4.967290746687498,0.0,0.0,0.0,-0.8207503801004918,0.0,0.0,0.0,0.0,0.0,0.0
tactile_images/1420.png,contact,0.930920392771294,0.0,4.818530086910681,0.0,0.0,-12.009445211565884,4.019314590929316,-1.663988208358079,0.0,0.0,0.0,0.0906068830034669,0.0,0.0,0.0,0.0,0.0,0.0
tactile_images/1421.png,contact,4.097102299455917,0.0,3.752623633909995,0.0,0.0,-11.987091472007812,4.020192994895433,1.5949749045886774,0.0,0.0,0.0,-4.467957981423005,0.0,0.0,0.0,0.0,0.0,0.0
tactile_images/1422.png,contact,4.376059314017228,0.0,3.6704463604271433,0.0,0.0,-11.972126394319496,4.441478004244795,4.07922537416921,0.0,0.0,0.0,4.715901912625281,0.0,0.0,0.0,0.0,0.0,0.0
tactile_images/1423.png,contact,3.879610978319477,0.0,3.287375250368425,0.0,0.0,-11.958381950677207,3.953916600801053,-2.6538404307476693,0.0,0.0,0.0,-4.418311921598769,0.0,0.0,0.0,0.0,0.0,0.0
tactile_images/1424.png,contact,-2.3300010722262323,0.0,3.4424430283645986,0.0,0.0,-11.957115661913363,-4.967188709896994,0.4110005172741804,0.0,0.0,0.0,-3.2116870233811268,0.0,0.0,0.0,0.0,0.0,0.0
tactile_images/1425.png,contact,-2.59005282521931,0.0,3.6789878301198855,0.0,0.0,-11.935143976323792,4.34014891581597,0.3799142053332103,0.0,0.0,0.0,1.782005248352581,0.0,0.0,0.0,0.0,0.0,0.0
tactile_images/1426.png,contact,-0.6513318358920897,0.0,4.013540081435576,0.0,0.0,-11.900279506116275,-3.625405609146236,3.741743690436998,0.0,0.0,0.0,-3.4449844827141685,0.0,0.0,0.0,0.0,0.0,0.0
tactile_images/1427.png,contact,-4.7587375491005375,0.0,3.443294629235118,0.0,0.0,-11.888015596553627,-4.600737488888495,-4.494831104401577,0.0,0.0,0.0,-3.93130072292211,0.0,0.0,0.0,0.0,0.0,0.0
tactile_images/1428.png,contact,-0.1630034830119529,0.0,3.3572577535085992,0.0,0.0,-11.812480694494177,-4.446114654219472,-0.755244389292927,0.0,0.0,0.0,-3.4637961862907787,0.0,0.0,0.0,0.0,0.0,0.0
tactile_images/1429.png,contact,4.3298346224879,0.0,4.196475519703793,0.0,0.0,-11.77776828322785,-1.510838048235664,-3.175343252080685,0.0,0.0,0.0,-4.380797567835909,0.0,0.0,0.0,0.0,0.0,0.0
tactile_images/1430.png,contact,4.422678407748828,0.0,4.255465471124531,0.0,0.0,-11.6944143417022,1.2080408526879358,-4.78467399701402,0.0,0.0,0.0,-2.4868125974165567,0.0,0.0,0.0,0.0,0.0,0.0
tactile_images/1431.png,contact,-4.383048184484826,0.0,3.989588709883747,0.0,0.0,-11.635779271886037,-0.9768880348100248,-3.529690594795172,0.0,0.0,0.0,-2.288807289851854,0.0,0.0,0.0,0.0,0.0,0.0
tactile_images/1432.png,contact,1.047406845688422,0.0,4.973827428436424,0.0,0.0,-11.579997741538849,-4.744457153506206,4.764706728481992,0.0,0.0,0.0,-0.013779124516783,0.0,0.0,0.0,0.0,0.0,0.0
tactile_images/1433.png,contact,2.377359557001749,0.0,4.108645196167311,0.0,0.0,-11.555541062922934,-0.2351736582528527,-2.851514904797321,0.0,0.0,0.0,-0.6127748279522489,0.0,0.0,0.0,0.0,0.0,0.0
tactile_images/1434.png,contact,3.592884719512416,0.0,3.525761403978652,0.0,0.0,-11.553514340543812,-0.5786925772961995,4.350307733357999,0.0,0.0,0.0,-0.2628658485115487,0.0,0.0,0.0,0.0,0.0,0.0
tactile_images/1435.png,contact,-0.8069908455428498,0.0,4.624479077217495,0.0,0.0,-11.53684143624018,2.5684926550164686,-2.947456573690584,0.0,0.0,0.0,1.1603950420890268,0.0,0.0,0.0,0.0,0.0,0.0
tactile_images/1436.png,contact,1.609702089512993,0.0,3.755593647818823,0.0,0.0,-11.530754587026792,-2.2038710157456167,4.312952273844845,0.0,0.0,0.0,-2.6903856875045618,0.0,0.0,0.0,0.0,0.0,0.0
tactile_images/1437.png,contact,-3.2685856097275305,0.0,3.559188741046464,0.0,0.0,-11.526349002043132,-2.8246882620563287,1.546209352003144,0.0,0.0,0.0,-3.652958689081048,0.0,0.0,0.0,0.0,0.0,0.0
tactile_images/1438.png,contact,4.817674173236384,0.0,4.396430906988946,0.0,0.0,-11.496722229472295,-2.440610423233738,-3.867814224980733,0.0,0.0,0.0,3.7887827864554353,0.0,0.0,0.0,0.0,0.0,0.0
tactile_images/1439.png,contact,-2.9755910063718813,0.0,4.013860232154389,0.0,0.0,-11.454596564931514,-1.96260177370152,0.8191515512657777,0.0,0.0,0.0,1.339413395689513,0.0,0.0,0.0,0.0,0.0,0.0
tactile_images/1440.png,contact,0.4041594278637692,0.0,4.697175314061756,0.0,0.0,-11.413488612268644,0.9916487336716652,-1.8148596245972133,0.0,0.0,0.0,-4.393367060652004,0.0,0.0,0.0,0.0,0.0,0.0
tactile_images/1441.png,contact,-3.3815497498864246,0.0,4.405931327089287,0.0,0.0,-11.382783496885544,-0.2847451454792011,-1.1684684402192982,0.0,0.0,0.0,4.610516499008202,0.0,0.0,0.0,0.0,0.0,0.0
tactile_images/1442.png,contact,3.8244869984978,0.0,3.4974865325823643,0.0,0.0,-11.339532056403968,-1.631054348209421,-0.5982904216502689,0.0,0.0,0.0,1.9306850226840888,0.0,0.0,0.0,0.0,0.0,0.0
tactile_images/1443.png,contact,-0.868411180208791,0.0,3.455556683235603,0.0,0.0,-11.305549375684317,-1.2568584171632158,-0.7729297746966548,0.0,0.0,0.0,-3.482953579129884,0.0,0.0,0.0,0.0,0.0,0.0
tactile_images/1444.png,contact,3.711202780893508,0.0,4.525598105751611,0.0,0.0,-11.297979978250195,-1.2907633984102382,1.6410889048302888,0.0,0.0,0.0,4.691344316764006,0.0,0.0,0.0,0.0,0.0,0.0
tactile_images/1445.png,contact,-0.3242068227521706,0.0,4.006418833503086,0.0,0.0,-11.296989157087118,4.724066947103173,2.683680685907631,0.0,0.0,0.0,-1.3459265675036691,0.0,0.0,0.0,0.0,0.0,0.0
tactile_images/1446.png,contact,2.1781292530679988,0.0,3.434280808075344,0.0,0.0,-11.274118789219068,-2.6700301194704745,-1.7082231079887866,0.0,0.0,0.0,4.845100798647703,0.0,0.0,0.0,0.0,0.0,0.0
tactile_images/1447.png,contact,4.3063869912483455,0.0,3.226199478847645,0.0,0.0,-11.244695029820434,3.180615602722586,4.243639616856898,0.0,0.0,0.0,-3.967243706067115,0.0,0.0,0.0,0.0,0.0,0.0
tactile_images/1448.png,contact,1.8323832293247333,0.0,3.445207273082476,0.0,0.0,-11.22229421743571,2.0821083758818704,4.384663140188765,0.0,0.0,0.0,-3.400307829645043,0.0,0.0,0.0,0.0,0.0,0.0
tactile_images/1449.png,contact,-0.2739962212267635,0.0,3.9206427801147967,0.0,0.0,-11.186930302012478,-4.944299943964494,-4.593095628488566,0.0,0.0,0.0,1.574195508748442,0.0,0.0,0.0,0.0,0.0,0.0
tactile_images/1450.png,contact,0.9678936681617722,0.0,3.795914554591538,0.0,0.0,-11.161199783663529,4.931762181254879,-4.850912111169815,0.0,0.0,0.0,-4.778565348339267,0.0,0.0,0.0,0.0,0.0,0.0
tactile_images/1451.png,contact,-1.8324802828964584,0.0,3.6373945145707935,0.0,0.0,-11.096531782566965,2.564393706335736,-0.7493366984893903,0.0,0.0,0.0,-4.813103587817643,0.0,0.0,0.0,0.0,0.0,0.0
tactile_images/1452.png,contact,-0.8758587110940184,0.0,4.236075049353914,0.0,0.0,-11.09554614581969,1.824495863507913,0.9064525098765852,0.0,0.0,0.0,2.919828322249004,0.0,0.0,0.0,0.0,0.0,0.0
tactile_images/1453.png,contact,2.149048313061529,0.0,4.621460930460826,0.0,0.0,-11.090903381602956,-0.9467529232336264,-2.220952525479384,0.0,0.0,0.0,-3.322196682601797,0.0,0.0,0.0,0.0,0.0,0.0
tactile_images/1454.png,contact,-2.511780478084181,0.0,3.2530889174268163,0.0,0.0,-11.074507995024945,0.5520308891428964,-2.4058624891422564,0.0,0.0,0.0,4.1878999258760725,0.0,0.0,0.0,0.0,0.0,0.0
tactile_images/1455.png,contact,3.483251202672488,0.0,3.0392210649485074,0.0,0.0,-11.062514350351066,-2.4672910433252984,1.7833382970919065,0.0,0.0,0.0,-0.7410383782862828,0.0,0.0,0.0,0.0,0.0,0.0
tactile_images/1456.png,contact,-0.105807574595599,0.0,4.997500068782633,0.0,0.0,-11.034800061867791,-4.645165948543025,1.0170428465556984,0.0,0.0,0.0,3.736523542992757,0.0,0.0,0.0,0.0,0.0,0.0
tactile_images/1457.png,contact,1.0542768468107622,0.0,3.614650361975499,0.0,0.0,-10.99206075944501,3.360216584459728,-3.328531250068904,0.0,0.0,0.0,-0.8223641591347155,0.0,0.0,0.0,0.0,0.0,0.0
tactile_images/1458.png,contact,-1.1062004244163255,0.0,4.211518978717944,0.0,0.0,-10.959938504455785,3.964844936811717,3.845009632651589,0.0,0.0,0.0,0.3023000497214001,0.0,0.0,0.0,0.0,0.0,0.0
tactile_images/1459.png,contact,-0.1250264877033169,0.0,3.0754946339348668,0.0,0.0,-10.940572075639537,-3.375293633857601,1.7997607016106985,0.0,0.0,0.0,-1.834858383235872,0.0,0.0,0.0,0.0,0.0,0.0
tactile_images/1460.png,contact,1.491808906649844,0.0,4.844262651058821,0.0,0.0,-10.93754116677119,2.8705609584573297,-1.3742375083099168,0.0,0.0,0.0,1.5807641775593515,0.0,0.0,0.0,0.0,0.0,0.0
tactile_images/1461.png,contact,3.536260078377509,0.0,4.693101551639725,0.0,0.0,-10.900658753824018,2.411526732856588,1.8362468999115,0.0,0.0,0.0,-1.817988340569339,0.0,0.0,0.0,0.0,0.0,0.0
tactile_images/1462.png,contact,0.5328547274147963,0.0,3.613545502705665,0.0,0.0,-10.868299221413892,-3.216249980639096,-3.8734691323218406,0.0,0.0,0.0,-2.768299021499508,0.0,0.0,0.0,0.0,0.0,0.0
tactile_images/1463.png,contact,0.8223321783266622,0.0,3.785470228448455,0.0,0.0,-10.81887646698403,-0.7817119742520617,-0.317438754259439,0.0,0.0,0.0,-4.189526880372992,0.0,0.0,0.0,0.0,0.0,0.0
tactile_images/1464.png,contact,4.434143438532844,0.0,3.9206539695556657,0.0,0.0,-10.81308341137931,-0.7724207916589663,-3.310155904404408,0.0,0.0,0.0,-4.423306521721533,0.0,0.0,0.0,0.0,0.0,0.0
tactile_images/1465.png,contact,-1.6776059160315295,0.0,4.372744465545287,0.0,0.0,-10.802256798743263,2.5996425830524847,-4.585687538715634,0.0,0.0,0.0,-1.9402564679771104,0.0,0.0,0.0,0.0,0.0,0.0
tactile_images/1466.png,contact,3.0931227933633343,0.0,3.248690634884821,0.0,0.0,-10.730918505805214,3.376609057760554,-1.6167372971170026,0.0,0.0,0.0,2.3647334524925547,0.0,0.0,0.0,0.0,0.0,0.0
tactile_images/1467.png,contact,-4.000231233980111,0.0,4.173640890147127,0.0,0.0,-10.702730642192485,-4.05224878608629,-3.4926451651921675,0.0,0.0,0.0,-2.943799336563837,0.0,0.0,0.0,0.0,0.0,0.0
tactile_images/1468.png,contact,-4.317537194328164,0.0,3.517168443105548,0.0,0.0,-10.675110323379071,0.6296923490420294,1.3351795695382478,0.0,0.0,0.0,-2.0077254986050344,0.0,0.0,0.0,0.0,0.0,0.0
tactile_images/1469.png,contact,1.1490227139807474,0.0,4.95701193386538,0.0,0.0,-10.655170381554726,2.617484969288853,1.7406789401771032,0.0,0.0,0.0,4.05171418522124,0.0,0.0,0.0,0.0,0.0,0.0
tactile_images/1470.png,contact,-1.6019737671773129,0.0,3.4121475598743505,0.0,0.0,-10.600265913939808,2.8619059406515843,-3.513076937733967,0.0,0.0,0.0,1.3915749581132069,0.0,0.0,0.0,0.0,0.0,0.0
tactile_images/1471.png,contact,3.4109183233064644,0.0,3.650265856800529,0.0,0.0,-10.593268653513393,-3.520064755695911,-4.7538699439657375,0.0,0.0,0.0,4.197223894219764,0.0,0.0,0.0,0.0,0.0,0.0
tactile_images/1472.png,contact,-3.0715553736488257,0.0,4.17842344690524,0.0,0.0,-10.5683664765954,0.2550514315079413,2.928105616351604,0.0,0.0,0.0,4.112260340036341,0.0,0.0,0.0,0.0,0.0,0.0
tactile_images/1473.png,contact,3.814973764018484,0.0,3.726784958864253,0.0,0.0,-10.444189240492015,3.575587063627029,-4.979429792714377,0.0,0.0,0.0,-4.365893175143101,0.0,0.0,0.0,0.0,0.0,0.0
tactile_images/1474.png,contact,2.7468307004876493,0.0,4.125423086684406,0.0,0.0,-10.424110031602432,-1.8148142341471587,-1.5608691081621129,0.0,0.0,0.0,4.550093249283648,0.0,0.0,0.0,0.0,0.0,0.0
tactile_images/1475.png,contact,4.878455253101837,0.0,3.4402584883950533,0.0,0.0,-10.4192515764586,-0.7488310108820286,-0.0541670195433017,0.0,0.0,0.0,-4.488220409387443,0.0,0.0,0.0,0.0,0.0,0.0
tactile_images/1476.png,contact,-0.577088262500439,0.0,4.669939098962372,0.0,0.0,-10.411412808746547,3.0435851133633243,3.1864218853843287,0.0,0.0,0.0,4.256189177484869,0.0,0.0,0.0,0.0,0.0,0.0
tactile_images/1477.png,contact,-1.4517279040944988,0.0,4.276185451592905,0.0,0.0,-10.406729183908835,-4.106804788162377,3.3855864274614067,0.0,0.0,0.0,0.467334366567159,0.0,0.0,0.0,0.0,0.0,0.0
tactile_images/1478.png,contact,-4.581180089194337,0.0,3.339446879495746,0.0,0.0,-10.390903862171562,3.594932898889782,2.249394406104555,0.0,0.0,0.0,0.3318958287739146,0.0,0.0,0.0,0.0,0.0,0.0
tactile_images/1479.png,contact,0.6957258967900977,0.0,4.002792957190649,0.0,0.0,-10.379643768230942,-1.88843283269191,-2.5280237746010217,0.0,0.0,0.0,2.1326406261981905,0.0,0.0,0.0,0.0,0.0,0.0
tactile_images/1480.png,contact,-1.3509365086764378,0.0,4.622325207758264,0.0,0.0,-10.340938895353467,-4.985496834088728,2.201869343191708,0.0,0.0,0.0,3.7921127076172993,0.0,0.0,0.0,0.0,0.0,0.0
tactile_images/1481.png,contact,-2.8517596139301364,0.0,3.812164265119542,0.0,0.0,-10.311823972202014,-2.6584085494364174,-2.534608021230583,0.0,0.0,0.0,1.1700455566125694,0.0,0.0,0.0,0.0,0.0,0.0
tactile_images/1482.png,contact,-4.488855372533333,0.0,3.21855889073632,0.0,0.0,-10.29071792015256,-4.104993591044935,-2.853918082682984,0.0,0.0,0.0,-0.7460014621867845,0.0,0.0,0.0,0.0,0.0,0.0
tactile_images/1483.png,contact,4.436967243181627,0.0,4.913629341181755,0.0,0.0,-10.25388598934468,-4.076150930037558,0.4712795423053242,0.0,0.0,0.0,-3.881106570152265,0.0,0.0,0.0,0.0,0.0,0.0
tactile_images/1484.png,contact,-4.3831572865131605,0.0,3.727255497542314,0.0,0.0,-10.24173679087071,1.9283573414259152,1.788544438340626,0.0,0.0,0.0,2.8920930589487863,0.0,0.0,0.0,0.0,0.0,0.0
tactile_images/1485.png,contact,2.670405252463662,0.0,3.794455059132465,0.0,0.0,-10.21892273994836,-2.860236643609352,-4.469482340883194,0.0,0.0,0.0,-3.717065075291949,0.0,0.0,0.0,0.0,0.0,0.0
tactile_images/1486.png,contact,-3.2750631987322123,0.0,3.343045387574374,0.0,0.0,-10.21682250112874,4.347423629769825,-4.399773988753916,0.0,0.0,0.0,2.2636586119924296,0.0,0.0,0.0,0.0,0.0,0.0
tactile_images/1487.png,contact,-3.5300945546736013,0.0,4.595604744417216,0.0,0.0,-10.173502843403648,0.1644454659130403,2.841706868167898,0.0,0.0,0.0,0.27924945782026,0.0,0.0,0.0,0.0,0.0,0.0
tactile_images/1488.png,contact,0.661560771447558,0.0,3.104370115593522,0.0,0.0,-10.165012865812209,-0.3990174204508143,3.594972509654798,0.0,0.0,0.0,-1.141640752419315,0.0,0.0,0.0,0.0,0.0,0.0
tactile_images/1489.png,contact,3.03902287261607,0.0,3.287383214523468,0.0,0.0,-10.14933783393277,-0.657164817798483,1.0444091634189403,0.0,0.0,0.0,1.1298638625336768,0.0,0.0,0.0,0.0,0.0,0.0
tactile_images/1490.png,contact,-3.645636095226699,0.0,4.525306979822968,0.0,0.0,-10.137735926283533,1.9258763967163184,-0.7117199029311401,0.0,0.0,0.0,2.7235608607454296,0.0,0.0,0.0,0.0,0.0,0.0
tactile_images/1491.png,contact,4.430212730026318,0.0,4.739537136027852,0.0,0.0,-10.083029995455815,-0.4773723747639158,3.4531647959918583,0.0,0.0,0.0,4.411396184506209,0.0,0.0,0.0,0.0,0.0,0.0
tactile_images/1492.png,contact,-3.2447151760454904,0.0,3.5916267255027194,0.0,0.0,-10.075587214605854,-3.7139964377480816,2.288170327753302,0.0,0.0,0.0,-2.3530311716220007,0.0,0.0,0.0,0.0,0.0,0.0
tactile_images/1493.png,contact,1.748099357753051,0.0,4.753196237670037,0.0,0.0,-10.045345981793346,3.801721806407565,0.7959419843126856,0.0,0.0,0.0,4.471301602116983,0.0,0.0,0.0,0.0,0.0,0.0
tactile_images/1494.png,contact,4.764050353544709,0.0,3.484651460492642,0.0,0.0,-10.038299294390356,-0.7160465107434133,-1.8024287805123664,0.0,0.0,0.0,4.60948045987792,0.0,0.0,0.0,0.0,0.0,0.0
tactile_images/1495.png,contact,-1.1825477153029595,0.0,3.0408032213764127,0.0,0.0,-9.952781170580645,-4.259954243004975,-3.0200493834318376,0.0,0.0,0.0,3.1363051447968022,0.0,0.0,0.0,0.0,0.0,0.0
tactile_images/1496.png,contact,-4.280836403260498,0.0,4.459399254893442,0.0,0.0,-9.923023473572258,0.2936598749776111,-0.8132696072848429,0.0,0.0,0.0,3.81437174942349,0.0,0.0,0.0,0.0,0.0,0.0
tactile_images/1497.png,contact,-1.6721233719418107,0.0,3.9909183858058888,0.0,0.0,-9.874902241030298,1.4734685845570343,-2.1317742403978848,0.0,0.0,0.0,1.9242751371717173,0.0,0.0,0.0,0.0,0.0,0.0
tactile_images/1498.png,contact,-1.920112559466548,0.0,4.930971314015868,0.0,0.0,-9.871810870366318,-2.2441753584224147,-1.6074141226553906,0.0,0.0,0.0,-4.609027800687153,0.0,0.0,0.0,0.0,0.0,0.0
tactile_images/1499.png,contact,-2.7659685279174173,0.0,4.3909769183553005,0.0,0.0,-9.864506423753618,3.003404076738424,0.1563105531203241,0.0,0.0,0.0,0.7507854470539215,0.0,0.0,0.0,0.0,0.0,0.0
tactile_images/1500.png,contact,4.339901558597584,0.0,3.318566074698917,0.0,0.0,-9.856940352650398,1.697758460373637,-3.3090604304839024,0.0,0.0,0.0,2.47204562960772,0.0,0.0,0.0,0.0,0.0,0.0
tactile_images/1501.png,contact,2.1996267044951057,0.0,4.577103684016513,0.0,0.0,-9.803800876372216,1.5034116926443346,3.061766800738255,0.0,0.0,0.0,4.41703134706335,0.0,0.0,0.0,0.0,0.0,0.0
tactile_images/1502.png,contact,-1.1000741707948567,0.0,4.823193773120549,0.0,0.0,-9.79169024570173,-0.7917504713220582,-3.5447053828523254,0.0,0.0,0.0,0.7045184701887361,0.0,0.0,0.0,0.0,0.0,0.0
tactile_images/1503.png,contact,0.5258763317654536,0.0,4.617955499227417,0.0,0.0,-9.790365146272109,4.619153014112879,-0.1900636057904758,0.0,0.0,0.0,2.9420067825738343,0.0,0.0,0.0,0.0,0.0,0.0
tactile_images/1504.png,contact,4.158600350049512,0.0,3.8148105432226975,0.0,0.0,-9.778379516947808,-2.258108320507524,2.4597133808043656,0.0,0.0,0.0,2.05038717544494,0.0,0.0,0.0,0.0,0.0,0.0
tactile_images/1505.png,contact,-3.44357082739616,0.0,3.2937931377555585,0.0,0.0,-9.717564952892069,0.7770550101545259,-0.1497929231040373,0.0,0.0,0.0,-2.191971114524182,0.0,0.0,0.0,0.0,0.0,0.0
tactile_images/1506.png,contact,0.035388476447002,0.0,3.5867793511659567,0.0,0.0,-9.71387522528648,-1.9094484252738244,-1.3897793641136125,0.0,0.0,0.0,-3.452719248486414,0.0,0.0,0.0,0.0,0.0,0.0
tactile_images/1507.png,contact,2.6012588724405528,0.0,3.834110472465411,0.0,0.0,-9.70590102828941,2.44804752971554,-0.2510869417724901,0.0,0.0,0.0,2.509053286779004,0.0,0.0,0.0,0.0,0.0,0.0
tactile_images/1508.png,contact,3.793641288993992,0.0,3.903094045634849,0.0,0.0,-9.63538849643396,-4.522085161298786,3.486706988741405,0.0,0.0,0.0,-2.662316388204926,0.0,0.0,0.0,0.0,0.0,0.0
tactile_images/1509.png,contact,-4.207666084633573,0.0,4.883948864287181,0.0,0.0,-9.610041707618748,-4.541061321249508,4.9043169828395765,0.0,0.0,0.0,-2.553084453698591,0.0,0.0,0.0,0.0,0.0,0.0
tactile_images/1510.png,contact,4.386503728893318,0.0,4.719331095332951,0.0,0.0,-9.587995313374876,3.108609695187914,1.3114328928943555,0.0,0.0,0.0,1.4394623870064756,0.0,0.0,0.0,0.0,0.0,0.0
tactile_images/1511.png,contact,-2.974260216069281,0.0,3.7102635280514327,0.0,0.0,-9.583738860274131,-0.6573183893632892,2.934440426487007,0.0,0.0,0.0,2.8906846402952846,0.0,0.0,0.0,0.0,0.0,0.0
tactile_images/1512.png,contact,-3.7709058101818886,0.0,4.389343459193915,0.0,0.0,-9.531571628513944,-1.5881994539964426,-4.855113138407114,0.0,0.0,0.0,0.823320928612362,0.0,0.0,0.0,0.0,0.0,0.0
tactile_images/1513.png,contact,4.883794600918994,0.0,4.62144134589035,0.0,0.0,-9.515606869414746,1.0752686217533842,3.803644095245726,0.0,0.0,0.0,3.849831538790712,0.0,0.0,0.0,0.0,0.0,0.0
tactile_images/1514.png,contact,1.886923008439964,0.0,3.156548961459752,0.0,0.0,-9.497030311609322,2.0189934386897352,4.540497599279181,0.0,0.0,0.0,-2.885567307493256,0.0,0.0,0.0,0.0,0.0,0.0
tactile_images/1515.png,contact,4.289923354667446,0.0,4.131289764769577,0.0,0.0,-9.492966491736418,-2.9879865315559337,0.7516934175757051,0.0,0.0,0.0,-2.4758557045926044,0.0,0.0,0.0,0.0,0.0,0.0
tactile_images/1516.png,contact,1.4937306879081924,0.0,4.640585921218355,0.0,0.0,-9.448949698767272,-3.1456875859526843,2.538048620602198,0.0,0.0,0.0,1.3695550415744453,0.0,0.0,0.0,0.0,0.0,0.0
tactile_images/1517.png,contact,-0.214490241668801,0.0,4.376348873444527,0.0,0.0,-9.43278801187006,4.581507477598816,0.1274474296007488,0.0,0.0,0.0,3.29368184618297,0.0,0.0,0.0,0.0,0.0,0.0
tactile_images/1518.png,contact,2.4128835784455904,0.0,4.4682490873139376,0.0,0.0,-9.382445524261108,0.8966430638456933,-2.137962595444103,0.0,0.0,0.0,0.3935180167823349,0.0,0.0,0.0,0.0,0.0,0.0
tactile_images/1519.png,contact,-1.5114758488167412,0.0,4.107061770714367,0.0,0.0,-9.382153479876443,-1.098835227057319,3.5224797198301285,0.0,0.0,0.0,-4.896184266974538,0.0,0.0,0.0,0.0,0.0,0.0
tactile_images/1520.png,contact,-2.832979829560477,0.0,3.1968750980019816,0.0,0.0,-9.381806664991508,3.0144169466950643,0.9683671199594182,0.0,0.0,0.0,1.7694312920694113,0.0,0.0,0.0,0.0,0.0,0.0
tactile_images/1521.png,contact,-2.6930489364133976,0.0,4.703775964940767,0.0,0.0,-9.380625104966562,0.251589587779172,0.7938308379140704,0.0,0.0,0.0,3.1358243301793483,0.0,0.0,0.0,0.0,0.0,0.0
tactile_images/1522.png,contact,-3.620426509893134,0.0,4.128602129339661,0.0,0.0,-9.353533147497892,-2.583371896254186,1.5913220384120643,0.0,0.0,0.0,-2.234563721040259,0.0,0.0,0.0,0.0,0.0,0.0
tactile_images/1523.png,contact,-1.204737850519706,0.0,4.6679815241981935,0.0,0.0,-9.334753358456595,-2.932646943584261,3.560031658288484,0.0,0.0,0.0,-4.458017711177326,0.0,0.0,0.0,0.0,0.0,0.0
tactile_images/1524.png,contact,-2.7399137815276253,0.0,4.454794587691903,0.0,0.0,-9.32344616469095,-1.0314073383017828,2.3190612577096434,0.0,0.0,0.0,0.1795197810754825,0.0,0.0,0.0,0.0,0.0,0.0
tactile_images/1525.png,contact,-1.6243401170106804,0.0,3.2432457813601885,0.0,0.0,-9.230825485163194,3.5989586025987954,-2.888758057842548,0.0,0.0,0.0,-4.578447796490465,0.0,0.0,0.0,0.0,0.0,0.0
tactile_images/1526.png,contact,4.381915393107773,0.0,3.385059830876279,0.0,0.0,-9.219059208974066,-4.385520839557411,-0.3317645559268047,0.0,0.0,0.0,-0.8398325608475563,0.0,0.0,0.0,0.0,0.0,0.0
tactile_images/1527.png,contact,-0.4001191460451059,0.0,4.4744553544996535,0.0,0.0,-9.211512750928849,-2.8147399924523686,4.8029833198620615,0.0,0.0,0.0,-4.821821555297046,0.0,0.0,0.0,0.0,0.0,0.0
tactile_images/1528.png,contact,0.7251031207938485,0.0,4.363666064065717,0.0,0.0,-9.192778358646954,3.9315181885259136,0.545607137627746,0.0,0.0,0.0,-2.750332770920635,0.0,0.0,0.0,0.0,0.0,0.0
tactile_images/1529.png,contact,-3.735786241067773,0.0,3.466106375969717,0.0,0.0,-9.166564445910277,-3.782654310307495,4.382453534707986,0.0,0.0,0.0,-1.111775481130901,0.0,0.0,0.0,0.0,0.0,0.0
tactile_images/1530.png,contact,-3.1112376993347084,0.0,3.9021521436497193,0.0,0.0,-9.1520948687955,1.2962571826416838,3.1336948631305592,0.0,0.0,0.0,-3.882941102547421,0.0,0.0,0.0,0.0,0.0,0.0
tactile_images/1531.png,contact,3.1447448429687883,0.0,4.379928714252725,0.0,0.0,-9.106062173321064,-2.8648863187897486,1.6602344180875883,0.0,0.0,0.0,-3.858440960113168,0.0,0.0,0.0,0.0,0.0,0.0
tactile_images/1532.png,contact,-4.876680079966469,0.0,3.733915663633992,0.0,0.0,-9.090637499677754,1.0586684751188835,-1.5063479734024474,0.0,0.0,0.0,3.2706174032562583,0.0,0.0,0.0,0.0,0.0,0.0
tactile_images/1533.png,contact,1.4557505120694514,0.0,3.2564598946075485,0.0,0.0,-9.08539031959613,-1.168958331557679,-1.95680652474561,0.0,0.0,0.0,-4.585761332426005,0.0,0.0,0.0,0.0,0.0,0.0
tactile_images/1534.png,contact,-1.6638541357820644,0.0,4.91887919148233,0.0,0.0,-9.065215438598052,-3.983231035690081,1.434210652975879,0.0,0.0,0.0,1.889662486736457,0.0,0.0,0.0,0.0,0.0,0.0
tactile_images/1535.png,contact,1.8709260578635176,0.0,3.7365255797438266,0.0,0.0,-9.01910272119764,0.8247506755410638,-0.6743875915358917,0.0,0.0,0.0,3.144820493493516,0.0,0.0,0.0,0.0,0.0,0.0
tactile_images/1536.png,contact,-1.92161341694132,0.0,3.2765510553556174,0.0,0.0,-9.002146582157216,1.8304274708458603,2.987536228167272,0.0,0.0,0.0,-3.6927764586436105,0.0,0.0,0.0,0.0,0.0,0.0
tactile_images/1537.png,contact,2.25296184952108,0.0,4.396626647881121,0.0,0.0,-8.963573651096667,1.802726189658028,2.6045673954019586,0.0,0.0,0.0,-3.0462926548652733,0.0,0.0,0.0,0.0,0.0,0.0
tactile_images/1538.png,contact,1.0238762144712945,0.0,3.812646063691159,0.0,0.0,-8.942666023077486,1.3703440907270965,-1.878695132614857,0.0,0.0,0.0,1.414933015950294,0.0,0.0,0.0,0.0,0.0,0.0
tactile_images/1539.png,contact,2.420971729550602,0.0,4.616314098048425,0.0,0.0,-8.933827039768467,0.0022478093554578,2.0272878306176203,0.0,0.0,0.0,-1.8435338725678108,0.0,0.0,0.0,0.0,0.0,0.0
tactile_images/1540.png,contact,2.56827809000546,0.0,3.199327844153552,0.0,0.0,-8.922313846225755,0.1947261685932568,-0.0544980990281596,0.0,0.0,0.0,-0.2357692876509975,0.0,0.0,0.0,0.0,0.0,0.0
tactile_images/1541.png,contact,-3.9676542462642512,0.0,3.2718654947346413,0.0,0.0,-8.903762040889575,1.356401098079596,-1.7670789918600294,0.0,0.0,0.0,3.36002708279732,0.0,0.0,0.0,0.0,0.0,0.0
tactile_images/1542.png,contact,-2.184539473225501,0.0,4.740110386218566,0.0,0.0,-8.889373711745478,1.90259361746641,-0.8703340723536002,0.0,0.0,0.0,-3.6201682861571016,0.0,0.0,0.0,0.0,0.0,0.0
tactile_images/1543.png,contact,-3.254156641239481,0.0,4.5272638310942686,0.0,0.0,-8.854328332868661,1.548767388313851,3.95351867212262,0.0,0.0,0.0,1.19652521904706,0.0,0.0,0.0,0.0,0.0,0.0
tactile_images/1544.png,contact,0.1060746259341129,0.0,4.834851705609003,0.0,0.0,-8.836253362410531,0.8694556491345171,-1.4048230787745952,0.0,0.0,0.0,4.423977222808,0.0,0.0,0.0,0.0,0.0,0.0
tactile_images/1545.png,contact,-0.0985400955045765,0.0,4.716712110318193,0.0,0.0,-8.80943529168384,-3.441610151958816,-2.12600726680542,0.0,0.0,0.0,-4.425333703128294,0.0,0.0,0.0,0.0,0.0,0.0
tactile_images/1546.png,contact,1.4128447458298652,0.0,3.864542575576337,0.0,0.0,-8.795283837879182,-2.8938346150713823,-1.481927792898622,0.0,0.0,0.0,-4.399932350152388,0.0,0.0,0.0,0.0,0.0,0.0
tactile_images/1547.png,contact,4.177276757229381,0.0,3.244577442361199,0.0,0.0,-8.738134527451265,-2.3977597896465164,-2.8538156379130832,0.0,0.0,0.0,0.5474237261763717,0.0,0.0,0.0,0.0,0.0,0.0
tactile_images/1548.png,contact,-4.06472110964547,0.0,3.247144981198981,0.0,0.0,-8.702110080637972,4.196616570875023,0.4463498739632863,0.0,0.0,0.0,4.600757960943293,0.0,0.0,0.0,0.0,0.0,0.0
tactile_images/1549.png,contact,-1.664630475268357,0.0,3.6935201438401375,0.0,0.0,-8.697872543591238,2.593950917969665,-3.5256356367746777,0.0,0.0,0.0,-2.795263576332112,0.0,0.0,0.0,0.0,0.0,0.0
tactile_images/1550.png,contact,3.659847715493592,0.0,3.1341874652597577,0.0,0.0,-8.650478980252096,0.5286681953687822,3.174437864369164,0.0,0.0,0.0,-1.692080302837995,0.0,0.0,0.0,0.0,0.0,0.0
tactile_images/1551.png,contact,-0.5536355093763126,0.0,4.391355326430678,0.0,0.0,-8.612580774360907,-2.479430714559532,-2.744197527543739,0.0,0.0,0.0,-4.013520254521263,0.0,0.0,0.0,0.0,0.0,0.0
tactile_images/1552.png,contact,1.2411171485423065,0.0,4.97205585639286,0.0,0.0,-8.612001178160462,-3.891084767558288,0.9805502753964568,0.0,0.0,0.0,-1.377527695631502,0.0,0.0,0.0,0.0,0.0,0.0
tactile_images/1553.png,contact,-3.902150026361744,0.0,3.0279634259427297,0.0,0.0,-8.610648943546913,3.9875922597997473,-3.749745010801064,0.0,0.0,0.0,-4.5566751997992005,0.0,0.0,0.0,0.0,0.0,0.0
tactile_images/1554.png,contact,-1.675577385210271,0.0,4.059289054070267,0.0,0.0,-8.606141935537899,3.92666015822917,4.784531482143263,0.0,0.0,0.0,-1.1090600225525682,0.0,0.0,0.0,0.0,0.0,0.0
tactile_images/1555.png,contact,-3.093611554785136,0.0,3.684950438372608,0.0,0.0,-8.574721969955796,-3.893044043043085,-0.4542454110635283,0.0,0.0,0.0,0.5548777494203092,0.0,0.0,0.0,0.0,0.0,0.0
tactile_images/1556.png,contact,0.0374124711763848,0.0,3.3892385086491306,0.0,0.0,-8.56841347244356,2.9721666609649606,3.221713407588144,0.0,0.0,0.0,4.750048266842612,0.0,0.0,0.0,0.0,0.0,0.0
tactile_images/1557.png,contact,-4.694704332753689,0.0,4.067450827342888,0.0,0.0,-8.565107941329721,-0.5335493069008734,2.686478356499837,0.0,0.0,0.0,3.1838797964195003,0.0,0.0,0.0,0.0,0.0,0.0
tactile_images/1558.png,contact,-4.650269106665126,0.0,4.383011091627189,0.0,0.0,-8.557405796807487,-1.7603306716945988,2.136930471456788,0.0,0.0,0.0,3.220654107753493,0.0,0.0,0.0,0.0,0.0,0.0
tactile_images/1559.png,contact,-0.8365611185087207,0.0,4.988575971522118,0.0,0.0,-8.554879728102456,2.3910453620870715,3.273648712046098,0.0,0.0,0.0,-2.718556754278029,0.0,0.0,0.0,0.0,0.0,0.0
tactile_images/1560.png,contact,2.313226406150539,0.0,4.187221088892828,0.0,0.0,-8.536820547771939,1.1432954106073057,-3.995363913402942,0.0,0.0,0.0,-4.1276529783115485,0.0,0.0,0.0,0.0,0.0,0.0
tactile_images/1561.png,contact,0.8107455049545207,0.0,3.083760787677551,0.0,0.0,-8.496341060777425,2.800301075933373,1.784971974719621,0.0,0.0,0.0,1.030747041042436,0.0,0.0,0.0,0.0,0.0,0.0
tactile_images/1562.png,contact,-2.915790437258485,0.0,4.143657542365382,0.0,0.0,-8.459480404613174,-4.25671139367063,-2.3417276472621884,0.0,0.0,0.0,0.2113819505576746,0.0,0.0,0.0,0.0,0.0,0.0
tactile_images/1563.png,contact,-2.151001612837,0.0,3.829240124792956,0.0,0.0,-8.43711602149552,-1.814129800425436,2.8587166406658984,0.0,0.0,0.0,0.1650387657763126,0.0,0.0,0.0,0.0,0.0,0.0
tactile_images/1564.png,contact,1.617324940055016,0.0,3.4899070167319124,0.0,0.0,-8.435636851744412,-1.8068314958326424,4.568687598478888,0.0,0.0,0.0,-3.9099201379929016,0.0,0.0,0.0,0.0,0.0,0.0
tactile_images/1565.png,contact,0.7827907312654458,0.0,3.325304436379801,0.0,0.0,-8.409464691870667,-1.7024690771223447,4.014895298426959,0.0,0.0,0.0,-0.0611510573667413,0.0,0.0,0.0,0.0,0.0,0.0
tactile_images/1566.png,contact,1.633957218060794,0.0,3.645957466727616,0.0,0.0,-8.374159577316995,0.0247987264380542,-3.850477775263339,0.0,0.0,0.0,-3.4964425940043165,0.0,0.0,0.0,0.0,0.0,0.0
tactile_images/1567.png,contact,2.695833378826501,0.0,3.011441863083929,0.0,0.0,-8.35767055104504,-2.169861969190526,-1.3044757932717896,0.0,0.0,0.0,-0.7788540628816172,0.0,0.0,0.0,0.0,0.0,0.0
tactile_images/1568.png,contact,-3.7120448226305207,0.0,4.698264495977021,0.0,0.0,-8.339062304683146,-0.5561638991248028,-1.3567724280240023,0.0,0.0,0.0,-4.37837367355184,0.0,0.0,0.0,0.0,0.0,0.0
tactile_images/1569.png,contact,-2.53868082709913,0.0,4.428108661310914,0.0,0.0,-8.31526171038982,-1.3222240688458422,-3.777037336404694,0.0,0.0,0.0,3.5689259940856903,0.0,0.0,0.0,0.0,0.0,0.0
tactile_images/1570.png,contact,4.575777017931083,0.0,3.04055994753484,0.0,0.0,-8.279079165221702,2.3529604802051125,-4.018739466531725,0.0,0.0,0.0,-4.868199136940822,0.0,0.0,0.0,0.0,0.0,0.0
tactile_images/1571.png,contact,-0.9521283412687476,0.0,3.207747580557621,0.0,0.0,-8.273861726766228,1.0350079567505013,-1.1510986503081837,0.0,0.0,0.0,4.393231394453297,0.0,0.0,0.0,0.0,0.0,0.0
tactile_images/1572.png,contact,0.7381869776402707,0.0,4.817835488242908,0.0,0.0,-8.254483809912273,1.5362943231731538,4.920715504965113,0.0,0.0,0.0,3.6289182272893896,0.0,0.0,0.0,0.0,0.0,0.0
tactile_images/1573.png,contact,-2.615106317174723,0.0,4.175406456682953,0.0,0.0,-8.245200598406946,-2.894161059173556,0.6894265106627522,0.0,0.0,0.0,2.526080725693029,0.0,0.0,0.0,0.0,0.0,0.0
tactile_images/1574.png,contact,4.2906778386622655,0.0,3.860843816175934,0.0,0.0,-8.240699079714915,-1.7449783467311066,1.217816286042562,0.0,0.0,0.0,4.825505822857247,0.0,0.0,0.0,0.0,0.0,0.0
tactile_images/1575.png,contact,-0.9484737950190958,0.0,4.983994018029702,0.0,0.0,-8.215872953443302,-4.788345523879257,-0.2898108998131761,0.0,0.0,0.0,-4.461800028724169,0.0,0.0,0.0,0.0,0.0,0.0
tactile_images/1576.png,contact,2.888740574419626,0.0,3.311180648770016,0.0,0.0,-8.187559117681651,-3.916252927068301,1.6233055230402282,0.0,0.0,0.0,1.415971060523466,0.0,0.0,0.0,0.0,0.0,0.0
tactile_images/1577.png,contact,3.737352584354973,0.0,3.6891238159757513,0.0,0.0,-8.16951653243121,-2.3494576801111267,4.566620807447695,0.0,0.0,0.0,3.4930209047171594,0.0,0.0,0.0,0.0,0.0,0.0
tactile_images/1578.png,contact,-3.7665360265834495,0.0,3.8112387805108847,0.0,0.0,-8.15588264067923,-4.3453627869797895,0.8869795361439179,0.0,0.0,0.0,-3.7338290346923055,0.0,0.0,0.0,0.0,0.0,0.0
tactile_images/1579.png,contact,-1.826172212234024,0.0,4.791302460803837,0.0,0.0,-8.155184686519576,1.026324003547025,-4.349615402788068,0.0,0.0,0.0,0.8477497866652728,0.0,0.0,0.0,0.0,0.0,0.0
tactile_images/1580.png,contact,-0.6127719756949626,0.0,4.952156664945038,0.0,0.0,-8.139714037492048,4.981301159238253,-0.0710943083180133,0.0,0.0,0.0,-1.060780913053282,0.0,0.0,0.0,0.0,0.0,0.0
tactile_images/1581.png,contact,3.397743990234937,0.0,3.83214047110656,0.0,0.0,-8.139477573590057,-3.991847859346115,4.927512732519512,0.0,0.0,0.0,-0.6417288665290668,0.0,0.0,0.0,0.0,0.0,0.0
tactile_images/1582.png,contact,4.73633025502748,0.0,3.504404804318661,0.0,0.0,-8.106485998403478,3.2123021266926504,-1.1259727940573674,0.0,0.0,0.0,4.125240853852262,0.0,0.0,0.0,0.0,0.0,0.0
tactile_images/1583.png,contact,4.335366742237278,0.0,4.158145055371989,0.0,0.0,-8.086525210022415,-3.811837527348528,0.9388123721447216,0.0,0.0,0.0,0.3865145027473238,0.0,0.0,0.0,0.0,0.0,0.0
tactile_images/1584.png,contact,-4.668454997992853,0.0,4.780230272619619,0.0,0.0,-8.074286041215679,1.6991401879643604,-3.93363236571183,0.0,0.0,0.0,-4.067379551536758,0.0,0.0,0.0,0.0,0.0,0.0
tactile_images/1585.png,contact,-3.679182945200221,0.0,4.657334287067188,0.0,0.0,-8.071773512135593,1.431576030590172,-3.5881950126343307,0.0,0.0,0.0,4.372161738444289,0.0,0.0,0.0,0.0,0.0,0.0
tactile_images/1586.png,contact,3.986271024468409,0.0,4.456631020987469,0.0,0.0,-8.07160036734993,4.027169348111993,3.746814531539625,0.0,0.0,0.0,-3.147888294371045,0.0,0.0,0.0,0.0,0.0,0.0
tactile_images/1587.png,contact,0.7105566656985571,0.0,4.748503753368672,0.0,0.0,-8.052379744795559,-3.860543863194876,-1.9965537174838848,0.0,0.0,0.0,3.926368164720639,0.0,0.0,0.0,0.0,0.0,0.0
tactile_images/1588.png,contact,-3.887480798689772,0.0,4.778261071409717,0.0,0.0,-7.995902584022403,-1.845555339181022,-1.9454872664540703,0.0,0.0,0.0,4.7092072108536005,0.0,0.0,0.0,0.0,0.0,0.0
tactile_images/1589.png,contact,-2.064757264869012,0.0,3.1969892833588065,0.0,0.0,-7.979328862648046,-4.092202396453143,-1.1278700399767183,0.0,0.0,0.0,3.778374631606954,0.0,0.0,0.0,0.0,0.0,0.0
tactile_images/1590.png,contact,1.541225392621426,0.0,4.491006170705545,0.0,0.0,-7.95050053470122,-0.9261667419556616,4.664786729045225,0.0,0.0,0.0,1.7713377780892046,0.0,0.0,0.0,0.0,0.0,0.0
tactile_images/1591.png,contact,4.846051083086915,0.0,4.120007978457837,0.0,0.0,-7.915569669955261,4.115931735574449,-4.156095039631236,0.0,0.0,0.0,2.435518198230903,0.0,0.0,0.0,0.0,0.0,0.0
tactile_images/1592.png,contact,-2.6102790250202803,0.0,4.126253187784094,0.0,0.0,-7.904425787134954,2.815231510618561,3.187641025513349,0.0,0.0,0.0,1.998672437647552,0.0,0.0,0.0,0.0,0.0,0.0
tactile_images/1593.png,contact,-4.08228488700323,0.0,3.625312628710439,0.0,0.0,-7.88134589885172,2.229001004453192,-1.5844212353401357,0.0,0.0,0.0,-0.3947561214493733,0.0,0.0,0.0,0.0,0.0,0.0
tactile_images/1594.png,contact,3.841309404748703,0.0,3.972115083805362,0.0,0.0,-7.842665644463445,0.33027504862702,3.494680259854748,0.0,0.0,0.0,-2.255802812548129,0.0,0.0,0.0,0.0,0.0,0.0
tactile_images/1595.png,contact,-3.448713477552289,0.0,4.375968043047339,0.0,0.0,-7.807409709005128,3.8348574233552295,4.9175564950454245,0.0,0.0,0.0,-2.1499727004897027,0.0,0.0,0.0,0.0,0.0,0.0
tactile_images/1596.png,contact,-1.0379545294938772,0.0,3.17800635596536,0.0,0.0,-7.805414035901784,-0.5055820175867165,-1.5133258978825213,0.0,0.0,0.0,2.3116786128613755,0.0,0.0,0.0,0.0,0.0,0.0
tactile_images/1597.png,contact,-0.6407402883351772,0.0,4.875654413984766,0.0,0.0,-7.799196226606618,-3.503143328993618,-3.706436337876448,0.0,0.0,0.0,1.2603644832055014,0.0,0.0,0.0,0.0,0.0,0.0
tactile_images/1598.png,contact,4.8789152476511255,0.0,4.860702354266135,0.0,0.0,-7.737486862017526,3.3758522312077925,-3.556245020170717,0.0,0.0,0.0,0.8488403396914679,0.0,0.0,0.0,0.0,0.0,0.0
tactile_images/1599.png,contact,-0.6953977956710364,0.0,4.638667504597722,0.0,0.0,-7.734425380799273,-2.2036167194827314,2.5874089094918595,0.0,0.0,0.0,1.5260883792439763,0.0,0.0,0.0,0.0,0.0,0.0
tactile_images/1600.png,contact,-1.1022514947764126,0.0,3.942220709995508,0.0,0.0,-7.718017363109695,-4.46366458975552,-3.5507844766186345,0.0,0.0,0.0,2.7478623543088885,0.0,0.0,0.0,0.0,0.0,0.0
tactile_images/1601.png,contact,3.9543215966559977,0.0,4.602833621817254,0.0,0.0,-7.708670241153605,-3.739619693312086,-2.3957843146536337,0.0,0.0,0.0,2.483409146455335,0.0,0.0,0.0,0.0,0.0,0.0
tactile_images/1602.png,contact,4.794155057041976,0.0,4.678816075218544,0.0,0.0,-7.697094533318769,1.090589161941482,-2.9560165633792024,0.0,0.0,0.0,-3.946035942075982,0.0,0.0,0.0,0.0,0.0,0.0
tactile_images/1603.png,contact,2.6120378861846074,0.0,3.405313843980862,0.0,0.0,-7.695222737494504,1.0708196392117255,-1.4432143596901748,0.0,0.0,0.0,-1.369649502932856,0.0,0.0,0.0,0.0,0.0,0.0
tactile_images/1604.png,contact,4.259553482659096,0.0,4.170389570785708,0.0,0.0,-7.678106131551161,-2.3981682891796554,-4.2563342485031255,0.0,0.0,0.0,-2.3603286321591432,0.0,0.0,0.0,0.0,0.0,0.0
tactile_images/1605.png,contact,-2.643533864364274,0.0,4.408171337284671,0.0,0.0,-7.592259001695275,2.271801479459791,3.56742482407258,0.0,0.0,0.0,0.3823866222414516,0.0,0.0,0.0,0.0,0.0,0.0
tactile_images/1606.png,contact,4.254493563202292,0.0,3.898246827860501,0.0,0.0,-7.584489064842266,2.736401553995344,3.601463118009935,0.0,0.0,0.0,-4.385839176284212,0.0,0.0,0.0,0.0,0.0,0.0
tactile_images/1607.png,contact,1.381469067948613,0.0,3.74946204507152,0.0,0.0,-7.574935475877332,4.205026261336183,-0.8706710151731025,0.0,0.0,0.0,2.6246404749250694,0.0,0.0,0.0,0.0,0.0,0.0
tactile_images/1608.png,contact,2.1081255370405017,0.0,4.810937384274832,0.0,0.0,-7.5744016712488,0.8493749867823697,1.1208756902347528,0.0,0.0,0.0,-3.9347266623727615,0.0,0.0,0.0,0.0,0.0,0.0
tactile_images/1609.png,contact,4.817781743484503,0.0,3.874067450899542,0.0,0.0,-7.543110515967385,2.7942336414757287,1.419515709043047,0.0,0.0,0.0,-2.285979740893821,0.0,0.0,0.0,0.0,0.0,0.0
tactile_images/1610.png,contact,-2.756118509253275,0.0,3.442553182132368,0.0,0.0,-7.494904697759928,2.530996797716337,2.4925811534592874,0.0,0.0,0.0,2.827415052210476,0.0,0.0,0.0,0.0,0.0,0.0
tactile_images/1611.png,contact,-2.073970000329277,0.0,4.634996513051333,0.0,0.0,-7.485614646763324,-2.421909515328071,0.2069008754405112,0.0,0.0,0.0,-4.484400170812916,0.0,0.0,0.0,0.0,0.0,0.0
tactile_images/1612.png,contact,0.710059726249817,0.0,3.899825562171011,0.0,0.0,-7.484340666566908,-1.8977407206234065,0.10336045441686,0.0,0.0,0.0,1.6020106855599163,0.0,0.0,0.0,0.0,0.0,0.0
tactile_images/1613.png,contact,1.2783297616248666,0.0,4.717972782064233,0.0,0.0,-7.481719497200636,-0.2151760424712856,1.313037773282108,0.0,0.0,0.0,4.244782717943863,0.0,0.0,0.0,0.0,0.0,0.0
tactile_images/1614.png,contact,-2.431931987316034,0.0,4.025181850534593,0.0,0.0,-7.47837312988711,-4.809610324707515,2.030483956698776,0.0,0.0,0.0,1.1763781718778787,0.0,0.0,0.0,0.0,0.0,0.0
tactile_images/1615.png,contact,-0.5975568363838253,0.0,4.2478911495227765,0.0,0.0,-7.475218535604661,-2.0260222684227647,-1.5330962297074824,0.0,0.0,0.0,2.126574874014109,0.0,0.0,0.0,0.0,0.0,0.0
tactile_images/1616.png,contact,4.087133232138664,0.0,3.759919904519505,0.0,0.0,-7.466829793814632,-0.2611712665576204,-1.6962952673118492,0.0,0.0,0.0,2.922668725225469,0.0,0.0,0.0,0.0,0.0,0.0
tactile_images/1617.png,contact,-1.711574733796887,0.0,3.0552636657118613,0.0,0.0,-7.361749409154832,-3.919307047188562,-2.302815959040908,0.0,0.0,0.0,-2.777536778138485,0.0,0.0,0.0,0.0,0.0,0.0
tactile_images/1618.png,contact,2.9652725750240414,0.0,4.414241227888762,0.0,0.0,-7.329096167637722,-3.7372411222487454,0.4884655531274848,0.0,0.0,0.0,0.8096391801256324,0.0,0.0,0.0,0.0,0.0,0.0
tactile_images/1619.png,contact,-3.837858849634257,0.0,3.648627327751161,0.0,0.0,-7.325674435442856,-0.3676326426265888,-1.3984431044422765,0.0,0.0,0.0,-1.9094328396981088,0.0,0.0,0.0,0.0,0.0,0.0
tactile_images/1620.png,contact,-0.1840802194520403,0.0,3.04002344725755,0.0,0.0,-7.301409597418278,2.309650315859312,0.4031326770763188,0.0,0.0,0.0,-2.505046207746947,0.0,0.0,0.0,0.0,0.0,0.0
tactile_images/1621.png,contact,-0.6016818346184198,0.0,3.0570400496772967,0.0,0.0,-7.287172462428522,3.3374893092068305,-0.9401523417307844,0.0,0.0,0.0,-3.075435849144456,0.0,0.0,0.0,0.0,0.0,0.0
tactile_images/1622.png,contact,-2.813218557473051,0.0,4.159221798456568,0.0,0.0,-7.26677114169474,0.4631389750474852,3.3673418255266085,0.0,0.0,0.0,0.8543061530271077,0.0,0.0,0.0,0.0,0.0,0.0
tactile_images/1623.png,contact,-4.966368370739055,0.0,4.114095172384468,0.0,0.0,-7.205954537570783,-0.252510124532689,-4.268697602545393,0.0,0.0,0.0,2.945319265538052,0.0,0.0,0.0,0.0,0.0,0.0
tactile_images/1624.png,contact,-4.664173858664073,0.0,4.9049826008686495,0.0,0.0,-7.204011826699293,-1.1571943154024478,0.7221059360467468,0.0,0.0,0.0,3.758890641884456,0.0,0.0,0.0,0.0,0.0,0.0
tactile_images/1625.png,contact,-2.7224476929665737,0.0,3.871178316025418,0.0,0.0,-7.201278138964483,-3.070510075623938,0.7562375058719777,0.0,0.0,0.0,-0.7141405385814057,0.0,0.0,0.0,0.0,0.0,0.0
tactile_images/1626.png,contact,3.7849862369908194,0.0,4.6959433866251805,0.0,0.0,-7.161393947359372,-3.534379971856353,-1.1628268946130014,0.0,0.0,0.0,-1.271009998020611,0.0,0.0,0.0,0.0,0.0,0.0
tactile_images/1627.png,contact,-1.8386645183534327,0.0,3.34531480219518,0.0,0.0,-7.160473864841677,2.9189645166180807,-0.7897910543685684,0.0,0.0,0.0,1.87306902100591,0.0,0.0,0.0,0.0,0.0,0.0
tactile_images/1628.png,contact,2.134587478717156,0.0,3.14902092363728,0.0,0.0,-7.1540677731120965,-0.3499336778766384,3.0013136088292853,0.0,0.0,0.0,2.8035924185235057,0.0,0.0,0.0,0.0,0.0,0.0
tactile_images/1629.png,contact,-3.0264330979571046,0.0,4.206651131289197,0.0,0.0,-7.150626079195348,2.9032024547975466,-2.193262897396652,0.0,0.0,0.0,-2.4668066332760343,0.0,0.0,0.0,0.0,0.0,0.0
tactile_images/1630.png,contact,-0.2273282938199408,0.0,3.1660775156203727,0.0,0.0,-7.05944194947724,2.0408303590062973,3.714037914261629,0.0,0.0,0.0,-2.0270911578896333,0.0,0.0,0.0,0.0,0.0,0.0
tactile_images/1631.png,contact,-3.2751892210630302,0.0,3.074507761228392,0.0,0.0,-7.047565765363643,-3.061040856166212,3.963433041346933,0.0,0.0,0.0,0.3339331915095034,0.0,0.0,0.0,0.0,0.0,0.0
tactile_images/1632.png,contact,1.7995039896938825,0.0,3.908965465910714,0.0,0.0,-7.038106264392219,0.1030726421122576,1.506193044021959,0.0,0.0,0.0,-0.556143121600563,0.0,0.0,0.0,0.0,0.0,0.0
tactile_images/1633.png,contact,-0.1493334991325943,0.0,3.1312559906714807,0.0,0.0,-7.009059865483643,-0.5598336957731931,2.7285771370809844,0.0,0.0,0.0,2.057877330597222,0.0,0.0,0.0,0.0,0.0,0.0
tactile_images/1634.png,contact,-1.7582292510407358,0.0,3.0416904796154016,0.0,0.0,-6.969360148258666,-0.7612649390930324,1.1294752835448838,0.0,0.0,0.0,0.0448499098774588,0.0,0.0,0.0,0.0,0.0,0.0
tactile_images/1635.png,contact,-2.6230262450096,0.0,4.883809945676658,0.0,0.0,-6.947687479606337,0.4257104920381387,0.2525911374659166,0.0,0.0,0.0,-3.884008942774173,0.0,0.0,0.0,0.0,0.0,0.0
tactile_images/1636.png,contact,4.085131626022451,0.0,4.205615064533519,0.0,0.0,-6.938403133147261,4.820819010754379,4.666777542502295,0.0,0.0,0.0,-3.3404680521189545,0.0,0.0,0.0,0.0,0.0,0.0
tactile_images/1637.png,contact,-4.402302414249576,0.0,3.103371359822264,0.0,0.0,-6.920506685130313,3.129005976707454,-2.1734503577253586,0.0,0.0,0.0,4.019088438206396,0.0,0.0,0.0,0.0,0.0,0.0
tactile_images/1638.png,contact,-2.689874151805105,0.0,4.082670765402535,0.0,0.0,-6.869123134393718,4.037124316303917,-3.4584905335688787,0.0,0.0,0.0,-2.7260163517007108,0.0,0.0,0.0,0.0,0.0,0.0
tactile_images/1639.png,contact,2.560103566209164,0.0,4.102634781325628,0.0,0.0,-6.844544345326483,-4.703604168239624,-2.125146368574847,0.0,0.0,0.0,-4.499139085820998,0.0,0.0,0.0,0.0,0.0,0.0
tactile_images/1640.png,contact,-2.805255152438618,0.0,4.381402078998332,0.0,0.0,-6.802275674912252,-3.5966363320749406,1.1462560837944515,0.0,0.0,0.0,2.3145455828722525,0.0,0.0,0.0,0.0,0.0,0.0
tactile_images/1641.png,contact,-0.112754622007511,0.0,4.224332441446292,0.0,0.0,-6.8006156399195845,-4.152363397754365,-3.148165618988563,0.0,0.0,0.0,1.8401114384464083,0.0,0.0,0.0,0.0,0.0,0.0
tactile_images/1642.png,contact,2.962335408723109,0.0,3.743989519578324,0.0,0.0,-6.764472170165661,-2.3676899493472336,4.088140432263142,0.0,0.0,0.0,1.0007601865481988,0.0,0.0,0.0,0.0,0.0,0.0
tactile_images/1643.png,contact,-3.948273504276488,0.0,4.386338720507692,0.0,0.0,-6.709579510336475,-0.5810750803334948,-0.889755993346073,0.0,0.0,0.0,0.0225615446476057,0.0,0.0,0.0,0.0,0.0,0.0
tactile_images/1644.png,contact,-2.5929250691847363,0.0,4.676675641186771,0.0,0.0,-6.670488198147368,1.4205324765588951,3.499628782918436,0.0,0.0,0.0,4.695803540468194,0.0,0.0,0.0,0.0,0.0,0.0
tactile_images/1645.png,contact,1.4947946571383817,0.0,3.102263276213394,0.0,0.0,-6.659542852529015,0.0083126628660199,-2.507634554711833,0.0,0.0,0.0,-3.8016770408154654,0.0,0.0,0.0,0.0,0.0,0.0
tactile_images/1646.png,contact,-1.847311725538793,0.0,3.306729654831491,0.0,0.0,-6.631229987611668,4.031839149131397,-1.8683164491725248,0.0,0.0,0.0,0.1016278257815006,0.0,0.0,0.0,0.0,0.0,0.0
tactile_images/1647.png,contact,-3.9552322849620047,0.0,3.41857552306024,0.0,0.0,-6.618167979565058,4.398559588938637,-4.407766028275034,0.0,0.0,0.0,0.6404494347004359,0.0,0.0,0.0,0.0,0.0,0.0
tactile_images/1648.png,contact,-0.4269608315824849,0.0,3.029712245015008,0.0,0.0,-6.58414899939396,-3.364790488025411,-2.4223230781442604,0.0,0.0,0.0,-4.775070816191606,0.0,0.0,0.0,0.0,0.0,0.0
tactile_images/1649.png,contact,-1.5097346715095412,0.0,4.053537814538984,0.0,0.0,-6.557046740101953,3.52912920264785,-0.0968618103669864,0.0,0.0,0.0,-0.8800757519566149,0.0,0.0,0.0,0.0,0.0,0.0
tactile_images/1650.png,contact,-2.823854840582735,0.0,3.720284228277876,0.0,0.0,-6.55595629652931,-0.18277795986699,4.461369177232422,0.0,0.0,0.0,2.828021253886411,0.0,0.0,0.0,0.0,0.0,0.0
tactile_images/1651.png,contact,2.1895024983311084,0.0,3.439601423923848,0.0,0.0,-6.554268929429156,-0.4667052868261567,-1.110970261085018,0.0,0.0,0.0,-0.2890124475706752,0.0,0.0,0.0,0.0,0.0,0.0
tactile_images/1652.png,contact,1.6265445323090733,0.0,3.87889644658584,0.0,0.0,-6.539724908095444,2.849393484845681,1.3974387948334588,0.0,0.0,0.0,3.752784497909168,0.0,0.0,0.0,0.0,0.0,0.0
tactile_images/1653.png,contact,0.7737080298639087,0.0,4.21844532553871,0.0,0.0,-6.507043673515319,-4.068594909551234,-0.7228988253121207,0.0,0.0,0.0,1.4479893188945925,0.0,0.0,0.0,0.0,0.0,0.0
tactile_images/1654.png,contact,1.6559882101125134,0.0,4.747337311302663,0.0,0.0,-6.437421165907622,3.8249312741914654,-4.532081492320588,0.0,0.0,0.0,2.660853640498741,0.0,0.0,0.0,0.0,0.0,0.0
tactile_images/1655.png,contact,0.9009511030371176,0.0,4.141379323153696,0.0,0.0,-6.42666536143458,1.7086335454761468,0.0353262589670269,0.0,0.0,0.0,3.0448013519235992,0.0,0.0,0.0,0.0,0.0,0.0
tactile_images/1656.png,contact,0.5399422704204424,0.0,4.863888279308744,0.0,0.0,-6.412433283151955,3.7526160765799794,-4.340863532960792,0.0,0.0,0.0,1.8950023944013328,0.0,0.0,0.0,0.0,0.0,0.0
tactile_images/1657.png,contact,0.7239866629666274,0.0,3.8313220030008974,0.0,0.0,-6.394129899071032,4.944775777076227,3.83699924597536,0.0,0.0,0.0,2.493806600263511,0.0,0.0,0.0,0.0,0.0,0.0
tactile_images/1658.png,contact,-0.2439026932758006,0.0,4.722017642616027,0.0,0.0,-6.393062188191259,0.1800445235725334,2.5303696195091394,0.0,0.0,0.0,1.953105398212477,0.0,0.0,0.0,0.0,0.0,0.0
tactile_images/1659.png,contact,-1.7401991905879264,0.0,4.352112010026506,0.0,0.0,-6.378901399630067,-4.06737802091071,-1.2134852874763382,0.0,0.0,0.0,0.5046374845362323,0.0,0.0,0.0,0.0,0.0,0.0
tactile_images/1660.png,contact,3.852311281307825,0.0,4.11626831625643,0.0,0.0,-6.37627459032921,-3.334761370691135,1.402186661912897,0.0,0.0,0.0,0.6653296559543298,0.0,0.0,0.0,0.0,0.0,0.0
tactile_images/1661.png,contact,4.3276581990943885,0.0,3.011304209682369,0.0,0.0,-6.345748917194058,-1.763817574456901,-3.879718446866679,0.0,0.0,0.0,-3.101152173631987,0.0,0.0,0.0,0.0,0.0,0.0
tactile_images/1662.png,contact,-2.3750835945900697,0.0,3.400017842225495,0.0,0.0,-6.320264900277053,-3.9644705786529046,2.0255498696265084,0.0,0.0,0.0,3.274392333790569,0.0,0.0,0.0,0.0,0.0,0.0
tactile_images/1663.png,contact,-1.4197150044326603,0.0,4.485643003169732,0.0,0.0,-6.300671397812394,3.1534182613776984,3.2273240899146955,0.0,0.0,0.0,-1.878626862281012,0.0,0.0,0.0,0.0,0.0,0.0
tactile_images/1664.png,contact,-2.90509794274885,0.0,3.1000376418043727,0.0,0.0,-6.239907942044383,-2.031321489672316,3.2174564853823444,0.0,0.0,0.0,0.3573688246533111,0.0,0.0,0.0,0.0,0.0,0.0
tactile_images/1665.png,contact,-0.312940183509319,0.0,3.1112773186574056,0.0,0.0,-6.229307832410939,4.758861880198653,-2.1572245230934417,0.0,0.0,0.0,-2.50454442057484,0.0,0.0,0.0,0.0,0.0,0.0
tactile_images/1666.png,contact,-3.829148165187222,0.0,4.573913620958082,0.0,0.0,-6.215694139381711,2.0259143193185567,-2.362538047231734,0.0,0.0,0.0,1.9586497910622749,0.0,0.0,0.0,0.0,0.0,0.0
tactile_images/1667.png,contact,1.1900872633160011,0.0,3.9081106452190975,0.0,0.0,-6.199840096348531,-3.265696297444424,0.2139768790267844,0.0,0.0,0.0,4.7516895218393564,0.0,0.0,0.0,0.0,0.0,0.0
tactile_images/1668.png,contact,-4.699265253451909,0.0,3.77143342552204,0.0,0.0,-6.188670774845363,-0.2395735305605972,4.6777216192984845,0.0,0.0,0.0,3.019402346474074,0.0,0.0,0.0,0.0,0.0,0.0
tactile_images/1669.png,contact,3.890019012086852,0.0,3.803797415911933,0.0,0.0,-6.1564130462097495,-0.3311577836667894,4.205229776060852,0.0,0.0,0.0,1.1909548188756691,0.0,0.0,0.0,0.0,0.0,0.0
tactile_images/1670.png,contact,4.28811351539771,0.0,4.161474279594704,0.0,0.0,-6.126739078866969,-0.0748834166636616,-1.4036151824401824,0.0,0.0,0.0,0.6750653374210094,0.0,0.0,0.0,0.0,0.0,0.0
tactile_images/1671.png,contact,-0.0741193871780883,0.0,4.952826444768112,0.0,0.0,-6.076495062050213,0.3569117064293561,2.7982950618304416,0.0,0.0,0.0,-0.1022874264707098,0.0,0.0,0.0,0.0,0.0,0.0
tactile_images/1672.png,contact,2.5846315829831825,0.0,4.405254212647304,0.0,0.0,-6.073832272810783,-4.688269176822692,4.213177640914573,0.0,0.0,0.0,-2.950285682363998,0.0,0.0,0.0,0.0,0.0,0.0
tactile_images/1673.png,contact,-1.981617140197452,0.0,3.8489856653530703,0.0,0.0,-6.0347590924138,1.8630112574362343,-2.39073534282395,0.0,0.0,0.0,-1.519899481557545,0.0,0.0,0.0,0.0,0.0,0.0
tactile_images/1674.png,contact,-2.6606477653530263,0.0,4.749403968653424,0.0,0.0,-6.015760258752238,-0.1280822471155671,3.302956496029397,0.0,0.0,0.0,-0.9360592582869938,0.0,0.0,0.0,0.0,0.0,0.0
tactile_images/1675.png,contact,-1.1630048592572404,0.0,3.924988548024876,0.0,0.0,-5.998391376242459,2.9096539886869897,-2.3210437309082343,0.0,0.0,0.0,4.4456907484101045,0.0,0.0,0.0,0.0,0.0,0.0
tactile_images/1676.png,contact,-4.770069544389434,0.0,4.400375121660913,0.0,0.0,-5.99321396578712,3.1534957326043056,-1.5671787411278937,0.0,0.0,0.0,-0.7441714596398761,0.0,0.0,0.0,0.0,0.0,0.0
tactile_images/1677.png,contact,2.405765665687075,0.0,4.107456462796723,0.0,0.0,-5.974192321851071,-2.694648780082826,-3.0117930914924584,0.0,0.0,0.0,0.86190354795926,0.0,0.0,0.0,0.0,0.0,0.0
tactile_images/1678.png,contact,0.9547261442613032,0.0,4.862533254802676,0.0,0.0,-5.971866774117309,-4.515770535732222,0.0707979907271347,0.0,0.0,0.0,4.224245406117589,0.0,0.0,0.0,0.0,0.0,0.0
tactile_images/1679.png,contact,-1.364302495436367,0.0,4.886856214530571,0.0,0.0,-5.964454820285127,2.0323385611232254,3.433108942612412,0.0,0.0,0.0,0.184264078113431,0.0,0.0,0.0,0.0,0.0,0.0
tactile_images/1680.png,contact,3.4507468885655737,0.0,3.847799503993997,0.0,0.0,-5.9440571775434,4.777627884638743,0.2805213743551231,0.0,0.0,0.0,-2.4855022013596564,0.0,0.0,0.0,0.0,0.0,0.0
tactile_images/1681.png,contact,2.625665316251937,0.0,3.620294442181604,0.0,0.0,-5.919500070632509,-0.5334201341909894,-3.765599903069025,0.0,0.0,0.0,-1.1899389340192243,0.0,0.0,0.0,0.0,0.0,0.0
tactile_images/1682.png,contact,0.6314929738482045,0.0,3.066835989410119,0.0,0.0,-5.913740751273259,-2.403871904064042,-2.4822406777283,0.0,0.0,0.0,-1.2446079954721712,0.0,0.0,0.0,0.0,0.0,0.0
tactile_images/1683.png,contact,4.713475724223455,0.0,3.619517126517241,0.0,0.0,-5.904459551038052,-3.4332810541651906,0.6286186728133893,0.0,0.0,0.0,2.147175647021545,0.0,0.0,0.0,0.0,0.0,0.0
tactile_images/1684.png,contact,-4.0194019674915005,0.0,3.429507331650165,0.0,0.0,-5.899864390210922,-2.1255440260941496,0.8318745557056015,0.0,0.0,0.0,-2.0387926953997413,0.0,0.0,0.0,0.0,0.0,0.0
tactile_images/1685.png,contact,0.42300394840706,0.0,4.358786976224852,0.0,0.0,-5.872344638400975,-1.720804486285502,0.7690590354486986,0.0,0.0,0.0,2.302885777603942,0.0,0.0,0.0,0.0,0.0,0.0
tactile_images/1686.png,contact,1.054239244023536,0.0,3.44698862851168,0.0,0.0,-5.852576175146943,-0.7612525656553544,-4.229965074937841,0.0,0.0,0.0,3.892427118867257,0.0,0.0,0.0,0.0,0.0,0.0
tactile_images/1687.png,contact,-1.796203327351078,0.0,4.194698601955706,0.0,0.0,-5.825498502245281,1.5540712321458647,2.536958926347542,0.0,0.0,0.0,-1.6392698828628816,0.0,0.0,0.0,0.0,0.0,0.0
tactile_images/1688.png,contact,-3.9409430253325066,0.0,3.1316843290173093,0.0,0.0,-5.7949327959998485,-2.2683694391977296,4.0942819898900655,0.0,0.0,0.0,-3.6465889975423096,0.0,0.0,0.0,0.0,0.0,0.0
tactile_images/1689.png,contact,0.2842381144984163,0.0,4.328251478566701,0.0,0.0,-5.794216850704551,-4.49023236531324,0.1051894772989996,0.0,0.0,0.0,1.3855435096864277,0.0,0.0,0.0,0.0,0.0,0.0
tactile_images/1690.png,contact,-4.307573256035648,0.0,4.408208721543273,0.0,0.0,-5.746761007582961,-1.2672138842728042,2.188292867718628,0.0,0.0,0.0,-1.391455324760058,0.0,0.0,0.0,0.0,0.0,0.0
tactile_images/1691.png,contact,0.3844252558021015,0.0,4.34678295805967,0.0,0.0,-5.728380843312969,3.5562961615907582,4.140154920365513,0.0,0.0,0.0,0.3398616714457789,0.0,0.0,0.0,0.0,0.0,0.0
tactile_images/1692.png,contact,4.231379247238365,0.0,3.6195291663703744,0.0,0.0,-5.708598902226804,-0.0164848914811619,1.426227549480159,0.0,0.0,0.0,1.3416563183961072,0.0,0.0,0.0,0.0,0.0,0.0
tactile_images/1693.png,contact,-4.499611839502254,0.0,3.409008677385592,0.0,0.0,-5.693698998482311,4.647837577454098,1.7432572443105112,0.0,0.0,0.0,-0.9225705593908852,0.0,0.0,0.0,0.0,0.0,0.0
tactile_images/1694.png,contact,-3.0620127979306133,0.0,3.0299970007542734,0.0,0.0,-5.637324343340026,0.036215310887318,2.214044133839545,0.0,0.0,0.0,4.246944517900747,0.0,0.0,0.0,0.0,0.0,0.0
tactile_images/1695.png,contact,-4.29228053631854,0.0,4.180598143511199,0.0,0.0,-5.619120736757161,-2.241011830781522,-2.394975485459349,0.0,0.0,0.0,-1.0038534582952785,0.0,0.0,0.0,0.0,0.0,0.0
tactile_images/1696.png,contact,-3.597946748116456,0.0,4.430211227236178,0.0,0.0,-5.607536559775944,-3.066860027547854,0.8267787471682739,0.0,0.0,0.0,-1.9262567275997111,0.0,0.0,0.0,0.0,0.0,0.0
tactile_images/1697.png,contact,-3.9409920367913447,0.0,3.951884435095448,0.0,0.0,-5.606131822493474,1.945244967855764,3.4217511454445635,0.0,0.0,0.0,3.8567522109888746,0.0,0.0,0.0,0.0,0.0,0.0
tactile_images/1698.png,contact,1.1132271031051797,0.0,4.263549687305511,0.0,0.0,-5.581258059423064,0.3638128577743638,-2.038372697392493,0.0,0.0,0.0,-3.636982765741903,0.0,0.0,0.0,0.0,0.0,0.0
tactile_images/1699.png,contact,-3.736771141863388,0.0,4.844997792605007,0.0,0.0,-5.570938008805598,1.0399892899544143,3.9717049959686026,0.0,0.0,0.0,-3.757910712144099,0.0,0.0,0.0,0.0,0.0,0.0
tactile_images/1700.png,contact,-3.998333456872725,0.0,3.48025324090304,0.0,0.0,-5.570568931718135,2.551267893341312,1.20381949765632,0.0,0.0,0.0,4.3569820760562585,0.0,0.0,0.0,0.0,0.0,0.0
tactile_images/1701.png,contact,-4.024533072858418,0.0,4.572365338396426,0.0,0.0,-5.567618576738994,2.2590346426489294,-0.7682514856694382,0.0,0.0,0.0,-2.91031585890551,0.0,0.0,0.0,0.0,0.0,0.0
tactile_images/1702.png,contact,-0.2770110908629988,0.0,4.746508713383346,0.0,0.0,-5.559525490581009,-4.56636699831773,1.2318296140029297,0.0,0.0,0.0,-3.5156259637535947,0.0,0.0,0.0,0.0,0.0,0.0
tactile_images/1703.png,contact,-4.0783851388353405,0.0,3.547743639410742,0.0,0.0,-5.534887655288067,3.025719052950283,-0.981400943109236,0.0,0.0,0.0,0.3516830401954856,0.0,0.0,0.0,0.0,0.0,0.0
tactile_images/1704.png,contact,-1.8300677341635687,0.0,4.487088539274589,0.0,0.0,-5.515960600457959,0.327033070517114,3.3803560184817467,0.0,0.0,0.0,-4.532115337897025,0.0,0.0,0.0,0.0,0.0,0.0
tactile_images/1705.png,contact,-2.220709382027371,0.0,4.876936424731625,0.0,0.0,-5.480927482562024,-1.0829146918522738,-0.1768141993240295,0.0,0.0,0.0,1.2001500072756013,0.0,0.0,0.0,0.0,0.0,0.0
tactile_images/1706.png,contact,-2.4649140511802416,0.0,3.6267353889145566,0.0,0.0,-5.450194683406117,0.3751942626807034,4.012133597543366,0.0,0.0,0.0,-0.4706920166093535,0.0,0.0,0.0,0.0,0.0,0.0
tactile_images/1707.png,contact,-3.575623376612837,0.0,4.416047567995824,0.0,0.0,-5.396267911121797,1.1245144845732504,0.0980808084782651,0.0,0.0,0.0,1.4041196441473345,0.0,0.0,0.0,0.0,0.0,0.0
tactile_images/1708.png,contact,1.3808000916213503,0.0,4.854845672965524,0.0,0.0,-5.389568318090369,-3.50493690126203,1.6036838963738722,0.0,0.0,0.0,-2.160630964672495,0.0,0.0,0.0,0.0,0.0,0.0
tactile_images/1709.png,contact,3.305072533139075,0.0,3.825678795517813,0.0,0.0,-5.388056584409711,-0.82584604673555,4.977444210068505,0.0,0.0,0.0,4.054722143489416,0.0,0.0,0.0,0.0,0.0,0.0
tactile_images/1710.png,contact,2.719202280510676,0.0,4.290555510647126,0.0,0.0,-5.374874624329323,-1.6441378981181618,-3.530341589914588,0.0,0.0,0.0,-2.294192872746544,0.0,0.0,0.0,0.0,0.0,0.0
tactile_images/1711.png,contact,4.189537840923521,0.0,4.041631172288165,0.0,0.0,-5.36724619390818,-1.495910551819616,2.3672914873340565,0.0,0.0,0.0,1.375646855428606,0.0,0.0,0.0,0.0,0.0,0.0
tactile_images/1712.png,contact,1.4507533912298998,0.0,3.6868611760389856,0.0,0.0,-5.356471379428967,-4.086650615926918,-3.611277720840664,0.0,0.0,0.0,4.450918506276247,0.0,0.0,0.0,0.0,0.0,0.0
tactile_images/1713.png,contact,2.401867912549658,0.0,3.6135885662202014,0.0,0.0,-5.312215039823215,-3.401565119997696,3.3886636576439617,0.0,0.0,0.0,-0.991907116587174,0.0,0.0,0.0,0.0,0.0,0.0
tactile_images/1714.png,contact,3.267981300899848,0.0,3.359595626990151,0.0,0.0,-5.274081802768009,-3.381679324137786,0.9645338116201164,0.0,0.0,0.0,-3.38573471707155,0.0,0.0,0.0,0.0,0.0,0.0
tactile_images/1715.png,contact,0.8737815915137626,0.0,3.867870499262748,0.0,0.0,-5.223118021975587,-1.2677525677835222,4.381595606064593,0.0,0.0,0.0,-4.316175240881663,0.0,0.0,0.0,0.0,0.0,0.0
tactile_images/1716.png,contact,3.1577516076197387,0.0,4.408847242954973,0.0,0.0,-5.18497946032889,3.944915448747915,3.6595660194486825,0.0,0.0,0.0,4.630179968076062,0.0,0.0,0.0,0.0,0.0,0.0
tactile_images/1717.png,contact,3.811820837319281,0.0,3.659949790580553,0.0,0.0,-5.17165058004359,-2.9397262807905733,-4.251279625311765,0.0,0.0,0.0,2.6370148599393897,0.0,0.0,0.0,0.0,0.0,0.0
tactile_images/1718.png,contact,-3.27302149737246,0.0,4.248849854368785,0.0,0.0,-5.152114282444359,-0.8380749232519547,-3.626974583211391,0.0,0.0,0.0,4.1895206007078425,0.0,0.0,0.0,0.0,0.0,0.0
tactile_images/1719.png,contact,3.967349911249516,0.0,3.9535904478007664,0.0,0.0,-5.041023572810246,-1.883905847008621,1.0117092860682515,0.0,0.0,0.0,1.9883305315981143,0.0,0.0,0.0,0.0,0.0,0.0
tactile_images/1720.png,contact,4.89715504064308,0.0,4.712535307048163,0.0,0.0,-5.024809721447589,2.8738331255133804,0.1831463994207478,0.0,0.0,0.0,-1.5755149581064307,0.0,0.0,0.0,0.0,0.0,0.0
tactile_images/1721.png,contact,0.1150436734009465,0.0,3.628953271733021,0.0,0.0,-4.9462103240784,-4.498735676791839,-3.314348693865554,0.0,0.0,0.0,-3.769834140166198,0.0,0.0,0.0,0.0,0.0,0.0
tactile_images/1722.png,contact,0.3370058706018124,0.0,4.454584954479137,0.0,0.0,-4.94592450166212,-3.034566044641096,-3.706407717283502,0.0,0.0,0.0,4.293068592750007,0.0,0.0,0.0,0.0,0.0,0.0
tactile_images/1723.png,contact,3.8279609431976658,0.0,4.803483352081284,0.0,0.0,-4.930909014072718,-2.8935845764520565,0.6399078344161317,0.0,0.0,0.0,-0.1038095586905889,0.0,0.0,0.0,0.0,0.0,0.0
tactile_images/1724.png,contact,4.646886450597609,0.0,4.116768955140444,0.0,0.0,-4.882623923873503,4.929628003132313,-4.510784520250005,0.0,0.0,0.0,-1.0349100372237716,0.0,0.0,0.0,0.0,0.0,0.0
tactile_images/1725.png,contact,0.4876065581901194,0.0,3.8843082275731655,0.0,0.0,-4.829937685142582,0.7077501796630354,3.7373530295343897,0.0,0.0,0.0,0.7779206123912319,0.0,0.0,0.0,0.0,0.0,0.0
tactile_images/1726.png,contact,0.4671116525197236,0.0,4.63420426600523,0.0,0.0,-4.784287098123279,-3.6104173561648176,3.070829198026205,0.0,0.0,0.0,-3.934406785689309,0.0,0.0,0.0,0.0,0.0,0.0
tactile_images/1727.png,contact,3.945263000433694,0.0,4.432347753912861,0.0,0.0,-4.779525594908151,-2.2780086072343453,2.853699717110894,0.0,0.0,0.0,-1.9079618062551609,0.0,0.0,0.0,0.0,0.0,0.0
tactile_images/1728.png,contact,3.3425022017984407,0.0,4.497835280957039,0.0,0.0,-4.775576637142052,-3.3217790587707574,-4.84002852959259,0.0,0.0,0.0,1.3787610709816702,0.0,0.0,0.0,0.0,0.0,0.0
tactile_images/1729.png,contact,0.9245696896756916,0.0,4.730858810165373,0.0,0.0,-4.755873890541729,-3.75395430380552,-4.52359056587262,0.0,0.0,0.0,-3.998770536428448,0.0,0.0,0.0,0.0,0.0,0.0
tactile_images/1730.png,contact,4.375424063809286,0.0,3.243174699067054,0.0,0.0,-4.64972926876375,2.971820284078925,0.4983912115072861,0.0,0.0,0.0,-3.647572410351161,0.0,0.0,0.0,0.0,0.0,0.0
tactile_images/1731.png,contact,-3.0987444585463493,0.0,4.006438414365924,0.0,0.0,-4.6335863503591455,-0.0424737133964514,4.944256888941776,0.0,0.0,0.0,0.1058786409105554,0.0,0.0,0.0,0.0,0.0,0.0
tactile_images/1732.png,contact,-4.553346865039282,0.0,3.8427538824277097,0.0,0.0,-4.596169910983988,1.3121013684878138,-1.5768379902864824,0.0,0.0,0.0,1.2345712460109102,0.0,0.0,0.0,0.0,0.0,0.0
tactile_images/1733.png,contact,2.526596841809167,0.0,4.288731400985135,0.0,0.0,-4.587367897265665,-1.6874875300800394,-1.5562518359465605,0.0,0.0,0.0,-3.129982942062093,0.0,0.0,0.0,0.0,0.0,0.0
tactile_images/1734.png,contact,-3.178342161750216,0.0,3.224482143983177,0.0,0.0,-4.580060322127281,0.5369508606732945,-3.657220331380167,0.0,0.0,0.0,-4.669153655445082,0.0,0.0,0.0,0.0,0.0,0.0
tactile_images/1735.png,contact,-0.2306542476911932,0.0,3.908334940335528,0.0,0.0,-4.577531656998147,-2.4243096747630286,1.743358037395014,0.0,0.0,0.0,4.583668927667562,0.0,0.0,0.0,0.0,0.0,0.0
tactile_images/1736.png,contact,-4.836789252634135,0.0,3.33941047831049,0.0,0.0,-4.523894903702349,-1.919637250717652,1.4667668899400566,0.0,0.0,0.0,-4.725073421174431,0.0,0.0,0.0,0.0,0.0,0.0
tactile_images/1737.png,contact,-0.6340836448385412,0.0,4.906355076526278,0.0,0.0,-4.515905185384298,1.5223794436673297,-3.98677583620841,0.0,0.0,0.0,-4.979479584793588,0.0,0.0,0.0,0.0,0.0,0.0
tactile_images/1738.png,contact,2.516163912567925,0.0,4.219010244898862,0.0,0.0,-4.512177417472223,-3.4964987408076977,-0.3258771293164884,0.0,0.0,0.0,-1.766594311718003,0.0,0.0,0.0,0.0,0.0,0.0
tactile_images/1739.png,contact,-3.667703545060002,0.0,4.899074874227304,0.0,0.0,-4.457940506571802,1.1722185916746186,1.670749088219743,0.0,0.0,0.0,-2.775468312244318,0.0,0.0,0.0,0.0,0.0,0.0
tactile_images/1740.png,contact,1.0240560203720572,0.0,3.805222876680325,0.0,0.0,-4.426252968719169,3.522348164231273,-0.0648386367807294,0.0,0.0,0.0,0.7358636209821086,0.0,0.0,0.0,0.0,0.0,0.0
tactile_images/1741.png,contact,-4.8484119896233455,0.0,3.4061411858401245,0.0,0.0,-4.42024276814066,-3.7957677381923096,1.7436358186475551,0.0,0.0,0.0,3.9420887684108017,0.0,0.0,0.0,0.0,0.0,0.0
tactile_images/1742.png,contact,4.237607820264355,0.0,3.944924227829781,0.0,0.0,-4.387945197109637,3.97461280569979,3.1627039743148977,0.0,0.0,0.0,-0.1889232756068537,0.0,0.0,0.0,0.0,0.0,0.0
tactile_images/1743.png,contact,4.26918437972985,0.0,3.816974777764546,0.0,0.0,-4.330575571416119,-4.20554319701105,1.8581543312176765,0.0,0.0,0.0,2.733012088169706,0.0,0.0,0.0,0.0,0.0,0.0
tactile_images/1744.png,contact,-1.3340085431672577,0.0,3.927095678517844,0.0,0.0,-4.304433996860311,-1.5109077304412697,1.1611423583052378,0.0,0.0,0.0,4.092270384789499,0.0,0.0,0.0,0.0,0.0,0.0
tactile_images/1745.png,contact,0.3601830183311261,0.0,4.157873118814006,0.0,0.0,-4.281580217996499,1.1050931523799452,3.535902569444932,0.0,0.0,0.0,-3.1060034639379253,0.0,0.0,0.0,0.0,0.0,0.0
tactile_images/1746.png,contact,4.3274408603263215,0.0,3.294547616996653,0.0,0.0,-4.277695462709183,0.5941476011853686,4.005885678697881,0.0,0.0,0.0,-0.1168911387799411,0.0,0.0,0.0,0.0,0.0,0.0
tactile_images/1747.png,contact,1.075548925773646,0.0,3.782184488296441,0.0,0.0,-4.270080424628894,-4.036089275055666,-1.111135628241958,0.0,0.0,0.0,1.4206999959872944,0.0,0.0,0.0,0.0,0.0,0.0
tactile_images/1748.png,contact,-4.084345518793754,0.0,4.642247252235449,0.0,0.0,-4.236041648389232,2.98913167785853,-3.267501122761141,0.0,0.0,0.0,-1.681167620796554,0.0,0.0,0.0,0.0,0.0,0.0
tactile_images/1749.png,contact,-0.4170481241000399,0.0,4.519123667827817,0.0,0.0,-4.21871337867556,4.731532931452527,3.178604040080506,0.0,0.0,0.0,2.397521109884252,0.0,0.0,0.0,0.0,0.0,0.0
tactile_images/1750.png,contact,-4.894511309650564,0.0,3.573318496894505,0.0,0.0,-4.217953615184705,-3.187717108162299,-2.8624689270051684,0.0,0.0,0.0,2.05314975221825,0.0,0.0,0.0,0.0,0.0,0.0
tactile_images/1751.png,contact,4.808551320031633,0.0,3.11718177542027,0.0,0.0,-4.209105141006539,3.951309698154628,4.289506697490857,0.0,0.0,0.0,-0.7890571584858037,0.0,0.0,0.0,0.0,0.0,0.0
tactile_images/1752.png,contact,-2.925948132091348,0.0,3.68578418269796,0.0,0.0,-4.172289170066236,0.5680944211175056,-4.771220547780965,0.0,0.0,0.0,-4.120462465755386,0.0,0.0,0.0,0.0,0.0,0.0
tactile_images/1753.png,contact,-2.2225256839306624,0.0,3.461277280428528,0.0,0.0,-4.169713772961231,4.359337712453273,4.2127118261930345,0.0,0.0,0.0,-4.884312165174204,0.0,0.0,0.0,0.0,0.0,0.0
tactile_images/1754.png,contact,-4.502373538208024,0.0,3.215849109929988,0.0,0.0,-4.131580985610079,-3.239140415832389,0.8918299261206277,0.0,0.0,0.0,-1.3065043783914954,0.0,0.0,0.0,0.0,0.0,0.0
tactile_images/1755.png,contact,1.7921993502826417,0.0,3.104537335123193,0.0,0.0,-4.11590311176397,2.9202139317942457,2.747421165128814,0.0,0.0,0.0,-4.179311548824018,0.0,0.0,0.0,0.0,0.0,0.0
tactile_images/1756.png,contact,4.91680057772808,0.0,4.462690190370543,0.0,0.0,-4.098284384267743,-4.402184245546689,-1.015074129355955,0.0,0.0,0.0,2.81624443208261,0.0,0.0,0.0,0.0,0.0,0.0
tactile_images/1757.png,contact,3.756316009994898,0.0,3.911831874044228,0.0,0.0,-4.0946759115658224,3.831964468027264,4.917162919088801,0.0,0.0,0.0,-1.6567421673101923,0.0,0.0,0.0,0.0,0.0,0.0
tactile_images/1758.png,contact,3.155237468663606,0.0,4.431011909242257,0.0,0.0,-4.086350374075195,1.741594221996337,-2.724485724337096,0.0,0.0,0.0,1.660982757916968,0.0,0.0,0.0,0.0,0.0,0.0
tactile_images/1759.png,contact,2.0194779136055683,0.0,4.143739378743464,0.0,0.0,-4.060219583445175,-1.2974521607756992,-2.3565633736182523,0.0,0.0,0.0,-1.5362101269954165,0.0,0.0,0.0,0.0,0.0,0.0
tactile_images/1760.png,contact,1.3902610305997325,0.0,3.592131020077894,0.0,0.0,-4.023013702739092,-3.0953317650214984,-4.485675559625271,0.0,0.0,0.0,2.959384168280181,0.0,0.0,0.0,0.0,0.0,0.0
tactile_images/1761.png,contact,-3.2824925243721843,0.0,3.782756186727494,0.0,0.0,-4.013747680530209,3.165330985672048,4.404733630614382,0.0,0.0,0.0,3.884124966197811,0.0,0.0,0.0,0.0,0.0,0.0
tactile_images/1762.png,contact,-2.33113022415281,0.0,3.569705353221228,0.0,0.0,-4.006784484662234,1.032413213948116,-0.4397069640132391,0.0,0.0,0.0,3.3751414926273995,0.0,0.0,0.0,0.0,0.0,0.0
tactile_images/1763.png,contact,-1.5703049823410726,0.0,4.715914910795017,0.0,0.0,-3.9718465558258975,-1.3958414705199864,1.7485241471934918,0.0,0.0,0.0,-0.1552643602014667,0.0,0.0,0.0,0.0,0.0,0.0
tactile_images/1764.png,contact,-3.459214396777321,0.0,4.475906240505877,0.0,0.0,-3.9669053669662304,-0.5616417519748378,1.8744072746284068,0.0,0.0,0.0,-4.160483891301795,0.0,0.0,0.0,0.0,0.0,0.0
tactile_images/1765.png,contact,4.592248584452361,0.0,3.8724288342400905,0.0,0.0,-3.933032238849975,3.265426560723766,3.7450209228267752,0.0,0.0,0.0,-1.2828889420657053,0.0,0.0,0.0,0.0,0.0,0.0
tactile_images/1766.png,contact,-1.92532431537108,0.0,4.068379783617239,0.0,0.0,-3.919193712384448,-1.6107280664313226,1.6492525064640926,0.0,0.0,0.0,-0.7554400529491732,0.0,0.0,0.0,0.0,0.0,0.0
tactile_images/1767.png,contact,4.606081663071806,0.0,4.827629596672425,0.0,0.0,-3.905916821476581,-4.103673218900713,0.6202118230418723,0.0,0.0,0.0,4.602540108568746,0.0,0.0,0.0,0.0,0.0,0.0
tactile_images/1768.png,contact,-0.0062426807041777,0.0,4.942594920613184,0.0,0.0,-3.903390976397256,4.112821722034727,2.1031852419104355,0.0,0.0,0.0,0.6549730520709565,0.0,0.0,0.0,0.0,0.0,0.0
tactile_images/1769.png,contact,-1.5735348217012852,0.0,4.129636627920394,0.0,0.0,-3.879083617695848,-1.126562603419654,2.5097079900312647,0.0,0.0,0.0,1.4084623289644158,0.0,0.0,0.0,0.0,0.0,0.0
tactile_images/1770.png,contact,-3.32134177957742,0.0,4.707896926029087,0.0,0.0,-3.8412039410360137,-1.5161248888478651,-3.1407205375151803,0.0,0.0,0.0,2.820035810020739,0.0,0.0,0.0,0.0,0.0,0.0
tactile_images/1771.png,contact,-2.892928483196856,0.0,4.28018079317234,0.0,0.0,-3.82797069273807,-2.956003811240606,-3.90332961023247,0.0,0.0,0.0,0.6820246721033874,0.0,0.0,0.0,0.0,0.0,0.0
tactile_images/1772.png,contact,-3.2242237366827844,0.0,4.577163530216942,0.0,0.0,-3.7738023868074535,3.974225712283456,-4.251511495144369,0.0,0.0,0.0,0.9848460918276194,0.0,0.0,0.0,0.0,0.0,0.0
tactile_images/1773.png,contact,-1.5695515626713954,0.0,4.715311976483655,0.0,0.0,-3.767547336827427,-2.8249466631216613,-1.259465054774633,0.0,0.0,0.0,-2.546722026653947,0.0,0.0,0.0,0.0,0.0,0.0
tactile_images/1774.png,contact,2.804460767701981,0.0,4.058206535320877,0.0,0.0,-3.756106584287252,1.3667286800138363,-0.0199976016225473,0.0,0.0,0.0,-4.411333924387244,0.0,0.0,0.0,0.0,0.0,0.0
tactile_images/1775.png,contact,4.23020090171207,0.0,4.540823574137288,0.0,0.0,-3.7427551387022007,3.80765011608103,1.156498982898608,0.0,0.0,0.0,2.213858791090356,0.0,0.0,0.0,0.0,0.0,0.0
tactile_images/1776.png,contact,-3.2755305227404694,0.0,3.147926374541912,0.0,0.0,-3.714000557693225,-4.6508638539678255,4.580345196896101,0.0,0.0,0.0,3.48684697354426,0.0,0.0,0.0,0.0,0.0,0.0
tactile_images/1777.png,contact,-1.721355474058786,0.0,4.424015922396325,0.0,0.0,-3.707791617753714,3.287917053001957,-1.6921217979299374,0.0,0.0,0.0,-0.8799981667489618,0.0,0.0,0.0,0.0,0.0,0.0
tactile_images/1778.png,contact,-3.866042152404667,0.0,4.209225427010443,0.0,0.0,-3.634560371524522,-0.894005783102255,2.608740520772744,0.0,0.0,0.0,0.4891445324820971,0.0,0.0,0.0,0.0,0.0,0.0
tactile_images/1779.png,contact,4.198199859180965,0.0,3.2841232188861245,0.0,0.0,-3.608197024035533,1.5797457526521184,0.3135761959488494,0.0,0.0,0.0,-1.927147726642964,0.0,0.0,0.0,0.0,0.0,0.0
tactile_images/1780.png,contact,4.377268941181144,0.0,3.5163163353169566,0.0,0.0,-3.606102303715012,-1.2759543677444607,-2.799100679130832,0.0,0.0,0.0,-0.4977940653426529,0.0,0.0,0.0,0.0,0.0,0.0
tactile_images/1781.png,contact,0.664172073673857,0.0,4.97866657365655,0.0,0.0,-3.601951783986074,1.9551625634749392,1.1530542912875903,0.0,0.0,0.0,-2.911102737335449,0.0,0.0,0.0,0.0,0.0,0.0
tactile_images/1782.png,contact,3.3931862674044435,0.0,3.354963669982024,0.0,0.0,-3.59891126273628,-2.4570508544230085,4.671761782897036,0.0,0.0,0.0,2.59886808104961,0.0,0.0,0.0,0.0,0.0,0.0
tactile_images/1783.png,contact,4.734886894583782,0.0,3.563859103503121,0.0,0.0,-3.565721211662023,-4.780694575646037,-3.756917007487276,0.0,0.0,0.0,-0.080882122249049,0.0,0.0,0.0,0.0,0.0,0.0
tactile_images/1784.png,contact,-1.1958933745984073,0.0,4.20988162639551,0.0,0.0,-3.536502577076561,4.477875147879535,0.0727976454922894,0.0,0.0,0.0,0.4715655321107892,0.0,0.0,0.0,0.0,0.0,0.0
tactile_images/1785.png,contact,-3.2362361074897343,0.0,4.543336212621492,0.0,0.0,-3.5199027335055035,-4.836322359599173,-4.4839164584947175,0.0,0.0,0.0,-4.629119217387768,0.0,0.0,0.0,0.0,0.0,0.0
tactile_images/1786.png,contact,-3.4512085149603475,0.0,3.0749759137393187,0.0,0.0,-3.501112082930071,3.2409928963350705,-1.7878370110363773,0.0,0.0,0.0,1.223983922933474,0.0,0.0,0.0,0.0,0.0,0.0
tactile_images/1787.png,contact,-2.959263871435024,0.0,4.835605080419168,0.0,0.0,-3.5007133319531647,-3.3086240667752618,1.2060267759399128,0.0,0.0,0.0,-2.973441879922105,0.0,0.0,0.0,0.0,0.0,0.0
tactile_images/1788.png,contact,0.4167640541242452,0.0,4.431352960245154,0.0,0.0,-3.491777508107752,-1.077797713979721,3.410569360307546,0.0,0.0,0.0,-1.1660535563512786,0.0,0.0,0.0,0.0,0.0,0.0
tactile_images/1789.png,contact,0.8072833883397799,0.0,4.224626769693844,0.0,0.0,-3.424675668771421,3.2249237650605576,2.3032842172607104,0.0,0.0,0.0,-0.8728429990415787,0.0,0.0,0.0,0.0,0.0,0.0
tactile_images/1790.png,contact,3.134299411139642,0.0,3.4843668911875354,0.0,0.0,-3.4123855837592885,-2.9406784968765463,-0.3714322178452613,0.0,0.0,0.0,-0.5126740251190931,0.0,0.0,0.0,0.0,0.0,0.0
tactile_images/1791.png,contact,1.3260927130292952,0.0,3.050008225701184,0.0,0.0,-3.4056257737831643,3.657076055250357,4.092227571041466,0.0,0.0,0.0,-2.725636108852368,0.0,0.0,0.0,0.0,0.0,0.0
tactile_images/1792.png,contact,4.421555505528394,0.0,4.513105320115633,0.0,0.0,-3.343971810782044,-0.0224106089809863,-1.972853349762293,0.0,0.0,0.0,3.501102247156405,0.0,0.0,0.0,0.0,0.0,0.0
tactile_images/1793.png,contact,-1.8513430987448407,0.0,3.061573137721493,0.0,0.0,-3.332370136885899,-1.3384653728272342,2.539834102251664,0.0,0.0,0.0,-0.7214984929537751,0.0,0.0,0.0,0.0,0.0,0.0
tactile_images/1794.png,contact,1.4050884878024483,0.0,4.222989705438399,0.0,0.0,-3.219735042972104,1.6243774673633613,-0.2599097825233754,0.0,0.0,0.0,1.1213445790826126,0.0,0.0,0.0,0.0,0.0,0.0
tactile_images/1795.png,contact,3.1856165230437306,0.0,3.0675783018964973,0.0,0.0,-3.197146885439551,-1.5861027801904246,3.986357546727756,0.0,0.0,0.0,1.1393754569377297,0.0,0.0,0.0,0.0,0.0,0.0
tactile_images/1796.png,contact,1.009646823575653,0.0,3.0800262610702487,0.0,0.0,-3.195659733451599,-1.52711641003643,2.974328216537602,0.0,0.0,0.0,1.0698467442136526,0.0,0.0,0.0,0.0,0.0,0.0
tactile_images/1797.png,contact,-0.650853124527563,0.0,4.4112396083602885,0.0,0.0,-3.154047874404263,2.3352639093830323,4.014696613070951,0.0,0.0,0.0,0.5931800894959718,0.0,0.0,0.0,0.0,0.0,0.0
tactile_images/1798.png,contact,0.6059501030554779,0.0,3.588079420079998,0.0,0.0,-3.1498188275976418,-1.9016777546089207,-2.857521510579266,0.0,0.0,0.0,3.2262574826478865,0.0,0.0,0.0,0.0,0.0,0.0
tactile_images/1799.png,contact,1.4674859149793584,0.0,3.26168472269764,0.0,0.0,-3.119469594115415,-2.992273516455749,1.6815043211620797,0.0,0.0,0.0,3.126178137471891,0.0,0.0,0.0,0.0,0.0,0.0
tactile_images/1800.png,contact,-1.1958795489782954,0.0,3.704865463077683,0.0,0.0,-3.1031995217265447,3.07646127996572,2.3846340808164,0.0,0.0,0.0,-0.8285542739514096,0.0,0.0,0.0,0.0,0.0,0.0
tactile_images/1801.png,contact,-4.911686261369766,0.0,3.451762825867152,0.0,0.0,-3.0660495029016914,3.0537103372723173,2.424142652825937,0.0,0.0,0.0,1.358460481306217,0.0,0.0,0.0,0.0,0.0,0.0
tactile_images/1802.png,contact,4.562609276910527,0.0,3.760482332826781,0.0,0.0,-3.061639616566381,-0.0241429629313074,0.0400045046733756,0.0,0.0,0.0,-3.9717075547331326,0.0,0.0,0.0,0.0,0.0,0.0
tactile_images/1803.png,contact,0.2793305489000079,0.0,3.1289813609116925,0.0,0.0,-3.0492522659016856,0.2665561616295511,-4.887494776520475,0.0,0.0,0.0,-4.092273217316499,0.0,0.0,0.0,0.0,0.0,0.0
tactile_images/1804.png,contact,0.970198212348386,0.0,3.137501904177354,0.0,0.0,-3.0369551180854444,1.9607662576763865,-2.385692161309251,0.0,0.0,0.0,-0.2008359447873804,0.0,0.0,0.0,0.0,0.0,0.0
tactile_images/1805.png,contact,-2.9878323577366537,0.0,3.630016550379548,0.0,0.0,-3.0197619216997964,0.0927429176243341,-1.766991249956189,0.0,0.0,0.0,4.002040236060214,0.0,0.0,0.0,0.0,0.0,0.0
tactile_images/1806.png,contact,-3.035376594626033,0.0,3.68461456965504,0.0,0.0,-2.941885966043884,-0.8296004103076751,3.5203661728176154,0.0,0.0,0.0,1.4999970252369552,0.0,0.0,0.0,0.0,0.0,0.0
tactile_images/1807.png,contact,-2.47444406596694,0.0,3.728305638209211,0.0,0.0,-2.937714549553725,4.9489419329674575,3.408858171042203,0.0,0.0,0.0,1.692164226475942,0.0,0.0,0.0,0.0,0.0,0.0
tactile_images/1808.png,contact,-2.308674752036443,0.0,3.991434020156551,0.0,0.0,-2.918667454803277,-3.5235957214744107,-3.953198959622167,0.0,0.0,0.0,-3.423266879204987,0.0,0.0,0.0,0.0,0.0,0.0
tactile_images/1809.png,contact,4.452383611779687,0.0,4.154106683427089,0.0,0.0,-2.8950894565431824,0.9272797923986068,4.498358817712575,0.0,0.0,0.0,-0.4669555573116115,0.0,0.0,0.0,0.0,0.0,0.0
tactile_images/1810.png,contact,3.3422545983672425,0.0,4.807534522798213,0.0,0.0,-2.841305355427437,3.858630260756602,-3.1754251334850903,0.0,0.0,0.0,-0.992090550155064,0.0,0.0,0.0,0.0,0.0,0.0
tactile_images/1811.png,contact,-0.0585269295182904,0.0,3.5267272379961585,0.0,0.0,-2.8408249163615693,1.872150411811148,-0.8564054869907887,0.0,0.0,0.0,2.829783467541932,0.0,0.0,0.0,0.0,0.0,0.0
tactile_images/1812.png,contact,-1.182180633162611,0.0,3.128087047729577,0.0,0.0,-2.829476147992871,3.809232990882384,-2.848430338892446,0.0,0.0,0.0,-3.62175903227732,0.0,0.0,0.0,0.0,0.0,0.0
tactile_images/1813.png,contact,-2.328015447662506,0.0,4.198198650205505,0.0,0.0,-2.8222741274802345,-1.6366527964532738,3.603324688293574,0.0,0.0,0.0,0.3919100733080434,0.0,0.0,0.0,0.0,0.0,0.0
tactile_images/1814.png,contact,-1.127958355365104,0.0,4.761497154148379,0.0,0.0,-2.809913554708011,-2.280070237397608,2.494020318593119,0.0,0.0,0.0,4.1135150254885176,0.0,0.0,0.0,0.0,0.0,0.0
tactile_images/1815.png,contact,4.944778828763976,0.0,4.465446830826613,0.0,0.0,-2.751592350693741,3.5127238690210465,-1.4647119311219603,0.0,0.0,0.0,3.92459889652398,0.0,0.0,0.0,0.0,0.0,0.0
tactile_images/1816.png,contact,-0.1268851101650856,0.0,4.404328657296625,0.0,0.0,-2.737736698335681,-1.0588542381453947,1.8187862602605536,0.0,0.0,0.0,3.523371097477204,0.0,0.0,0.0,0.0,0.0,0.0
tactile_images/1817.png,contact,2.5151086018553426,0.0,4.046316299635283,0.0,0.0,-2.7315969001538605,2.096823230573113,-3.1563311582845763,0.0,0.0,0.0,-1.2501468706361665,0.0,0.0,0.0,0.0,0.0,0.0
tactile_images/1818.png,contact,4.763614139536636,0.0,4.43587404724514,0.0,0.0,-2.664328244042494,-3.522514215858857,-1.1770290762399838,0.0,0.0,0.0,4.411006906550579,0.0,0.0,0.0,0.0,0.0,0.0
tactile_images/1819.png,contact,-4.840834691992951,0.0,4.705332306203442,0.0,0.0,-2.662787155967109,2.558381253766747,-1.2289241166189182,0.0,0.0,0.0,3.0530050865937177,0.0,0.0,0.0,0.0,0.0,0.0
tactile_images/1820.png,contact,-4.07611002556555,0.0,4.1056835919695365,0.0,0.0,-2.658151564415782,0.4898264902486939,-2.6206331827860216,0.0,0.0,0.0,3.5114131924090337,0.0,0.0,0.0,0.0,0.0,0.0
tactile_images/1821.png,contact,3.6827122654543807,0.0,4.821595822097736,0.0,0.0,-2.6575874032472626,-2.313883600895391,3.763120495828826,0.0,0.0,0.0,4.323537943249873,0.0,0.0,0.0,0.0,0.0,0.0
tactile_images/1822.png,contact,-1.242379959139921,0.0,3.202056492982517,0.0,0.0,-2.6280526557772816,-0.0549603604109494,1.7884573547912623,0.0,0.0,0.0,4.370012656140808,0.0,0.0,0.0,0.0,0.0,0.0
tactile_images/1823.png,contact,0.0110433546405808,0.0,4.7794706695661135,0.0,0.0,-2.60392700293734,1.9694362583970355,-2.200606894362007,0.0,0.0,0.0,-2.599350367400092,0.0,0.0,0.0,0.0,0.0,0.0
tactile_images/1824.png,contact,-2.4825969038365834,0.0,3.3222000465128447,0.0,0.0,-2.534448253962524,-4.881135911526163,-2.5787923937096267,0.0,0.0,0.0,-3.7231228822283313,0.0,0.0,0.0,0.0,0.0,0.0
tactile_images/1825.png,contact,-1.651972206962001,0.0,3.5041397737003432,0.0,0.0,-2.531287190583811,1.3746705881412948,-4.8204652900076095,0.0,0.0,0.0,1.908749435713153,0.0,0.0,0.0,0.0,0.0,0.0
tactile_images/1826.png,contact,1.3129282913520477,0.0,4.653898050168221,0.0,0.0,-2.5034754028979265,0.4159077827327442,-1.5341774620764537,0.0,0.0,0.0,0.6321395663714231,0.0,0.0,0.0,0.0,0.0,0.0
tactile_images/1827.png,contact,-0.2704146391165167,0.0,3.939308513903247,0.0,0.0,-2.476347716575603,-2.797138322532674,0.2677128331531815,0.0,0.0,0.0,-1.725734943680679,0.0,0.0,0.0,0.0,0.0,0.0
tactile_images/1828.png,contact,3.3730025619143413,0.0,4.666418913820525,0.0,0.0,-2.4371894824398552,2.529810739761968,-2.222890580916236,0.0,0.0,0.0,1.8444950677701568,0.0,0.0,0.0,0.0,0.0,0.0
tactile_images/1829.png,contact,0.9571025274513092,0.0,3.4866038559659343,0.0,0.0,-2.4314610013079587,-1.9653901536679887,2.0045827642977,0.0,0.0,0.0,-4.380031226840782,0.0,0.0,0.0,0.0,0.0,0.0
tactile_images/1830.png,contact,-0.9691069054665612,0.0,3.0330742491213414,0.0,0.0,-2.420922465891828,-2.231390684534352,-0.8825047098873373,0.0,0.0,0.0,-4.527916835041166,0.0,0.0,0.0,0.0,0.0,0.0
tactile_images/1831.png,contact,1.5411694304704326,0.0,4.867717591571479,0.0,0.0,-2.415145658933561,-0.2878165100067731,-1.836821629893321,0.0,0.0,0.0,-1.4568941579823989,0.0,0.0,0.0,0.0,0.0,0.0
tactile_images/1832.png,contact,2.706342229623276,0.0,4.371708984802984,0.0,0.0,-2.41440677807816,1.761496784223647,4.390576587903311,0.0,0.0,0.0,-3.061533765678392,0.0,0.0,0.0,0.0,0.0,0.0
tactile_images/1833.png,contact,-1.2241364156599666,0.0,3.9030927219461127,0.0,0.0,-2.397898166111702,4.288459758762544,-2.3719912271186097,0.0,0.0,0.0,2.185560507375774,0.0,0.0,0.0,0.0,0.0,0.0
tactile_images/1834.png,contact,1.4218591588645113,0.0,3.254744072066722,0.0,0.0,-2.366441307962233,-3.5864275686789604,-1.0174237990334367,0.0,0.0,0.0,4.48021837908192,0.0,0.0,0.0,0.0,0.0,0.0
tactile_images/1835.png,contact,-2.5939826241796373,0.0,4.731401984648008,0.0,0.0,-2.334318826094311,-1.0353187924826637,-1.1770921147922806,0.0,0.0,0.0,1.616274136846255,0.0,0.0,0.0,0.0,0.0,0.0
tactile_images/1836.png,contact,-1.2385932467657303,0.0,3.992351852202231,0.0,0.0,-2.301912514008123,-4.3301040748737005,-2.588016543287517,0.0,0.0,0.0,1.547843671275638,0.0,0.0,0.0,0.0,0.0,0.0
tactile_images/1837.png,contact,1.12677482024686,0.0,4.458532811673267,0.0,0.0,-2.2400137364977084,2.5855074747174243,-2.825232601895833,0.0,0.0,0.0,-4.934044265804168,0.0,0.0,0.0,0.0,0.0,0.0
tactile_images/1838.png,contact,-4.746905960485515,0.0,3.0985839980476086,0.0,0.0,-2.232975596207062,-0.5226711031863926,-1.976199811865964,0.0,0.0,0.0,0.1227697172463013,0.0,0.0,0.0,0.0,0.0,0.0
tactile_images/1839.png,contact,-1.9459542725328536,0.0,4.717502518381783,0.0,0.0,-2.2270587652774267,2.0692913518818514,3.6423616993118095,0.0,0.0,0.0,3.171013201751596,0.0,0.0,0.0,0.0,0.0,0.0
tactile_images/1840.png,contact,-4.699120461072704,0.0,3.3423694876702505,0.0,0.0,-2.206457443504192,-1.7780557602371272,2.6708288722929048,0.0,0.0,0.0,1.541203653380176,0.0,0.0,0.0,0.0,0.0,0.0
tactile_images/1841.png,contact,3.527244364479091,0.0,4.512955357680825,0.0,0.0,-2.156023540115875,3.443172414063234,1.8099951416005224,0.0,0.0,0.0,-2.722176153511655,0.0,0.0,0.0,0.0,0.0,0.0
tactile_images/1842.png,contact,1.3042580057322684,0.0,4.416956506273671,0.0,0.0,-2.1553925462563868,0.3482807824011473,-0.4289700735750656,0.0,0.0,0.0,3.484752484272008,0.0,0.0,0.0,0.0,0.0,0.0
tactile_images/1843.png,contact,-2.3742608577067728,0.0,4.998670245662231,0.0,0.0,-2.090653145421662,4.436078218236551,0.0775398463260348,0.0,0.0,0.0,4.643767242151823,0.0,0.0,0.0,0.0,0.0,0.0
tactile_images/1844.png,contact,1.2024847708068256,0.0,4.23376814393279,0.0,0.0,-2.0824837387852995,-4.211853608559658,-2.328611545065397,0.0,0.0,0.0,-2.2100715249972955,0.0,0.0,0.0,0.0,0.0,0.0
tactile_images/1845.png,contact,-2.306505102392461,0.0,3.380913994060092,0.0,0.0,-2.069448627804384,0.1427682454207435,-4.256840861640824,0.0,0.0,0.0,-2.929056578341933,0.0,0.0,0.0,0.0,0.0,0.0
tactile_images/1846.png,contact,-4.062545805210366,0.0,3.3523078250057203,0.0,0.0,-2.0655056054806025,2.6645524599769868,-1.689594432795177,0.0,0.0,0.0,-1.6147309534732417,0.0,0.0,0.0,0.0,0.0,0.0
tactile_images/1847.png,contact,-0.0313247255154003,0.0,3.779252034716021,0.0,0.0,-2.063054559670789,1.001526480736147,-0.044162440076338,0.0,0.0,0.0,-4.368417161223289,0.0,0.0,0.0,0.0,0.0,0.0
tactile_images/1848.png,contact,1.1937670652341992,0.0,3.910636820123857,0.0,0.0,-2.0484112671961867,-4.768058595731572,-4.426869534806675,0.0,0.0,0.0,3.734326730868755,0.0,0.0,0.0,0.0,0.0,0.0
tactile_images/1849.png,contact,0.4916062859586789,0.0,3.081018345882644,0.0,0.0,-1.9905304831209063,4.723386783438809,-4.117666979428936,0.0,0.0,0.0,4.292994805324812,0.0,0.0,0.0,0.0,0.0,0.0
tactile_images/1850.png,contact,3.2911241260993416,0.0,3.352388812328495,0.0,0.0,-1.965117305097756,-2.017363069241016,-2.3697476711543275,0.0,0.0,0.0,1.3330303963313028,0.0,0.0,0.0,0.0,0.0,0.0
tactile_images/1851.png,contact,-2.795844735667533,0.0,4.873131223316012,0.0,0.0,-1.9600096605193968,-2.50722133633618,-1.329196264072384,0.0,0.0,0.0,2.643348128534459,0.0,0.0,0.0,0.0,0.0,0.0
tactile_images/1852.png,contact,0.772713631060677,0.0,3.080556325470776,0.0,0.0,-1.929715642768265,-0.1434012439342051,-1.0668318888129482,0.0,0.0,0.0,1.6865067743515605,0.0,0.0,0.0,0.0,0.0,0.0
tactile_images/1853.png,contact,2.873556236289039,0.0,3.9410014381793648,0.0,0.0,-1.9264159263637384,0.4215810752334894,-3.821139337119949,0.0,0.0,0.0,-1.2264577071013094,0.0,0.0,0.0,0.0,0.0,0.0
tactile_images/1854.png,contact,-0.9127543574492928,0.0,4.172364708176683,0.0,0.0,-1.8875736921839632,2.662881375898253,-2.741786454652112,0.0,0.0,0.0,1.320423620542658,0.0,0.0,0.0,0.0,0.0,0.0
tactile_images/1855.png,contact,-1.265925110932102,0.0,4.293893416674611,0.0,0.0,-1.828192084156257,-1.0672634234101084,-2.383527479363913,0.0,0.0,0.0,3.363201708751129,0.0,0.0,0.0,0.0,0.0,0.0
tactile_images/1856.png,contact,4.359936533913791,0.0,3.3592676527442817,0.0,0.0,-1.7219287227396831,-0.600396235377878,-4.323651237987538,0.0,0.0,0.0,3.0990741023576707,0.0,0.0,0.0,0.0,0.0,0.0
tactile_images/1857.png,contact,-2.5396190359678394,0.0,4.9519662387849,0.0,0.0,-1.6988378967256563,0.3495991593383092,-1.7390029941030272,0.0,0.0,0.0,-4.189424735833255,0.0,0.0,0.0,0.0,0.0,0.0
tactile_images/1858.png,contact,-0.4190094737835812,0.0,4.050720963638996,0.0,0.0,-1.697007618362207,-1.0561290025835932,-4.277784272444928,0.0,0.0,0.0,-0.3739903945688292,0.0,0.0,0.0,0.0,0.0,0.0
tactile_images/1859.png,contact,-3.5218150031854005,0.0,3.1820726298908832,0.0,0.0,-1.6125121001568488,4.145480791011559,2.034578431096701,0.0,0.0,0.0,-1.0267853604275,0.0,0.0,0.0,0.0,0.0,0.0
tactile_images/1860.png,contact,3.439813595575635,0.0,4.136944404313639,0.0,0.0,-1.611958992796808,3.5125196663425218,-1.1395223344268954,0.0,0.0,0.0,2.5200874577986463,0.0,0.0,0.0,0.0,0.0,0.0
tactile_images/1861.png,contact,4.924371250218579,0.0,3.378034565492994,0.0,0.0,-1.5971635295440478,-0.4502630492212169,-1.7324761062162528,0.0,0.0,0.0,0.013759395457833,0.0,0.0,0.0,0.0,0.0,0.0
tactile_images/1862.png,contact,4.543512544976163,0.0,4.657859782386025,0.0,0.0,-1.575056262082846,-4.998051376626829,-3.734778284963931,0.0,0.0,0.0,-1.5029889143058035,0.0,0.0,0.0,0.0,0.0,0.0
tactile_images/1863.png,contact,2.764041614805474,0.0,3.5898622716077284,0.0,0.0,-1.5560958384772334,4.009344955292807,-2.734963445551042,0.0,0.0,0.0,2.063497605932016,0.0,0.0,0.0,0.0,0.0,0.0
tactile_images/1864.png,contact,2.0287828437682496,0.0,4.472559797566843,0.0,0.0,-1.5412390224579298,-3.756634265605348,-2.672947910608764,0.0,0.0,0.0,-0.2642147966410126,0.0,0.0,0.0,0.0,0.0,0.0
tactile_images/1865.png,contact,-1.423255259052274,0.0,4.67045858169203,0.0,0.0,-1.5209017115480918,-2.554875848059538,4.85204214873303,0.0,0.0,0.0,-2.43375972247025,0.0,0.0,0.0,0.0,0.0,0.0
tactile_images/1866.png,contact,0.8804190496589808,0.0,3.702287381113624,0.0,0.0,-1.5087459379363253,-3.476387156346018,3.3534937950849333,0.0,0.0,0.0,3.904169226102257,0.0,0.0,0.0,0.0,0.0,0.0
tactile_images/1867.png,contact,0.1115341974307977,0.0,4.402282262767153,0.0,0.0,-1.4984402950005131,-3.2018443001897623,-4.847377083665684,0.0,0.0,0.0,-3.869521518469483,0.0,0.0,0.0,0.0,0.0,0.0
tactile_images/1868.png,contact,-1.2755808008406344,0.0,4.864267830796566,0.0,0.0,-1.4678976361692904,3.028775378898347,1.1683659076847972,0.0,0.0,0.0,-4.819122931145135,0.0,0.0,0.0,0.0,0.0,0.0
tactile_images/1869.png,contact,4.584271409496079,0.0,4.165996959436631,0.0,0.0,-1.345259871407464,0.7950144166592423,-2.4408990357807623,0.0,0.0,0.0,-3.560889673519606,0.0,0.0,0.0,0.0,0.0,0.0
tactile_images/1870.png,contact,4.334352720857772,0.0,3.0223986105114085,0.0,0.0,-1.2758969563829368,4.560951631253484,-3.9562307118041575,0.0,0.0,0.0,-3.363567465026558,0.0,0.0,0.0,0.0,0.0,0.0
tactile_images/1871.png,contact,-3.137950197069486,0.0,4.944459418432715,0.0,0.0,-1.2616393892307514,-2.685464876762836,2.055997631197547,0.0,0.0,0.0,0.3804220004756562,0.0,0.0,0.0,0.0,0.0,0.0
tactile_images/1872.png,contact,-4.368224620330919,0.0,4.818608292812099,0.0,0.0,-1.261035489068469,-0.1436509186876602,-3.683944505316508,0.0,0.0,0.0,1.2486550063703747,0.0,0.0,0.0,0.0,0.0,0.0
tactile_images/1873.png,contact,0.4964902109458737,0.0,4.802799882458467,0.0,0.0,-1.199824469204387,4.774283690824699,-0.5625922047026428,0.0,0.0,0.0,-0.5138886594120082,0.0,0.0,0.0,0.0,0.0,0.0
tactile_images/1874.png,contact,1.369177036013649,0.0,3.40707104496361,0.0,0.0,-1.1853514856320757,3.264435142747697,1.3216516483992429,0.0,0.0,0.0,-2.958287547210242,0.0,0.0,0.0,0.0,0.0,0.0
tactile_images/1875.png,contact,4.9800786478092975,0.0,4.335867470911484,0.0,0.0,-1.1569173497272018,2.2861567912049106,0.5449475615498862,0.0,0.0,0.0,-3.678091012060748,0.0,0.0,0.0,0.0,0.0,0.0
tactile_images/1876.png,contact,3.3837128590538623,0.0,4.87389850781739,0.0,0.0,-1.1235559648727147,-3.1102479862920807,4.77629098302743,0.0,0.0,0.0,-0.0784803087627352,0.0,0.0,0.0,0.0,0.0,0.0
tactile_images/1877.png,contact,4.610206793388696,0.0,4.979784324479749,0.0,0.0,-1.1159260741164587,2.6940540090971608,2.8574261312252256,0.0,0.0,0.0,0.6548308761981207,0.0,0.0,0.0,0.0,0.0,0.0
tactile_images/1878.png,contact,-2.87371958149273,0.0,3.906029500760377,0.0,0.0,-1.0835059462616172,-1.5243487740408224,2.741933761274897,0.0,0.0,0.0,-1.96038628296526,0.0,0.0,0.0,0.0,0.0,0.0
tactile_images/1879.png,contact,0.6947066153779247,0.0,4.292803473331599,0.0,0.0,-1.0743786077875228,0.3053689704675761,-1.4440460591896875,0.0,0.0,0.0,-2.7956005265902584,0.0,0.0,0.0,0.0,0.0,0.0
tactile_images/1880.png,contact,-0.3609636634412041,0.0,3.6186484487164456,0.0,0.0,-1.03774659750583,1.0916121303954016,-4.916045079158583,0.0,0.0,0.0,-4.194072731525727,0.0,0.0,0.0,0.0,0.0,0.0
tactile_images/1881.png,contact,-2.062461625552622,0.0,4.3791288221039295,0.0,0.0,-1.029325395115862,1.09363711524254,2.3441092967068835,0.0,0.0,0.0,-4.7375551300776735,0.0,0.0,0.0,0.0,0.0,0.0
tactile_images/1882.png,contact,2.7538438815614805,0.0,4.622030749864138,0.0,0.0,-1.0276969522459396,2.2652347191351643,4.997320842956723,0.0,0.0,0.0,-3.942635691638201,0.0,0.0,0.0,0.0,0.0,0.0
tactile_images/1883.png,contact,3.9312307690525614,0.0,3.691899035726406,0.0,0.0,-1.009582408375394,1.6170209264220556,-0.9412089225638444,0.0,0.0,0.0,2.420794122839406,0.0,0.0,0.0,0.0,0.0,0.0
tactile_images/1884.png,contact,-0.1266772595641638,0.0,3.2558998818395297,0.0,0.0,-1.0074683038552266,-4.3162912068941015,4.855184989571175,0.0,0.0,0.0,-1.5598134984611054,0.0,0.0,0.0,0.0,0.0,0.0
tactile_images/1885.png,contact,1.476250533903456,0.0,3.948651141100582,0.0,0.0,-0.9995955190884231,-0.4265297405089274,-3.582918904656536,0.0,0.0,0.0,-4.725810845980978,0.0,0.0,0.0,0.0,0.0,0.0
tactile_images/1886.png,contact,4.303588518375943,0.0,3.2798379544539884,0.0,0.0,-0.965473202152438,1.640216067199792,-2.034876483632826,0.0,0.0,0.0,0.0816527185434452,0.0,0.0,0.0,0.0,0.0,0.0
tactile_images/1887.png,contact,-1.9249282666922527,0.0,4.006456690772235,0.0,0.0,-0.9628223546818192,-2.040070178342713,-3.2927306825752933,0.0,0.0,0.0,0.3606726688862522,0.0,0.0,0.0,0.0,0.0,0.0
tactile_images/1888.png,contact,-0.5380224071237629,0.0,4.8898948416430095,0.0,0.0,-0.949933689187695,-1.869433127836104,-0.2482402707318423,0.0,0.0,0.0,-0.7131122038760651,0.0,0.0,0.0,0.0,0.0,0.0
tactile_images/1889.png,contact,2.3017927987178566,0.0,3.9455866906031662,0.0,0.0,-0.9338551730843035,-3.7543245224538446,2.9698140150722043,0.0,0.0,0.0,-3.893171879645141,0.0,0.0,0.0,0.0,0.0,0.0
tactile_images/1890.png,contact,4.3238743640778505,0.0,4.627658263185687,0.0,0.0,-0.9309727915471556,-0.8138501402514464,-1.593383084620461,0.0,0.0,0.0,2.549673976059635,0.0,0.0,0.0,0.0,0.0,0.0
tactile_images/1891.png,contact,-0.5250096740788912,0.0,3.8182875758352446,0.0,0.0,-0.9192619744860266,4.868304343061746,4.062289371518714,0.0,0.0,0.0,1.890815882366192,0.0,0.0,0.0,0.0,0.0,0.0
tactile_images/1892.png,contact,2.679818196911893,0.0,4.5157162441442,0.0,0.0,-0.9102203739207512,-2.1468063871196263,0.4483041332978512,0.0,0.0,0.0,-1.052708617284118,0.0,0.0,0.0,0.0,0.0,0.0
tactile_images/1893.png,contact,2.1259040353442025,0.0,4.543610936956469,0.0,0.0,-0.903134130558314,0.3143689268609808,-0.3457558625812273,0.0,0.0,0.0,-1.19184643251932,0.0,0.0,0.0,0.0,0.0,0.0
tactile_images/1894.png,contact,3.181199156008552,0.0,3.805780062100097,0.0,0.0,-0.85259366770741,2.432372527790844,2.870358421952764,0.0,0.0,0.0,-3.440648850540569,0.0,0.0,0.0,0.0,0.0,0.0
tactile_images/1895.png,contact,0.6078939875028269,0.0,3.049618660085132,0.0,0.0,-0.7935119613357244,-4.865027291157293,-3.9855650295821534,0.0,0.0,0.0,2.535493470877494,0.0,0.0,0.0,0.0,0.0,0.0
tactile_images/1896.png,contact,2.5099126389091007,0.0,3.6456289954276864,0.0,0.0,-0.7854373705975348,4.00439559598299,2.7375247121067474,0.0,0.0,0.0,0.9957390433976618,0.0,0.0,0.0,0.0,0.0,0.0
tactile_images/1897.png,contact,-3.2210316060022546,0.0,4.514591144142386,0.0,0.0,-0.75251554973552,-1.1344981527506146,-2.570479998271733,0.0,0.0,0.0,-4.142065544870544,0.0,0.0,0.0,0.0,0.0,0.0
tactile_images/1898.png,contact,4.698961277886811,0.0,3.6697139019979614,0.0,0.0,-0.7427834906255839,3.691159867109823,-2.1918745281676246,0.0,0.0,0.0,-1.2193654156308655,0.0,0.0,0.0,0.0,0.0,0.0
tactile_images/1899.png,contact,-3.1910231767419965,0.0,4.175388939062625,0.0,0.0,-0.6431094985556811,-4.61052341100522,0.994537733200799,0.0,0.0,0.0,4.035609425685026,0.0,0.0,0.0,0.0,0.0,0.0
tactile_images/1900.png,contact,0.027514941076145,0.0,4.289712086859454,0.0,0.0,-0.6408738410324588,-3.543364481363241,4.019344250462051,0.0,0.0,0.0,-0.4762539834377381,0.0,0.0,0.0,0.0,0.0,0.0
tactile_images/1901.png,contact,2.625214432477425,0.0,3.6734113377950672,0.0,0.0,-0.6202036576579815,-1.774705455224408,0.7840694977086482,0.0,0.0,0.0,-1.7507250069942284,0.0,0.0,0.0,0.0,0.0,0.0
tactile_images/1902.png,contact,-1.950352288585532,0.0,3.543721453451832,0.0,0.0,-0.6106640763965743,-1.5453822693672126,1.4894934879448698,0.0,0.0,0.0,1.4378407544859488,0.0,0.0,0.0,0.0,0.0,0.0
tactile_images/1903.png,contact,-2.290071680409873,0.0,3.499917962478991,0.0,0.0,-0.6006350883107814,3.477942230280165,2.7659458960527417,0.0,0.0,0.0,-2.9702762231594173,0.0,0.0,0.0,0.0,0.0,0.0
tactile_images/1904.png,contact,4.485212487500107,0.0,3.641870876638881,0.0,0.0,-0.5652715984105185,-4.887988846117648,-2.4067524100751325,0.0,0.0,0.0,0.2380339820717942,0.0,0.0,0.0,0.0,0.0,0.0
tactile_images/1905.png,contact,1.055237214299647,0.0,3.3608476441627406,0.0,0.0,-0.5011019253910547,1.4111177646967956,3.272336728041425,0.0,0.0,0.0,1.6952275356364552,0.0,0.0,0.0,0.0,0.0,0.0
tactile_images/1906.png,contact,-3.900970351838083,0.0,3.1024126983806584,0.0,0.0,-0.4932393326743991,-3.686875638214498,-0.8203985093285029,0.0,0.0,0.0,3.548784159750777,0.0,0.0,0.0,0.0,0.0,0.0
tactile_images/1907.png,contact,3.2768012879837016,0.0,3.695540195208876,0.0,0.0,-0.4644838962112629,3.232156507110494,-3.2434430650883748,0.0,0.0,0.0,1.9250430277787,0.0,0.0,0.0,0.0,0.0,0.0
tactile_images/1908.png,contact,0.4601008880030104,0.0,3.828401108609287,0.0,0.0,-0.4228511679351001,2.785732659579123,-1.4988192053887506,0.0,0.0,0.0,-1.1559020283143564,0.0,0.0,0.0,0.0,0.0,0.0
tactile_images/1909.png,contact,3.1716222013118287,0.0,4.577372858462848,0.0,0.0,-0.4085880144875773,-0.0007897258879943,-2.5386888828177465,0.0,0.0,0.0,2.67800173348311,0.0,0.0,0.0,0.0,0.0,0.0
tactile_images/1910.png,contact,-3.647223762550532,0.0,4.27031397772787,0.0,0.0,-0.3568671534362124,-2.873127744876248,-2.712863948643541,0.0,0.0,0.0,3.983999280708417,0.0,0.0,0.0,0.0,0.0,0.0
tactile_images/1911.png,contact,-4.848584027624758,0.0,3.84058052010851,0.0,0.0,-0.3414708044992736,1.3449539096555627,-2.1743680128083387,0.0,0.0,0.0,-0.2223637534006037,0.0,0.0,0.0,0.0,0.0,0.0
tactile_images/1912.png,contact,-0.5204718085198028,0.0,3.167608318190122,0.0,0.0,-0.3366019762345118,-3.437416823423544,-3.1906918525791053,0.0,0.0,0.0,-4.954992145167177,0.0,0.0,0.0,0.0,0.0,0.0
tactile_images/1913.png,contact,-3.681422543775053,0.0,3.9518126549464014,0.0,0.0,-0.3262672824431263,-3.0997620740734657,1.677017570826429,0.0,0.0,0.0,3.809180259518442,0.0,0.0,0.0,0.0,0.0,0.0
tactile_images/1914.png,contact,3.495831088964718,0.0,4.692387732308747,0.0,0.0,-0.290144197104496,1.2668990222535772,0.7999175703511714,0.0,0.0,0.0,-3.3455800839124903,0.0,0.0,0.0,0.0,0.0,0.0
tactile_images/1915.png,contact,-4.906791570657658,0.0,4.254751008870724,0.0,0.0,-0.288786741327371,4.912284460886244,1.484418929834285,0.0,0.0,0.0,-3.736744950196267,0.0,0.0,0.0,0.0,0.0,0.0
tactile_images/1916.png,contact,-3.2253479438419674,0.0,4.5535365427001455,0.0,0.0,-0.2697324740715032,3.910608372525463,-1.5627527617183956,0.0,0.0,0.0,-1.9232143425996853,0.0,0.0,0.0,0.0,0.0,0.0
tactile_images/1917.png,contact,2.420583722848444,0.0,3.577619939908179,0.0,0.0,-0.2611580690367674,0.9310735768367708,2.6973340257404432,0.0,0.0,0.0,-1.200162546092388,0.0,0.0,0.0,0.0,0.0,0.0
tactile_images/1918.png,contact,-1.2358568800275975,0.0,3.264323555050048,0.0,0.0,-0.2582276864208523,0.3853676876742371,-3.703912590458352,0.0,0.0,0.0,2.9937669818665205,0.0,0.0,0.0,0.0,0.0,0.0
tactile_images/1919.png,contact,1.0680479897207773,0.0,4.745897460818004,0.0,0.0,-0.2372471804954088,4.983848800081086,0.7113670946136015,0.0,0.0,0.0,-1.1081661488687136,0.0,0.0,0.0,0.0,0.0,0.0
tactile_images/1920.png,contact,0.078837069204618,0.0,3.689011786788128,0.0,0.0,-0.2307011829285343,0.4739714763389369,-2.2454702775352606,0.0,0.0,0.0,-4.511788336458167,0.0,0.0,0.0,0.0,0.0,0.0
tactile_images/1921.png,contact,2.930074215615732,0.0,3.6331926968252937,0.0,0.0,-0.1648425881389243,-0.7988347804055609,0.2760990069761142,0.0,0.0,0.0,1.3596167999061182,0.0,0.0,0.0,0.0,0.0,0.0
tactile_images/1922.png,contact,-1.9498188612654257,0.0,3.619530628285807,0.0,0.0,-0.1358795669027159,4.095555357753414,-1.7636282475976084,0.0,0.0,0.0,1.7122102343000831,0.0,0.0,0.0,0.0,0.0,0.0
tactile_images/1923.png,contact,2.5464768583378894,0.0,3.221172687927909,0.0,0.0,-0.1298123746401671,-2.658157041307118,2.9051176509129526,0.0,0.0,0.0,3.142209208321036,0.0,0.0,0.0,0.0,0.0,0.0
tactile_images/1924.png,contact,3.1547898064362268,0.0,4.992025566764497,0.0,0.0,-0.1261770842686118,-4.02474009703191,3.912718388380945,0.0,0.0,0.0,-1.0113391933886828,0.0,0.0,0.0,0.0,0.0,0.0
tactile_images/1925.png,contact,-4.7534313347907045,0.0,4.709640105984376,0.0,0.0,-0.0978414039381689,1.3409003436183031,2.4258122337163126,0.0,0.0,0.0,-4.139289237923229,0.0,0.0,0.0,0.0,0.0,0.0
tactile_images/1926.png,contact,-2.610239909429989,0.0,3.985043708041017,0.0,0.0,-0.0968311476641545,-4.04150366231251,-3.244162871507532,0.0,0.0,0.0,0.5306227769455258,0.0,0.0,0.0,0.0,0.0,0.0
tactile_images/1927.png,contact,-4.29697652342573,0.0,4.947485164076987,0.0,0.0,-0.0616366726879604,-1.2685146304703987,-2.251331016116377,0.0,0.0,0.0,-3.790026174224934,0.0,0.0,0.0,0.0,0.0,0.0
tactile_images/1928.png,contact,-0.9766828270270312,0.0,3.6004542230827727,0.0,0.0,-0.0484079244377397,-0.7642261441827944,4.193580655184158,0.0,0.0,0.0,-4.829246769756901,0.0,0.0,0.0,0.0,0.0,0.0
tactile_images/1929.png,contact,4.561000573569949,0.0,3.601915431117345,0.0,0.0,-0.0448407000940704,0.4753806704923313,-0.6277987234179871,0.0,0.0,0.0,2.785834718513456,0.0,0.0,0.0,0.0,0.0,0.0
tactile_images/1930.png,contact,0.2778507483805068,0.0,4.768490347857909,0.0,0.0,-0.0394059658568792,4.916595457479623,4.411804093492668,0.0,0.0,0.0,-0.9658939966161596,0.0,0.0,0.0,0.0,0.0,0.0
tactile_images/1931.png,contact,1.860332826226472,0.0,3.20715313220603,0.0,0.0,-0.0299437396703012,-2.790182766668192,-1.0754831113773324,0.0,0.0,0.0,0.2500517206243602,0.0,0.0,0.0,0.0,0.0,0.0
tactile_images/1932.png,contact,2.7040183924603136,0.0,4.673187558261902,0.0,0.0,-0.0276373286123927,-1.24243621493088,4.517746605906638,0.0,0.0,0.0,1.6284920276853398,0.0,0.0,0.0,0.0,0.0,0.0
tactile_images/1933.png,contact,-2.9941039890904264,0.0,4.8220313999584405,0.0,0.0,0.0599976200446903,-3.67759875589342,4.25738987733331,0.0,0.0,0.0,-0.9897233328876168,0.0,0.0,0.0,0.0,0.0,0.0
tactile_images/1934.png,contact,-3.819277583046439,0.0,4.201479548900787,0.0,0.0,0.0609367324928697,1.0761352603323466,1.6052688998661626,0.0,0.0,0.0,-4.488684075226042,0.0,0.0,0.0,0.0,0.0,0.0
tactile_images/1935.png,contact,-2.145959227000623,0.0,4.392442872242545,0.0,0.0,0.070154184654136,2.276731823078335,-4.911729515384971,0.0,0.0,0.0,-2.472563422920394,0.0,0.0,0.0,0.0,0.0,0.0
tactile_images/1936.png,contact,-4.747931621467831,0.0,3.772987445727828,0.0,0.0,0.0963288636549393,-0.1792317676412116,-0.9966531802406308,0.0,0.0,0.0,-3.056588086620545,0.0,0.0,0.0,0.0,0.0,0.0
tactile_images/1937.png,contact,-0.7343788812328613,0.0,3.904365878720216,0.0,0.0,0.1208592382301461,-2.5416873171002896,4.112351296955959,0.0,0.0,0.0,4.773940208242655,0.0,0.0,0.0,0.0,0.0,0.0
tactile_images/1938.png,contact,3.958914180154261,0.0,3.639304124510601,0.0,0.0,0.124899120439565,1.208882691817477,3.851102891081148,0.0,0.0,0.0,2.3950545402545984,0.0,0.0,0.0,0.0,0.0,0.0
tactile_images/1939.png,contact,-4.476880259644707,0.0,4.166772464655496,0.0,0.0,0.1296672427397567,0.391577233688495,-3.126121999038864,0.0,0.0,0.0,-0.4845000173680747,0.0,0.0,0.0,0.0,0.0,0.0
tactile_images/1940.png,contact,-0.8339179476612042,0.0,3.991638945297078,0.0,0.0,0.1858123801410869,-3.288142765962822,-1.008175040308974,0.0,0.0,0.0,-4.366326035424857,0.0,0.0,0.0,0.0,0.0,0.0
tactile_images/1941.png,contact,-3.68409523946934,0.0,4.692697559732847,0.0,0.0,0.1864446587841257,-0.9431809949786976,3.3550992787947163,0.0,0.0,0.0,-3.841494775217295,0.0,0.0,0.0,0.0,0.0,0.0
tactile_images/1942.png,contact,4.984348948085271,0.0,3.465460483740107,0.0,0.0,0.2014176319405294,-0.6480290836480505,0.7787785325005441,0.0,0.0,0.0,3.128995692714147,0.0,0.0,0.0,0.0,0.0,0.0
tactile_images/1943.png,contact,3.363440571342955,0.0,3.568208298454866,0.0,0.0,0.2052116341675045,4.8261775377143294,3.472992334462006,0.0,0.0,0.0,4.4544909383700055,0.0,0.0,0.0,0.0,0.0,0.0
tactile_images/1944.png,contact,-3.8721274257632654,0.0,3.1040916775122627,0.0,0.0,0.2640543374923965,3.492858321555218,3.265673844485629,0.0,0.0,0.0,-4.686498155246715,0.0,0.0,0.0,0.0,0.0,0.0
tactile_images/1945.png,contact,-2.5731020713443886,0.0,3.582545044511474,0.0,0.0,0.2874665321069187,2.343707882735938,4.074820069524831,0.0,0.0,0.0,4.103971226882759,0.0,0.0,0.0,0.0,0.0,0.0
tactile_images/1946.png,contact,4.14491469145532,0.0,4.886714597419763,0.0,0.0,0.3309816078956089,3.8877702550294746,-3.8277941180541832,0.0,0.0,0.0,-1.1943628661400805,0.0,0.0,0.0,0.0,0.0,0.0
tactile_images/1947.png,contact,-3.393384923560024,0.0,4.073109342021599,0.0,0.0,0.3318332125260426,2.35484405828715,-3.5478485854648434,0.0,0.0,0.0,-2.863673393463261,0.0,0.0,0.0,0.0,0.0,0.0
tactile_images/1948.png,contact,4.68413855174358,0.0,3.530246522891479,0.0,0.0,0.3369325837255772,4.034018551257333,-4.171909710309475,0.0,0.0,0.0,-3.977676425868096,0.0,0.0,0.0,0.0,0.0,0.0
tactile_images/1949.png,contact,-0.4090500383808084,0.0,3.342021708836457,0.0,0.0,0.3583733117726382,-4.45446885120492,4.3526884109543165,0.0,0.0,0.0,2.717489419531949,0.0,0.0,0.0,0.0,0.0,0.0
tactile_images/1950.png,contact,0.2394959780090033,0.0,3.1335005097015136,0.0,0.0,0.3935243825237009,-0.4393379073308345,-0.2483761562210684,0.0,0.0,0.0,-0.3108951481818636,0.0,0.0,0.0,0.0,0.0,0.0
tactile_images/1951.png,contact,-4.640784164901081,0.0,4.307205905070453,0.0,0.0,0.4153599089515936,2.468983352418336,-4.356747165175518,0.0,0.0,0.0,3.324237819352568,0.0,0.0,0.0,0.0,0.0,0.0
tactile_images/1952.png,contact,3.331397983012472,0.0,4.0833736480674565,0.0,0.0,0.4389121292039561,0.8329579661001354,-1.7847009748595877,0.0,0.0,0.0,-2.7384284657503786,0.0,0.0,0.0,0.0,0.0,0.0
tactile_images/1953.png,contact,-0.84448909757426,0.0,3.432377147740951,0.0,0.0,0.4452986511076133,-3.2483383584921333,-1.4858735887003318,0.0,0.0,0.0,1.785680368324246,0.0,0.0,0.0,0.0,0.0,0.0
tactile_images/1954.png,contact,1.837298502706932,0.0,3.7790983289630447,0.0,0.0,0.4524379652064638,-1.5950791347146571,3.095598234767573,0.0,0.0,0.0,-3.81878295133872,0.0,0.0,0.0,0.0,0.0,0.0
tactile_images/1955.png,contact,-3.145747202313821,0.0,4.486665827131313,0.0,0.0,0.452589424829938,-1.822256249733088,2.35476892170923,0.0,0.0,0.0,-4.102493158652303,0.0,0.0,0.0,0.0,0.0,0.0
tactile_images/1956.png,contact,-4.4673372892339565,0.0,3.816443645176464,0.0,0.0,0.4672105877492285,-2.38653086815664,1.8938704956256904,0.0,0.0,0.0,-3.666001496382485,0.0,0.0,0.0,0.0,0.0,0.0
tactile_images/1957.png,contact,0.103755379497552,0.0,4.745592650158885,0.0,0.0,0.4897491046024242,-1.5686444648603397,-4.781364474086213,0.0,0.0,0.0,3.089013005603072,0.0,0.0,0.0,0.0,0.0,0.0
tactile_images/1958.png,contact,3.607279273366127,0.0,4.915670608897006,0.0,0.0,0.5248743425163838,0.1485328846112104,4.106957964263788,0.0,0.0,0.0,1.5561973543263994,0.0,0.0,0.0,0.0,0.0,0.0
tactile_images/1959.png,contact,4.377082018699373,0.0,4.932356049669074,0.0,0.0,0.5256776213153103,3.54869024783276,-2.844447330842584,0.0,0.0,0.0,-3.340361080663418,0.0,0.0,0.0,0.0,0.0,0.0
tactile_images/1960.png,contact,-1.910558127392617,0.0,3.4312181261643806,0.0,0.0,0.5725403667457485,2.420326623937563,1.2906140469267775,0.0,0.0,0.0,-1.152277893148146,0.0,0.0,0.0,0.0,0.0,0.0
tactile_images/1961.png,contact,-1.6759338556358472,0.0,4.630360463939779,0.0,0.0,0.6082036221392144,3.352497040162337,-4.381809569885808,0.0,0.0,0.0,2.6368600975645675,0.0,0.0,0.0,0.0,0.0,0.0
tactile_images/1962.png,contact,2.734783739638943,0.0,3.387855640561361,0.0,0.0,0.6086571555698868,3.836037445630863,-4.184739081279455,0.0,0.0,0.0,-2.143256105861128,0.0,0.0,0.0,0.0,0.0,0.0
tactile_images/1963.png,contact,2.685247862347019,0.0,4.664451567007811,0.0,0.0,0.6324108700175941,-0.8384954390239274,-4.904227038698778,0.0,0.0,0.0,4.212637123130957,0.0,0.0,0.0,0.0,0.0,0.0
tactile_images/1964.png,contact,-1.2329812682755792,0.0,3.2836887952339704,0.0,0.0,0.649231351028078,-1.5397371597325282,0.6592764454533064,0.0,0.0,0.0,4.146027913502572,0.0,0.0,0.0,0.0,0.0,0.0
tactile_images/1965.png,contact,-4.362806214689266,0.0,4.8860976212752405,0.0,0.0,0.6627188902107193,-4.423766183158381,1.2937966961690472,0.0,0.0,0.0,0.5290082569472352,0.0,0.0,0.0,0.0,0.0,0.0
tactile_images/1966.png,contact,3.571240386605883,0.0,4.719457567004465,0.0,0.0,0.6707157063171039,4.304916218764344,-4.495376967667712,0.0,0.0,0.0,1.3197426915211483,0.0,0.0,0.0,0.0,0.0,0.0
tactile_images/1967.png,contact,1.1070438595802343,0.0,3.0232897990061924,0.0,0.0,0.6726919197066792,-4.341769820618561,-2.095151152359611,0.0,0.0,0.0,1.5321835338782988,0.0,0.0,0.0,0.0,0.0,0.0
tactile_images/1968.png,contact,4.909615309207078,0.0,3.403399925262051,0.0,0.0,0.7022596318662195,2.4113551537047044,3.514544141780167,0.0,0.0,0.0,-2.4153154224492432,0.0,0.0,0.0,0.0,0.0,0.0
tactile_images/1969.png,contact,4.028235062292315,0.0,4.587074804457662,0.0,0.0,0.7038013221722039,-1.2189169553441284,-3.986916331770858,0.0,0.0,0.0,-1.34678611276013,0.0,0.0,0.0,0.0,0.0,0.0
tactile_images/1970.png,contact,-1.8788572230081333,0.0,4.456941891117184,0.0,0.0,0.7366394958183236,4.487807744991862,-2.834528354466688,0.0,0.0,0.0,-3.640588895101154,0.0,0.0,0.0,0.0,0.0,0.0
tactile_images/1971.png,contact,1.6012503623193384,0.0,3.2149064328837733,0.0,0.0,0.7457795752431835,-0.8039797906587101,-0.7560879152757298,0.0,0.0,0.0,4.24871341653869,0.0,0.0,0.0,0.0,0.0,0.0
tactile_images/1972.png,contact,-4.379652314338943,0.0,4.25540082720148,0.0,0.0,0.7574896221765144,3.1660835135471643,3.42274102633116,0.0,0.0,0.0,2.238494386955521,0.0,0.0,0.0,0.0,0.0,0.0
tactile_images/1973.png,contact,-4.043597749938572,0.0,3.6446666236009473,0.0,0.0,0.780716888094453,-2.173451678363234,-2.4515094552479577,0.0,0.0,0.0,-4.536437336673524,0.0,0.0,0.0,0.0,0.0,0.0
tactile_images/1974.png,contact,1.237404144690842,0.0,3.234951797752986,0.0,0.0,0.7939303641895492,-2.009112827561533,4.971370153633421,0.0,0.0,0.0,0.4938745009791665,0.0,0.0,0.0,0.0,0.0,0.0
tactile_images/1975.png,contact,-3.1906351386165603,0.0,3.06371352505652,0.0,0.0,0.796648072489333,0.955194098784342,-1.4473818686147166,0.0,0.0,0.0,-1.5692626526204068,0.0,0.0,0.0,0.0,0.0,0.0
tactile_images/1976.png,contact,-0.7161268946989985,0.0,3.631307253964648,0.0,0.0,0.8104159405853864,4.979826337074737,-1.1355134151637691,0.0,0.0,0.0,3.152878770614091,0.0,0.0,0.0,0.0,0.0,0.0
tactile_images/1977.png,contact,4.568262642029883,0.0,3.8556469132765,0.0,0.0,0.8305932463299897,0.1757241797919633,-3.7789379576920568,0.0,0.0,0.0,-1.561999121664872,0.0,0.0,0.0,0.0,0.0,0.0
tactile_images/1978.png,contact,3.050248000997108,0.0,4.4595452746723145,0.0,0.0,0.9191882127879508,4.363086363932906,1.801979008565308,0.0,0.0,0.0,1.441501246008949,0.0,0.0,0.0,0.0,0.0,0.0
tactile_images/1979.png,contact,-1.0831950000777173,0.0,3.0737865778215365,0.0,0.0,0.928132507083582,2.8624982824872784,-2.565348172155184,0.0,0.0,0.0,-3.3425966654342743,0.0,0.0,0.0,0.0,0.0,0.0
tactile_images/1980.png,contact,2.2635958213922835,0.0,4.721860965157392,0.0,0.0,0.970345620637282,2.958643141772349,1.288675952950463,0.0,0.0,0.0,0.5875548964905875,0.0,0.0,0.0,0.0,0.0,0.0
tactile_images/1981.png,contact,4.050820631783303,0.0,3.9051290068711655,0.0,0.0,0.970469146393171,-0.6404001087123588,-2.7684227159707344,0.0,0.0,0.0,-2.061142674464508,0.0,0.0,0.0,0.0,0.0,0.0
tactile_images/1982.png,contact,-4.461154621336327,0.0,3.7004732286541535,0.0,0.0,0.987922406300072,-1.1345774982719936,-1.1212773277353207,0.0,0.0,0.0,-3.351115776374872,0.0,0.0,0.0,0.0,0.0,0.0
tactile_images/1983.png,contact,2.467276164772849,0.0,3.299788590656316,0.0,0.0,0.998118104077669,-3.080781919091846,3.5667209195441743,0.0,0.0,0.0,1.1925914693645598,0.0,0.0,0.0,0.0,0.0,0.0
tactile_images/1984.png,contact,4.357910629248659,0.0,4.549716804363912,0.0,0.0,0.9993875862856072,4.639412669836535,2.3890591147407,0.0,0.0,0.0,1.386412000153757,0.0,0.0,0.0,0.0,0.0,0.0
tactile_images/1985.png,contact,1.0183130640905669,0.0,3.144696767672115,0.0,0.0,1.022290986001586,4.593936124438201,-3.454091000562766,0.0,0.0,0.0,4.833537811337866,0.0,0.0,0.0,0.0,0.0,0.0
tactile_images/1986.png,contact,-1.5413273702787365,0.0,3.807045533014459,0.0,0.0,1.058029880145703,2.470677343101828,1.0770816737410138,0.0,0.0,0.0,1.6910605966111572,0.0,0.0,0.0,0.0,0.0,0.0
tactile_images/1987.png,contact,1.1957999249243767,0.0,3.454002598676841,0.0,0.0,1.061542503107205,-2.037475501473305,1.2864065167380936,0.0,0.0,0.0,0.1570993852712821,0.0,0.0,0.0,0.0,0.0,0.0
tactile_images/1988.png,contact,-4.053506419560637,0.0,4.579729242071077,0.0,0.0,1.061549484787676,-2.548204596577178,-4.09431526498139,0.0,0.0,0.0,4.126208430847496,0.0,0.0,0.0,0.0,0.0,0.0
tactile_images/1989.png,contact,-1.5870777550087611,0.0,3.675421549448449,0.0,0.0,1.080077095274376,4.88610242386963,-0.3419434566406423,0.0,0.0,0.0,3.2828081868845587,0.0,0.0,0.0,0.0,0.0,0.0
tactile_images/1990.png,contact,1.5347583204728177,0.0,3.772831123661162,0.0,0.0,1.1041875706006792,-4.334571848918225,-2.393316043323921,0.0,0.0,0.0,0.4874627844017869,0.0,0.0,0.0,0.0,0.0,0.0
tactile_images/1991.png,contact,2.4689846082039124,0.0,4.2933455063198105,0.0,0.0,1.2053161913109136,3.435642921413089,-0.3286985723651705,0.0,0.0,0.0,0.1134907774080726,0.0,0.0,0.0,0.0,0.0,0.0
tactile_images/1992.png,contact,4.695363136910399,0.0,4.77938745065512,0.0,0.0,1.2636982420679388,-1.4454199951752535,2.7707099132287505,0.0,0.0,0.0,4.419691857158769,0.0,0.0,0.0,0.0,0.0,0.0
tactile_images/1993.png,contact,-2.022587660316643,0.0,3.10708930178535,0.0,0.0,1.2647209764192835,-0.8113028027277949,-3.417404401896804,0.0,0.0,0.0,1.171270439589308,0.0,0.0,0.0,0.0,0.0,0.0
tactile_images/1994.png,contact,-3.6212761726545057,0.0,4.314888654354929,0.0,0.0,1.2822402854572772,3.3197764874883724,-3.766957944119562,0.0,0.0,0.0,2.137791691695069,0.0,0.0,0.0,0.0,0.0,0.0
tactile_images/1995.png,contact,-3.4199855289006145,0.0,3.6641477816476407,0.0,0.0,1.3067998459508914,-4.09396983994642,-2.30683504894227,0.0,0.0,0.0,-4.1332095785279686,0.0,0.0,0.0,0.0,0.0,0.0
tactile_images/1996.png,contact,-3.80156737921485,0.0,3.095935117158952,0.0,0.0,1.3151512113985433,-1.4583032147974286,4.522754503465832,0.0,0.0,0.0,2.183056212492592,0.0,0.0,0.0,0.0,0.0,0.0
tactile_images/1997.png,contact,2.929241907891448,0.0,3.77458234735066,0.0,0.0,1.3331961163774793,4.520242771695731,2.478242111849664,0.0,0.0,0.0,-2.353181577933168,0.0,0.0,0.0,0.0,0.0,0.0
tactile_images/1998.png,contact,0.5846949862662303,0.0,3.233757521181878,0.0,0.0,1.344481162857889,1.990659127712564,-4.805441371854534,0.0,0.0,0.0,-3.8446207679370814,0.0,0.0,0.0,0.0,0.0,0.0
tactile_images/1999.png,contact,1.120132400531305,0.0,4.118603744153655,0.0,0.0,1.375166170087688,2.5493916480589043,-0.9899515751662332,0.0,0.0,0.0,3.4966610880530986,0.0,0.0,0.0,0.0,0.0,0.0
tactile_images/2000.png,contact,3.4809730648770563,0.0,4.341494400943547,0.0,0.0,1.383689767020769,2.575053009554765,-2.426020209196148,0.0,0.0,0.0,1.91191086652746,0.0,0.0,0.0,0.0,0.0,0.0
tactile_images/2001.png,contact,4.634503321519051,0.0,3.428543618620519,0.0,0.0,1.388020320622175,-4.394299168360555,1.381445683721739,0.0,0.0,0.0,-0.9243568776186964,0.0,0.0,0.0,0.0,0.0,0.0
tactile_images/2002.png,contact,3.225712305302931,0.0,4.866552824758133,0.0,0.0,1.4077680660704317,-2.9679240673956886,-0.4070754646580692,0.0,0.0,0.0,-0.685832737919335,0.0,0.0,0.0,0.0,0.0,0.0
tactile_images/2003.png,contact,0.4207100556597209,0.0,4.881727095789395,0.0,0.0,1.4385677588426802,-0.087367439187882,4.644985248639408,0.0,0.0,0.0,-3.028822777901836,0.0,0.0,0.0,0.0,0.0,0.0
tactile_images/2004.png,contact,-1.248740996069989,0.0,3.629571247433916,0.0,0.0,1.4404762956411972,-1.3184976752462485,-2.810215490157618,0.0,0.0,0.0,-4.904490045337248,0.0,0.0,0.0,0.0,0.0,0.0
tactile_images/2005.png,contact,-0.4671027934327965,0.0,4.740393380984484,0.0,0.0,1.4455640124879352,-0.8908770686714647,0.8785641599894065,0.0,0.0,0.0,-1.506408604306233,0.0,0.0,0.0,0.0,0.0,0.0
tactile_images/2006.png,contact,-3.267073597414875,0.0,3.165854305019452,0.0,0.0,1.4671638788632109,2.814473786256726,2.002100149902226,0.0,0.0,0.0,-3.5158564031741446,0.0,0.0,0.0,0.0,0.0,0.0
tactile_images/2007.png,contact,0.8815908585273142,0.0,3.853183802108787,0.0,0.0,1.468438996420609,-4.853207649322648,3.255644893453816,0.0,0.0,0.0,-0.7827320431268472,0.0,0.0,0.0,0.0,0.0,0.0
tactile_images/2008.png,contact,1.301867440128234,0.0,4.688852666240174,0.0,0.0,1.5084570867119709,1.6049192632123876,-0.9302896957199288,0.0,0.0,0.0,3.338250879299583,0.0,0.0,0.0,0.0,0.0,0.0
tactile_images/2009.png,contact,-3.391803949802986,0.0,4.148540760514175,0.0,0.0,1.518816887543352,-4.998897681981775,1.8692190765748151,0.0,0.0,0.0,-3.852456365972803,0.0,0.0,0.0,0.0,0.0,0.0
tactile_images/2010.png,contact,4.74188093050513,0.0,3.461883329197489,0.0,0.0,1.556684630106588,-4.369414744237563,-1.9679852861571725,0.0,0.0,0.0,-4.082463978638535,0.0,0.0,0.0,0.0,0.0,0.0
tactile_images/2011.png,contact,-2.481839120488464,0.0,4.679133412950844,0.0,0.0,1.5601048631545709,-0.9171388016237608,-0.645239076381797,0.0,0.0,0.0,4.021022199655619,0.0,0.0,0.0,0.0,0.0,0.0
tactile_images/2012.png,contact,-4.437015928202207,0.0,3.133594154524344,0.0,0.0,1.567276993520835,3.4094851980482144,3.956271312033993,0.0,0.0,0.0,2.451395624383233,0.0,0.0,0.0,0.0,0.0,0.0
tactile_images/2013.png,contact,-1.4781744599052835,0.0,4.647448572273975,0.0,0.0,1.5915287277066952,-3.5500423443553952,4.499076093309544,0.0,0.0,0.0,-4.4693013438241,0.0,0.0,0.0,0.0,0.0,0.0
tactile_images/2014.png,contact,0.0743092924670243,0.0,4.622043378584454,0.0,0.0,1.6241295970252525,0.5462140912861155,2.188173469272648,0.0,0.0,0.0,-4.204295147424162,0.0,0.0,0.0,0.0,0.0,0.0
tactile_images/2015.png,contact,2.027092096926664,0.0,4.509957466298326,0.0,0.0,1.6404204127389974,1.7850522682674423,-1.2564810922381495,0.0,0.0,0.0,1.8492422814892748,0.0,0.0,0.0,0.0,0.0,0.0
tactile_images/2016.png,contact,-3.0441405967747333,0.0,4.792056730649986,0.0,0.0,1.6427080271888954,-2.704671158278394,3.2005778997466408,0.0,0.0,0.0,-1.2965579785231385,0.0,0.0,0.0,0.0,0.0,0.0
tactile_images/2017.png,contact,0.5624978069542887,0.0,3.759801044645408,0.0,0.0,1.652243967174023,0.1233025526958293,-4.741329182745798,0.0,0.0,0.0,2.241732955444422,0.0,0.0,0.0,0.0,0.0,0.0
tactile_images/2018.png,contact,-3.2260056065965834,0.0,3.141832382877139,0.0,0.0,1.655837170917188,4.114072831381924,-3.972540894605789,0.0,0.0,0.0,-0.9554593069952232,0.0,0.0,0.0,0.0,0.0,0.0
tactile_images/2019.png,contact,1.91531718510516,0.0,3.9557546113061153,0.0,0.0,1.7083128170950843,0.1222852536553276,1.6137373637536108,0.0,0.0,0.0,4.677866873211677,0.0,0.0,0.0,0.0,0.0,0.0
tactile_images/2020.png,contact,0.8122947510792686,0.0,3.678406862543836,0.0,0.0,1.8056317666152069,-3.42676938212352,-2.087514247299426,0.0,0.0,0.0,1.9441661226065108,0.0,0.0,0.0,0.0,0.0,0.0
tactile_images/2021.png,contact,-4.698210450785448,0.0,3.9242809465398016,0.0,0.0,1.8161461708668647,1.2781429668754472,4.513862184004777,0.0,0.0,0.0,-4.533842351543251,0.0,0.0,0.0,0.0,0.0,0.0
tactile_images/2022.png,contact,-2.308209649807297,0.0,4.8244592439992005,0.0,0.0,1.8230026152084449,0.9220018000851402,-0.6393938790769527,0.0,0.0,0.0,-1.694982251226338,0.0,0.0,0.0,0.0,0.0,0.0
tactile_images/2023.png,contact,-4.903323037936483,0.0,3.5920491030412207,0.0,0.0,1.8286747419454408,-4.730452402018688,-0.7063517961082297,0.0,0.0,0.0,0.6360618613602931,0.0,0.0,0.0,0.0,0.0,0.0
tactile_images/2024.png,contact,1.8459310425198727,0.0,3.929699607408105,0.0,0.0,1.843507295149351,-4.094055942524334,1.7807951019093125,0.0,0.0,0.0,-3.5812636179964263,0.0,0.0,0.0,0.0,0.0,0.0
tactile_images/2025.png,contact,2.608198957840744,0.0,4.4369203566463336,0.0,0.0,1.8513096182892848,-3.432186448589892,2.675685623061897,0.0,0.0,0.0,-4.974796999247043,0.0,0.0,0.0,0.0,0.0,0.0
tactile_images/2026.png,contact,-4.846697395245082,0.0,4.385943587547335,0.0,0.0,1.8971726493614869,-3.637109224381301,-0.244412618748635,0.0,0.0,0.0,-4.206918676782837,0.0,0.0,0.0,0.0,0.0,0.0
tactile_images/2027.png,contact,-2.582384757040913,0.0,4.622461116802715,0.0,0.0,1.9474376931586548,-2.405342294390669,-2.8599909828827585,0.0,0.0,0.0,0.2426347769616796,0.0,0.0,0.0,0.0,0.0,0.0
tactile_images/2028.png,contact,3.8590421511206654,0.0,4.787297298180961,0.0,0.0,1.9610470120019272,-0.4589467676443206,2.7330864272562163,0.0,0.0,0.0,1.3225509088557097,0.0,0.0,0.0,0.0,0.0,0.0
tactile_images/2029.png,contact,-3.4144755308476,0.0,3.7833330857576177,0.0,0.0,1.9724283614086744,-1.282837021010156,-1.7964872512637244,0.0,0.0,0.0,-4.070966243057876,0.0,0.0,0.0,0.0,0.0,0.0
tactile_images/2030.png,contact,-4.061432547657663,0.0,4.023804242539248,0.0,0.0,1.999231166495214,3.9064989140459687,-3.248892307061424,0.0,0.0,0.0,1.651565239056132,0.0,0.0,0.0,0.0,0.0,0.0
tactile_images/2031.png,contact,3.59915984763476,0.0,4.516807346068406,0.0,0.0,2.0034364076114386,1.121094094063371,1.316401899250133,0.0,0.0,0.0,1.1712415725467586,0.0,0.0,0.0,0.0,0.0,0.0
tactile_images/2032.png,contact,-4.107701616439153,0.0,4.258709885257877,0.0,0.0,2.052535470508211,3.76144349961843,-4.095463330096496,0.0,0.0,0.0,4.398969820112626,0.0,0.0,0.0,0.0,0.0,0.0
tactile_images/2033.png,contact,-0.567628930139298,0.0,4.170971876630071,0.0,0.0,2.07372011533851,0.2703932491759886,4.713526750860549,0.0,0.0,0.0,3.4067549156227006,0.0,0.0,0.0,0.0,0.0,0.0
tactile_images/2034.png,contact,0.6239687594460808,0.0,4.990318820400242,0.0,0.0,2.0754818075746684,-4.101295293106601,1.323972644121369,0.0,0.0,0.0,4.432418637389651,0.0,0.0,0.0,0.0,0.0,0.0
tactile_images/2035.png,contact,4.580487765683637,0.0,3.951408156378113,0.0,0.0,2.091981537815116,-0.3671255093356516,4.858955209217559,0.0,0.0,0.0,4.661076231567661,0.0,0.0,0.0,0.0,0.0,0.0
tactile_images/2036.png,contact,-1.72702994208898,0.0,4.066061122976511,0.0,0.0,2.0922367715981807,3.220325468423649,-1.6110657652136395,0.0,0.0,0.0,-0.5919146402037798,0.0,0.0,0.0,0.0,0.0,0.0
tactile_images/2037.png,contact,4.033235503532804,0.0,3.0951663850922246,0.0,0.0,2.099483434173905,-3.058962328328919,4.712051611903979,0.0,0.0,0.0,-0.1208931872198926,0.0,0.0,0.0,0.0,0.0,0.0
tactile_images/2038.png,contact,3.824737532228952,0.0,4.9243718189836,0.0,0.0,2.1240515753313645,-4.087857212473502,-3.544377522713764,0.0,0.0,0.0,-2.18378031710899,0.0,0.0,0.0,0.0,0.0,0.0
tactile_images/2039.png,contact,-4.243961953765304,0.0,3.969984569154999,0.0,0.0,2.178694705292891,-1.705652616617399,-4.593052276529716,0.0,0.0,0.0,0.0843240259483693,0.0,0.0,0.0,0.0,0.0,0.0
tactile_images/2040.png,contact,-1.9963956962212173,0.0,3.866152205173585,0.0,0.0,2.215899145743734,-1.111021693598604,-4.670159395453974,0.0,0.0,0.0,-3.4928530180078807,0.0,0.0,0.0,0.0,0.0,0.0
tactile_images/2041.png,contact,1.7481667797325295,0.0,4.321454786218303,0.0,0.0,2.240125447963557,-1.937423235940956,-0.3512962940077289,0.0,0.0,0.0,1.7143096075819797,0.0,0.0,0.0,0.0,0.0,0.0
tactile_images/2042.png,contact,-2.072386343133986,0.0,4.527230597923314,0.0,0.0,2.2685462511379626,-3.64759214375444,-4.1699580252140525,0.0,0.0,0.0,-4.750674653349705,0.0,0.0,0.0,0.0,0.0,0.0
tactile_images/2043.png,contact,2.027621922913828,0.0,3.387477866049621,0.0,0.0,2.3027483429370506,-2.491601402782855,0.121678841676017,0.0,0.0,0.0,-2.6437224371445023,0.0,0.0,0.0,0.0,0.0,0.0
tactile_images/2044.png,contact,0.7181585168268567,0.0,3.432271624621841,0.0,0.0,2.31731226857346,1.8228240460211032,-1.7249949649109952,0.0,0.0,0.0,-2.919283018086849,0.0,0.0,0.0,0.0,0.0,0.0
tactile_images/2045.png,contact,-0.1409544255125974,0.0,4.559924404777559,0.0,0.0,2.3281675405440936,-1.1407148370683604,-1.643710075258844,0.0,0.0,0.0,4.378890714220541,0.0,0.0,0.0,0.0,0.0,0.0
tactile_images/2046.png,contact,4.019174192157554,0.0,4.9417083957354,0.0,0.0,2.3587809051614457,1.3254944461855578,1.356089965451698,0.0,0.0,0.0,-3.5509824829215084,0.0,0.0,0.0,0.0,0.0,0.0
tactile_images/2047.png,contact,0.4599837880388513,0.0,3.307948259487658,0.0,0.0,2.387387985765784,0.3630377991873246,-3.369019938483798,0.0,0.0,0.0,3.9077545078309424,0.0,0.0,0.0,0.0,0.0,0.0
tactile_images/2048.png,contact,2.123672709563218,0.0,4.351493520694354,0.0,0.0,2.3993843500274323,0.4905293985766903,2.66553370339731,0.0,0.0,0.0,-3.7564177863183614,0.0,0.0,0.0,0.0,0.0,0.0
tactile_images/2049.png,contact,-1.246140481145316,0.0,4.347423295441698,0.0,0.0,2.443913062257046,-2.51450442052204,0.8203091977863473,0.0,0.0,0.0,1.5069798628046236,0.0,0.0,0.0,0.0,0.0,0.0
tactile_images/2050.png,contact,0.3606862318766719,0.0,4.31159255979944,0.0,0.0,2.4558051630315845,0.2154303276818154,4.14944628847511,0.0,0.0,0.0,-1.8011403182666186,0.0,0.0,0.0,0.0,0.0,0.0
tactile_images/2051.png,contact,-4.106057172144217,0.0,3.597606128166549,0.0,0.0,2.526427056312436,-4.764052861367983,-1.3515934623247663,0.0,0.0,0.0,-1.839976314530084,0.0,0.0,0.0,0.0,0.0,0.0
tactile_images/2052.png,contact,-2.3640201506564047,0.0,3.601838146330837,0.0,0.0,2.5790248959170654,-0.6825625767507386,4.827149920671255,0.0,0.0,0.0,4.982711001214652,0.0,0.0,0.0,0.0,0.0,0.0
tactile_images/2053.png,contact,-4.713950940416396,0.0,4.561570966730953,0.0,0.0,2.5866910385801347,0.7262282318991513,0.7582764671402318,0.0,0.0,0.0,-2.739571422070759,0.0,0.0,0.0,0.0,0.0,0.0
tactile_images/2054.png,contact,-4.812970904972467,0.0,4.785591879179772,0.0,0.0,2.591515062337386,-3.180043786458908,4.734019561875337,0.0,0.0,0.0,-2.974399320655574,0.0,0.0,0.0,0.0,0.0,0.0
tactile_images/2055.png,contact,-1.4581081265520606,0.0,4.007546887449268,0.0,0.0,2.651836677432001,-2.4344149375104864,-4.729393459528847,0.0,0.0,0.0,0.893347490979636,0.0,0.0,0.0,0.0,0.0,0.0
tactile_images/2056.png,contact,-1.2585991571423634,0.0,4.293242267315111,0.0,0.0,2.7197143038894325,-2.8046898018438062,2.2797632241238794,0.0,0.0,0.0,2.4075239702857303,0.0,0.0,0.0,0.0,0.0,0.0
tactile_images/2057.png,contact,0.4393001578296402,0.0,3.46016898371495,0.0,0.0,2.772713528137458,-4.294420447345758,3.166215242927363,0.0,0.0,0.0,4.825045235234477,0.0,0.0,0.0,0.0,0.0,0.0
tactile_images/2058.png,contact,1.6310420822889315,0.0,4.884601875802414,0.0,0.0,2.777068565976052,-1.5214267885990995,-4.468267133235124,0.0,0.0,0.0,2.014137742374608,0.0,0.0,0.0,0.0,0.0,0.0
tactile_images/2059.png,contact,2.453593452362361,0.0,3.135592791656225,0.0,0.0,2.7961217840126764,4.789657664519394,0.7896966401624574,0.0,0.0,0.0,0.6187106625040952,0.0,0.0,0.0,0.0,0.0,0.0
tactile_images/2060.png,contact,3.3295809209905016,0.0,4.373854833548605,0.0,0.0,2.803835780932737,-1.4611959353638992,3.019422935894484,0.0,0.0,0.0,-0.9086828224191236,0.0,0.0,0.0,0.0,0.0,0.0
tactile_images/2061.png,contact,-4.514448256630919,0.0,3.9456089282254494,0.0,0.0,2.8231077439204952,-0.3946337816302439,0.6103872522307272,0.0,0.0,0.0,0.951128089726664,0.0,0.0,0.0,0.0,0.0,0.0
tactile_images/2062.png,contact,-4.988926120332906,0.0,4.7623946791112814,0.0,0.0,2.8538096922947176,1.5308725095637516,-4.361864095945334,0.0,0.0,0.0,1.0083499675269172,0.0,0.0,0.0,0.0,0.0,0.0
tactile_images/2063.png,contact,-1.0294287647946154,0.0,3.305500863335233,0.0,0.0,2.856845845317721,1.4849775116910715,1.9344724089831145,0.0,0.0,0.0,-2.822885061356762,0.0,0.0,0.0,0.0,0.0,0.0
tactile_images/2064.png,contact,-2.054608302834863,0.0,3.735664448641913,0.0,0.0,2.880654792012571,4.498949800186242,-4.394030853266914,0.0,0.0,0.0,1.712085615338034,0.0,0.0,0.0,0.0,0.0,0.0
tactile_images/2065.png,contact,-1.8888530205009069,0.0,3.8457529369335575,0.0,0.0,2.917830197997376,3.575641403991252,3.174688950164384,0.0,0.0,0.0,-2.9557620933559594,0.0,0.0,0.0,0.0,0.0,0.0
tactile_images/2066.png,contact,-0.0219501033124256,0.0,3.878058487960896,0.0,0.0,2.9369469625903832,2.939506871051522,-4.569658166933056,0.0,0.0,0.0,-0.100451766046409,0.0,0.0,0.0,0.0,0.0,0.0
tactile_images/2067.png,contact,4.693474977941939,0.0,3.9219391844250793,0.0,0.0,2.9409953932124893,4.516272257783106,-3.626026189896292,0.0,0.0,0.0,-2.4013048737008766,0.0,0.0,0.0,0.0,0.0,0.0
tactile_images/2068.png,contact,-4.805682270607235,0.0,4.283140591130199,0.0,0.0,2.989890207731825,-2.692346145168284,-2.248924094767315,0.0,0.0,0.0,-1.8719897627024893,0.0,0.0,0.0,0.0,0.0,0.0
tactile_images/2069.png,contact,-2.259556788702394,0.0,4.354607918596282,0.0,0.0,3.026212895395581,1.1705419462179254,1.3336479226079998,0.0,0.0,0.0,1.1387701999602982,0.0,0.0,0.0,0.0,0.0,0.0
tactile_images/2070.png,contact,-0.4419866250370221,0.0,3.6415288280434,0.0,0.0,3.0330336073654465,3.871967667221563,4.763590996313059,0.0,0.0,0.0,-4.355148852621998,0.0,0.0,0.0,0.0,0.0,0.0
tactile_images/2071.png,contact,-3.7720054081310814,0.0,4.964154757271261,0.0,0.0,3.0331347458896545,1.2413815827810186,-3.821771473800656,0.0,0.0,0.0,-4.879651846757725,0.0,0.0,0.0,0.0,0.0,0.0
tactile_images/2072.png,contact,-3.860934353132082,0.0,3.797199325436912,0.0,0.0,3.060838557647031,4.774204746068696,-3.572923307860816,0.0,0.0,0.0,-3.693799904523564,0.0,0.0,0.0,0.0,0.0,0.0
tactile_images/2073.png,contact,-2.527166395576412,0.0,3.25227157259153,0.0,0.0,3.1617180287723627,-3.99647286093621,-1.3112960329901968,0.0,0.0,0.0,-3.3129302192550245,0.0,0.0,0.0,0.0,0.0,0.0
tactile_images/2074.png,contact,3.4610409366014494,0.0,4.434807110810421,0.0,0.0,3.1715403223260097,-0.6066949720679968,3.362191377553202,0.0,0.0,0.0,-3.0212703195436608,0.0,0.0,0.0,0.0,0.0,0.0
tactile_images/2075.png,contact,3.611728273505898,0.0,4.694710107818734,0.0,0.0,3.190409968269101,4.773629079086362,-0.3276904724918585,0.0,0.0,0.0,2.739310702144798,0.0,0.0,0.0,0.0,0.0,0.0
tactile_images/2076.png,contact,-3.9204655517711338,0.0,4.178663289895456,0.0,0.0,3.1966528014645306,-1.204319714300742,-1.7838939974417831,0.0,0.0,0.0,-0.5314203296212137,0.0,0.0,0.0,0.0,0.0,0.0
tactile_images/2077.png,contact,1.74895984568301,0.0,3.91526374909035,0.0,0.0,3.2216981568249707,2.395563750993044,0.6120383220886128,0.0,0.0,0.0,-0.3006386615572785,0.0,0.0,0.0,0.0,0.0,0.0
tactile_images/2078.png,contact,-1.972093819096368,0.0,4.543092914624755,0.0,0.0,3.2219159009080656,-4.695970989213508,-2.3947680255425,0.0,0.0,0.0,1.4433416285554346,0.0,0.0,0.0,0.0,0.0,0.0
tactile_images/2079.png,contact,-0.4952888232373551,0.0,3.618536222999391,0.0,0.0,3.2422464879345725,1.9483711463031304,-0.9884009275247908,0.0,0.0,0.0,2.2910876841284766,0.0,0.0,0.0,0.0,0.0,0.0
tactile_images/2080.png,contact,0.4756048386730658,0.0,3.8214008011730862,0.0,0.0,3.2696842757495475,4.346267325275784,-1.6739485076795813,0.0,0.0,0.0,-4.96491650446564,0.0,0.0,0.0,0.0,0.0,0.0
tactile_images/2081.png,contact,-2.387231507265664,0.0,4.856433591295189,0.0,0.0,3.3128176749710434,-1.1729371480999728,3.0414102241464587,0.0,0.0,0.0,3.567253358051696,0.0,0.0,0.0,0.0,0.0,0.0
tactile_images/2082.png,contact,-4.579341210567705,0.0,4.261559466209864,0.0,0.0,3.3641269122336794,-4.787001620730705,4.242557264380007,0.0,0.0,0.0,4.884348472741083,0.0,0.0,0.0,0.0,0.0,0.0
tactile_images/2083.png,contact,2.083374212906968,0.0,3.5783565077128863,0.0,0.0,3.373933755077246,-4.720901956045162,2.595721921569119,0.0,0.0,0.0,-3.781925677615783,0.0,0.0,0.0,0.0,0.0,0.0
tactile_images/2084.png,contact,-2.9518619476870365,0.0,3.836898994350916,0.0,0.0,3.3867608943190533,3.92023305711089,-0.6091642397001653,0.0,0.0,0.0,1.5108058365690358,0.0,0.0,0.0,0.0,0.0,0.0
tactile_images/2085.png,contact,-3.747016726841995,0.0,4.638214652355376,0.0,0.0,3.4123230177964885,2.225161070962618,0.0433497749666376,0.0,0.0,0.0,-4.975862455990235,0.0,0.0,0.0,0.0,0.0,0.0
tactile_images/2086.png,contact,3.748142077974496,0.0,3.60831050897093,0.0,0.0,3.4163668479689093,-3.933136157734202,-3.749263060705643,0.0,0.0,0.0,-4.509705138254176,0.0,0.0,0.0,0.0,0.0,0.0
tactile_images/2087.png,contact,-4.865152487929796,0.0,3.8241872192650783,0.0,0.0,3.428724192555329,-4.454097229488035,2.468647111345378,0.0,0.0,0.0,-2.1499897991394468,0.0,0.0,0.0,0.0,0.0,0.0
tactile_images/2088.png,contact,0.9037110510476792,0.0,3.317705383887912,0.0,0.0,3.4295092703308683,3.0482536361547936,0.9647567939504408,0.0,0.0,0.0,3.46404084419634,0.0,0.0,0.0,0.0,0.0,0.0
tactile_images/2089.png,contact,0.7586932869761398,0.0,4.373300846708075,0.0,0.0,3.444951559034706,3.09860632805359,4.024399961374364,0.0,0.0,0.0,1.525009014377375,0.0,0.0,0.0,0.0,0.0,0.0
tactile_images/2090.png,contact,1.1948229013010545,0.0,3.781434884509248,0.0,0.0,3.480524998346056,-3.79478160207951,-2.993888564248468,0.0,0.0,0.0,-0.5417906802767316,0.0,0.0,0.0,0.0,0.0,0.0
tactile_images/2091.png,contact,-1.139335847600618,0.0,3.422316074863854,0.0,0.0,3.50928081827648,-1.9847959611136323,2.5972612193261213,0.0,0.0,0.0,-0.6140152639760723,0.0,0.0,0.0,0.0,0.0,0.0
tactile_images/2092.png,contact,4.152079839541968,0.0,4.146298495962491,0.0,0.0,3.510741380426971,2.800260645738896,1.8467166171918965,0.0,0.0,0.0,-0.3394642564687338,0.0,0.0,0.0,0.0,0.0,0.0
tactile_images/2093.png,contact,-2.5026576393884223,0.0,4.857893471145246,0.0,0.0,3.5271783650278508,0.2541207095400635,-2.3415446619024785,0.0,0.0,0.0,-1.889668921989962,0.0,0.0,0.0,0.0,0.0,0.0
tactile_images/2094.png,contact,2.8417897250315685,0.0,4.288846339259633,0.0,0.0,3.541897440620673,4.565848607252994,1.6737863954082508,0.0,0.0,0.0,3.777145176255143,0.0,0.0,0.0,0.0,0.0,0.0
tactile_images/2095.png,contact,-2.3788498483460616,0.0,3.736749015169468,0.0,0.0,3.5859170288432054,-0.1893735465399508,4.243733805766496,0.0,0.0,0.0,0.678691311997973,0.0,0.0,0.0,0.0,0.0,0.0
tactile_images/2096.png,contact,-2.780252431446532,0.0,3.9002485452704776,0.0,0.0,3.608407898794305,1.769579375655126,4.184359876671188,0.0,0.0,0.0,-0.1605003647414715,0.0,0.0,0.0,0.0,0.0,0.0
tactile_images/2097.png,contact,-2.9155820259137,0.0,4.522699312405785,0.0,0.0,3.6535188565573975,0.0978336574158422,2.196265745161413,0.0,0.0,0.0,-0.3492339684289618,0.0,0.0,0.0,0.0,0.0,0.0
tactile_images/2098.png,contact,3.5877645662685054,0.0,3.770082475680823,0.0,0.0,3.694610054752232,4.429654956850458,-4.519268874659399,0.0,0.0,0.0,4.358264668979427,0.0,0.0,0.0,0.0,0.0,0.0
tactile_images/2099.png,contact,-4.773079079915037,0.0,3.17713634765016,0.0,0.0,3.705644712429482,-1.0134090793239112,3.722643373201615,0.0,0.0,0.0,2.236619282196818,0.0,0.0,0.0,0.0,0.0,0.0
tactile_images/2100.png,contact,3.6362852441323024,0.0,4.312292183694884,0.0,0.0,3.7195973342823407,-2.702035448214,1.5777860700453994,0.0,0.0,0.0,-3.551854452834143,0.0,0.0,0.0,0.0,0.0,0.0
tactile_images/2101.png,contact,1.7850429875211802,0.0,3.5936004101036776,0.0,0.0,3.806112511023024,-1.733661397190068,-1.895657468172656,0.0,0.0,0.0,-0.6302983005673486,0.0,0.0,0.0,0.0,0.0,0.0
tactile_images/2102.png,contact,4.599408809493055,0.0,4.247251894594529,0.0,0.0,3.807006662167595,3.527752041652292,-3.127496382943007,0.0,0.0,0.0,-2.1162778958547666,0.0,0.0,0.0,0.0,0.0,0.0
tactile_images/2103.png,contact,-4.338750175279049,0.0,4.034922018768582,0.0,0.0,3.852980608329844,-0.020614364878666,-3.8379613700268287,0.0,0.0,0.0,4.868686577301627,0.0,0.0,0.0,0.0,0.0,0.0
tactile_images/2104.png,contact,-0.9715530599030188,0.0,4.718364398822217,0.0,0.0,3.8941057438573807,-1.4574769649776096,-4.49763100742239,0.0,0.0,0.0,-0.8460429368681925,0.0,0.0,0.0,0.0,0.0,0.0
tactile_images/2105.png,contact,-2.8037612357098043,0.0,4.018006890965236,0.0,0.0,3.908671313273345,0.4426002180948281,2.5410324795075647,0.0,0.0,0.0,-4.321298969702177,0.0,0.0,0.0,0.0,0.0,0.0
tactile_images/2106.png,contact,-1.68643219924431,0.0,4.212433284441532,0.0,0.0,3.9326722627627646,-3.667702927231576,-2.641570010567247,0.0,0.0,0.0,-0.8878799853719563,0.0,0.0,0.0,0.0,0.0,0.0
tactile_images/2107.png,contact,0.3133935800587375,0.0,3.763960090925892,0.0,0.0,3.936506054753579,-4.946406953744039,-4.757470639567449,0.0,0.0,0.0,-1.786497193940647,0.0,0.0,0.0,0.0,0.0,0.0
tactile_images/2108.png,contact,-2.2917348754944804,0.0,4.2126338947490645,0.0,0.0,3.939957795589685,-2.194153163065092,-1.0272934815801071,0.0,0.0,0.0,0.995826470782478,0.0,0.0,0.0,0.0,0.0,0.0
tactile_images/2109.png,contact,4.565874671451809,0.0,3.940498170657509,0.0,0.0,3.94339561583994,1.0500571978354234,-0.173929194076611,0.0,0.0,0.0,-2.739218247709702,0.0,0.0,0.0,0.0,0.0,0.0
tactile_images/2110.png,contact,3.188506504653197,0.0,4.268486181955085,0.0,0.0,3.982015888525311,2.116807696613873,-3.3076976909987312,0.0,0.0,0.0,-4.640263503006183,0.0,0.0,0.0,0.0,0.0,0.0
tactile_images/2111.png,contact,1.9207005840880909,0.0,4.451136495119896,0.0,0.0,4.0093068341229525,3.266109663519666,-4.559516638374502,0.0,0.0,0.0,-4.041196248411087,0.0,0.0,0.0,0.0,0.0,0.0
tactile_images/2112.png,contact,-0.0060357115470752,0.0,3.964902940762235,0.0,0.0,4.01751500560723,4.266635593944697,-3.108745169019312,0.0,0.0,0.0,-2.1685241046563464,0.0,0.0,0.0,0.0,0.0,0.0
tactile_images/2113.png,contact,-2.28370854339646,0.0,4.748113126277958,0.0,0.0,4.025238899020607,-0.8788765303523194,1.791027618365744,0.0,0.0,0.0,-1.516773684668924,0.0,0.0,0.0,0.0,0.0,0.0
tactile_images/2114.png,contact,3.5775063131280382,0.0,4.540178062508164,0.0,0.0,4.029803610482148,2.405167995574546,-4.177563227487936,0.0,0.0,0.0,3.3445054004473285,0.0,0.0,0.0,0.0,0.0,0.0
tactile_images/2115.png,contact,1.487806126512191,0.0,4.769364754843376,0.0,0.0,4.035163922009481,-4.253270698019374,0.5503703055699383,0.0,0.0,0.0,-2.299303159856152,0.0,0.0,0.0,0.0,0.0,0.0
tactile_images/2116.png,contact,-2.752440518349493,0.0,4.544305009614929,0.0,0.0,4.036820205243458,-4.4247000122792,-3.5358801209183333,0.0,0.0,0.0,-4.685069465239539,0.0,0.0,0.0,0.0,0.0,0.0
tactile_images/2117.png,contact,1.1548867235518747,0.0,3.8646677997573295,0.0,0.0,4.073591452217158,-3.752020080138434,-3.0431082641958063,0.0,0.0,0.0,2.807334832028542,0.0,0.0,0.0,0.0,0.0,0.0
tactile_images/2118.png,contact,3.1295625144247663,0.0,3.376117132958151,0.0,0.0,4.107701393420861,-0.5143090216923767,-1.069221167333013,0.0,0.0,0.0,3.689175700889626,0.0,0.0,0.0,0.0,0.0,0.0
tactile_images/2119.png,contact,4.848893157855249,0.0,3.0982537877837046,0.0,0.0,4.164643891013327,-2.887185615012501,-3.9917466394626864,0.0,0.0,0.0,-0.0769376259947218,0.0,0.0,0.0,0.0,0.0,0.0
tactile_images/2120.png,contact,-0.8008883466945456,0.0,4.939053046648014,0.0,0.0,4.221811733870524,-2.130750580621842,-3.267964972177872,0.0,0.0,0.0,-2.1507276924352925,0.0,0.0,0.0,0.0,0.0,0.0
tactile_images/2121.png,contact,0.6765377359665266,0.0,4.51098931402843,0.0,0.0,4.231675329903183,1.4788017351230265,-1.5104758854864588,0.0,0.0,0.0,2.72139880118416,0.0,0.0,0.0,0.0,0.0,0.0
tactile_images/2122.png,contact,3.692896232598005,0.0,4.492509788700411,0.0,0.0,4.259586810883448,-1.41477821197154,-1.7033099450163314,0.0,0.0,0.0,-4.911015933180095,0.0,0.0,0.0,0.0,0.0,0.0
tactile_images/2123.png,contact,-0.5422651413201667,0.0,3.0462213369355844,0.0,0.0,4.264311012249159,0.5737155771802218,2.4927148567573187,0.0,0.0,0.0,4.240282291078946,0.0,0.0,0.0,0.0,0.0,0.0
tactile_images/2124.png,contact,0.6517266139625377,0.0,4.885219420317311,0.0,0.0,4.267804668575039,-0.8759624326340774,-4.252176948735756,0.0,0.0,0.0,3.655316448773112,0.0,0.0,0.0,0.0,0.0,0.0
tactile_images/2125.png,contact,-2.0708647726669813,0.0,4.916502344465006,0.0,0.0,4.284718747620907,-3.310307444801804,3.604507356663434,0.0,0.0,0.0,0.4483320995483577,0.0,0.0,0.0,0.0,0.0,0.0
tactile_images/2126.png,contact,3.185645649102027,0.0,4.561043605514044,0.0,0.0,4.290141106111172,-4.259800097441059,3.1623217073945487,0.0,0.0,0.0,-2.224188120902114,0.0,0.0,0.0,0.0,0.0,0.0
tactile_images/2127.png,contact,4.079330139175246,0.0,3.1779510717386765,0.0,0.0,4.291715072622971,-2.637685046901121,2.6599163969193835,0.0,0.0,0.0,-4.671551172510023,0.0,0.0,0.0,0.0,0.0,0.0
tactile_images/2128.png,contact,0.0557969529741857,0.0,3.0230520281059707,0.0,0.0,4.312299930898426,-4.4229953050895565,-1.906276375368675,0.0,0.0,0.0,4.998237501968623,0.0,0.0,0.0,0.0,0.0,0.0
tactile_images/2129.png,contact,-2.1582496468208854,0.0,4.062661585346351,0.0,0.0,4.315167366354849,1.1861195988980686,3.2288178554078755,0.0,0.0,0.0,2.6207372303868395,0.0,0.0,0.0,0.0,0.0,0.0
tactile_images/2130.png,contact,2.579549841374725,0.0,3.5805673546295207,0.0,0.0,4.385113951416621,2.9571760146610035,-3.171979197107192,0.0,0.0,0.0,-1.6129012419184163,0.0,0.0,0.0,0.0,0.0,0.0
tactile_images/2131.png,contact,-0.1796052771257894,0.0,3.574425142254724,0.0,0.0,4.393379714689161,-1.6025923176259915,-3.755907941449718,0.0,0.0,0.0,-4.807280283612155,0.0,0.0,0.0,0.0,0.0,0.0
tactile_images/2132.png,contact,-1.1678360785254114,0.0,3.324459142192994,0.0,0.0,4.452703171694168,-1.1288894464764176,-4.550436665105126,0.0,0.0,0.0,1.3929172846077105,0.0,0.0,0.0,0.0,0.0,0.0
tactile_images/2133.png,contact,-1.3130755309198872,0.0,3.083945452487012,0.0,0.0,4.512570734278512,3.161910627593066,4.393103630055759,0.0,0.0,0.0,4.869040057516955,0.0,0.0,0.0,0.0,0.0,0.0
tactile_images/2134.png,contact,3.5254747329371607,0.0,3.5395921157847283,0.0,0.0,4.534491177753559,-2.773870876264397,-1.919891022947264,0.0,0.0,0.0,2.0707270863266727,0.0,0.0,0.0,0.0,0.0,0.0
tactile_images/2135.png,contact,-1.226895409497974,0.0,3.817687323450136,0.0,0.0,4.536849886063727,-3.808397348051258,4.176178801779059,0.0,0.0,0.0,-4.162855914301948,0.0,0.0,0.0,0.0,0.0,0.0
tactile_images/2136.png,contact,1.4928818454828985,0.0,4.901187931862249,0.0,0.0,4.586599927685178,0.0111811733108648,-2.273864384806703,0.0,0.0,0.0,-0.9772162782644376,0.0,0.0,0.0,0.0,0.0,0.0
tactile_images/2137.png,contact,0.2582617091267476,0.0,3.925238543867459,0.0,0.0,4.604814132628739,1.4619016953323714,4.075659593363495,0.0,0.0,0.0,-3.908165372724419,0.0,0.0,0.0,0.0,0.0,0.0
tactile_images/2138.png,contact,-1.5878336671071738,0.0,3.6811518748422376,0.0,0.0,4.638082468172456,0.996544250464792,4.039290528460883,0.0,0.0,0.0,4.121605496009476,0.0,0.0,0.0,0.0,0.0,0.0
tactile_images/2139.png,contact,-2.602278598896865,0.0,4.611940257341908,0.0,0.0,4.648206248824316,2.1387304527418083,4.236760450107129,0.0,0.0,0.0,-1.695855290474192,0.0,0.0,0.0,0.0,0.0,0.0
tactile_images/2140.png,contact,1.729668384367613,0.0,4.836386316923406,0.0,0.0,4.667727225104905,-4.432488178269761,-0.0384656071580629,0.0,0.0,0.0,2.333765293406711,0.0,0.0,0.0,0.0,0.0,0.0
tactile_images/2141.png,contact,-1.567366645412922,0.0,4.06974551151751,0.0,0.0,4.670562554923123,-0.717983872416271,3.65946286798892,0.0,0.0,0.0,-4.153096419908934,0.0,0.0,0.0,0.0,0.0,0.0
tactile_images/2142.png,contact,3.946350777491436,0.0,4.788605786637296,0.0,0.0,4.680385189678589,-2.6142947605430686,4.507658961673203,0.0,0.0,0.0,-3.715853042045605,0.0,0.0,0.0,0.0,0.0,0.0
tactile_images/2143.png,contact,4.889687355713528,0.0,4.368049723384144,0.0,0.0,4.686902665312303,2.5912125954602416,-1.7538305810282049,0.0,0.0,0.0,1.7948766205068465,0.0,0.0,0.0,0.0,0.0,0.0
tactile_images/2144.png,contact,-3.6827250540838055,0.0,4.686855591418098,0.0,0.0,4.696716525358326,3.727304840603496,-0.8112559431744497,0.0,0.0,0.0,3.434799483621692,0.0,0.0,0.0,0.0,0.0,0.0
tactile_images/2145.png,contact,0.9806908639075784,0.0,3.456711228357696,0.0,0.0,4.696749804126249,-2.1866425919358514,2.19240187335744,0.0,0.0,0.0,-2.985500436687211,0.0,0.0,0.0,0.0,0.0,0.0
tactile_images/2146.png,contact,-1.617186826439566,0.0,3.668154434835696,0.0,0.0,4.713283944821427,-4.047819209305917,-1.9964017827669915,0.0,0.0,0.0,-0.8166275400293657,0.0,0.0,0.0,0.0,0.0,0.0
tactile_images/2147.png,contact,4.198851536153248,0.0,3.529732515627143,0.0,0.0,4.716942018120776,-2.465720380086032,2.5380930891265896,0.0,0.0,0.0,1.1941703470312677,0.0,0.0,0.0,0.0,0.0,0.0
tactile_images/2148.png,contact,-1.284264566145871,0.0,4.865363804721005,0.0,0.0,4.726780233028009,-3.959915109410803,-4.261078547864661,0.0,0.0,0.0,2.9627633926027253,0.0,0.0,0.0,0.0,0.0,0.0
tactile_images/2149.png,contact,0.9712671736736294,0.0,3.093159884173083,0.0,0.0,4.7556007887647525,-1.7757783388654629,0.2349838428854225,0.0,0.0,0.0,1.2819661037928114,0.0,0.0,0.0,0.0,0.0,0.0
tactile_images/2150.png,contact,1.5419390158957502,0.0,4.9955687756401295,0.0,0.0,4.793796182945748,0.3819857832182567,-3.776865159162548,0.0,0.0,0.0,-4.045740793574232,0.0,0.0,0.0,0.0,0.0,0.0
tactile_images/2151.png,contact,2.821074457450099,0.0,4.18117931547717,0.0,0.0,4.817606590452023,4.736809543982064,-2.066765235633236,0.0,0.0,0.0,0.4281932833408399,0.0,0.0,0.0,0.0,0.0,0.0
tactile_images/2152.png,contact,3.958903506158337,0.0,3.7937759564498377,0.0,0.0,4.8615317196856935,-1.0062974564864149,-2.41374607513528,0.0,0.0,0.0,3.8460668147657007,0.0,0.0,0.0,0.0,0.0,0.0
tactile_images/2153.png,contact,-3.059254001176212,0.0,3.319826490048256,0.0,0.0,4.879324378699451,-2.7996007614537888,3.389320735626661,0.0,0.0,0.0,3.6802372102398415,0.0,0.0,0.0,0.0,0.0,0.0
tactile_images/2154.png,contact,-4.913279015642205,0.0,4.552303728211246,0.0,0.0,4.927167344873304,-3.3319825962916494,-3.0648274459380254,0.0,0.0,0.0,0.8501560775096131,0.0,0.0,0.0,0.0,0.0,0.0
tactile_images/2155.png,contact,-3.0449464243182227,0.0,3.712357068656842,0.0,0.0,4.9944146818492925,-3.26960233861324,3.08447920159119,0.0,0.0,0.0,4.956962067708389,0.0,0.0,0.0,0.0,0.0,0.0
tactile_images/2156.png,contact,3.899480754723232,0.0,4.309882209134643,0.0,0.0,5.015058221240253,-3.074023167385408,2.93960345907922,0.0,0.0,0.0,-3.948762776156446,0.0,0.0,0.0,0.0,0.0,0.0
tactile_images/2157.png,contact,2.5276892559682294,0.0,3.15110898752554,0.0,0.0,5.055306124477809,2.6226702253744705,-0.0111694444277006,0.0,0.0,0.0,-0.2140464260834722,0.0,0.0,0.0,0.0,0.0,0.0
tactile_images/2158.png,contact,1.8102436970623872,0.0,3.7762661620044975,0.0,0.0,5.111052922696196,-4.389722885675801,-2.661567444038704,0.0,0.0,0.0,2.751236393527404,0.0,0.0,0.0,0.0,0.0,0.0
tactile_images/2159.png,contact,3.7979277087942376,0.0,4.252927710508112,0.0,0.0,5.152369645669083,4.974027069430342,-2.731036600437773,0.0,0.0,0.0,-3.5896188188584075,0.0,0.0,0.0,0.0,0.0,0.0
tactile_images/2160.png,contact,4.598908085875175,0.0,4.7125702560935245,0.0,0.0,5.174888371195273,0.2268639116626118,-0.3507535288415218,0.0,0.0,0.0,4.727497614828547,0.0,0.0,0.0,0.0,0.0,0.0
tactile_images/2161.png,contact,-4.12363345616691,0.0,4.040165366433168,0.0,0.0,5.190471423231003,0.4427189430082565,-4.911909926064837,0.0,0.0,0.0,-1.4595345481635502,0.0,0.0,0.0,0.0,0.0,0.0
tactile_images/2162.png,contact,-3.9838646658403487,0.0,4.35612075357535,0.0,0.0,5.197062639860633,-1.4243612130039516,0.3135075461136614,0.0,0.0,0.0,-1.4986024602140913,0.0,0.0,0.0,0.0,0.0,0.0
tactile_images/2163.png,contact,-4.390676985128962,0.0,3.081570026871036,0.0,0.0,5.2088684281965385,1.9025535941212048,4.5277952576705545,0.0,0.0,0.0,-2.868056988587938,0.0,0.0,0.0,0.0,0.0,0.0
tactile_images/2164.png,contact,-2.636057941597608,0.0,3.887567158564672,0.0,0.0,5.229759709487162,-0.2854365911920231,-3.452931181374035,0.0,0.0,0.0,-2.1198253593340564,0.0,0.0,0.0,0.0,0.0,0.0
tactile_images/2165.png,contact,-3.951177407065364,0.0,4.53679985789756,0.0,0.0,5.232845559658976,-1.7093871503545022,0.7334562147560337,0.0,0.0,0.0,0.7758890007309738,0.0,0.0,0.0,0.0,0.0,0.0
tactile_images/2166.png,contact,1.4142153847512686,0.0,3.1072567807428983,0.0,0.0,5.243366812373942,-2.348615962919572,4.617786886444568,0.0,0.0,0.0,-0.7064571094904544,0.0,0.0,0.0,0.0,0.0,0.0
tactile_images/2167.png,contact,-1.3911993781550036,0.0,3.86479272037018,0.0,0.0,5.245987179367518,4.256512069332596,3.6052213949160015,0.0,0.0,0.0,-3.0662182167326977,0.0,0.0,0.0,0.0,0.0,0.0
tactile_images/2168.png,contact,-3.388980864459341,0.0,3.803903849230439,0.0,0.0,5.278771073700852,-2.090104849475798,3.503801163813403,0.0,0.0,0.0,3.0913994031646936,0.0,0.0,0.0,0.0,0.0,0.0
tactile_images/2169.png,contact,2.847981279827625,0.0,3.2129635265694128,0.0,0.0,5.355777009359521,-0.6360674057015805,3.21849930396189,0.0,0.0,0.0,-4.377606928759404,0.0,0.0,0.0,0.0,0.0,0.0
tactile_images/2170.png,contact,2.45608419158153,0.0,3.819036960557428,0.0,0.0,5.385312256823077,-1.4965859788353173,-1.909763939438144,0.0,0.0,0.0,3.3465274450027174,0.0,0.0,0.0,0.0,0.0,0.0
tactile_images/2171.png,contact,-4.398321236134752,0.0,3.392965304805837,0.0,0.0,5.3946395133008735,-4.138211725719641,3.9061683126681217,0.0,0.0,0.0,-2.250612753520876,0.0,0.0,0.0,0.0,0.0,0.0
tactile_images/2172.png,contact,-4.51403342206657,0.0,3.231350447296233,0.0,0.0,5.453826363700102,-3.140656055177329,4.41340351233171,0.0,0.0,0.0,-0.0409666690402819,0.0,0.0,0.0,0.0,0.0,0.0
tactile_images/2173.png,contact,0.7514915713191304,0.0,3.0087479645660187,0.0,0.0,5.462803571783944,-3.10498024673618,-0.0420757670096065,0.0,0.0,0.0,-1.1893546141160811,0.0,0.0,0.0,0.0,0.0,0.0
tactile_images/2174.png,contact,4.113995703203828,0.0,4.024857102753312,0.0,0.0,5.523211549653006,1.9364951438965488,-1.4542895274054124,0.0,0.0,0.0,0.7060211338971412,0.0,0.0,0.0,0.0,0.0,0.0
tactile_images/2175.png,contact,-0.2016350111199338,0.0,4.829168870443495,0.0,0.0,5.525133583893542,-0.9341459003419086,-0.8577098439414392,0.0,0.0,0.0,2.959899951401754,0.0,0.0,0.0,0.0,0.0,0.0
tactile_images/2176.png,contact,-3.473879305713737,0.0,3.67914628241634,0.0,0.0,5.530411557990412,2.819675630706586,-1.6579355816873442,0.0,0.0,0.0,4.893197934746951,0.0,0.0,0.0,0.0,0.0,0.0
tactile_images/2177.png,contact,4.856185539279149,0.0,4.0604950527324855,0.0,0.0,5.541816296343086,2.0895092433415696,-2.8758155797545992,0.0,0.0,0.0,-1.939408543460984,0.0,0.0,0.0,0.0,0.0,0.0
tactile_images/2178.png,contact,-1.2091551776747709,0.0,4.619577057376209,0.0,0.0,5.552403736632726,-3.0795023360396234,1.184484702528894,0.0,0.0,0.0,0.5380441236353377,0.0,0.0,0.0,0.0,0.0,0.0
tactile_images/2179.png,contact,-0.6093797153538629,0.0,3.8263889576055954,0.0,0.0,5.575872825888176,0.6291692012010062,0.6259688624532291,0.0,0.0,0.0,-0.3399245122500263,0.0,0.0,0.0,0.0,0.0,0.0
tactile_images/2180.png,contact,2.722502638967904,0.0,4.14419963394325,0.0,0.0,5.600092485978948,2.4290884604880283,-0.374149289607244,0.0,0.0,0.0,4.9892815931312064,0.0,0.0,0.0,0.0,0.0,0.0
tactile_images/2181.png,contact,3.413948947069263,0.0,4.865291434682336,0.0,0.0,5.627055924412211,1.3304292347572302,-4.041546133151682,0.0,0.0,0.0,3.08913630499449,0.0,0.0,0.0,0.0,0.0,0.0
tactile_images/2182.png,contact,0.0323314114083057,0.0,3.267882438800001,0.0,0.0,5.632294838819654,1.0001650808798086,2.9689296470599977,0.0,0.0,0.0,-1.029161414198072,0.0,0.0,0.0,0.0,0.0,0.0
tactile_images/2183.png,contact,-0.8586478845351921,0.0,4.059549830513597,0.0,0.0,5.691156198766187,2.3961088740076795,-3.250664372492108,0.0,0.0,0.0,-0.2312094439235359,0.0,0.0,0.0,0.0,0.0,0.0
tactile_images/2184.png,contact,2.292553268564462,0.0,3.267949733499562,0.0,0.0,5.702674280488552,-4.432192607436932,-3.854379566039519,0.0,0.0,0.0,-2.5404340557340666,0.0,0.0,0.0,0.0,0.0,0.0
tactile_images/2185.png,contact,-2.2344366235491195,0.0,4.126767481332331,0.0,0.0,5.705003753714813,2.3142194736143287,1.230713954829474,0.0,0.0,0.0,2.552473197488265,0.0,0.0,0.0,0.0,0.0,0.0
tactile_images/2186.png,contact,3.007847251059469,0.0,3.363015923242992,0.0,0.0,5.754759268003824,-2.2734473684657166,-1.013556387622768,0.0,0.0,0.0,3.452117863784421,0.0,0.0,0.0,0.0,0.0,0.0
tactile_images/2187.png,contact,-4.550605114849889,0.0,3.4846212127748952,0.0,0.0,5.854642766136294,0.7187225450935406,-4.4019152464767055,0.0,0.0,0.0,4.649868236229203,0.0,0.0,0.0,0.0,0.0,0.0
tactile_images/2188.png,contact,2.4186656729887246,0.0,3.751876750806587,0.0,0.0,5.876316856610778,-2.5769500530349254,-1.444316450389418,0.0,0.0,0.0,0.6582889681779704,0.0,0.0,0.0,0.0,0.0,0.0
tactile_images/2189.png,contact,0.8890439739929343,0.0,3.028159326565781,0.0,0.0,5.88984601636065,3.388175722068376,2.717803522849628,0.0,0.0,0.0,1.7068300223743949,0.0,0.0,0.0,0.0,0.0,0.0
tactile_images/2190.png,contact,3.8183517237834375,0.0,4.029855017721344,0.0,0.0,5.934037382284252,-0.1944064569924393,1.1524920521709756,0.0,0.0,0.0,-0.5394116833054063,0.0,0.0,0.0,0.0,0.0,0.0
tactile_images/2191.png,contact,4.346338424356148,0.0,4.525897757023122,0.0,0.0,5.9743620549186645,1.429412120249836,-1.372139770130032,0.0,0.0,0.0,1.0912851033764372,0.0,0.0,0.0,0.0,0.0,0.0
tactile_images/2192.png,contact,-4.286305621153941,0.0,3.820986229082684,0.0,0.0,5.998204651875035,2.9408204347672804,-3.0819520836541194,0.0,0.0,0.0,-1.5125096975986918,0.0,0.0,0.0,0.0,0.0,0.0
tactile_images/2193.png,contact,-1.363742815333744,0.0,4.458026842585937,0.0,0.0,6.011985942423991,3.953152550713643,1.3179562080477325,0.0,0.0,0.0,2.376891165206392,0.0,0.0,0.0,0.0,0.0,0.0
tactile_images/2194.png,contact,-1.3340375651042349,0.0,3.816475038692597,0.0,0.0,6.023695696171608,2.32062097069341,3.875553009463552,0.0,0.0,0.0,-4.772996342456226,0.0,0.0,0.0,0.0,0.0,0.0
tactile_images/2195.png,contact,4.230205329350337,0.0,4.874289933630244,0.0,0.0,6.045579016668135,-3.512314238095943,1.4627271801591384,0.0,0.0,0.0,-4.715431503080164,0.0,0.0,0.0,0.0,0.0,0.0
tactile_images/2196.png,contact,4.690442090806565,0.0,3.836528161805152,0.0,0.0,6.074477953295656,3.5453236958578653,3.129038546502242,0.0,0.0,0.0,2.161208901865981,0.0,0.0,0.0,0.0,0.0,0.0
tactile_images/2197.png,contact,-3.7332291586080775,0.0,4.131503128449165,0.0,0.0,6.078363078187678,1.1857791586550617,0.2152783855437103,0.0,0.0,0.0,4.30682803125166,0.0,0.0,0.0,0.0,0.0,0.0
tactile_images/2198.png,contact,-1.1585009805221649,0.0,4.50597238607837,0.0,0.0,6.171493782619272,1.0944975838027364,2.179711067410288,0.0,0.0,0.0,1.3224893443644632,0.0,0.0,0.0,0.0,0.0,0.0
tactile_images/2199.png,contact,0.8081712409787869,0.0,4.873547899046004,0.0,0.0,6.1784672561104514,4.213405598049215,3.962267737783524,0.0,0.0,0.0,2.265282990036969,0.0,0.0,0.0,0.0,0.0,0.0
tactile_images/2200.png,contact,-4.6786003484503045,0.0,4.393591027928682,0.0,0.0,6.192031399538216,-2.511684443341169,2.731789782586551,0.0,0.0,0.0,3.2393429121816766,0.0,0.0,0.0,0.0,0.0,0.0
tactile_images/2201.png,contact,-3.191888594267901,0.0,4.466723029464188,0.0,0.0,6.197471762505984,-2.604123815059667,4.098539533981457,0.0,0.0,0.0,-1.383257355364206,0.0,0.0,0.0,0.0,0.0,0.0
tactile_images/2202.png,contact,1.1059506102112469,0.0,4.107661831735647,0.0,0.0,6.38299366203357,0.1319355469496184,-0.6886039788394012,0.0,0.0,0.0,-3.918863424405916,0.0,0.0,0.0,0.0,0.0,0.0
tactile_images/2203.png,contact,-4.576252845053801,0.0,4.4832060394744175,0.0,0.0,6.392555212540721,2.508630665348651,4.042202551270567,0.0,0.0,0.0,4.330922872500963,0.0,0.0,0.0,0.0,0.0,0.0
tactile_images/2204.png,contact,-1.0065106654835585,0.0,3.9604734269420536,0.0,0.0,6.48851460553562,-0.5275929177149088,1.215672344817076,0.0,0.0,0.0,4.385705650024402,0.0,0.0,0.0,0.0,0.0,0.0
tactile_images/2205.png,contact,1.5205858841783335,0.0,3.46358055523316,0.0,0.0,6.517294017569746,1.338913898924022,3.700487660816936,0.0,0.0,0.0,-0.5815944442792098,0.0,0.0,0.0,0.0,0.0,0.0
tactile_images/2206.png,contact,-4.394989415641891,0.0,4.920532716984133,0.0,0.0,6.522590514483802,-0.4747527577728121,-4.606234695621646,0.0,0.0,0.0,-2.8283034300538623,0.0,0.0,0.0,0.0,0.0,0.0
tactile_images/2207.png,contact,-1.070940360887808,0.0,3.10170793766748,0.0,0.0,6.576359266523824,1.1038718048696872,1.578523819135361,0.0,0.0,0.0,3.9235438276998895,0.0,0.0,0.0,0.0,0.0,0.0
tactile_images/2208.png,contact,2.286509682261041,0.0,3.514237007997389,0.0,0.0,6.59336132378548,3.2226230261371107,3.4797507887789862,0.0,0.0,0.0,2.084266970852532,0.0,0.0,0.0,0.0,0.0,0.0
tactile_images/2209.png,contact,0.8280658143542352,0.0,4.584444694487857,0.0,0.0,6.596763307799762,-3.195233039090767,-3.2579796635680025,0.0,0.0,0.0,-4.9177164945303815,0.0,0.0,0.0,0.0,0.0,0.0
tactile_images/2210.png,contact,-4.064374533444109,0.0,4.855620123295393,0.0,0.0,6.599318750015719,1.9537853400598408,1.6178693346492317,0.0,0.0,0.0,-3.922802985409175,0.0,0.0,0.0,0.0,0.0,0.0
tactile_images/2211.png,contact,4.172631643818101,0.0,4.018423170492085,0.0,0.0,6.599564335004715,2.874257393381833,3.249547142166314,0.0,0.0,0.0,4.831996427717446,0.0,0.0,0.0,0.0,0.0,0.0
tactile_images/2212.png,contact,-0.7006117008936492,0.0,4.227415939087495,0.0,0.0,6.624520751142285,-0.5288859251821751,-2.120506303673629,0.0,0.0,0.0,-4.618718211918553,0.0,0.0,0.0,0.0,0.0,0.0
tactile_images/2213.png,contact,-0.7880675451194055,0.0,3.33977334961324,0.0,0.0,6.657723942147918,-1.7676642293214573,-0.94753672093608,0.0,0.0,0.0,-2.17444989636378,0.0,0.0,0.0,0.0,0.0,0.0
tactile_images/2214.png,contact,-0.3802270536390297,0.0,3.8872912932069577,0.0,0.0,6.674099978839678,-4.864556760755979,0.6951771849921942,0.0,0.0,0.0,0.4849634470613644,0.0,0.0,0.0,0.0,0.0,0.0
tactile_images/2215.png,contact,-4.803687409421851,0.0,3.509253733305791,0.0,0.0,6.684002064080829,2.971050223340935,0.1916768888456212,0.0,0.0,0.0,-3.1564438379445448,0.0,0.0,0.0,0.0,0.0,0.0
tactile_images/2216.png,contact,1.3155108008342111,0.0,4.341520043423068,0.0,0.0,6.691956327349011,-1.720613409640119,-4.608106069628644,0.0,0.0,0.0,-2.67945913637041,0.0,0.0,0.0,0.0,0.0,0.0
tactile_images/2217.png,contact,-4.811861780274235,0.0,4.710816324208576,0.0,0.0,6.713662473389661,-1.4269053059194985,-4.013279019145866,0.0,0.0,0.0,-1.470325134379978,0.0,0.0,0.0,0.0,0.0,0.0
tactile_images/2218.png,contact,-0.6573196399579109,0.0,4.022935080085235,0.0,0.0,6.734702417012159,-1.6399383690118774,-3.995334206956387,0.0,0.0,0.0,-2.3044573167704643,0.0,0.0,0.0,0.0,0.0,0.0
tactile_images/2219.png,contact,3.225604562202772,0.0,3.666483481101455,0.0,0.0,6.742132576011031,-0.012606691876619,-2.37732094500825,0.0,0.0,0.0,3.033562279200071,0.0,0.0,0.0,0.0,0.0,0.0
tactile_images/2220.png,contact,-0.8991768685463306,0.0,4.084066690194404,0.0,0.0,6.745939699757059,2.024995732190771,-2.541358871975508,0.0,0.0,0.0,0.0027447339260477,0.0,0.0,0.0,0.0,0.0,0.0
tactile_images/2221.png,contact,-0.7304220061901567,0.0,3.859765516249696,0.0,0.0,6.754244979955516,2.718631310005108,2.422223837867996,0.0,0.0,0.0,-2.213798524223896,0.0,0.0,0.0,0.0,0.0,0.0
tactile_images/2222.png,contact,-1.5784530460303603,0.0,3.974032081032479,0.0,0.0,6.757713530313559,-1.0742927959684168,0.7274438601614452,0.0,0.0,0.0,-1.869039665053016,0.0,0.0,0.0,0.0,0.0,0.0
tactile_images/2223.png,contact,-2.8373825107523647,0.0,3.831833065865432,0.0,0.0,6.779212086875731,1.6310203504516902,2.639760846452411,0.0,0.0,0.0,-4.601350404119686,0.0,0.0,0.0,0.0,0.0,0.0
tactile_images/2224.png,contact,-2.587762537573252,0.0,4.507007802214616,0.0,0.0,6.792019996768829,2.206842502713152,-4.3010394258912985,0.0,0.0,0.0,-4.506079238191244,0.0,0.0,0.0,0.0,0.0,0.0
tactile_images/2225.png,contact,-3.237903842212948,0.0,3.399456560222473,0.0,0.0,6.803797389011585,-2.0308266832261843,-0.1478576252839936,0.0,0.0,0.0,2.179075663588841,0.0,0.0,0.0,0.0,0.0,0.0
tactile_images/2226.png,contact,-4.979341105333376,0.0,4.151099015662206,0.0,0.0,6.819172339705595,-4.033785304629067,-1.7622442073473057,0.0,0.0,0.0,-3.87089162928886,0.0,0.0,0.0,0.0,0.0,0.0
tactile_images/2227.png,contact,4.891623485197016,0.0,3.4830124537121225,0.0,0.0,6.87642240918526,3.946657206444625,3.499393107557463,0.0,0.0,0.0,-0.2420322531821819,0.0,0.0,0.0,0.0,0.0,0.0
tactile_images/2228.png,contact,-1.2007275592851352,0.0,3.460989674703041,0.0,0.0,6.913780883212695,1.7711597178159284,2.077891569099033,0.0,0.0,0.0,3.423656428557967,0.0,0.0,0.0,0.0,0.0,0.0
tactile_images/2229.png,contact,0.0620440363560925,0.0,4.81064365675218,0.0,0.0,6.925071837956423,1.4811040887629146,3.692584708267964,0.0,0.0,0.0,-1.3154649427279883,0.0,0.0,0.0,0.0,0.0,0.0
tactile_images/2230.png,contact,0.1412824081367434,0.0,3.1494918072726312,0.0,0.0,6.927448929911563,-4.410974847880221,-4.5357287759394,0.0,0.0,0.0,-1.5424777298929406,0.0,0.0,0.0,0.0,0.0,0.0
tactile_images/2231.png,contact,-2.011395944174737,0.0,4.436882949471083,0.0,0.0,6.940544150335612,3.178730575039264,2.2082348956660045,0.0,0.0,0.0,3.7304827578697193,0.0,0.0,0.0,0.0,0.0,0.0
tactile_images/2232.png,contact,-1.4950892970744736,0.0,4.663280080338662,0.0,0.0,6.945947583420832,0.6605415608605316,0.4000835215957803,0.0,0.0,0.0,3.648503966496726,0.0,0.0,0.0,0.0,0.0,0.0
tactile_images/2233.png,contact,2.0778176953810226,0.0,3.056914783687845,0.0,0.0,7.023610046592019,3.478844173175661,3.2500002901556577,0.0,0.0,0.0,3.801368014602837,0.0,0.0,0.0,0.0,0.0,0.0
tactile_images/2234.png,contact,-2.83198413298626,0.0,3.462177844269137,0.0,0.0,7.034598053951733,4.745611837367616,0.0716059092582099,0.0,0.0,0.0,0.7191396013175888,0.0,0.0,0.0,0.0,0.0,0.0
tactile_images/2235.png,contact,-0.4029653179030728,0.0,4.3836371722501015,0.0,0.0,7.03859987682165,4.571003208802422,0.4020907790190895,0.0,0.0,0.0,4.523042735732602,0.0,0.0,0.0,0.0,0.0,0.0
tactile_images/2236.png,contact,4.724632801305345,0.0,3.5773326053509207,0.0,0.0,7.047598450295624,3.560893463902076,-4.482326190579348,0.0,0.0,0.0,3.189639478173772,0.0,0.0,0.0,0.0,0.0,0.0
tactile_images/2237.png,contact,-2.907231648389636,0.0,3.632584697451249,0.0,0.0,7.062383071235168,-4.890526261686311,1.685228650359667,0.0,0.0,0.0,-0.8436557304763124,0.0,0.0,0.0,0.0,0.0,0.0
tactile_images/2238.png,contact,2.5849937200716653,0.0,4.725348140663778,0.0,0.0,7.158540914435285,3.857272082369565,-2.2686012439495,0.0,0.0,0.0,1.2955514194003834,0.0,0.0,0.0,0.0,0.0,0.0
tactile_images/2239.png,contact,1.9538623082662927,0.0,3.542762790159169,0.0,0.0,7.166751321295202,-4.249376861723545,-4.803060778211795,0.0,0.0,0.0,-3.782109172416903,0.0,0.0,0.0,0.0,0.0,0.0
tactile_images/2240.png,contact,0.6876613020844218,0.0,4.451937558656694,0.0,0.0,7.180844272535346,3.511939701767673,-4.3356283749397,0.0,0.0,0.0,0.5133218595085145,0.0,0.0,0.0,0.0,0.0,0.0
tactile_images/2241.png,contact,-1.2955769689173655,0.0,3.387400585571404,0.0,0.0,7.185081030332682,-2.198259313883764,4.572856089660256,0.0,0.0,0.0,-2.368509164457313,0.0,0.0,0.0,0.0,0.0,0.0
tactile_images/2242.png,contact,-4.938483888996982,0.0,4.010115600540818,0.0,0.0,7.210532973782769,1.1006833853336762,-1.5392271042015304,0.0,0.0,0.0,-2.1645277348863114,0.0,0.0,0.0,0.0,0.0,0.0
tactile_images/2243.png,contact,-2.375823015888914,0.0,3.9286634895903054,0.0,0.0,7.216898697407913,-4.619317688501203,3.68075628621159,0.0,0.0,0.0,-3.742817670720752,0.0,0.0,0.0,0.0,0.0,0.0
tactile_images/2244.png,contact,4.243002726902125,0.0,3.39945703824481,0.0,0.0,7.247835401196298,2.711816961182281,4.596772340692558,0.0,0.0,0.0,-1.418007764260735,0.0,0.0,0.0,0.0,0.0,0.0
tactile_images/2245.png,contact,4.998653069955147,0.0,3.807513220956693,0.0,0.0,7.32642931922917,-3.882938777670285,4.432671888373228,0.0,0.0,0.0,-0.1860966970084234,0.0,0.0,0.0,0.0,0.0,0.0
tactile_images/2246.png,contact,-3.448753109694545,0.0,3.341520566900772,0.0,0.0,7.352152627291218,-0.8931182832422815,3.8172524069942018,0.0,0.0,0.0,1.0035444118686314,0.0,0.0,0.0,0.0,0.0,0.0
tactile_images/2247.png,contact,-4.9971767328613055,0.0,3.03606401965046,0.0,0.0,7.380835279372164,3.1744600232530136,3.948439124613008,0.0,0.0,0.0,-1.9513066373069043,0.0,0.0,0.0,0.0,0.0,0.0
tactile_images/2248.png,contact,-4.983475113929497,0.0,3.3324010736174907,0.0,0.0,7.409846001060799,1.953489965083352,-2.109919556590485,0.0,0.0,0.0,2.922482343100913,0.0,0.0,0.0,0.0,0.0,0.0
tactile_images/2249.png,contact,0.486129756703245,0.0,4.883982893767744,0.0,0.0,7.44468319197199,-4.9395730314193305,-3.485301097396417,0.0,0.0,0.0,0.2095996160371802,0.0,0.0,0.0,0.0,0.0,0.0
tactile_images/2250.png,contact,4.363590907133577,0.0,3.320148210973461,0.0,0.0,7.448860209918997,-0.9696766545745116,1.3926256208792367,0.0,0.0,0.0,1.3805210895573072,0.0,0.0,0.0,0.0,0.0,0.0
tactile_images/2251.png,contact,0.7180038507438526,0.0,3.711243998515131,0.0,0.0,7.532692452307394,-4.58072483035492,-0.1189440813117617,0.0,0.0,0.0,-2.218563910214672,0.0,0.0,0.0,0.0,0.0,0.0
tactile_images/2252.png,contact,-4.27752283195213,0.0,4.432329076355222,0.0,0.0,7.545353445209216,1.734998608184691,-4.012532813048289,0.0,0.0,0.0,3.1413587901226467,0.0,0.0,0.0,0.0,0.0,0.0
tactile_images/2253.png,contact,-3.3493023679929905,0.0,3.4548434574470583,0.0,0.0,7.577517180110568,4.689484917533214,1.775413160224108,0.0,0.0,0.0,1.2427445056593722,0.0,0.0,0.0,0.0,0.0,0.0
tactile_images/2254.png,contact,-1.322642879195303,0.0,3.098317047242855,0.0,0.0,7.583663454551427,1.552612623007592,0.6286000748477338,0.0,0.0,0.0,3.62348749449157,0.0,0.0,0.0,0.0,0.0,0.0
tactile_images/2255.png,contact,1.7638978085045878,0.0,3.9526765869887326,0.0,0.0,7.599731772657229,-2.7562756888244424,3.630674008104391,0.0,0.0,0.0,-3.400484210617055,0.0,0.0,0.0,0.0,0.0,0.0
tactile_images/2256.png,contact,4.116150530154813,0.0,3.455601511425712,0.0,0.0,7.642898525234671,-1.447669679334599,1.0918379568839862,0.0,0.0,0.0,-1.193367330690014,0.0,0.0,0.0,0.0,0.0,0.0
tactile_images/2257.png,contact,2.49033338659702,0.0,3.199461944687765,0.0,0.0,7.661009255143888,4.766505556584677,0.7394617972175368,0.0,0.0,0.0,-3.8698381594274034,0.0,0.0,0.0,0.0,0.0,0.0
tactile_images/2258.png,contact,4.882933892690959,0.0,4.760262706867284,0.0,0.0,7.679748770105583,-2.7594758796765,-0.5924827666737205,0.0,0.0,0.0,-2.8447268909560752,0.0,0.0,0.0,0.0,0.0,0.0
tactile_images/2259.png,contact,2.314662439323927,0.0,4.30924299159411,0.0,0.0,7.700146858788166,0.6152907305444266,-0.3721293011112969,0.0,0.0,0.0,-1.0545249551513,0.0,0.0,0.0,0.0,0.0,0.0
tactile_images/2260.png,contact,-1.015538792998241,0.0,4.323350121435061,0.0,0.0,7.703264269840886,-0.9954619131825524,4.543812269791161,0.0,0.0,0.0,3.945819076593741,0.0,0.0,0.0,0.0,0.0,0.0
tactile_images/2261.png,contact,-2.2716906976630806,0.0,4.523485412939031,0.0,0.0,7.7184322533802145,2.683152979282216,-3.615539905997607,0.0,0.0,0.0,0.5704066907190395,0.0,0.0,0.0,0.0,0.0,0.0
tactile_images/2262.png,contact,-0.7260723288202247,0.0,3.778246019230061,0.0,0.0,7.729402049063289,3.673892719798872,-0.537811814178129,0.0,0.0,0.0,-1.6962166928574174,0.0,0.0,0.0,0.0,0.0,0.0
tactile_images/2263.png,contact,4.148965138802146,0.0,3.7512974709860014,0.0,0.0,7.73138120647895,-1.5916272564970324,1.558272339268428,0.0,0.0,0.0,2.468991628795924,0.0,0.0,0.0,0.0,0.0,0.0
tactile_images/2264.png,contact,-3.49975371480662,0.0,4.049868168486935,0.0,0.0,7.734350671875603,1.603963636993826,-0.6698935440960039,0.0,0.0,0.0,-4.803172938056985,0.0,0.0,0.0,0.0,0.0,0.0
tactile_images/2265.png,contact,4.262034352646012,0.0,3.170400955119324,0.0,0.0,7.737226082990595,0.4904769751772733,-2.1678437295924224,0.0,0.0,0.0,-1.299077887573321,0.0,0.0,0.0,0.0,0.0,0.0
tactile_images/2266.png,contact,3.2074674426071925,0.0,4.322261173651434,0.0,0.0,7.749640614350056,-2.215555099445666,-2.126426292371452,0.0,0.0,0.0,1.0083169659337845,0.0,0.0,0.0,0.0,0.0,0.0
tactile_images/2267.png,contact,2.129618668250872,0.0,3.5712531993671544,0.0,0.0,7.753529174672373,-2.280591971869983,-2.6634395374228426,0.0,0.0,0.0,0.8323730386220207,0.0,0.0,0.0,0.0,0.0,0.0
tactile_images/2268.png,contact,1.943957845097852,0.0,3.656294361030137,0.0,0.0,7.764916357765664,0.3863164753230395,-1.5609679941691033,0.0,0.0,0.0,1.0755788244249418,0.0,0.0,0.0,0.0,0.0,0.0
tactile_images/2269.png,contact,-3.8458688822961378,0.0,3.228582571673713,0.0,0.0,7.809335324450593,-3.459971264677002,3.716747755835669,0.0,0.0,0.0,-2.88499235185534,0.0,0.0,0.0,0.0,0.0,0.0
tactile_images/2270.png,contact,-2.885972112245307,0.0,3.983751918921648,0.0,0.0,7.8128975371797935,3.1080989648247144,0.052245503229952,0.0,0.0,0.0,-1.629208470065212,0.0,0.0,0.0,0.0,0.0,0.0
tactile_images/2271.png,contact,1.9671410915071703,0.0,3.2001293431330664,0.0,0.0,7.819181261708309,-4.30995160799598,-2.597612719221816,0.0,0.0,0.0,4.315654521146268,0.0,0.0,0.0,0.0,0.0,0.0
tactile_images/2272.png,contact,-0.4543186940690544,0.0,3.633434244050432,0.0,0.0,7.82869347061105,-4.054255137916837,-1.1547328297346755,0.0,0.0,0.0,4.739755312866974,0.0,0.0,0.0,0.0,0.0,0.0
tactile_images/2273.png,contact,-3.28469299449117,0.0,4.517588285408626,0.0,0.0,7.839301955673363,-1.5777369107273245,-3.94169587921432,0.0,0.0,0.0,-1.8796164866810527,0.0,0.0,0.0,0.0,0.0,0.0
tactile_images/2274.png,contact,-1.0192343101513153,0.0,4.360219396866555,0.0,0.0,7.8647571682926625,-3.819082418028666,4.04035739738738,0.0,0.0,0.0,1.4450370340875427,0.0,0.0,0.0,0.0,0.0,0.0
tactile_images/2275.png,contact,4.289651109559979,0.0,4.418647705551935,0.0,0.0,7.86505270105917,-0.2429997874450755,-0.9180216790856796,0.0,0.0,0.0,-2.5870322086309416,0.0,0.0,0.0,0.0,0.0,0.0
tactile_images/2276.png,contact,-3.985606046748394,0.0,4.357551967040858,0.0,0.0,7.89528534221585,-1.0032410955812967,4.8039120459307565,0.0,0.0,0.0,-1.3147133302628555,0.0,0.0,0.0,0.0,0.0,0.0
tactile_images/2277.png,contact,-3.714605901877178,0.0,3.5609264484093046,0.0,0.0,7.914801454943806,2.21809795885717,-1.5246122673748077,0.0,0.0,0.0,2.9233469681596382,0.0,0.0,0.0,0.0,0.0,0.0
tactile_images/2278.png,contact,3.292916366875198,0.0,3.349993657501168,0.0,0.0,7.924294651107395,4.530041552097204,3.3635604722712102,0.0,0.0,0.0,0.0117873000641566,0.0,0.0,0.0,0.0,0.0,0.0
tactile_images/2279.png,contact,-4.730767979122984,0.0,3.221158374137319,0.0,0.0,7.929219988593239,2.53558584739126,-2.436146867085468,0.0,0.0,0.0,3.495899598415397,0.0,0.0,0.0,0.0,0.0,0.0
tactile_images/2280.png,contact,-2.069764874557162,0.0,4.496637602244982,0.0,0.0,7.949249501620173,-3.2055133711939563,-4.238471066223978,0.0,0.0,0.0,1.28740245659057,0.0,0.0,0.0,0.0,0.0,0.0
tactile_images/2281.png,contact,-3.445493985350703,0.0,3.2290657366526965,0.0,0.0,7.974682712446985,4.35521285464403,-4.682666383261993,0.0,0.0,0.0,1.289211851461486,0.0,0.0,0.0,0.0,0.0,0.0
tactile_images/2282.png,contact,-0.1922457078020514,0.0,4.591946487104602,0.0,0.0,7.998245118649017,-1.078665674469328,1.061684266447836,0.0,0.0,0.0,-4.661199718521749,0.0,0.0,0.0,0.0,0.0,0.0
tactile_images/2283.png,contact,-2.3750124810974835,0.0,3.782908541588944,0.0,0.0,7.999019742627389,-0.2581063907308714,-1.8842632832641064,0.0,0.0,0.0,2.4967035924190952,0.0,0.0,0.0,0.0,0.0,0.0
tactile_images/2284.png,contact,3.608032986543045,0.0,3.918318260751823,0.0,0.0,8.007789128536814,-0.7842376262936446,-0.5648011952417162,0.0,0.0,0.0,4.77866527950497,0.0,0.0,0.0,0.0,0.0,0.0
tactile_images/2285.png,contact,0.4181311326210739,0.0,3.6240026122169007,0.0,0.0,8.062585897801533,-2.1945297671228103,3.1864703560079537,0.0,0.0,0.0,-0.2697143974661529,0.0,0.0,0.0,0.0,0.0,0.0
tactile_images/2286.png,contact,1.6438954573015732,0.0,3.970744742409101,0.0,0.0,8.075594291929214,3.9504428779748384,-2.5189191430519786,0.0,0.0,0.0,-3.414199850408278,0.0,0.0,0.0,0.0,0.0,0.0
tactile_images/2287.png,contact,-1.1812824045789585,0.0,3.7961096813578754,0.0,0.0,8.096458182847975,-1.6776113410338391,-1.9134752326508675,0.0,0.0,0.0,4.769776713805392,0.0,0.0,0.0,0.0,0.0,0.0
tactile_images/2288.png,contact,4.6038117465164285,0.0,3.762201027223628,0.0,0.0,8.139355270102342,0.7859646967954639,3.4533618505866723,0.0,0.0,0.0,-2.0987412518213366,0.0,0.0,0.0,0.0,0.0,0.0
tactile_images/2289.png,contact,-1.3666968216720736,0.0,3.1784131176339274,0.0,0.0,8.161753174402683,-2.599664156256698,-0.0723772665649589,0.0,0.0,0.0,-0.9080204426282954,0.0,0.0,0.0,0.0,0.0,0.0
tactile_images/2290.png,contact,-0.7759336588115753,0.0,4.178237471960474,0.0,0.0,8.235919779210157,2.973753747701804,3.276651670524876,0.0,0.0,0.0,-4.226335858984683,0.0,0.0,0.0,0.0,0.0,0.0
tactile_images/2291.png,contact,1.6637160416313437,0.0,4.633490558945363,0.0,0.0,8.25123775788014,2.7419865952918654,-1.2552399653368362,0.0,0.0,0.0,-3.8916313430758143,0.0,0.0,0.0,0.0,0.0,0.0
tactile_images/2292.png,contact,-0.653302545716099,0.0,4.9697431322272045,0.0,0.0,8.252052636879796,-2.0368786155295604,-1.0163001917289147,0.0,0.0,0.0,-2.834343294405937,0.0,0.0,0.0,0.0,0.0,0.0
tactile_images/2293.png,contact,3.770793215346124,0.0,3.819676956219188,0.0,0.0,8.280268394341078,1.8155407314345364,-3.328616382217437,0.0,0.0,0.0,0.4846606509020104,0.0,0.0,0.0,0.0,0.0,0.0
tactile_images/2294.png,contact,0.8233300418300527,0.0,3.57587549634283,0.0,0.0,8.333131270001566,2.038735330949497,4.163458535949664,0.0,0.0,0.0,0.5778920186440804,0.0,0.0,0.0,0.0,0.0,0.0
tactile_images/2295.png,contact,3.940941955962424,0.0,3.5476850381985185,0.0,0.0,8.361480726473708,0.6251141610476623,3.9678369401260944,0.0,0.0,0.0,1.0624382284288192,0.0,0.0,0.0,0.0,0.0,0.0
tactile_images/2296.png,contact,-3.670723185801037,0.0,3.139291735496532,0.0,0.0,8.412857986887417,1.0059838227167015,4.842170145647735,0.0,0.0,0.0,0.838169570075963,0.0,0.0,0.0,0.0,0.0,0.0
tactile_images/2297.png,contact,-1.3436368887168717,0.0,4.909275026720112,0.0,0.0,8.447333846897386,0.7445463829079575,-0.9755287283028844,0.0,0.0,0.0,-0.0476301691658553,0.0,0.0,0.0,0.0,0.0,0.0
tactile_images/2298.png,contact,4.1976625433835775,0.0,3.995299109010437,0.0,0.0,8.458267788643028,-4.181355960051544,3.186149417586421,0.0,0.0,0.0,3.0209865460210903,0.0,0.0,0.0,0.0,0.0,0.0
tactile_images/2299.png,contact,4.754130835411985,0.0,3.885874243468872,0.0,0.0,8.461143081727563,1.70265344713785,-0.8504626832788142,0.0,0.0,0.0,4.338996973738725,0.0,0.0,0.0,0.0,0.0,0.0
tactile_images/2300.png,contact,2.2298747567402124,0.0,4.115284786686317,0.0,0.0,8.501764367451251,-0.3022499016130879,-0.4570121107902727,0.0,0.0,0.0,-2.3023866672077062,0.0,0.0,0.0,0.0,0.0,0.0
tactile_images/2301.png,contact,-4.868869366005173,0.0,4.141329157961578,0.0,0.0,8.513860855408012,-0.6154271945858643,3.2999939359482457,0.0,0.0,0.0,-3.698063176935651,0.0,0.0,0.0,0.0,0.0,0.0
tactile_images/2302.png,contact,-4.835672065136631,0.0,4.986341579196665,0.0,0.0,8.529315054944142,3.599992187818007,-3.2263322911360026,0.0,0.0,0.0,-0.7491270609404204,0.0,0.0,0.0,0.0,0.0,0.0
tactile_images/2303.png,contact,-4.8666259326714645,0.0,4.082376111714049,0.0,0.0,8.544135914763572,-4.767732865388823,-2.7968906553824766,0.0,0.0,0.0,-4.73577624906024,0.0,0.0,0.0,0.0,0.0,0.0
tactile_images/2304.png,contact,-2.692231478381336,0.0,3.920772351350081,0.0,0.0,8.550879976656091,-2.4868508204124486,-1.8527175960418496,0.0,0.0,0.0,3.8331887371167657,0.0,0.0,0.0,0.0,0.0,0.0
tactile_images/2305.png,contact,4.087938969513097,0.0,3.45612363380004,0.0,0.0,8.560541774214343,-3.785965001572537,2.8817903250005745,0.0,0.0,0.0,-2.602937397536759,0.0,0.0,0.0,0.0,0.0,0.0
tactile_images/2306.png,contact,3.118788402762387,0.0,4.877156479172066,0.0,0.0,8.595379375749246,-4.646589553902743,-1.2734845063191722,0.0,0.0,0.0,0.4929662974829494,0.0,0.0,0.0,0.0,0.0,0.0
tactile_images/2307.png,contact,0.8039993757221007,0.0,4.728461204523114,0.0,0.0,8.599435236526801,-2.2432300232405247,-1.4183179171923843,0.0,0.0,0.0,-3.849050101035243,0.0,0.0,0.0,0.0,0.0,0.0
tactile_images/2308.png,contact,0.9126582890190358,0.0,3.008719159913161,0.0,0.0,8.625140721065023,4.884762727946777,4.988163452552417,0.0,0.0,0.0,0.5325733924328429,0.0,0.0,0.0,0.0,0.0,0.0
tactile_images/2309.png,contact,3.499513353060157,0.0,4.769143974116525,0.0,0.0,8.651824931543565,-2.2977082679242624,-1.161938569005205,0.0,0.0,0.0,-4.610065470981356,0.0,0.0,0.0,0.0,0.0,0.0
tactile_images/2310.png,contact,-1.220867002278735,0.0,3.5371592086659334,0.0,0.0,8.657680205024313,1.637058197957714,-2.52229463684413,0.0,0.0,0.0,2.6880669558905854,0.0,0.0,0.0,0.0,0.0,0.0
tactile_images/2311.png,contact,-2.3444393207559147,0.0,4.336721404234789,0.0,0.0,8.705006043062617,-3.8170110995927855,1.2321367820094329,0.0,0.0,0.0,4.554214626439148,0.0,0.0,0.0,0.0,0.0,0.0
tactile_images/2312.png,contact,-1.97015740995268,0.0,4.314237678122547,0.0,0.0,8.710940701299613,1.0184763004722992,3.018799519550008,0.0,0.0,0.0,-1.9302393505640456,0.0,0.0,0.0,0.0,0.0,0.0
tactile_images/2313.png,contact,-2.928544190338393,0.0,3.765648415927008,0.0,0.0,8.714539922871623,4.8448148313831325,-4.303921662768407,0.0,0.0,0.0,-2.417853895457074,0.0,0.0,0.0,0.0,0.0,0.0
tactile_images/2314.png,contact,-3.1778532985694508,0.0,3.572120103318571,0.0,0.0,8.74201366956845,-2.081624765395347,1.188922311384751,0.0,0.0,0.0,-0.5200502841315977,0.0,0.0,0.0,0.0,0.0,0.0
tactile_images/2315.png,contact,0.7245898164145039,0.0,3.3821037374173657,0.0,0.0,8.749142476739387,3.480756163755828,-4.642645441197752,0.0,0.0,0.0,1.1997366025037586,0.0,0.0,0.0,0.0,0.0,0.0
tactile_images/2316.png,contact,-3.420332943764212,0.0,4.002094755588836,0.0,0.0,8.75618996050855,4.975713803665355,0.2633235097951791,0.0,0.0,0.0,-3.11037538008192,0.0,0.0,0.0,0.0,0.0,0.0
tactile_images/2317.png,contact,3.895681365888973,0.0,4.447605553261047,0.0,0.0,8.7789937074498,0.8855408872074397,-2.4300843624219084,0.0,0.0,0.0,3.0330799726287747,0.0,0.0,0.0,0.0,0.0,0.0
tactile_images/2318.png,contact,-2.7277141966507914,0.0,4.005059253403311,0.0,0.0,8.803924072911158,-1.905988995719646,-1.9335830232681424,0.0,0.0,0.0,-3.014651866495892,0.0,0.0,0.0,0.0,0.0,0.0
tactile_images/2319.png,contact,4.949384161537813,0.0,3.610826997085504,0.0,0.0,8.824124022032109,1.7353125989915617,-0.3290403601761742,0.0,0.0,0.0,-4.94525780016292,0.0,0.0,0.0,0.0,0.0,0.0
tactile_images/2320.png,contact,-4.565013982994801,0.0,4.569765966775589,0.0,0.0,8.85410488795467,3.448482062686187,4.271074607455871,0.0,0.0,0.0,0.242505835855745,0.0,0.0,0.0,0.0,0.0,0.0
tactile_images/2321.png,contact,0.7864299772292984,0.0,4.008761408597533,0.0,0.0,8.866177152009769,-3.2864975703802166,2.1066730658787645,0.0,0.0,0.0,-3.8485028883408825,0.0,0.0,0.0,0.0,0.0,0.0
tactile_images/2322.png,contact,1.98622125835858,0.0,3.83751798096531,0.0,0.0,8.898297950415731,-0.4748423615854671,4.368455962844964,0.0,0.0,0.0,1.982387253870641,0.0,0.0,0.0,0.0,0.0,0.0
tactile_images/2323.png,contact,0.6805498135788426,0.0,3.912651847644797,0.0,0.0,8.916435930171644,-1.8081228987615905,1.599710045586776,0.0,0.0,0.0,-3.3253000413149483,0.0,0.0,0.0,0.0,0.0,0.0
tactile_images/2324.png,contact,-1.2982065443470772,0.0,4.120759720273536,0.0,0.0,9.002466241121695,-2.166410030376201,-4.928922529121404,0.0,0.0,0.0,3.173803955200354,0.0,0.0,0.0,0.0,0.0,0.0
tactile_images/2325.png,contact,3.04222014316454,0.0,4.247544381301706,0.0,0.0,9.03192169581736,3.608212607401725,-2.344148026523224,0.0,0.0,0.0,-0.2963186712400203,0.0,0.0,0.0,0.0,0.0,0.0
tactile_images/2326.png,contact,-0.3211348526531568,0.0,3.818499147570795,0.0,0.0,9.049161510093256,-0.7834599317816151,4.057725777203739,0.0,0.0,0.0,0.6627790461666248,0.0,0.0,0.0,0.0,0.0,0.0
tactile_images/2327.png,contact,4.6311305264546725,0.0,3.044405625975701,0.0,0.0,9.101646893724189,-1.6092365819608725,1.4344552096774477,0.0,0.0,0.0,-3.1341483469728826,0.0,0.0,0.0,0.0,0.0,0.0
tactile_images/2328.png,contact,1.422017346745582,0.0,4.038560164790543,0.0,0.0,9.134365767744718,1.035105414260137,4.816472365702749,0.0,0.0,0.0,-3.533119224695372,0.0,0.0,0.0,0.0,0.0,0.0
tactile_images/2329.png,contact,-1.447452485768186,0.0,4.593975309517971,0.0,0.0,9.147216224100276,-2.8059842036261875,-3.440359807817044,0.0,0.0,0.0,1.3129246652021198,0.0,0.0,0.0,0.0,0.0,0.0
tactile_images/2330.png,contact,3.370655729185703,0.0,4.096801873483823,0.0,0.0,9.162882797128262,-2.7010650943192105,-2.032521668934806,0.0,0.0,0.0,-2.445393846583148,0.0,0.0,0.0,0.0,0.0,0.0
tactile_images/2331.png,contact,-1.6304719180342246,0.0,3.153454743856412,0.0,0.0,9.219173003139638,0.202887308715046,-1.3763234048296369,0.0,0.0,0.0,-1.1407443168224218,0.0,0.0,0.0,0.0,0.0,0.0
tactile_images/2332.png,contact,2.1512709803807715,0.0,4.781648263021255,0.0,0.0,9.220793684723546,-0.9072727135381592,-1.7344218183268945,0.0,0.0,0.0,-0.2055084606301402,0.0,0.0,0.0,0.0,0.0,0.0
tactile_images/2333.png,contact,-4.224993811772958,0.0,3.953240912621081,0.0,0.0,9.235464924122176,-2.0501761607767555,-2.480084698501193,0.0,0.0,0.0,-2.7036639441906027,0.0,0.0,0.0,0.0,0.0,0.0
tactile_images/2334.png,contact,-4.743948076661665,0.0,3.340285480354316,0.0,0.0,9.260670550176629,-4.460488677258978,-0.5653428424322211,0.0,0.0,0.0,2.954238105597036,0.0,0.0,0.0,0.0,0.0,0.0
tactile_images/2335.png,contact,-2.221432354559058,0.0,3.2644230456406,0.0,0.0,9.274011236959318,0.2077423863852159,1.4229812336937115,0.0,0.0,0.0,4.394244089089055,0.0,0.0,0.0,0.0,0.0,0.0
tactile_images/2336.png,contact,-0.5371148535801122,0.0,4.387482597396657,0.0,0.0,9.274884113923356,3.1660920560107506,-1.88743077113304,0.0,0.0,0.0,-0.6810683793977219,0.0,0.0,0.0,0.0,0.0,0.0
tactile_images/2337.png,contact,-1.9243615132436969,0.0,4.020425832956244,0.0,0.0,9.308687264529034,3.51377205286058,-4.203000766857443,0.0,0.0,0.0,4.175483844887637,0.0,0.0,0.0,0.0,0.0,0.0
tactile_images/2338.png,contact,2.3297172983057868,0.0,4.467840740575401,0.0,0.0,9.315495310465778,-2.645600202739198,2.085325268931633,0.0,0.0,0.0,3.8268281734235856,0.0,0.0,0.0,0.0,0.0,0.0
tactile_images/2339.png,contact,0.170311279146448,0.0,4.819647281664121,0.0,0.0,9.343549707144447,0.9964120394748832,-0.4098344421873134,0.0,0.0,0.0,-3.339527712798742,0.0,0.0,0.0,0.0,0.0,0.0
tactile_images/2340.png,contact,1.29527897208618,0.0,4.005095213444046,0.0,0.0,9.35354559467789,3.558813094629404,0.5648230609006326,0.0,0.0,0.0,-3.266180541770868,0.0,0.0,0.0,0.0,0.0,0.0
tactile_images/2341.png,contact,-3.7797432044506944,0.0,4.3961486769572975,0.0,0.0,9.416229498202838,-0.9127407172373524,-0.4459934283608486,0.0,0.0,0.0,-0.2259493852961638,0.0,0.0,0.0,0.0,0.0,0.0
tactile_images/2342.png,contact,4.494268961757712,0.0,3.935739827267863,0.0,0.0,9.463030690076424,4.321368173075285,3.903575034549103,0.0,0.0,0.0,0.2585717923195361,0.0,0.0,0.0,0.0,0.0,0.0
tactile_images/2343.png,contact,3.769967048762544,0.0,4.637085159811006,0.0,0.0,9.486012037547162,4.0297852912955285,0.5874499716638004,0.0,0.0,0.0,-1.5887027434760848,0.0,0.0,0.0,0.0,0.0,0.0
tactile_images/2344.png,contact,4.845433834711326,0.0,3.6659004939247466,0.0,0.0,9.502080932768536,-2.918661025811906,4.232768398517496,0.0,0.0,0.0,-1.870790201613828,0.0,0.0,0.0,0.0,0.0,0.0
tactile_images/2345.png,contact,-0.5964868348691414,0.0,4.443023559686847,0.0,0.0,9.563945717913448,-2.4103516709979624,0.1057534155600024,0.0,0.0,0.0,-0.6863271019845438,0.0,0.0,0.0,0.0,0.0,0.0
tactile_images/2346.png,contact,-0.5385428440132074,0.0,4.300184902279863,0.0,0.0,9.571077493615055,-3.195580013540311,-2.074118377597181,0.0,0.0,0.0,1.9047928139920085,0.0,0.0,0.0,0.0,0.0,0.0
tactile_images/2347.png,contact,2.720648374580583,0.0,3.5665930559954044,0.0,0.0,9.59600266286239,-3.039456485452977,-1.445574128238034,0.0,0.0,0.0,-4.156063669881189,0.0,0.0,0.0,0.0,0.0,0.0
tactile_images/2348.png,contact,4.547813298938106,0.0,3.638633760042748,0.0,0.0,9.60133915721621,4.07862087173498,0.2212929358478552,0.0,0.0,0.0,2.105820035123404,0.0,0.0,0.0,0.0,0.0,0.0
tactile_images/2349.png,contact,3.535637433971839,0.0,3.1340561580750457,0.0,0.0,9.612705114219011,4.311379091926229,0.2998943780500864,0.0,0.0,0.0,4.262402616321348,0.0,0.0,0.0,0.0,0.0,0.0
tactile_images/2350.png,contact,-4.447362587830796,0.0,4.63832900019246,0.0,0.0,9.657786862914785,-4.481027588148691,1.8733770154894884,0.0,0.0,0.0,2.635067088410296,0.0,0.0,0.0,0.0,0.0,0.0
tactile_images/2351.png,contact,3.5165679903791114,0.0,3.803306251528761,0.0,0.0,9.668588482903573,0.936033556722048,-2.755051278133692,0.0,0.0,0.0,-3.083231436538409,0.0,0.0,0.0,0.0,0.0,0.0
tactile_images/2352.png,contact,-1.6754989929147044,0.0,4.241665265548386,0.0,0.0,9.673363570411,0.6423156285757159,1.588428999655017,0.0,0.0,0.0,-4.125188112228581,0.0,0.0,0.0,0.0,0.0,0.0
tactile_images/2353.png,contact,0.4565457693234487,0.0,4.708535385315061,0.0,0.0,9.699590148966188,-1.0945235327554013,2.7858800838075224,0.0,0.0,0.0,-0.0961959101046101,0.0,0.0,0.0,0.0,0.0,0.0
tactile_images/2354.png,contact,-4.506071469375561,0.0,3.700544741338655,0.0,0.0,9.704139492724906,1.31697592823107,1.765919894669901,0.0,0.0,0.0,4.56406089178987,0.0,0.0,0.0,0.0,0.0,0.0
tactile_images/2355.png,contact,-3.316970436757736,0.0,4.952159372442935,0.0,0.0,9.706873599701224,4.473678255108501,-0.1817189018240919,0.0,0.0,0.0,3.190592873888209,0.0,0.0,0.0,0.0,0.0,0.0
tactile_images/2356.png,contact,4.178283325235727,0.0,4.914214192000102,0.0,0.0,9.711371186743293,-3.2974511727785383,4.916806511168341,0.0,0.0,0.0,0.6273363901299289,0.0,0.0,0.0,0.0,0.0,0.0
tactile_images/2357.png,contact,-0.4922666470612045,0.0,3.261862504253555,0.0,0.0,9.72560567746001,-3.795890902835444,-0.9518684087078376,0.0,0.0,0.0,-3.570185765824072,0.0,0.0,0.0,0.0,0.0,0.0
tactile_images/2358.png,contact,-3.972157579533267,0.0,3.789980541098065,0.0,0.0,9.732864814483506,-4.666094291710243,-3.934093854201708,0.0,0.0,0.0,2.138367821115956,0.0,0.0,0.0,0.0,0.0,0.0
tactile_images/2359.png,contact,-4.182390866754371,0.0,4.587182394404647,0.0,0.0,9.766718838935128,-1.3616669215985655,3.21504215407343,0.0,0.0,0.0,3.129982386075646,0.0,0.0,0.0,0.0,0.0,0.0
tactile_images/2360.png,contact,2.5226901049884254,0.0,3.929165528878493,0.0,0.0,9.815955232904848,-1.6237152292213397,-2.877987811195818,0.0,0.0,0.0,4.350691364258433,0.0,0.0,0.0,0.0,0.0,0.0
tactile_images/2361.png,contact,3.716057105458748,0.0,4.477984126312488,0.0,0.0,9.831452001473004,-0.6918031184135609,2.132855729024421,0.0,0.0,0.0,1.1211623415991523,0.0,0.0,0.0,0.0,0.0,0.0
tactile_images/2362.png,contact,4.158931938850026,0.0,4.922999358474295,0.0,0.0,9.83216793382001,0.0331003088094892,-3.210237172848741,0.0,0.0,0.0,0.144658146454085,0.0,0.0,0.0,0.0,0.0,0.0
tactile_images/2363.png,contact,1.5604231344231447,0.0,3.47897742914026,0.0,0.0,9.842073653519314,2.578239940304546,-4.831226091420606,0.0,0.0,0.0,1.1918204356767923,0.0,0.0,0.0,0.0,0.0,0.0
tactile_images/2364.png,contact,3.838610397994744,0.0,3.6472189388681415,0.0,0.0,9.84561870890166,-1.0788660954248162,-3.402013962109743,0.0,0.0,0.0,4.432525046585447,0.0,0.0,0.0,0.0,0.0,0.0
tactile_images/2365.png,contact,-4.495206236576422,0.0,3.139723841369324,0.0,0.0,9.84671252966742,-1.6938689063876646,-1.2301130342417812,0.0,0.0,0.0,1.2812708617328417,0.0,0.0,0.0,0.0,0.0,0.0
tactile_images/2366.png,contact,-4.464565131504054,0.0,4.244333848347216,0.0,0.0,9.847359329228922,3.2687882025962693,-3.933817528702017,0.0,0.0,0.0,-2.424081506062924,0.0,0.0,0.0,0.0,0.0,0.0
tactile_images/2367.png,contact,-1.5616183768107152,0.0,4.043199025982244,0.0,0.0,9.852012279582553,3.4979667065365643,-3.02320915764318,0.0,0.0,0.0,1.361514079423463,0.0,0.0,0.0,0.0,0.0,0.0
tactile_images/2368.png,contact,-2.0096913145911994,0.0,3.493494841334762,0.0,0.0,9.855143675152298,-2.672340357066468,2.6462627768439297,0.0,0.0,0.0,3.797445728015546,0.0,0.0,0.0,0.0,0.0,0.0
tactile_images/2369.png,contact,-2.260913337226615,0.0,3.080660322103026,0.0,0.0,9.862316667324066,-1.8532817728869169,2.698836079771308,0.0,0.0,0.0,0.6700202859601685,0.0,0.0,0.0,0.0,0.0,0.0
tactile_images/2370.png,contact,4.042854444798383,0.0,3.674475501671684,0.0,0.0,9.86582554189929,3.251163709100883,3.174882271909766,0.0,0.0,0.0,0.0269882800970746,0.0,0.0,0.0,0.0,0.0,0.0
tactile_images/2371.png,contact,-0.9822529406373884,0.0,3.7742610179422966,0.0,0.0,9.873164893638958,-4.205917557022351,3.411552365475925,0.0,0.0,0.0,2.333692495025147,0.0,0.0,0.0,0.0,0.0,0.0
tactile_images/2372.png,contact,3.661716370003069,0.0,3.947839521822384,0.0,0.0,9.884404389821404,-1.741532196092621,-0.7956410538624459,0.0,0.0,0.0,1.6098869514481216,0.0,0.0,0.0,0.0,0.0,0.0
tactile_images/2373.png,contact,-4.264637979561849,0.0,4.356927098154321,0.0,0.0,9.924799400040392,-0.5164989295913882,3.675496606935285,0.0,0.0,0.0,-4.433124010463111,0.0,0.0,0.0,0.0,0.0,0.0
tactile_images/2374.png,contact,1.4941244119340302,0.0,3.970561434220397,0.0,0.0,9.937008332429947,-3.12928384799429,0.2593687501404309,0.0,0.0,0.0,2.2531114089743074,0.0,0.0,0.0,0.0,0.0,0.0
tactile_images/2375.png,contact,-1.9368222578148864,0.0,3.046918043442309,0.0,0.0,9.948368457605907,-3.2008580338930184,-0.2940288306399186,0.0,0.0,0.0,-0.9245056991391544,0.0,0.0,0.0,0.0,0.0,0.0
tactile_images/2376.png,contact,-3.172977699624937,0.0,3.735694362285602,0.0,0.0,9.957785996859982,-0.7513794198647128,2.185363289957758,0.0,0.0,0.0,4.4089828003073706,0.0,0.0,0.0,0.0,0.0,0.0
tactile_images/2377.png,contact,4.8568472233294,0.0,3.108268816804641,0.0,0.0,9.970584282408396,2.545217247348557,-2.861815886400928,0.0,0.0,0.0,4.708029884185415,0.0,0.0,0.0,0.0,0.0,0.0
tactile_images/2378.png,contact,-1.3458241755030371,0.0,4.441632632949832,0.0,0.0,9.973998644753388,3.402329795476275,2.8949737682747205,0.0,0.0,0.0,-0.5126118187544986,0.0,0.0,0.0,0.0,0.0,0.0
tactile_images/2379.png,contact,-2.4996047039917784,0.0,3.9405924453831496,0.0,0.0,9.985659249264964,4.792350925361733,-0.7053417343379671,0.0,0.0,0.0,4.687948466579227,0.0,0.0,0.0,0.0,0.0,0.0
tactile_images/2380.png,contact,3.974320374164102,0.0,3.976120312539326,0.0,0.0,9.990832360877022,-4.2601594990828096,-3.727045859962396,0.0,0.0,0.0,-1.8917948504400373,0.0,0.0,0.0,0.0,0.0,0.0
tactile_images/2381.png,contact,-2.3786951856153005,0.0,4.193713721568982,0.0,0.0,10.020271225765775,-2.833177988540073,-3.806880864830324,0.0,0.0,0.0,1.8264442145197783,0.0,0.0,0.0,0.0,0.0,0.0
tactile_images/2382.png,contact,2.1276100834591825,0.0,3.2636207469949183,0.0,0.0,10.045609447874677,2.5662984238419773,-3.350932561532999,0.0,0.0,0.0,-4.249452888905823,0.0,0.0,0.0,0.0,0.0,0.0
tactile_images/2383.png,contact,3.591970511073239,0.0,4.053284527050395,0.0,0.0,10.048259946383864,0.4059870605566189,3.905727342437825,0.0,0.0,0.0,-3.550106514845528,0.0,0.0,0.0,0.0,0.0,0.0
tactile_images/2384.png,contact,-1.9464095889372777,0.0,4.843454841062131,0.0,0.0,10.078277717720397,-1.723202260375818,4.909378222590474,0.0,0.0,0.0,3.645259023778184,0.0,0.0,0.0,0.0,0.0,0.0
tactile_images/2385.png,contact,-0.0692043796183465,0.0,3.110967884135821,0.0,0.0,10.125034007202755,-2.944103387527565,-1.4302620079871655,0.0,0.0,0.0,3.937840392969635,0.0,0.0,0.0,0.0,0.0,0.0
tactile_images/2386.png,contact,0.4768171548169988,0.0,4.110526645215881,0.0,0.0,10.16085932833662,-2.19522448357552,-2.078561477947024,0.0,0.0,0.0,0.3261119196974471,0.0,0.0,0.0,0.0,0.0,0.0
tactile_images/2387.png,contact,-3.61369996363436,0.0,3.111471053002804,0.0,0.0,10.163236547046516,-0.7071104969904809,-2.812290274056627,0.0,0.0,0.0,-1.6022657305308474,0.0,0.0,0.0,0.0,0.0,0.0
tactile_images/2388.png,contact,0.4994136057377476,0.0,3.3504485847322307,0.0,0.0,10.203315278565867,-3.2284878049396726,3.238164771672455,0.0,0.0,0.0,-0.4897606823604947,0.0,0.0,0.0,0.0,0.0,0.0
tactile_images/2389.png,contact,1.322168672807468,0.0,4.925569615961464,0.0,0.0,10.22033743303625,4.642259558767506,-2.907925175811239,0.0,0.0,0.0,3.6962448914465593,0.0,0.0,0.0,0.0,0.0,0.0
tactile_images/2390.png,contact,-2.616196153287176,0.0,3.769917445275114,0.0,0.0,10.223826189247037,-3.924115554001256,4.240901299302697,0.0,0.0,0.0,-2.8900657737908206,0.0,0.0,0.0,0.0,0.0,0.0
tactile_images/2391.png,contact,-4.559188289553193,0.0,4.677314308984914,0.0,0.0,10.26138734051267,4.855774344892192,1.6735037897128269,0.0,0.0,0.0,-2.051297686984036,0.0,0.0,0.0,0.0,0.0,0.0
tactile_images/2392.png,contact,-1.6920026293807844,0.0,3.080975648656609,0.0,0.0,10.30668117073649,3.418932860006725,3.971277916691946,0.0,0.0,0.0,2.854429342527677,0.0,0.0,0.0,0.0,0.0,0.0
tactile_images/2393.png,contact,0.6387347086468331,0.0,3.965788873197197,0.0,0.0,10.318196923461343,-0.7684838248626091,0.540098543941463,0.0,0.0,0.0,4.352694459164159,0.0,0.0,0.0,0.0,0.0,0.0
tactile_images/2394.png,contact,-3.2119828255022647,0.0,3.828135651535633,0.0,0.0,10.361096068645535,2.3981633438821017,1.906798621824968,0.0,0.0,0.0,-4.070726599844957,0.0,0.0,0.0,0.0,0.0,0.0
tactile_images/2395.png,contact,0.0485347298602567,0.0,3.645802137155802,0.0,0.0,10.373883117387573,1.7151524369638604,1.194581006577077,0.0,0.0,0.0,3.0377230135229567,0.0,0.0,0.0,0.0,0.0,0.0
tactile_images/2396.png,contact,0.1233293137873561,0.0,4.958523731217285,0.0,0.0,10.376470717968624,-2.8671308205106905,3.3119545632379683,0.0,0.0,0.0,1.450683069318243,0.0,0.0,0.0,0.0,0.0,0.0
tactile_images/2397.png,contact,-0.5680126245835018,0.0,4.719708980670244,0.0,0.0,10.393957740839175,-1.609299138810536,3.3586081118588105,0.0,0.0,0.0,-2.692284555359511,0.0,0.0,0.0,0.0,0.0,0.0
tactile_images/2398.png,contact,-2.365352283347926,0.0,4.992290484248384,0.0,0.0,10.405359844990976,0.1312256280545787,0.897929998451251,0.0,0.0,0.0,2.55817196664768,0.0,0.0,0.0,0.0,0.0,0.0
tactile_images/2399.png,contact,-0.05888678884466,0.0,3.2813066784673337,0.0,0.0,10.423700981088324,1.3784417988772688,1.3250764932977237,0.0,0.0,0.0,2.279160649993278,0.0,0.0,0.0,0.0,0.0,0.0
tactile_images/2400.png,contact,3.725113376680176,0.0,4.112472788051545,0.0,0.0,10.466700020346892,0.4289498135662146,4.2187592049783,0.0,0.0,0.0,-3.579701884505886,0.0,0.0,0.0,0.0,0.0,0.0
tactile_images/2401.png,contact,4.347954087395079,0.0,4.113904183328351,0.0,0.0,10.524522424324315,-0.270125389935262,4.298664839649694,0.0,0.0,0.0,0.0225105741138866,0.0,0.0,0.0,0.0,0.0,0.0
tactile_images/2402.png,contact,0.7626174635123721,0.0,3.680549964468062,0.0,0.0,10.569274190106228,-0.5684772654509986,1.642497838951816,0.0,0.0,0.0,2.582910828506658,0.0,0.0,0.0,0.0,0.0,0.0
tactile_images/2403.png,contact,-2.093208284726096,0.0,3.866160407204262,0.0,0.0,10.611668170678378,-0.0173550070498205,-4.922457218268365,0.0,0.0,0.0,-3.0845587319218746,0.0,0.0,0.0,0.0,0.0,0.0
tactile_images/2404.png,contact,-0.0242728716637641,0.0,3.981219376623479,0.0,0.0,10.61599689389255,-0.6564848015402971,-3.95588785246059,0.0,0.0,0.0,-0.3723397760882987,0.0,0.0,0.0,0.0,0.0,0.0
tactile_images/2405.png,contact,1.038273083907446,0.0,3.011262625496108,0.0,0.0,10.61988556472904,0.4133007754571594,3.579425317744162,0.0,0.0,0.0,-3.792588753046886,0.0,0.0,0.0,0.0,0.0,0.0
tactile_images/2406.png,contact,-0.3555381487967253,0.0,4.980383578503344,0.0,0.0,10.626541174949566,3.879852990466668,-4.152858836291985,0.0,0.0,0.0,-1.931650759591064,0.0,0.0,0.0,0.0,0.0,0.0
tactile_images/2407.png,contact,0.931951990482764,0.0,4.279107652754623,0.0,0.0,10.635169469966216,1.3282931305461163,-2.8648081914493364,0.0,0.0,0.0,-2.8205509909846582,0.0,0.0,0.0,0.0,0.0,0.0
tactile_images/2408.png,contact,-0.3739560293792285,0.0,4.757061498414312,0.0,0.0,10.70518465249355,2.226208749885401,-2.694533197783482,0.0,0.0,0.0,0.050711267248559,0.0,0.0,0.0,0.0,0.0,0.0
tactile_images/2409.png,contact,2.68619363623152,0.0,4.712598653432234,0.0,0.0,10.71849979742418,0.9748313373077656,1.002347697799049,0.0,0.0,0.0,-3.587846651792476,0.0,0.0,0.0,0.0,0.0,0.0
tactile_images/2410.png,contact,-0.7394986606901046,0.0,4.935624273983046,0.0,0.0,10.81843487467733,1.4301768241400223,0.7663279788376425,0.0,0.0,0.0,-1.1684924460748711,0.0,0.0,0.0,0.0,0.0,0.0
tactile_images/2411.png,contact,-0.5115996191637207,0.0,4.563491717630549,0.0,0.0,10.825830853965904,0.7834982844818015,-2.1058247657959974,0.0,0.0,0.0,-2.2483709501434057,0.0,0.0,0.0,0.0,0.0,0.0
tactile_images/2412.png,contact,4.130797119125763,0.0,3.3939072604174427,0.0,0.0,10.827278103904185,-4.731334778041768,-2.923886344315572,0.0,0.0,0.0,2.4604891420697674,0.0,0.0,0.0,0.0,0.0,0.0
tactile_images/2413.png,contact,1.7180724639068847,0.0,4.022872812603175,0.0,0.0,10.830497765579947,4.995983822000198,2.6453202985747577,0.0,0.0,0.0,1.9966977313534384,0.0,0.0,0.0,0.0,0.0,0.0
tactile_images/2414.png,contact,3.907357896903786,0.0,3.8634656476856986,0.0,0.0,10.8497392735393,-4.663907597871033,4.354561556059762,0.0,0.0,0.0,-4.050694703343773,0.0,0.0,0.0,0.0,0.0,0.0
tactile_images/2415.png,contact,-0.4841916299356263,0.0,4.205817622849371,0.0,0.0,10.88007341394163,-1.0485199176634632,-4.471943200835613,0.0,0.0,0.0,4.534838878779183,0.0,0.0,0.0,0.0,0.0,0.0
tactile_images/2416.png,contact,-2.288614422699469,0.0,3.051264499768845,0.0,0.0,10.886978499044275,-3.9488432170106655,-3.668195372951372,0.0,0.0,0.0,2.446829180800888,0.0,0.0,0.0,0.0,0.0,0.0
tactile_images/2417.png,contact,4.063252321719075,0.0,3.1952375210702977,0.0,0.0,10.96416776751972,-4.030715495590675,1.4216398870570748,0.0,0.0,0.0,1.1595869574776838,0.0,0.0,0.0,0.0,0.0,0.0
tactile_images/2418.png,contact,3.392401039516918,0.0,4.920023761638251,0.0,0.0,11.020668704131069,2.935269516744836,3.044414516714257,0.0,0.0,0.0,-0.2229850521531524,0.0,0.0,0.0,0.0,0.0,0.0
tactile_images/2419.png,contact,-2.350710438038858,0.0,3.515879013573801,0.0,0.0,11.042391835797794,-0.7407422064192302,2.911886687763996,0.0,0.0,0.0,-3.22077579234561,0.0,0.0,0.0,0.0,0.0,0.0
tactile_images/2420.png,contact,0.0737489570914089,0.0,3.283222701235798,0.0,0.0,11.053703057237756,3.0113870829876497,2.196831530826893,0.0,0.0,0.0,4.6201597698679375,0.0,0.0,0.0,0.0,0.0,0.0
tactile_images/2421.png,contact,-2.5454287408468232,0.0,4.913671335086126,0.0,0.0,11.076393006226724,-2.2721352931916847,3.87427954498092,0.0,0.0,0.0,-4.921416232975918,0.0,0.0,0.0,0.0,0.0,0.0
tactile_images/2422.png,contact,-4.2711062885842725,0.0,3.1233605925061907,0.0,0.0,11.103368419880752,-2.4353720819376523,-2.8265112042918714,0.0,0.0,0.0,1.924811342298776,0.0,0.0,0.0,0.0,0.0,0.0
tactile_images/2423.png,contact,-0.6207279440257105,0.0,4.153819070645502,0.0,0.0,11.119459447587218,-2.487686181855379,-3.927090535080529,0.0,0.0,0.0,0.0744432453829846,0.0,0.0,0.0,0.0,0.0,0.0
tactile_images/2424.png,contact,3.1343297594869424,0.0,3.504446268461238,0.0,0.0,11.14265375287875,1.1614562640791926,1.153629700913683,0.0,0.0,0.0,4.02581890024574,0.0,0.0,0.0,0.0,0.0,0.0
tactile_images/2425.png,contact,-1.3183721216979922,0.0,3.267031102705639,0.0,0.0,11.161884599501748,3.149993898456,3.222758915234325,0.0,0.0,0.0,-1.193027206452241,0.0,0.0,0.0,0.0,0.0,0.0
tactile_images/2426.png,contact,0.0218749196570975,0.0,4.224622577680794,0.0,0.0,11.16525984996138,-0.4773898992475942,0.8204357848057322,0.0,0.0,0.0,0.1864441896795075,0.0,0.0,0.0,0.0,0.0,0.0
tactile_images/2427.png,contact,-1.3690231745474328,0.0,3.983622644644912,0.0,0.0,11.19534878662582,-1.2075110935891766,4.629974874589063,0.0,0.0,0.0,2.4233939191338605,0.0,0.0,0.0,0.0,0.0,0.0
tactile_images/2428.png,contact,2.142924323391097,0.0,3.334200175531268,0.0,0.0,11.251192420444127,4.735795542016493,2.955644613917894,0.0,0.0,0.0,-4.524334566774777,0.0,0.0,0.0,0.0,0.0,0.0
tactile_images/2429.png,contact,3.888025176938487,0.0,4.889969571111687,0.0,0.0,11.252069903834284,-3.832459639883612,2.0079180090926085,0.0,0.0,0.0,-4.455247589749785,0.0,0.0,0.0,0.0,0.0,0.0
tactile_images/2430.png,contact,-0.4664822018778842,0.0,3.402922991586321,0.0,0.0,11.254821567332982,-0.1336731795510743,-4.397427091282664,0.0,0.0,0.0,-2.8832725116207127,0.0,0.0,0.0,0.0,0.0,0.0
tactile_images/2431.png,contact,-0.6797429731608053,0.0,3.790152650776385,0.0,0.0,11.285315974216331,-0.9151224681856558,-3.9225776126831793,0.0,0.0,0.0,-3.535754164707713,0.0,0.0,0.0,0.0,0.0,0.0
tactile_images/2432.png,contact,1.0909400409448535,0.0,4.095223968285619,0.0,0.0,11.307786169669,-4.018734034131096,2.848376325911943,0.0,0.0,0.0,-4.935565316661071,0.0,0.0,0.0,0.0,0.0,0.0
tactile_images/2433.png,contact,3.7048507871719583,0.0,4.724305916586244,0.0,0.0,11.310589114988275,-2.317996379117808,-3.0176207442297063,0.0,0.0,0.0,1.2298982210621068,0.0,0.0,0.0,0.0,0.0,0.0
tactile_images/2434.png,contact,-4.184264321454087,0.0,4.737256341020722,0.0,0.0,11.367209916606283,-4.71558787420888,-4.711648239210095,0.0,0.0,0.0,2.959379674560076,0.0,0.0,0.0,0.0,0.0,0.0
tactile_images/2435.png,contact,-4.0756647392609295,0.0,4.602343006590649,0.0,0.0,11.372859709281514,3.7695428898295695,4.10760685746965,0.0,0.0,0.0,4.57114976335591,0.0,0.0,0.0,0.0,0.0,0.0
tactile_images/2436.png,contact,0.9032894662400732,0.0,3.171947470558423,0.0,0.0,11.404131836110883,1.0784952899040112,3.9080537370123416,0.0,0.0,0.0,-0.5909968232808174,0.0,0.0,0.0,0.0,0.0,0.0
tactile_images/2437.png,contact,0.1885989814518254,0.0,4.146803251795408,0.0,0.0,11.404357209346394,3.150184978702507,-2.8151617276850818,0.0,0.0,0.0,-2.2027934175843167,0.0,0.0,0.0,0.0,0.0,0.0
tactile_images/2438.png,contact,3.1942465487266647,0.0,3.2075494172694814,0.0,0.0,11.405707801990673,0.2155445240298981,2.8020625807295465,0.0,0.0,0.0,3.639024487784976,0.0,0.0,0.0,0.0,0.0,0.0
tactile_images/2439.png,contact,-0.6640464029689719,0.0,4.142679056906154,0.0,0.0,11.412326722092573,0.995098294218943,-4.520203387883449,0.0,0.0,0.0,3.443956128393923,0.0,0.0,0.0,0.0,0.0,0.0
tactile_images/2440.png,contact,-2.61121537043158,0.0,4.872292670864226,0.0,0.0,11.45489765368628,2.008544778091649,-2.1494199617673693,0.0,0.0,0.0,1.248432109337033,0.0,0.0,0.0,0.0,0.0,0.0
tactile_images/2441.png,contact,-3.742225246851758,0.0,3.5625200407609494,0.0,0.0,11.52490780353827,4.080116274642149,1.236669082566248,0.0,0.0,0.0,-2.2685096135806537,0.0,0.0,0.0,0.0,0.0,0.0
tactile_images/2442.png,contact,-4.514907101767872,0.0,3.895884834354328,0.0,0.0,11.5389069449623,-4.082481121741543,2.6317899615838547,0.0,0.0,0.0,4.085175949059344,0.0,0.0,0.0,0.0,0.0,0.0
tactile_images/2443.png,contact,-1.7189274359872844,0.0,3.885828196083927,0.0,0.0,11.556674679469822,-1.6905160526427307,-4.896008112118104,0.0,0.0,0.0,-3.21598663308221,0.0,0.0,0.0,0.0,0.0,0.0
tactile_images/2444.png,contact,3.2477822789417266,0.0,4.212219199705946,0.0,0.0,11.614229422834534,2.090261907000005,-1.7379138672625594,0.0,0.0,0.0,-4.563534963563144,0.0,0.0,0.0,0.0,0.0,0.0
tactile_images/2445.png,contact,-4.144119459249598,0.0,4.129638325772792,0.0,0.0,11.615183870367034,4.583505630013928,-2.85654439936326,0.0,0.0,0.0,2.966182847273643,0.0,0.0,0.0,0.0,0.0,0.0
tactile_images/2446.png,contact,3.606439259271759,0.0,3.787438339306075,0.0,0.0,11.620999740509951,4.808074284900055,4.987804057487237,0.0,0.0,0.0,0.6365906043445859,0.0,0.0,0.0,0.0,0.0,0.0
tactile_images/2447.png,contact,2.28050273871369,0.0,3.9532483210172575,0.0,0.0,11.704024857721798,1.381030091372624,1.7098223238523502,0.0,0.0,0.0,-2.535321828814748,0.0,0.0,0.0,0.0,0.0,0.0
tactile_images/2448.png,contact,1.6479195262912727,0.0,4.777386429569597,0.0,0.0,11.706583487485425,-3.064015222451327,-0.9432854712025618,0.0,0.0,0.0,1.708956623202127,0.0,0.0,0.0,0.0,0.0,0.0
tactile_images/2449.png,contact,2.004343220461261,0.0,4.716582671106212,0.0,0.0,11.721434139554546,-3.8079108858604327,-4.24347398019315,0.0,0.0,0.0,2.6671652381276525,0.0,0.0,0.0,0.0,0.0,0.0
tactile_images/2450.png,contact,0.6911247633819411,0.0,3.0185050448718047,0.0,0.0,11.736586670494042,4.460436442804255,0.9867025750696374,0.0,0.0,0.0,3.445459513422936,0.0,0.0,0.0,0.0,0.0,0.0
tactile_images/2451.png,contact,-1.2364877829026613,0.0,4.626210094221688,0.0,0.0,11.737442557720662,-0.6607231053749256,1.4170147093606422,0.0,0.0,0.0,-2.178739840313688,0.0,0.0,0.0,0.0,0.0,0.0
tactile_images/2452.png,contact,1.16167048066956,0.0,4.099957972767728,0.0,0.0,11.738381824229144,-3.051839667373152,3.1640592750313505,0.0,0.0,0.0,-4.744125487480506,0.0,0.0,0.0,0.0,0.0,0.0
tactile_images/2453.png,contact,-1.9514455404759368,0.0,3.3613098041823406,0.0,0.0,11.746528669259824,4.338925157776011,-2.1142314708063648,0.0,0.0,0.0,0.1003882002685276,0.0,0.0,0.0,0.0,0.0,0.0
tactile_images/2454.png,contact,3.5967548180648503,0.0,4.673848659818584,0.0,0.0,11.789203879227813,-3.954757284356881,4.814280804800964,0.0,0.0,0.0,3.560785981303935,0.0,0.0,0.0,0.0,0.0,0.0
tactile_images/2455.png,contact,2.58106171741161,0.0,3.520794717490144,0.0,0.0,11.81211486854572,2.295710968570752,-0.6053426068605052,0.0,0.0,0.0,-2.921786627380618,0.0,0.0,0.0,0.0,0.0,0.0
tactile_images/2456.png,contact,4.182409680511281,0.0,3.212184099895904,0.0,0.0,11.842029853117786,1.2526302754333418,-2.040562453405064,0.0,0.0,0.0,-0.7887452688146155,0.0,0.0,0.0,0.0,0.0,0.0
tactile_images/2457.png,contact,-2.7096717995456103,0.0,4.064608727696332,0.0,0.0,11.852080850390628,-4.122653356191082,-1.5155066599854217,0.0,0.0,0.0,-2.4357926491511126,0.0,0.0,0.0,0.0,0.0,0.0
tactile_images/2458.png,contact,1.2545175662041874,0.0,3.413026329859568,0.0,0.0,11.873185328531164,-1.6125120436055784,0.1958605296712381,0.0,0.0,0.0,-4.866373485760903,0.0,0.0,0.0,0.0,0.0,0.0
tactile_images/2459.png,contact,-1.2732893509067802,0.0,3.8367378202640143,0.0,0.0,11.919202464626132,-3.500693104599893,4.367015645071273,0.0,0.0,0.0,3.985240964433469,0.0,0.0,0.0,0.0,0.0,0.0
tactile_images/2460.png,contact,0.3737704326068369,0.0,4.083012564244976,0.0,0.0,11.928039192399574,1.0449859253316127,2.3515879791940053,0.0,0.0,0.0,-3.649467732910084,0.0,0.0,0.0,0.0,0.0,0.0
tactile_images/2461.png,contact,0.1054723972243696,0.0,4.886041419291472,0.0,0.0,11.971909758421669,-0.228869683225712,0.7710964946378231,0.0,0.0,0.0,2.667671157535069,0.0,0.0,0.0,0.0,0.0,0.0
tactile_images/2462.png,contact,4.624289096010926,0.0,3.624811795359264,0.0,0.0,12.00221207757859,-4.95724875339509,-3.3718961202013817,0.0,0.0,0.0,-1.5339676820833947,0.0,0.0,0.0,0.0,0.0,0.0
tactile_images/2463.png,contact,3.246970576423404,0.0,3.7728867018616334,0.0,0.0,12.026919353950206,4.757105662839081,-3.506466891091283,0.0,0.0,0.0,-2.223180910933348,0.0,0.0,0.0,0.0,0.0,0.0
tactile_images/2464.png,contact,-2.7985098889334985,0.0,4.327408957852512,0.0,0.0,12.040937901656273,-1.5041535011045957,0.0219691381356401,0.0,0.0,0.0,4.410288865053685,0.0,0.0,0.0,0.0,0.0,0.0
tactile_images/2465.png,contact,-4.844021807035521,0.0,3.34264908890875,0.0,0.0,12.044500824954843,-2.4179560716295,2.287087046016492,0.0,0.0,0.0,1.571994867406424,0.0,0.0,0.0,0.0,0.0,0.0
tactile_images/2466.png,contact,-0.1385446420676768,0.0,3.1162675820536574,0.0,0.0,12.049545619765034,-2.775570442058973,2.510121727551101,0.0,0.0,0.0,1.869226619214758,0.0,0.0,0.0,0.0,0.0,0.0
tactile_images/2467.png,contact,4.3779677383529725,0.0,4.419790866762908,0.0,0.0,12.06435387927285,-3.4118410382643214,-2.7408561612374163,0.0,0.0,0.0,2.596529184538446,0.0,0.0,0.0,0.0,0.0,0.0
tactile_images/2468.png,contact,-0.6122278828252492,0.0,3.2815409155424264,0.0,0.0,12.1859601731201,4.991370762165099,-3.9990048715274673,0.0,0.0,0.0,-1.5906666397733584,0.0,0.0,0.0,0.0,0.0,0.0
tactile_images/2469.png,contact,-1.7651338577724651,0.0,4.742543701900234,0.0,0.0,12.206525025212564,-2.0489053211839514,-1.1553901074621056,0.0,0.0,0.0,0.6366448069577313,0.0,0.0,0.0,0.0,0.0,0.0
tactile_images/2470.png,contact,-0.9322157010738428,0.0,4.161239520964708,0.0,0.0,12.216542177716846,-0.9448650277571832,4.181725432440743,0.0,0.0,0.0,-2.2977665595311434,0.0,0.0,0.0,0.0,0.0,0.0
tactile_images/2471.png,contact,3.3863264161161686,0.0,3.633890577271171,0.0,0.0,12.21807009307672,3.713559161780889,0.4536725266938219,0.0,0.0,0.0,3.3454151547686912,0.0,0.0,0.0,0.0,0.0,0.0
tactile_images/2472.png,contact,2.6122285423169767,0.0,3.506796215118745,0.0,0.0,12.279181011613248,1.4188750354287816,-1.7990023316822563,0.0,0.0,0.0,0.9930737929865998,0.0,0.0,0.0,0.0,0.0,0.0
tactile_images/2473.png,contact,1.9062728213721791,0.0,3.057262387671305,0.0,0.0,12.280052506388138,-1.313055882547275,-1.7636233166087836,0.0,0.0,0.0,-2.565931739588824,0.0,0.0,0.0,0.0,0.0,0.0
tactile_images/2474.png,contact,-2.144241640712422,0.0,3.640021978494127,0.0,0.0,12.358226670041944,3.98328435923853,-3.679129547778152,0.0,0.0,0.0,3.997584063217781,0.0,0.0,0.0,0.0,0.0,0.0
tactile_images/2475.png,contact,-4.606269755131997,0.0,3.439982253793861,0.0,0.0,12.39402814980422,2.497242022136001,-0.2677626389384198,0.0,0.0,0.0,0.8084000048385178,0.0,0.0,0.0,0.0,0.0,0.0
tactile_images/2476.png,contact,-0.5337118974977182,0.0,3.4542981776738926,0.0,0.0,12.397109962114593,-2.720994924583003,2.9136267851483844,0.0,0.0,0.0,-0.0496949674258697,0.0,0.0,0.0,0.0,0.0,0.0
tactile_images/2477.png,contact,1.498747408332699,0.0,3.756392699056438,0.0,0.0,12.408554976612876,1.4373899459992048,4.685586915273413,0.0,0.0,0.0,-4.655124135680328,0.0,0.0,0.0,0.0,0.0,0.0
tactile_images/2478.png,contact,1.5791825128409256,0.0,3.797118448288255,0.0,0.0,12.44480574781302,4.223984982924016,0.015949999579754,0.0,0.0,0.0,4.098020051606126,0.0,0.0,0.0,0.0,0.0,0.0
tactile_images/2479.png,contact,-2.791025863957868,0.0,3.430963965571149,0.0,0.0,12.511568603408657,-0.0353912154958742,-3.327850841573116,0.0,0.0,0.0,4.522739160313781,0.0,0.0,0.0,0.0,0.0,0.0
tactile_images/2480.png,contact,-3.7074990127251137,0.0,3.4933768594879946,0.0,0.0,12.520361555082289,2.3361240283166715,1.8295039980286447,0.0,0.0,0.0,0.625986278378039,0.0,0.0,0.0,0.0,0.0,0.0
tactile_images/2481.png,contact,4.374351577805484,0.0,4.416294669197114,0.0,0.0,12.56743883731462,4.711037439891593,2.567913427452954,0.0,0.0,0.0,-0.574866463854427,0.0,0.0,0.0,0.0,0.0,0.0
tactile_images/2482.png,contact,-3.0219698075403976,0.0,3.6667356762331256,0.0,0.0,12.569784011085773,1.9041414089521287,-4.2830025057689785,0.0,0.0,0.0,-1.404349339953097,0.0,0.0,0.0,0.0,0.0,0.0
tactile_images/2483.png,contact,-1.4831800745209556,0.0,3.916133878145783,0.0,0.0,12.571929193088614,-3.975613102339194,3.5013912963122884,0.0,0.0,0.0,-2.319520174639643,0.0,0.0,0.0,0.0,0.0,0.0
tactile_images/2484.png,contact,0.7450666555192464,0.0,4.996842467847548,0.0,0.0,12.5859155650107,-2.554404490687107,3.2932238999585746,0.0,0.0,0.0,0.7452933780420619,0.0,0.0,0.0,0.0,0.0,0.0
tactile_images/2485.png,contact,1.24417047360056,0.0,4.747111152454178,0.0,0.0,12.59067924749268,0.9509643734264897,-0.274589459608821,0.0,0.0,0.0,-3.7190494698543466,0.0,0.0,0.0,0.0,0.0,0.0
tactile_images/2486.png,contact,3.1258805590241776,0.0,4.134326175826784,0.0,0.0,12.63655052277067,-2.244441846280939,0.6042251861586836,0.0,0.0,0.0,4.191736082451401,0.0,0.0,0.0,0.0,0.0,0.0
tactile_images/2487.png,contact,3.347155098570425,0.0,3.864454150982085,0.0,0.0,12.64984169796432,4.575417053891398,2.134080637109191,0.0,0.0,0.0,-3.240412619421792,0.0,0.0,0.0,0.0,0.0,0.0
tactile_images/2488.png,contact,-4.540510272587223,0.0,4.171704244866337,0.0,0.0,12.662214085503074,-0.9464796597782624,1.7674812506285935,0.0,0.0,0.0,2.4551326234351736,0.0,0.0,0.0,0.0,0.0,0.0
tactile_images/2489.png,contact,-0.7651647551425356,0.0,3.626738812860716,0.0,0.0,12.686795639759872,-0.4276959426763493,-4.834640218067909,0.0,0.0,0.0,-1.9311222763134848,0.0,0.0,0.0,0.0,0.0,0.0
tactile_images/2490.png,contact,0.6025951349209144,0.0,4.37993802428345,0.0,0.0,12.689470451354026,2.0160209347011726,-3.7756469615151422,0.0,0.0,0.0,-2.739289223213217,0.0,0.0,0.0,0.0,0.0,0.0
tactile_images/2491.png,contact,-3.3704112524294008,0.0,3.1296684375723824,0.0,0.0,12.697765556369257,0.2424973134187418,-3.374094442187543,0.0,0.0,0.0,0.5786917935477973,0.0,0.0,0.0,0.0,0.0,0.0
tactile_images/2492.png,contact,2.7879055818039777,0.0,3.5733211625740458,0.0,0.0,12.703781597414086,-1.1785403311123166,2.556758890720988,0.0,0.0,0.0,2.6512498115950507,0.0,0.0,0.0,0.0,0.0,0.0
tactile_images/2493.png,contact,4.10710475474427,0.0,4.676318402802173,0.0,0.0,12.754033405585917,-4.233621248454212,-0.5991643710761991,0.0,0.0,0.0,2.267366689403146,0.0,0.0,0.0,0.0,0.0,0.0
tactile_images/2494.png,contact,0.7666485584680247,0.0,3.9650768149333455,0.0,0.0,12.75768694183946,0.9644558950786388,0.4550262638682509,0.0,0.0,0.0,-2.662436491027925,0.0,0.0,0.0,0.0,0.0,0.0
tactile_images/2495.png,contact,-4.004180571633304,0.0,3.670017139915392,0.0,0.0,12.785143206366593,3.675800307940346,2.7268743689548414,0.0,0.0,0.0,-1.6949764973039905,0.0,0.0,0.0,0.0,0.0,0.0
tactile_images/2496.png,contact,2.012744264112269,0.0,3.886506882949925,0.0,0.0,12.812384134510031,1.8576244176005616,-1.590177309359092,0.0,0.0,0.0,3.688321830003762,0.0,0.0,0.0,0.0,0.0,0.0
tactile_images/2497.png,contact,2.761823851773769,0.0,4.080058384521376,0.0,0.0,12.837039613726915,-1.185049899530478,2.4889022731877306,0.0,0.0,0.0,2.2324374451640807,0.0,0.0,0.0,0.0,0.0,0.0
tactile_images/2498.png,contact,-2.416414518360422,0.0,4.35967351951544,0.0,0.0,12.897223064476478,-3.7227393537687057,-0.5770072537044033,0.0,0.0,0.0,2.1269390535256205,0.0,0.0,0.0,0.0,0.0,0.0
tactile_images/2499.png,contact,2.855935170068354,0.0,3.8786065446559936,0.0,0.0,12.947691150938716,3.163381869042439,-1.2281981222579343,0.0,0.0,0.0,-2.31094923668109,0.0,0.0,0.0,0.0,0.0,0.0
tactile_images/2500.png,contact,-2.562136139501768,0.0,4.20205175497738,0.0,0.0,12.959502556877853,4.417483622312048,-1.669627359452599,0.0,0.0,0.0,2.9200430767443555,0.0,0.0,0.0,0.0,0.0,0.0
tactile_images/2501.png,contact,2.677873048531827,0.0,4.033093020778525,0.0,0.0,12.9635345273769,-1.1172700920373524,4.649448154923828,0.0,0.0,0.0,-1.415822045675622,0.0,0.0,0.0,0.0,0.0,0.0
tactile_images/2502.png,contact,1.2654205486729475,0.0,4.618206433646092,0.0,0.0,12.968522409256709,2.2864218918406154,2.7197341070897885,0.0,0.0,0.0,-0.9860947984069012,0.0,0.0,0.0,0.0,0.0,0.0
tactile_images/2503.png,contact,4.610039874250884,0.0,3.164466443021201,0.0,0.0,12.984557937270914,-0.8923656010924432,-4.798040592264706,0.0,0.0,0.0,-2.124389109992739,0.0,0.0,0.0,0.0,0.0,0.0
tactile_images/2504.png,contact,1.5661329782235578,0.0,3.2421625964829257,0.0,0.0,13.000712774826582,0.0226693885219937,4.574154865182017,0.0,0.0,0.0,-3.7860975296075807,0.0,0.0,0.0,0.0,0.0,0.0
tactile_images/2505.png,contact,0.5026015754945998,0.0,3.0642191609641163,0.0,0.0,13.017780594571429,3.364763806164097,2.7543962972667337,0.0,0.0,0.0,-0.7960643700420187,0.0,0.0,0.0,0.0,0.0,0.0
tactile_images/2506.png,contact,-0.0942212814978971,0.0,4.642063894192862,0.0,0.0,13.022704651600629,-4.165756577888464,-3.508252855457444,0.0,0.0,0.0,-4.8306049807763145,0.0,0.0,0.0,0.0,0.0,0.0
tactile_images/2507.png,contact,-0.371065418185478,0.0,3.825516640554787,0.0,0.0,13.04840358478276,0.3033534878670512,-4.236618745886829,0.0,0.0,0.0,-0.440897605727403,0.0,0.0,0.0,0.0,0.0,0.0
tactile_images/2508.png,contact,4.5964917314030025,0.0,3.797282670392768,0.0,0.0,13.077533611584473,-2.853797253287776,-1.9180590634054664,0.0,0.0,0.0,2.250064381031529,0.0,0.0,0.0,0.0,0.0,0.0
tactile_images/2509.png,contact,-1.9039482862936528,0.0,4.754978483462976,0.0,0.0,13.1016273185854,-1.6019405450423765,1.2418152934606177,0.0,0.0,0.0,4.607450327644751,0.0,0.0,0.0,0.0,0.0,0.0
tactile_images/2510.png,contact,-4.109271844938425,0.0,3.0008205788783497,0.0,0.0,13.109932009111011,1.444288246422742,1.165466891494674,0.0,0.0,0.0,-4.2138685543396655,0.0,0.0,0.0,0.0,0.0,0.0
tactile_images/2511.png,contact,3.569988773342736,0.0,3.477973175511353,0.0,0.0,13.151733153048482,-4.727715876631517,-2.241498748507796,0.0,0.0,0.0,-2.1870929582450493,0.0,0.0,0.0,0.0,0.0,0.0
tactile_images/2512.png,contact,1.407666306002343,0.0,4.752627939831018,0.0,0.0,13.163703933665474,0.9382509897316272,-0.5432502134258224,0.0,0.0,0.0,-0.0586894838829978,0.0,0.0,0.0,0.0,0.0,0.0
tactile_images/2513.png,contact,2.368874300891571,0.0,3.4985907000092227,0.0,0.0,13.223402816911694,-2.165577605462503,-2.881098442862645,0.0,0.0,0.0,-3.2961205129808366,0.0,0.0,0.0,0.0,0.0,0.0
tactile_images/2514.png,contact,0.3576148026077508,0.0,3.1358524084456523,0.0,0.0,13.235598634414444,1.6948436080807214,-4.4942131483326255,0.0,0.0,0.0,-3.831714779236953,0.0,0.0,0.0,0.0,0.0,0.0
tactile_images/2515.png,contact,0.9066599368495698,0.0,4.473633663659401,0.0,0.0,13.27670885691412,-3.584186480869458,0.1697046742687868,0.0,0.0,0.0,-0.4768189454944949,0.0,0.0,0.0,0.0,0.0,0.0
tactile_images/2516.png,contact,-4.255685129067764,0.0,4.535721846251711,0.0,0.0,13.28356058517138,2.3581160381617856,-1.5300886574796193,0.0,0.0,0.0,0.807305288922068,0.0,0.0,0.0,0.0,0.0,0.0
tactile_images/2517.png,contact,2.798167980501886,0.0,3.537114281241282,0.0,0.0,13.299388957260412,1.4563971976297818,0.4288243229792998,0.0,0.0,0.0,3.202077265463622,0.0,0.0,0.0,0.0,0.0,0.0
tactile_images/2518.png,contact,-0.4302458395766315,0.0,4.048075339735174,0.0,0.0,13.329952901187475,4.712418328803512,4.465073224704517,0.0,0.0,0.0,4.9780342179417865,0.0,0.0,0.0,0.0,0.0,0.0
tactile_images/2519.png,contact,1.5477685719830792,0.0,3.618963158389734,0.0,0.0,13.336160243883612,4.112353632581481,-3.566296883046789,0.0,0.0,0.0,2.742707799871847,0.0,0.0,0.0,0.0,0.0,0.0
tactile_images/2520.png,contact,0.9568123189570787,0.0,3.8131356158109817,0.0,0.0,13.363500768311503,-2.1669713680029767,-4.980379816890447,0.0,0.0,0.0,-2.7865954803367976,0.0,0.0,0.0,0.0,0.0,0.0
tactile_images/2521.png,contact,-3.78515561301348,0.0,4.767995553742374,0.0,0.0,13.37736322244598,-4.726834272745631,-4.231217867178748,0.0,0.0,0.0,2.479780687612476,0.0,0.0,0.0,0.0,0.0,0.0
tactile_images/2522.png,contact,4.862544459886547,0.0,4.057610436313533,0.0,0.0,13.381474041381018,1.5536856111175776,-0.3729170389837097,0.0,0.0,0.0,0.3715362431908229,0.0,0.0,0.0,0.0,0.0,0.0
tactile_images/2523.png,contact,-2.143266357349976,0.0,3.4468250898592503,0.0,0.0,13.404774235709944,1.0288738900467251,2.069320298023235,0.0,0.0,0.0,-0.4919042429656102,0.0,0.0,0.0,0.0,0.0,0.0
tactile_images/2524.png,contact,-2.324010490583791,0.0,3.882575605599887,0.0,0.0,13.471275415084564,-4.725712312335539,0.8076360331718906,0.0,0.0,0.0,4.357284939072697,0.0,0.0,0.0,0.0,0.0,0.0
tactile_images/2525.png,contact,-4.809873781626852,0.0,4.69750540113047,0.0,0.0,13.48401029849709,-3.773224707974073,-0.0510539262625293,0.0,0.0,0.0,2.020925869196615,0.0,0.0,0.0,0.0,0.0,0.0
tactile_images/2526.png,contact,1.3540627180246,0.0,3.538540848610415,0.0,0.0,13.515508221525977,0.8470170453598556,-1.4603686890758762,0.0,0.0,0.0,1.8169307354395787,0.0,0.0,0.0,0.0,0.0,0.0
tactile_images/2527.png,contact,0.7577799075302369,0.0,4.389641459743442,0.0,0.0,13.543115875035385,4.118272640434919,-1.9002582846849905,0.0,0.0,0.0,-4.882440352723998,0.0,0.0,0.0,0.0,0.0,0.0
tactile_images/2528.png,contact,-0.9169716230632554,0.0,3.942165701409026,0.0,0.0,13.571742754807154,4.06500276513407,-1.237138248950199,0.0,0.0,0.0,3.650714913797831,0.0,0.0,0.0,0.0,0.0,0.0
tactile_images/2529.png,contact,-2.8375984248410724,0.0,4.906032352080885,0.0,0.0,13.601317045709202,-3.485149453879252,1.116349540090713,0.0,0.0,0.0,2.933004774103111,0.0,0.0,0.0,0.0,0.0,0.0
tactile_images/2530.png,contact,-2.578461104643691,0.0,4.238890147636306,0.0,0.0,13.605155021437549,-1.1542605359475044,-3.3224604413446377,0.0,0.0,0.0,-2.010581220695574,0.0,0.0,0.0,0.0,0.0,0.0
tactile_images/2531.png,contact,-4.291395200154627,0.0,4.571600930375949,0.0,0.0,13.62059467825594,-4.56797135647826,2.713620830546257,0.0,0.0,0.0,-2.078865874933913,0.0,0.0,0.0,0.0,0.0,0.0
tactile_images/2532.png,contact,0.2366426669890122,0.0,3.6082200146856738,0.0,0.0,13.628683097641506,-0.3072815363707093,0.752532400931103,0.0,0.0,0.0,-4.465215399481,0.0,0.0,0.0,0.0,0.0,0.0
tactile_images/2533.png,contact,2.347976323182745,0.0,3.6997909272947975,0.0,0.0,13.642731204102468,2.530834596732056,-2.308436223885724,0.0,0.0,0.0,-4.491435762713229,0.0,0.0,0.0,0.0,0.0,0.0
tactile_images/2534.png,contact,-2.764474464997246,0.0,4.698069026566946,0.0,0.0,13.643334583265222,2.8997271136561142,0.0115296281128376,0.0,0.0,0.0,1.685945134616813,0.0,0.0,0.0,0.0,0.0,0.0
tactile_images/2535.png,contact,-1.0625293775097742,0.0,3.766202867181169,0.0,0.0,13.643452270241426,-0.0101053340342707,4.627786876851664,0.0,0.0,0.0,-3.137623870922206,0.0,0.0,0.0,0.0,0.0,0.0
tactile_images/2536.png,contact,2.791472170369911,0.0,4.417457159809799,0.0,0.0,13.648694503564457,-4.041303252917816,-4.79508470854806,0.0,0.0,0.0,4.235478498385506,0.0,0.0,0.0,0.0,0.0,0.0
tactile_images/2537.png,contact,0.194930527421711,0.0,4.438940462626762,0.0,0.0,13.67397535281755,-1.1863602481843358,-3.004773590987708,0.0,0.0,0.0,3.424044280249525,0.0,0.0,0.0,0.0,0.0,0.0
tactile_images/2538.png,contact,2.151595056225324,0.0,4.901882703731669,0.0,0.0,13.67917684792694,4.321019599743645,-0.51619760096722,0.0,0.0,0.0,-1.511148399678163,0.0,0.0,0.0,0.0,0.0,0.0
tactile_images/2539.png,contact,-2.368737449441821,0.0,3.123011472917277,0.0,0.0,13.679562659721512,-2.703874434802853,1.3843972177982806,0.0,0.0,0.0,-1.1993144818756454,0.0,0.0,0.0,0.0,0.0,0.0
tactile_images/2540.png,contact,2.712018345083776,0.0,4.4846204910674485,0.0,0.0,13.685923771675,-1.802455500872735,-2.877717337145148,0.0,0.0,0.0,-1.7272343914521937,0.0,0.0,0.0,0.0,0.0,0.0
tactile_images/2541.png,contact,-3.660638895004084,0.0,4.376061037903963,0.0,0.0,13.689750646434293,2.4682717546307087,4.314039483761963,0.0,0.0,0.0,-4.076050868082407,0.0,0.0,0.0,0.0,0.0,0.0
tactile_images/2542.png,contact,0.7817182146116863,0.0,4.411191579552984,0.0,0.0,13.721233363915822,2.3358078888593816,1.4257201242464212,0.0,0.0,0.0,-4.68569842349782,0.0,0.0,0.0,0.0,0.0,0.0
tactile_images/2543.png,contact,1.5818264830212403,0.0,4.257442774051164,0.0,0.0,13.75455583998017,4.122022880249324,3.7743194895643057,0.0,0.0,0.0,-0.4786684166010264,0.0,0.0,0.0,0.0,0.0,0.0
tactile_images/2544.png,contact,2.975194398347626,0.0,3.782959460668032,0.0,0.0,13.758578367314383,-1.1188130927962456,-1.7068206974968143,0.0,0.0,0.0,4.430401144914944,0.0,0.0,0.0,0.0,0.0,0.0
tactile_images/2545.png,contact,2.230955126221911,0.0,3.6392362510161433,0.0,0.0,13.782219550341756,0.1459872387429115,3.289539343066295,0.0,0.0,0.0,4.172493208191352,0.0,0.0,0.0,0.0,0.0,0.0
tactile_images/2546.png,contact,0.1110216820754859,0.0,3.040472465279901,0.0,0.0,13.798370229223195,-0.3260753877952238,-1.2178078310055374,0.0,0.0,0.0,3.098387411213645,0.0,0.0,0.0,0.0,0.0,0.0
tactile_images/2547.png,contact,0.5096123206987411,0.0,3.0423276279640765,0.0,0.0,13.805844083099023,4.277521710224532,-2.4724822753879505,0.0,0.0,0.0,1.2859492744300471,0.0,0.0,0.0,0.0,0.0,0.0
tactile_images/2548.png,contact,-2.7162691097860767,0.0,4.15468345039274,0.0,0.0,13.811245038485644,2.693305888246348,4.116553391637931,0.0,0.0,0.0,3.5622240669144887,0.0,0.0,0.0,0.0,0.0,0.0
tactile_images/2549.png,contact,-2.711228158518866,0.0,4.668908429783393,0.0,0.0,13.835925011352913,3.314417798338482,-4.077815243211455,0.0,0.0,0.0,0.1506851773156414,0.0,0.0,0.0,0.0,0.0,0.0
tactile_images/2550.png,contact,4.911367148865312,0.0,4.784224031382163,0.0,0.0,13.85292329331763,-3.669017311705891,4.428887960564042,0.0,0.0,0.0,-3.198398669793683,0.0,0.0,0.0,0.0,0.0,0.0
tactile_images/2551.png,contact,4.906683801729067,0.0,4.782565329655501,0.0,0.0,13.928627565562545,2.9184669286815987,-0.414847941323945,0.0,0.0,0.0,1.8417034778923185,0.0,0.0,0.0,0.0,0.0,0.0
tactile_images/2552.png,contact,-0.4063512161010649,0.0,4.417353439931014,0.0,0.0,13.937010045136468,-0.6702123394250306,4.926254734858617,0.0,0.0,0.0,4.206460351784953,0.0,0.0,0.0,0.0,0.0,0.0
tactile_images/2553.png,contact,-1.7964728269306989,0.0,4.526570380406318,0.0,0.0,13.94786907558234,-4.766613171693529,0.3959465373502882,0.0,0.0,0.0,-4.803949025942532,0.0,0.0,0.0,0.0,0.0,0.0
tactile_images/2554.png,contact,2.739209289894373,0.0,3.214313393853847,0.0,0.0,13.95531156065244,-4.399116472567154,2.574881720823031,0.0,0.0,0.0,-2.4855594779206927,0.0,0.0,0.0,0.0,0.0,0.0
tactile_images/2555.png,contact,-2.243388171287412,0.0,3.5258484952642943,0.0,0.0,13.972934775518958,1.7790793973484451,-4.92928983661996,0.0,0.0,0.0,-2.345618087287286,0.0,0.0,0.0,0.0,0.0,0.0
tactile_images/2556.png,contact,4.946865243316541,0.0,3.909920634786022,0.0,0.0,13.98847509927937,-1.2798755885403017,-0.0333318003983489,0.0,0.0,0.0,-4.009604613837391,0.0,0.0,0.0,0.0,0.0,0.0
tactile_images/2557.png,contact,4.4937752773092585,0.0,4.022009527089174,0.0,0.0,14.00578924004899,3.6811557322348047,2.3745347161811523,0.0,0.0,0.0,-2.7450577860145065,0.0,0.0,0.0,0.0,0.0,0.0
tactile_images/2558.png,contact,0.6559668099339024,0.0,3.208151912836494,0.0,0.0,14.040729762382618,2.3427313387586644,2.828270199584491,0.0,0.0,0.0,-1.1601792208858122,0.0,0.0,0.0,0.0,0.0,0.0
tactile_images/2559.png,contact,1.452287081640158,0.0,4.409591672264373,0.0,0.0,14.055806786977527,-4.783199883330383,-3.41951417398402,0.0,0.0,0.0,4.3983542484832405,0.0,0.0,0.0,0.0,0.0,0.0
tactile_images/2560.png,contact,0.9289351087437234,0.0,3.593003142047878,0.0,0.0,14.072742972090625,1.86888311836002,-0.8102904961722137,0.0,0.0,0.0,3.6026576912679644,0.0,0.0,0.0,0.0,0.0,0.0
tactile_images/2561.png,contact,-1.2399848552898245,0.0,4.1296255621723645,0.0,0.0,14.118597203342304,-3.0764752726764377,-0.8092804188066127,0.0,0.0,0.0,4.460062242626169,0.0,0.0,0.0,0.0,0.0,0.0
tactile_images/2562.png,contact,-3.32929715574228,0.0,4.791438349496003,0.0,0.0,14.125206529021668,-0.7741743129608789,-3.963591915009441,0.0,0.0,0.0,-3.794282232776608,0.0,0.0,0.0,0.0,0.0,0.0
tactile_images/2563.png,contact,0.8175696370938113,0.0,4.3033595897568535,0.0,0.0,14.149187970162046,1.2473520212296272,-0.5695449230853331,0.0,0.0,0.0,-4.719515383807433,0.0,0.0,0.0,0.0,0.0,0.0
tactile_images/2564.png,contact,3.053774881792349,0.0,3.036711448758284,0.0,0.0,14.179938825000493,3.727178412956928,3.070929586960053,0.0,0.0,0.0,-3.9011683558889496,0.0,0.0,0.0,0.0,0.0,0.0
tactile_images/2565.png,contact,-2.0943886463397474,0.0,4.24518759312538,0.0,0.0,14.190969041336729,-0.4390211160806077,-1.9981926238101304,0.0,0.0,0.0,4.142956348526271,0.0,0.0,0.0,0.0,0.0,0.0
tactile_images/2566.png,contact,2.111150610908344,0.0,3.510856562092181,0.0,0.0,14.201663852317438,3.084904541911344,-0.674254781061169,0.0,0.0,0.0,-3.425113614644494,0.0,0.0,0.0,0.0,0.0,0.0
tactile_images/2567.png,contact,-2.3990412076693035,0.0,3.3192598665055284,0.0,0.0,14.20771550444728,2.8296566280063287,4.609586850621426,0.0,0.0,0.0,0.726367065725249,0.0,0.0,0.0,0.0,0.0,0.0
tactile_images/2568.png,contact,0.5294445619357457,0.0,4.858561303371618,0.0,0.0,14.265580247315654,-0.8546148714874171,-4.682919241084377,0.0,0.0,0.0,-2.7241763013923803,0.0,0.0,0.0,0.0,0.0,0.0
tactile_images/2569.png,contact,-1.5032568634693693,0.0,3.422525833876393,0.0,0.0,14.305576230490203,0.0098016343290288,0.9152176789535568,0.0,0.0,0.0,-4.793645750832005,0.0,0.0,0.0,0.0,0.0,0.0
tactile_images/2570.png,contact,-3.956747776187786,0.0,3.549273759633966,0.0,0.0,14.320326770978546,2.004850100498131,2.434360917776292,0.0,0.0,0.0,-4.153786578574223,0.0,0.0,0.0,0.0,0.0,0.0
tactile_images/2571.png,contact,-2.655467505158608,0.0,4.177518927130019,0.0,0.0,14.336232550939272,-4.688515653530603,2.6088243403117843,0.0,0.0,0.0,2.0979702296641314,0.0,0.0,0.0,0.0,0.0,0.0
tactile_images/2572.png,contact,-1.5123297704149206,0.0,3.0393664307628274,0.0,0.0,14.356795920295944,3.90811413799246,2.159380248840444,0.0,0.0,0.0,-3.1763354798666086,0.0,0.0,0.0,0.0,0.0,0.0
tactile_images/2573.png,contact,2.8929503613279683,0.0,4.165107674083988,0.0,0.0,14.35922955833756,2.698161594376934,2.264514434684364,0.0,0.0,0.0,-2.708607945665205,0.0,0.0,0.0,0.0,0.0,0.0
tactile_images/2574.png,contact,1.2669068372024703,0.0,4.834197010343589,0.0,0.0,14.376998544251444,-2.505841185976696,-4.409873343269501,0.0,0.0,0.0,-1.2274349917631424,0.0,0.0,0.0,0.0,0.0,0.0
tactile_images/2575.png,contact,-0.1800806640462484,0.0,3.2292798871714137,0.0,0.0,14.410538651263863,4.811799531889756,0.3413661913633277,0.0,0.0,0.0,1.572415601361734,0.0,0.0,0.0,0.0,0.0,0.0
tactile_images/2576.png,contact,-0.5508494930228629,0.0,4.459213298470685,0.0,0.0,14.424550448595411,-3.2060964741038123,2.8296907165725607,0.0,0.0,0.0,-0.3062760704033369,0.0,0.0,0.0,0.0,0.0,0.0
tactile_images/2577.png,contact,1.288275765623724,0.0,3.260911273102788,0.0,0.0,14.465607313425686,4.140866737044018,-4.0593495096267045,0.0,0.0,0.0,4.446102159937697,0.0,0.0,0.0,0.0,0.0,0.0
tactile_images/2578.png,contact,-1.40972077345332,0.0,3.626050709403162,0.0,0.0,14.474816867434704,-1.7552654167688884,-4.879500776131321,0.0,0.0,0.0,-0.6581780926033662,0.0,0.0,0.0,0.0,0.0,0.0
tactile_images/2579.png,contact,-4.684887775943839,0.0,4.073246559470988,0.0,0.0,14.49753905419692,2.631467101641358,3.1456183159965807,0.0,0.0,0.0,-3.008690798025283,0.0,0.0,0.0,0.0,0.0,0.0
tactile_images/2580.png,contact,-2.0214609618182946,0.0,3.374346229853894,0.0,0.0,14.545034685755311,-0.4362340675205489,2.122943875664892,0.0,0.0,0.0,0.3614283940900806,0.0,0.0,0.0,0.0,0.0,0.0
tactile_images/2581.png,contact,0.8422489647667808,0.0,3.461932696432063,0.0,0.0,14.551592061299845,2.364673874500021,-0.8779358308555736,0.0,0.0,0.0,-0.4911038490513295,0.0,0.0,0.0,0.0,0.0,0.0
tactile_images/2582.png,contact,-4.963339160567418,0.0,4.432952525284334,0.0,0.0,14.608397199791405,-3.4421695206063374,4.40396432574172,0.0,0.0,0.0,2.871383385350298,0.0,0.0,0.0,0.0,0.0,0.0
tactile_images/2583.png,contact,0.2356301365620838,0.0,3.708531442655252,0.0,0.0,14.617417147304266,-2.304935416135172,2.665980946514712,0.0,0.0,0.0,4.351212305394824,0.0,0.0,0.0,0.0,0.0,0.0
tactile_images/2584.png,contact,-1.4173439729855817,0.0,3.938332097134797,0.0,0.0,14.62715193453336,-4.001421755279743,4.678609416065774,0.0,0.0,0.0,3.3629522803650733,0.0,0.0,0.0,0.0,0.0,0.0
tactile_images/2585.png,contact,2.8432484760228283,0.0,4.326295658799645,0.0,0.0,14.634045259225644,3.651439814378032,4.293152595474673,0.0,0.0,0.0,-1.109602750740578,0.0,0.0,0.0,0.0,0.0,0.0
tactile_images/2586.png,contact,-2.655128989911097,0.0,3.900766426078016,0.0,0.0,14.669630675901068,-2.037070122305007,-0.1870639702069283,0.0,0.0,0.0,-2.838838777086403,0.0,0.0,0.0,0.0,0.0,0.0
tactile_images/2587.png,contact,-3.580232710072292,0.0,3.3837534262047138,0.0,0.0,14.681586441976847,1.944762294166634,2.5470897864356603,0.0,0.0,0.0,4.144889370139275,0.0,0.0,0.0,0.0,0.0,0.0
tactile_images/2588.png,contact,-2.542482596820808,0.0,4.154154885263531,0.0,0.0,14.689289456861047,3.2022119774152813,1.6919138880763898,0.0,0.0,0.0,-1.1406034856283198,0.0,0.0,0.0,0.0,0.0,0.0
tactile_images/2589.png,contact,-0.986584841970366,0.0,4.8451448098116,0.0,0.0,14.69525731720364,4.014182363793459,3.114452100924914,0.0,0.0,0.0,2.702066234487102,0.0,0.0,0.0,0.0,0.0,0.0
tactile_images/2590.png,contact,-0.8123822142261226,0.0,4.178941606186494,0.0,0.0,14.698605930703287,-3.937028846882822,2.87688402250992,0.0,0.0,0.0,4.8952734121289065,0.0,0.0,0.0,0.0,0.0,0.0
tactile_images/2591.png,contact,1.0375798109734125,0.0,3.28942127227304,0.0,0.0,14.728409055363464,3.930149335126124,-3.4676802996677325,0.0,0.0,0.0,0.7744268151527613,0.0,0.0,0.0,0.0,0.0,0.0
tactile_images/2592.png,contact,-4.44765729882428,0.0,3.647791105160758,0.0,0.0,14.750085210983144,-3.027472222692805,-2.6626446819145366,0.0,0.0,0.0,-0.2011953163111446,0.0,0.0,0.0,0.0,0.0,0.0
tactile_images/2593.png,contact,0.6727086398029538,0.0,4.9851797518676895,0.0,0.0,14.751008290466196,2.369020115909616,-2.3426842282243268,0.0,0.0,0.0,1.998707824812154,0.0,0.0,0.0,0.0,0.0,0.0
tactile_images/2594.png,contact,3.0416691586572995,0.0,3.457974370600623,0.0,0.0,14.766513091547004,2.288490193646112,3.184985592170106,0.0,0.0,0.0,-3.0606901920935914,0.0,0.0,0.0,0.0,0.0,0.0
tactile_images/2595.png,contact,-2.61007923495392,0.0,4.3017576749915545,0.0,0.0,14.772938151723046,-4.914968582590458,3.1074170392918887,0.0,0.0,0.0,-0.1176026120134992,0.0,0.0,0.0,0.0,0.0,0.0
tactile_images/2596.png,contact,0.6598063382612471,0.0,3.880296894448265,0.0,0.0,14.819347218518878,-2.7937609168974573,-0.0466465306055781,0.0,0.0,0.0,-1.8766924288967424,0.0,0.0,0.0,0.0,0.0,0.0
tactile_images/2597.png,contact,-0.768573811327002,0.0,4.740210916688209,0.0,0.0,14.831729192741255,-0.0809148533513273,0.8083225925192119,0.0,0.0,0.0,-3.357721293243201,0.0,0.0,0.0,0.0,0.0,0.0
tactile_images/2598.png,contact,-1.3310145727326796,0.0,3.414565045099472,0.0,0.0,14.8736631890214,-0.7996529333671791,3.269221529684,0.0,0.0,0.0,1.1013654903095285,0.0,0.0,0.0,0.0,0.0,0.0
tactile_images/2599.png,contact,-0.9063783399463778,0.0,4.727246001839907,0.0,0.0,14.921378567785418,4.185734798846095,-1.874063993222568,0.0,0.0,0.0,0.757060854581467,0.0,0.0,0.0,0.0,0.0,0.0
tactile_images/2600.png,contact,-3.297418037072017,0.0,4.858521950395784,0.0,0.0,14.927088965208943,-1.4025913049747682,-4.498212230836368,0.0,0.0,0.0,2.612035997425398,0.0,0.0,0.0,0.0,0.0,0.0
tactile_images/2601.png,contact,-3.539619669554222,0.0,3.905996201659928,0.0,0.0,14.936905647632996,4.369837148359624,-0.1740356172083279,0.0,0.0,0.0,3.7297012424136113,0.0,0.0,0.0,0.0,0.0,0.0
tactile_images/2602.png,contact,-1.0790509279344462,0.0,3.5764239368962123,0.0,0.0,14.956499956553102,-0.405706816074689,4.1371714384867175,0.0,0.0,0.0,-2.796240139791108,0.0,0.0,0.0,0.0,0.0,0.0
tactile_images/2603.png,contact,2.6832829861655663,0.0,4.224317317886458,0.0,0.0,14.97388717731635,4.643528966401657,2.904682609600729,0.0,0.0,0.0,2.797026520538002,0.0,0.0,0.0,0.0,0.0,0.0
tactile_images/2604.png,contact,-3.4271190216055487,0.0,3.269050984578369,0.0,0.0,14.981062461735007,2.373548100248612,-1.333826968915143,0.0,0.0,0.0,-1.3261483924707096,0.0,0.0,0.0,0.0,0.0,0.0
tactile_images/2605.png,contact,3.025295101400627,0.0,3.7353160921182167,0.0,0.0,15.10277147149788,3.2933459163215595,-4.352286395171633,0.0,0.0,0.0,1.288056017934248,0.0,0.0,0.0,0.0,0.0,0.0
tactile_images/2606.png,contact,-2.250060762991187,0.0,3.526807223911689,0.0,0.0,15.111136146137348,-3.95123111650999,1.3691950538250994,0.0,0.0,0.0,3.502400275958111,0.0,0.0,0.0,0.0,0.0,0.0
tactile_images/2607.png,contact,0.3732439493460653,0.0,3.0988948733586943,0.0,0.0,15.118437404645505,0.8614143324236778,3.344907958705201,0.0,0.0,0.0,-2.438148847141811,0.0,0.0,0.0,0.0,0.0,0.0
tactile_images/2608.png,contact,-0.1074730257756577,0.0,3.467218064072473,0.0,0.0,15.1527012556898,-3.572996401706492,1.6494856645463851,0.0,0.0,0.0,1.009612839658372,0.0,0.0,0.0,0.0,0.0,0.0
tactile_images/2609.png,contact,-1.7743807122829445,0.0,3.247878388528879,0.0,0.0,15.170627300589883,-2.0237899794902594,-0.7492533523698031,0.0,0.0,0.0,-0.1968112279981904,0.0,0.0,0.0,0.0,0.0,0.0
tactile_images/2610.png,contact,2.7988867409524687,0.0,3.0462137055749605,0.0,0.0,15.174214250475387,1.2356540616726803,-3.766463868209287,0.0,0.0,0.0,2.9057729345071905,0.0,0.0,0.0,0.0,0.0,0.0
tactile_images/2611.png,contact,-3.680566901074503,0.0,3.775904337309784,0.0,0.0,15.179678083051868,2.262257046938908,4.107742441373549,0.0,0.0,0.0,1.972412989411052,0.0,0.0,0.0,0.0,0.0,0.0
tactile_images/2612.png,contact,1.7466966923673564,0.0,4.103657467068337,0.0,0.0,15.205776971157334,-4.608162179887492,-2.24041674246617,0.0,0.0,0.0,2.696318359032417,0.0,0.0,0.0,0.0,0.0,0.0
tactile_images/2613.png,contact,-1.2478386278940246,0.0,3.643474059716556,0.0,0.0,15.218590036973149,0.3094373107236468,-2.757129635070407,0.0,0.0,0.0,-2.120568703967919,0.0,0.0,0.0,0.0,0.0,0.0
tactile_images/2614.png,contact,2.535979667608932,0.0,4.6359695421544105,0.0,0.0,15.22777044409206,0.6531398628988638,3.15976665609654,0.0,0.0,0.0,2.0435629408909595,0.0,0.0,0.0,0.0,0.0,0.0
tactile_images/2615.png,contact,3.498309991829584,0.0,3.5057099575251174,0.0,0.0,15.228360446018897,-4.211720028897989,4.81219938723857,0.0,0.0,0.0,1.0580587425961865,0.0,0.0,0.0,0.0,0.0,0.0
tactile_images/2616.png,contact,0.1786790108015807,0.0,4.871910307457207,0.0,0.0,15.236121433786742,0.0068803420076353,1.6016025874476032,0.0,0.0,0.0,-0.4331954395424331,0.0,0.0,0.0,0.0,0.0,0.0
tactile_images/2617.png,contact,3.865264787594109,0.0,3.3058863729508525,0.0,0.0,15.25329044010251,2.1384228004982653,1.2481048902455063,0.0,0.0,0.0,-1.216563096318497,0.0,0.0,0.0,0.0,0.0,0.0
tactile_images/2618.png,contact,2.624558691256725,0.0,4.002701987267492,0.0,0.0,15.277330591904152,-4.4677271512446906,-1.8056913077893744,0.0,0.0,0.0,-1.683999692045691,0.0,0.0,0.0,0.0,0.0,0.0
tactile_images/2619.png,contact,4.073745169486328,0.0,3.545095295786058,0.0,0.0,15.28245371144876,2.6026777632396207,-4.795865493148707,0.0,0.0,0.0,-4.903256386971701,0.0,0.0,0.0,0.0,0.0,0.0
tactile_images/2620.png,contact,3.455077959950742,0.0,3.2003386524746595,0.0,0.0,15.309611615003996,0.7642650490413683,-3.0820213417729034,0.0,0.0,0.0,-3.3044144869321235,0.0,0.0,0.0,0.0,0.0,0.0
tactile_images/2621.png,contact,1.293578529331091,0.0,3.832434062064629,0.0,0.0,15.346223875689084,3.3322720827179086,0.8443043655657192,0.0,0.0,0.0,-4.410217877765935,0.0,0.0,0.0,0.0,0.0,0.0
tactile_images/2622.png,contact,1.968716440546714,0.0,3.3237912201047166,0.0,0.0,15.3573971693801,-2.8193742714593006,-3.486835381839545,0.0,0.0,0.0,3.4835754262966923,0.0,0.0,0.0,0.0,0.0,0.0
tactile_images/2623.png,contact,-1.6350176910805576,0.0,3.1170732001601005,0.0,0.0,15.38950338254844,3.332736842131185,3.838358069313271,0.0,0.0,0.0,3.6008887041508206,0.0,0.0,0.0,0.0,0.0,0.0
tactile_images/2624.png,contact,-4.427317741351256,0.0,3.865946099679413,0.0,0.0,15.410527007100312,-4.05439024732532,-3.118553121471148,0.0,0.0,0.0,3.4619333668926764,0.0,0.0,0.0,0.0,0.0,0.0
tactile_images/2625.png,contact,1.3431925173862869,0.0,3.3308018090027183,0.0,0.0,15.437500903266084,-0.9617030355532864,0.2210445301190153,0.0,0.0,0.0,3.179197643537826,0.0,0.0,0.0,0.0,0.0,0.0
tactile_images/2626.png,contact,-3.5569646810628583,0.0,4.663570600370319,0.0,0.0,15.449899482332556,-3.005152084753515,0.1201324576879496,0.0,0.0,0.0,-2.786695464720231,0.0,0.0,0.0,0.0,0.0,0.0
tactile_images/2627.png,contact,-3.0000348176368146,0.0,4.229285637869772,0.0,0.0,15.465777462402071,3.760208322908742,1.0394563012965057,0.0,0.0,0.0,-0.0821382548932607,0.0,0.0,0.0,0.0,0.0,0.0
tactile_images/2628.png,contact,-3.090236402916764,0.0,3.243022339075332,0.0,0.0,15.504628862226305,2.0491981630177385,-1.7256593028196097,0.0,0.0,0.0,4.0784377196839685,0.0,0.0,0.0,0.0,0.0,0.0
tactile_images/2629.png,contact,-4.265876251614944,0.0,3.3456401029129044,0.0,0.0,15.551163851942713,-4.746382228392719,3.735342010653152,0.0,0.0,0.0,2.5978179404706427,0.0,0.0,0.0,0.0,0.0,0.0
tactile_images/2630.png,contact,-1.5866135493976694,0.0,4.973593188359794,0.0,0.0,15.560442359035989,-4.904766443860439,-0.5569846402493042,0.0,0.0,0.0,-4.981797140456391,0.0,0.0,0.0,0.0,0.0,0.0
tactile_images/2631.png,contact,1.336381567063083,0.0,3.821009642696713,0.0,0.0,15.566775580063409,-2.087507455183303,2.00153578736574,0.0,0.0,0.0,-0.4057342359620648,0.0,0.0,0.0,0.0,0.0,0.0
tactile_images/2632.png,contact,-2.0662986987870955,0.0,3.5353335195388853,0.0,0.0,15.652788667608284,-3.5671688571943463,1.3591086096670315,0.0,0.0,0.0,-4.8932980074034536,0.0,0.0,0.0,0.0,0.0,0.0
tactile_images/2633.png,contact,1.1076952830821152,0.0,4.0155683739022425,0.0,0.0,15.681625259790394,1.3030447756019576,-3.828439168802968,0.0,0.0,0.0,-2.193389530193252,0.0,0.0,0.0,0.0,0.0,0.0
tactile_images/2634.png,contact,3.2031689112975803,0.0,4.582705447304669,0.0,0.0,15.701515509993612,1.6379693388255978,1.226393527026114,0.0,0.0,0.0,-0.6423755877311503,0.0,0.0,0.0,0.0,0.0,0.0
tactile_images/2635.png,contact,-0.7719988673455083,0.0,3.0042818386909502,0.0,0.0,15.705340088961378,4.419509036613675,0.5070267798109596,0.0,0.0,0.0,3.92899292650279,0.0,0.0,0.0,0.0,0.0,0.0
tactile_images/2636.png,contact,-1.3352971076089473,0.0,3.841260473757639,0.0,0.0,15.726755469427944,4.5203992454584085,3.9860406325590585,0.0,0.0,0.0,1.543842841473265,0.0,0.0,0.0,0.0,0.0,0.0
tactile_images/2637.png,contact,3.884877876787236,0.0,3.3763999633597246,0.0,0.0,15.728673725227686,1.5889670541134562,3.808766364849033,0.0,0.0,0.0,-1.375154345100924,0.0,0.0,0.0,0.0,0.0,0.0
tactile_images/2638.png,contact,2.142164444741298,0.0,3.4929558191534724,0.0,0.0,15.754672646278904,-4.943248871472913,-3.4904521258835364,0.0,0.0,0.0,-0.0934509754707901,0.0,0.0,0.0,0.0,0.0,0.0
tactile_images/2639.png,contact,-1.3315137559402237,0.0,4.908895389705977,0.0,0.0,15.764618618790015,-1.4100208343038565,-4.183148544133923,0.0,0.0,0.0,3.173894885969741,0.0,0.0,0.0,0.0,0.0,0.0
tactile_images/2640.png,contact,-0.8835222098315327,0.0,3.515480122623037,0.0,0.0,15.816479818818763,0.1314151324726618,-2.0540778078913124,0.0,0.0,0.0,-2.003444008862868,0.0,0.0,0.0,0.0,0.0,0.0
tactile_images/2641.png,contact,-4.06354385094736,0.0,3.883094577759661,0.0,0.0,15.823337977448285,-0.0082024349153408,4.866128566843088,0.0,0.0,0.0,1.1503477546866652,0.0,0.0,0.0,0.0,0.0,0.0
tactile_images/2642.png,contact,-3.9255822748647446,0.0,4.17044065878191,0.0,0.0,15.84014048477166,1.0334062950222664,-4.784262235936833,0.0,0.0,0.0,-2.3775311611214955,0.0,0.0,0.0,0.0,0.0,0.0
tactile_images/2643.png,contact,-4.305952146439163,0.0,3.4385905650096613,0.0,0.0,15.896514852566987,4.605514828047605,1.7289223957287678,0.0,0.0,0.0,-0.2003656277633752,0.0,0.0,0.0,0.0,0.0,0.0
tactile_images/2644.png,contact,-4.472485773838587,0.0,4.378218162973648,0.0,0.0,15.89924740454861,3.8519269195515378,1.0851373384097718,0.0,0.0,0.0,-4.753414964379367,0.0,0.0,0.0,0.0,0.0,0.0
tactile_images/2645.png,contact,3.751791860331517,0.0,3.974499120690902,0.0,0.0,15.996293962270492,-3.9109196654951175,1.4657828045781685,0.0,0.0,0.0,3.52275319491692,0.0,0.0,0.0,0.0,0.0,0.0
tactile_images/2646.png,contact,-4.436159201675988,0.0,3.532755282860048,0.0,0.0,16.049358416813682,-2.340196086066068,-2.8171411022925854,0.0,0.0,0.0,-4.516511684878201,0.0,0.0,0.0,0.0,0.0,0.0
tactile_images/2647.png,contact,-1.1054675501542457,0.0,3.767547860711248,0.0,0.0,16.09950302003722,3.3310941741963624,-2.7328265420015008,0.0,0.0,0.0,-2.756395001615682,0.0,0.0,0.0,0.0,0.0,0.0
tactile_images/2648.png,contact,2.367526534819888,0.0,3.14273402777876,0.0,0.0,16.181208114420564,3.243069088192069,-0.6935791782617535,0.0,0.0,0.0,-1.6648812104118949,0.0,0.0,0.0,0.0,0.0,0.0
tactile_images/2649.png,contact,-2.7704928565175617,0.0,3.2004565132857685,0.0,0.0,16.18964685944404,-2.2462927587832904,-4.041421929330436,0.0,0.0,0.0,1.2516111676718156,0.0,0.0,0.0,0.0,0.0,0.0
tactile_images/2650.png,contact,2.2423243174864305,0.0,3.503026079352802,0.0,0.0,16.23169729367023,2.305880306861196,-4.253867909810598,0.0,0.0,0.0,2.2003346557505568,0.0,0.0,0.0,0.0,0.0,0.0
tactile_images/2651.png,contact,1.077559549002677,0.0,4.838076554057342,0.0,0.0,16.256153556246282,1.7203737871785734,-4.116405465139028,0.0,0.0,0.0,-4.195489577145567,0.0,0.0,0.0,0.0,0.0,0.0
tactile_images/2652.png,contact,-1.3410403137633136,0.0,3.7209260582985113,0.0,0.0,16.27353809581824,-0.264760350300385,0.7297917130625775,0.0,0.0,0.0,-4.565345141152096,0.0,0.0,0.0,0.0,0.0,0.0
tactile_images/2653.png,contact,-1.801407717603004,0.0,3.992150957001062,0.0,0.0,16.299854877983357,-2.9854504732097062,-1.022581431021062,0.0,0.0,0.0,2.989898866293488,0.0,0.0,0.0,0.0,0.0,0.0
tactile_images/2654.png,contact,0.3606751331166382,0.0,4.755665207151629,0.0,0.0,16.31506772833199,3.886431808940863,-2.063832193427264,0.0,0.0,0.0,2.1216653390412628,0.0,0.0,0.0,0.0,0.0,0.0
tactile_images/2655.png,contact,-0.7867540857239339,0.0,3.695475671118631,0.0,0.0,16.33012885078388,1.7785118430683475,-1.841806203486944,0.0,0.0,0.0,3.315503542546565,0.0,0.0,0.0,0.0,0.0,0.0
tactile_images/2656.png,contact,1.543327166761368,0.0,4.814486334554157,0.0,0.0,16.340178116645575,-3.3100707512162533,-2.9271669415092627,0.0,0.0,0.0,1.7653826518351634,0.0,0.0,0.0,0.0,0.0,0.0
tactile_images/2657.png,contact,-1.6421938498896829,0.0,4.200437222123939,0.0,0.0,16.344593115147823,2.048023448408608,-0.8849466467806515,0.0,0.0,0.0,2.510122703566528,0.0,0.0,0.0,0.0,0.0,0.0
tactile_images/2658.png,contact,0.7875194670592798,0.0,4.51340982022294,0.0,0.0,16.346474852379906,2.414337195769799,-2.969419308000326,0.0,0.0,0.0,-1.2096161695285526,0.0,0.0,0.0,0.0,0.0,0.0
tactile_images/2659.png,contact,-0.9034769045877288,0.0,3.1163355174418497,0.0,0.0,16.391335995588058,3.868802851210408,1.9804604229933256,0.0,0.0,0.0,0.9018432039496984,0.0,0.0,0.0,0.0,0.0,0.0
tactile_images/2660.png,contact,4.696129403031631,0.0,4.718869165667102,0.0,0.0,16.395915032955457,-2.7716074475806507,-3.760674873460639,0.0,0.0,0.0,3.0539234287014256,0.0,0.0,0.0,0.0,0.0,0.0
tactile_images/2661.png,contact,4.1761895438415735,0.0,4.073736435941204,0.0,0.0,16.432350492817335,4.887541054134065,4.482420845808464,0.0,0.0,0.0,-3.278824655934829,0.0,0.0,0.0,0.0,0.0,0.0
tactile_images/2662.png,contact,-1.778132003100442,0.0,3.8887876378315394,0.0,0.0,16.464401792941153,-3.4660657747307875,-4.1018105987271785,0.0,0.0,0.0,-0.7717703917380838,0.0,0.0,0.0,0.0,0.0,0.0
tactile_images/2663.png,contact,-2.3148635970311577,0.0,3.4333732874107854,0.0,0.0,16.46837930942791,1.0068889185958303,4.434607142798759,0.0,0.0,0.0,2.4048976847986125,0.0,0.0,0.0,0.0,0.0,0.0
tactile_images/2664.png,contact,0.1601063182025282,0.0,4.2042036602547,0.0,0.0,16.4911990624351,1.5717650527347846,3.332949715204066,0.0,0.0,0.0,0.3263657176518544,0.0,0.0,0.0,0.0,0.0,0.0
tactile_images/2665.png,contact,4.738032914679352,0.0,3.271772300255188,0.0,0.0,16.499288928229625,-0.8104710473413945,1.807121206133804,0.0,0.0,0.0,1.816574529261716,0.0,0.0,0.0,0.0,0.0,0.0
tactile_images/2666.png,contact,-0.5704051327503512,0.0,4.2698284706241285,0.0,0.0,16.514923901974022,-0.2496229122961342,4.123016555654836,0.0,0.0,0.0,-2.0713080412418607,0.0,0.0,0.0,0.0,0.0,0.0
tactile_images/2667.png,contact,4.71217323686661,0.0,4.187411565902869,0.0,0.0,16.52227499922388,3.9091009672213737,-3.607812064826232,0.0,0.0,0.0,-4.676575486823154,0.0,0.0,0.0,0.0,0.0,0.0
tactile_images/2668.png,contact,-0.3909455273600866,0.0,3.132337443450361,0.0,0.0,16.55808091383696,1.4527422966546188,-3.2368522581308468,0.0,0.0,0.0,-4.708542202456238,0.0,0.0,0.0,0.0,0.0,0.0
tactile_images/2669.png,contact,2.757065167149549,0.0,4.718092659413312,0.0,0.0,16.61295578877754,-0.0299904176531375,-2.478474079411842,0.0,0.0,0.0,4.427811765303476,0.0,0.0,0.0,0.0,0.0,0.0
tactile_images/2670.png,contact,-3.9520683768719937,0.0,3.44298709771928,0.0,0.0,16.613644510469413,-3.716504375664753,-2.551884732341091,0.0,0.0,0.0,4.445400439950415,0.0,0.0,0.0,0.0,0.0,0.0
tactile_images/2671.png,contact,-0.6794523055262944,0.0,4.625856810787874,0.0,0.0,16.665542127139254,-4.926623747768653,-1.891517290728398,0.0,0.0,0.0,-2.887176600453806,0.0,0.0,0.0,0.0,0.0,0.0
tactile_images/2672.png,contact,-3.206961607667793,0.0,4.513245576179891,0.0,0.0,16.66607203621978,-3.750313818481665,0.7563089827309337,0.0,0.0,0.0,-3.52534342029056,0.0,0.0,0.0,0.0,0.0,0.0
tactile_images/2673.png,contact,-4.601356044054473,0.0,4.884687015342715,0.0,0.0,16.668967170462224,4.561845674765054,-4.718273886948953,0.0,0.0,0.0,-4.818601661069791,0.0,0.0,0.0,0.0,0.0,0.0
tactile_images/2674.png,contact,3.8135623425841967,0.0,4.556791228706423,0.0,0.0,16.68557213185847,2.640867829913307,-1.1772740496002418,0.0,0.0,0.0,-2.687431436847416,0.0,0.0,0.0,0.0,0.0,0.0
tactile_images/2675.png,contact,-4.514298103618323,0.0,4.432255280953475,0.0,0.0,16.71693590974352,4.671163275102478,-2.536148721074035,0.0,0.0,0.0,-1.656485588454264,0.0,0.0,0.0,0.0,0.0,0.0
tactile_images/2676.png,contact,-1.966508238768922,0.0,3.2530906223927545,0.0,0.0,16.741506238195946,-4.642912902918281,1.0662984805272204,0.0,0.0,0.0,-2.587573663621189,0.0,0.0,0.0,0.0,0.0,0.0
tactile_images/2677.png,contact,3.0045754907085485,0.0,4.26535406968272,0.0,0.0,16.746836783595292,1.8022040385863924,4.851693310515357,0.0,0.0,0.0,2.9738414030620133,0.0,0.0,0.0,0.0,0.0,0.0
tactile_images/2678.png,contact,0.4076012240304196,0.0,3.4599228308020686,0.0,0.0,16.757235043614187,-4.55706473596582,0.1765461218337263,0.0,0.0,0.0,2.494304992754354,0.0,0.0,0.0,0.0,0.0,0.0
tactile_images/2679.png,contact,1.004812154130652,0.0,3.5921641782709006,0.0,0.0,16.760250286739428,2.820564688688232,-0.7431476088156614,0.0,0.0,0.0,-4.18985855314126,0.0,0.0,0.0,0.0,0.0,0.0
tactile_images/2680.png,contact,-1.974714616692836,0.0,3.269571569834876,0.0,0.0,16.765808635533844,-1.1904982726480573,-1.3175645485488383,0.0,0.0,0.0,1.9732160810209267,0.0,0.0,0.0,0.0,0.0,0.0
tactile_images/2681.png,contact,-4.56614621083458,0.0,4.795017670216708,0.0,0.0,16.779071871228638,-4.042346398935051,2.8494921887985765,0.0,0.0,0.0,0.2058511988791656,0.0,0.0,0.0,0.0,0.0,0.0
tactile_images/2682.png,contact,4.421573234366036,0.0,4.1528111029072665,0.0,0.0,16.808334037421837,0.6804664178751532,-4.28019068349273,0.0,0.0,0.0,-3.6783389362514014,0.0,0.0,0.0,0.0,0.0,0.0
tactile_images/2683.png,contact,2.0005793022297738,0.0,4.268101016613439,0.0,0.0,16.811007152254646,-2.198798033986119,4.597705144601216,0.0,0.0,0.0,2.3953543049298247,0.0,0.0,0.0,0.0,0.0,0.0
tactile_images/2684.png,contact,-3.5503020161993515,0.0,3.1615584277486874,0.0,0.0,16.8147356176394,1.5957394187181857,-0.820821140119544,0.0,0.0,0.0,-4.139544348257974,0.0,0.0,0.0,0.0,0.0,0.0
tactile_images/2685.png,contact,-3.78629986355158,0.0,3.822094387112117,0.0,0.0,16.819840673315866,1.5817475951379034,-1.86299274174887,0.0,0.0,0.0,-3.228493341986299,0.0,0.0,0.0,0.0,0.0,0.0
tactile_images/2686.png,contact,-1.034876665964548,0.0,3.00624330271282,0.0,0.0,16.906696653793837,2.050074741207528,4.740681163997012,0.0,0.0,0.0,-3.507735184468369,0.0,0.0,0.0,0.0,0.0,0.0
tactile_images/2687.png,contact,1.991216901832304,0.0,3.747877427207549,0.0,0.0,16.923342019781593,4.924650787777591,4.358788632431999,0.0,0.0,0.0,4.39033404166484,0.0,0.0,0.0,0.0,0.0,0.0
tactile_images/2688.png,contact,4.342913605716476,0.0,4.244058958504018,0.0,0.0,16.974168868449993,-1.1330229005259462,1.4193413976572096,0.0,0.0,0.0,1.981560032046488,0.0,0.0,0.0,0.0,0.0,0.0
tactile_images/2689.png,contact,2.125383351027499,0.0,4.604577632727375,0.0,0.0,16.982023583805073,-0.3468452551489909,-4.8149262514959865,0.0,0.0,0.0,-0.8871407083523994,0.0,0.0,0.0,0.0,0.0,0.0
tactile_images/2690.png,contact,3.184022831985743,0.0,4.132887370173253,0.0,0.0,17.000379722920258,3.046117010253408,2.4853497620657183,0.0,0.0,0.0,3.2220415084880205,0.0,0.0,0.0,0.0,0.0,0.0
tactile_images/2691.png,contact,4.112974662429444,0.0,3.309369696369722,0.0,0.0,17.04067782085913,0.7837002302188534,-1.6444259995799868,0.0,0.0,0.0,-2.8404059047773567,0.0,0.0,0.0,0.0,0.0,0.0
tactile_images/2692.png,contact,-0.8371358773136395,0.0,3.093395635770226,0.0,0.0,17.063756129495978,-4.627427893122004,-1.1171976914573891,0.0,0.0,0.0,4.310932790450988,0.0,0.0,0.0,0.0,0.0,0.0
tactile_images/2693.png,contact,2.0553424045808235,0.0,4.028161391238546,0.0,0.0,17.070678099255872,3.4307852025985657,-3.4125787102261143,0.0,0.0,0.0,1.9699732087910249,0.0,0.0,0.0,0.0,0.0,0.0
tactile_images/2694.png,contact,-0.1883805712607209,0.0,4.418628589606967,0.0,0.0,17.071981259606197,-4.485013180619591,0.2345808386489931,0.0,0.0,0.0,0.5958064100813223,0.0,0.0,0.0,0.0,0.0,0.0
tactile_images/2695.png,contact,2.713232203963912,0.0,3.110435253500812,0.0,0.0,17.077917687997406,-3.291798635082157,2.445525962037662,0.0,0.0,0.0,2.946484487033281,0.0,0.0,0.0,0.0,0.0,0.0
tactile_images/2696.png,contact,-3.64358249839637,0.0,3.0377617571524693,0.0,0.0,17.079791039646246,-3.979200330258128,-2.2698888190693154,0.0,0.0,0.0,1.4478098142515838,0.0,0.0,0.0,0.0,0.0,0.0
tactile_images/2697.png,contact,-3.289154741506774,0.0,3.8511117553934353,0.0,0.0,17.08664658716713,-4.220728671188798,4.387329080433752,0.0,0.0,0.0,3.871092750104824,0.0,0.0,0.0,0.0,0.0,0.0
tactile_images/2698.png,contact,0.0618595954307128,0.0,3.4166538937200794,0.0,0.0,17.123376761377273,-4.743151246952898,-3.052631439970457,0.0,0.0,0.0,3.2915266007442217,0.0,0.0,0.0,0.0,0.0,0.0
tactile_images/2699.png,contact,-2.422531871990872,0.0,3.2805700255759334,0.0,0.0,17.123634826686107,-4.449722860276326,-4.337376594055666,0.0,0.0,0.0,-3.021694949592212,0.0,0.0,0.0,0.0,0.0,0.0
tactile_images/2700.png,contact,-2.886149646724064,0.0,3.5787048204444925,0.0,0.0,17.126057694022492,-0.5756081082119007,1.44363873349901,0.0,0.0,0.0,-2.603361994556316,0.0,0.0,0.0,0.0,0.0,0.0
tactile_images/2701.png,contact,-3.154614284548341,0.0,4.371752550172929,0.0,0.0,17.182603974692952,-2.471477300173861,3.493187318800468,0.0,0.0,0.0,-4.349025862243565,0.0,0.0,0.0,0.0,0.0,0.0
tactile_images/2702.png,contact,0.6869829365898541,0.0,3.130091915474281,0.0,0.0,17.198116784564874,-3.734631165811813,4.531328593075122,0.0,0.0,0.0,-2.798010828271975,0.0,0.0,0.0,0.0,0.0,0.0
tactile_images/2703.png,contact,-0.3360254672687848,0.0,4.217998222103857,0.0,0.0,17.23312640174212,1.5870554272652608,2.671710105165188,0.0,0.0,0.0,-1.5651113506186531,0.0,0.0,0.0,0.0,0.0,0.0
tactile_images/2704.png,contact,-4.36829739324758,0.0,4.192949155087905,0.0,0.0,17.289485803252553,-2.7388808936574147,-3.003499884939277,0.0,0.0,0.0,-4.711726448275069,0.0,0.0,0.0,0.0,0.0,0.0
tactile_images/2705.png,contact,3.8516317526079646,0.0,4.037874728529514,0.0,0.0,17.30104871808787,-4.810508446551905,4.776611848037303,0.0,0.0,0.0,-1.8503745378938603,0.0,0.0,0.0,0.0,0.0,0.0
tactile_images/2706.png,contact,-1.6498490347599528,0.0,3.272467303091452,0.0,0.0,17.330759236289943,-0.8158021623267233,4.194358760288427,0.0,0.0,0.0,2.7154584162730044,0.0,0.0,0.0,0.0,0.0,0.0
tactile_images/2707.png,contact,3.719042536338,0.0,4.78003780229753,0.0,0.0,17.379995359235146,-1.895670080216949,-3.3683257723755258,0.0,0.0,0.0,3.4032759801361507,0.0,0.0,0.0,0.0,0.0,0.0
tactile_images/2708.png,contact,2.8648863368932806,0.0,4.033673535468998,0.0,0.0,17.381895767424105,-1.8139556865350723,0.5878582691532444,0.0,0.0,0.0,-4.911267100125767,0.0,0.0,0.0,0.0,0.0,0.0
tactile_images/2709.png,contact,0.3499048247357237,0.0,3.3207877500122907,0.0,0.0,17.386830340865494,-0.5472997181843855,0.5551742593097888,0.0,0.0,0.0,-4.928529617307673,0.0,0.0,0.0,0.0,0.0,0.0
tactile_images/2710.png,contact,-1.6821279855501627,0.0,3.92854473864868,0.0,0.0,17.388880018362762,1.6891392723427767,-0.5746522187052916,0.0,0.0,0.0,-3.5369289174899885,0.0,0.0,0.0,0.0,0.0,0.0
tactile_images/2711.png,contact,1.6843530093280623,0.0,3.749072304902082,0.0,0.0,17.40261930310134,1.1647912003799394,4.842813302596888,0.0,0.0,0.0,3.725770607337896,0.0,0.0,0.0,0.0,0.0,0.0
tactile_images/2712.png,contact,-3.292867993167554,0.0,3.805779157913261,0.0,0.0,17.404877485378087,4.372616097888756,-4.403777628197788,0.0,0.0,0.0,-0.3072194886764627,0.0,0.0,0.0,0.0,0.0,0.0
tactile_images/2713.png,contact,0.1547701480897867,0.0,4.696835452861022,0.0,0.0,17.430933280672996,0.1771666630252149,1.272089084435847,0.0,0.0,0.0,4.829020761679809,0.0,0.0,0.0,0.0,0.0,0.0
tactile_images/2714.png,contact,-4.9010884608686585,0.0,3.4122923205603284,0.0,0.0,17.49824545712837,-0.2743009027492782,-2.946963773211899,0.0,0.0,0.0,3.873314657668013,0.0,0.0,0.0,0.0,0.0,0.0
tactile_images/2715.png,contact,-2.2459828684762897,0.0,3.465944424156078,0.0,0.0,17.52141756917741,-2.8658556478310304,0.273312047309596,0.0,0.0,0.0,3.9012811347303984,0.0,0.0,0.0,0.0,0.0,0.0
tactile_images/2716.png,contact,1.549162544867663,0.0,3.5222542888661543,0.0,0.0,17.561794411657644,2.553812888481568,2.7974077178751875,0.0,0.0,0.0,-3.715235680712299,0.0,0.0,0.0,0.0,0.0,0.0
tactile_images/2717.png,contact,2.9531989094271607,0.0,4.087524911837312,0.0,0.0,17.577510984206683,-3.592242237857153,-2.5327319683145366,0.0,0.0,0.0,-0.2477065078729161,0.0,0.0,0.0,0.0,0.0,0.0
tactile_images/2718.png,contact,-3.1801476592249305,0.0,3.2538721153483525,0.0,0.0,17.577729728417765,-0.0886711017951586,-1.0664045351685147,0.0,0.0,0.0,4.935905973180187,0.0,0.0,0.0,0.0,0.0,0.0
tactile_images/2719.png,contact,-2.4573378273123216,0.0,4.834697803013498,0.0,0.0,17.59594288124474,-0.786778016125556,4.507680742803991,0.0,0.0,0.0,-3.509557697395808,0.0,0.0,0.0,0.0,0.0,0.0
tactile_images/2720.png,contact,-0.1891770528283753,0.0,4.289812647729834,0.0,0.0,17.606052257242276,1.583008784044032,2.614807377203096,0.0,0.0,0.0,0.7423345361819456,0.0,0.0,0.0,0.0,0.0,0.0
tactile_images/2721.png,contact,0.0155780107094276,0.0,3.4274733759638214,0.0,0.0,17.606497086272228,4.176214699566588,0.7272318451183555,0.0,0.0,0.0,-1.557200080469152,0.0,0.0,0.0,0.0,0.0,0.0
tactile_images/2722.png,contact,0.805520060426864,0.0,3.5617665461352,0.0,0.0,17.620767578108428,4.465955914982224,-2.7800261219328326,0.0,0.0,0.0,-1.1214185997964474,0.0,0.0,0.0,0.0,0.0,0.0
tactile_images/2723.png,contact,-3.0744015516406247,0.0,3.579974785288284,0.0,0.0,17.624566382593677,-3.322007328368416,-0.7469456252241695,0.0,0.0,0.0,3.907925040405011,0.0,0.0,0.0,0.0,0.0,0.0
tactile_images/2724.png,contact,3.0537616329512804,0.0,4.354163943902217,0.0,0.0,17.659972350438025,-2.381827817328218,2.740613190499227,0.0,0.0,0.0,0.8790256919228305,0.0,0.0,0.0,0.0,0.0,0.0
tactile_images/2725.png,contact,-3.631034258755936,0.0,3.6275642866114577,0.0,0.0,17.68777142438001,3.1163531996470653,3.2054307810997624,0.0,0.0,0.0,2.587763893888053,0.0,0.0,0.0,0.0,0.0,0.0
tactile_images/2726.png,contact,0.1256880175048635,0.0,3.076405567514782,0.0,0.0,17.699982089729573,0.1827976244919282,-2.5539380185760105,0.0,0.0,0.0,1.7323439749524103,0.0,0.0,0.0,0.0,0.0,0.0
tactile_images/2727.png,contact,2.094954943285796,0.0,4.293070197561465,0.0,0.0,17.743009536934665,-0.4696543164426812,1.6206021041701923,0.0,0.0,0.0,0.2901569056996944,0.0,0.0,0.0,0.0,0.0,0.0
tactile_images/2728.png,contact,3.2450837261864263,0.0,4.799519230736514,0.0,0.0,17.764517167888215,2.106254523807058,-4.049970078766001,0.0,0.0,0.0,2.91711198770376,0.0,0.0,0.0,0.0,0.0,0.0
tactile_images/2729.png,contact,3.369808861851138,0.0,4.098311381580478,0.0,0.0,17.77473092597173,1.019249526069718,-4.767876925495356,0.0,0.0,0.0,4.70732905910384,0.0,0.0,0.0,0.0,0.0,0.0
tactile_images/2730.png,contact,-2.9941587896897923,0.0,3.504363963638539,0.0,0.0,17.80227764147508,4.707140544213345,0.4867392343302121,0.0,0.0,0.0,4.668195539557862,0.0,0.0,0.0,0.0,0.0,0.0
tactile_images/2731.png,contact,-0.0035944621556058,0.0,3.8473863039992846,0.0,0.0,17.80378587776793,0.8397465228826695,-2.7562014571957127,0.0,0.0,0.0,2.894520009933704,0.0,0.0,0.0,0.0,0.0,0.0
tactile_images/2732.png,contact,-4.758652558191313,0.0,3.364670367156439,0.0,0.0,17.81637399791309,-0.3402617365274674,-4.210879687578672,0.0,0.0,0.0,-0.1267024425077103,0.0,0.0,0.0,0.0,0.0,0.0
tactile_images/2733.png,contact,-2.4882633696330645,0.0,4.6678332009220735,0.0,0.0,17.826783185842785,0.4281736207817568,2.2982831289523,0.0,0.0,0.0,-3.368410408087988,0.0,0.0,0.0,0.0,0.0,0.0
tactile_images/2734.png,contact,-1.0349309604337869,0.0,4.803676632883343,0.0,0.0,17.886213463527056,3.085398166969732,-0.0202541163535494,0.0,0.0,0.0,-4.555294910281056,0.0,0.0,0.0,0.0,0.0,0.0
tactile_images/2735.png,contact,4.275531122054411,0.0,3.0895028678524765,0.0,0.0,17.905793806776288,1.1267505678522085,2.962770109584505,0.0,0.0,0.0,-2.685550316340559,0.0,0.0,0.0,0.0,0.0,0.0
tactile_images/2736.png,contact,0.5138936904545748,0.0,3.902991878238888,0.0,0.0,17.92650374912658,1.4704809138671768,1.6394423968055696,0.0,0.0,0.0,-1.5974200040245656,0.0,0.0,0.0,0.0,0.0,0.0
tactile_images/2737.png,contact,-1.3617736470823267,0.0,4.333810773368421,0.0,0.0,17.931509499200054,4.714388800365919,2.2980493991549,0.0,0.0,0.0,-3.701503840819474,0.0,0.0,0.0,0.0,0.0,0.0
tactile_images/2738.png,contact,3.2670567992915425,0.0,4.49348661559632,0.0,0.0,17.934731580185115,1.1839548442545738,-1.9263941870410013,0.0,0.0,0.0,-2.752346703875478,0.0,0.0,0.0,0.0,0.0,0.0
tactile_images/2739.png,contact,-1.832953766065052,0.0,4.002239401650696,0.0,0.0,17.96368075359615,-1.197147516654602,-2.367241743167636,0.0,0.0,0.0,-4.16454535439116,0.0,0.0,0.0,0.0,0.0,0.0
tactile_images/2740.png,contact,-3.808707591989284,0.0,4.209900026295409,0.0,0.0,18.01166062103575,1.9132602701279653,1.0087489209526126,0.0,0.0,0.0,0.2367697206297876,0.0,0.0,0.0,0.0,0.0,0.0
tactile_images/2741.png,contact,-3.800790875614583,0.0,4.399426154308674,0.0,0.0,18.016804891073875,1.594593969773114,-2.9991785960191564,0.0,0.0,0.0,-3.7368180882645294,0.0,0.0,0.0,0.0,0.0,0.0
tactile_images/2742.png,contact,2.53321135478377,0.0,4.607769417470507,0.0,0.0,18.025598886236764,-4.861523644936181,3.154121156320212,0.0,0.0,0.0,2.4276862992295465,0.0,0.0,0.0,0.0,0.0,0.0
tactile_images/2743.png,contact,3.571497126991614,0.0,3.180637120598146,0.0,0.0,18.04283111893865,-0.3267070321416687,0.2292016897423856,0.0,0.0,0.0,-1.673502218559173,0.0,0.0,0.0,0.0,0.0,0.0
tactile_images/2744.png,contact,-1.0708957871875402,0.0,4.64617505801376,0.0,0.0,18.072223317174952,2.429036028823993,-2.7301006765223903,0.0,0.0,0.0,1.7206271421123116,0.0,0.0,0.0,0.0,0.0,0.0
tactile_images/2745.png,contact,-3.209810172991409,0.0,3.254841566718798,0.0,0.0,18.08936045902339,-0.0095854227887102,1.251682323299085,0.0,0.0,0.0,3.825194350803846,0.0,0.0,0.0,0.0,0.0,0.0
tactile_images/2746.png,contact,-1.7260211822512623,0.0,3.4750322411881203,0.0,0.0,18.115110551673617,2.7962113593538938,4.4503573508361765,0.0,0.0,0.0,-4.139834574629896,0.0,0.0,0.0,0.0,0.0,0.0
tactile_images/2747.png,contact,3.236130134937767,0.0,4.023072388469584,0.0,0.0,18.12328755593532,-0.4911630357238561,-4.179052734092259,0.0,0.0,0.0,4.890007874127104,0.0,0.0,0.0,0.0,0.0,0.0
tactile_images/2748.png,contact,0.3922123196727423,0.0,3.816040182570162,0.0,0.0,18.15074252862897,4.833215976372356,-3.9065479268649694,0.0,0.0,0.0,1.4524334236673546,0.0,0.0,0.0,0.0,0.0,0.0
tactile_images/2749.png,contact,-1.8325876365959592,0.0,4.553213679592782,0.0,0.0,18.15981934387977,-2.071084107961113,3.4383914686334,0.0,0.0,0.0,-4.466340645633441,0.0,0.0,0.0,0.0,0.0,0.0
tactile_images/2750.png,contact,-3.0812037956441696,0.0,4.3267252219129855,0.0,0.0,18.168601900888007,-4.078773918539264,-3.904062254331264,0.0,0.0,0.0,-1.8599776807383304,0.0,0.0,0.0,0.0,0.0,0.0
tactile_images/2751.png,contact,4.287432722347414,0.0,3.829471605059988,0.0,0.0,18.185783222455782,-0.699881988459027,-4.606246306470122,0.0,0.0,0.0,3.862451489414564,0.0,0.0,0.0,0.0,0.0,0.0
tactile_images/2752.png,contact,-0.6618069122507091,0.0,3.610762963936928,0.0,0.0,18.211631477859605,0.4170902487391901,-1.5206941895352708,0.0,0.0,0.0,0.9623360437289784,0.0,0.0,0.0,0.0,0.0,0.0
tactile_images/2753.png,contact,-2.295082286523967,0.0,4.63164170205059,0.0,0.0,18.22474051415206,-1.5090626831753848,-0.3329411507840243,0.0,0.0,0.0,-2.127776327550849,0.0,0.0,0.0,0.0,0.0,0.0
tactile_images/2754.png,contact,4.9934660923870045,0.0,4.521116231039846,0.0,0.0,18.24719170401688,-2.57718839882041,0.6944443669068976,0.0,0.0,0.0,4.404945843985141,0.0,0.0,0.0,0.0,0.0,0.0
tactile_images/2755.png,contact,0.5745448518525444,0.0,4.664081478437552,0.0,0.0,18.26288982557712,1.7205869138548904,0.0730023256424985,0.0,0.0,0.0,2.87252570407822,0.0,0.0,0.0,0.0,0.0,0.0
tactile_images/2756.png,contact,-2.083629767150348,0.0,4.086939739962727,0.0,0.0,18.27257548841513,-1.2287490014374791,4.131845626581134,0.0,0.0,0.0,2.355384961499478,0.0,0.0,0.0,0.0,0.0,0.0
tactile_images/2757.png,contact,3.930193611730416,0.0,4.5958863785066,0.0,0.0,18.340290453119827,1.3136852910063688,2.686681003916373,0.0,0.0,0.0,3.884271200067028,0.0,0.0,0.0,0.0,0.0,0.0
tactile_images/2758.png,contact,3.981068991270632,0.0,4.652538299725162,0.0,0.0,18.398863858283583,2.790714485987759,4.838102558617107,0.0,0.0,0.0,2.697799447086158,0.0,0.0,0.0,0.0,0.0,0.0
tactile_images/2759.png,contact,3.866964952725358,0.0,4.848632710014858,0.0,0.0,18.41758374966478,2.6100262776002374,-0.2354457677467767,0.0,0.0,0.0,-2.1326164680113715,0.0,0.0,0.0,0.0,0.0,0.0
tactile_images/2760.png,contact,1.5390027346221444,0.0,4.0166233885533895,0.0,0.0,18.480169513017103,-1.2469068936430872,-4.156703901608211,0.0,0.0,0.0,0.8388607552560785,0.0,0.0,0.0,0.0,0.0,0.0
tactile_images/2761.png,contact,4.373467965446455,0.0,4.458067485658988,0.0,0.0,18.501138186801,0.6789822895017474,4.555306429428747,0.0,0.0,0.0,3.422861677619633,0.0,0.0,0.0,0.0,0.0,0.0
tactile_images/2762.png,contact,3.363761788083308,0.0,3.128638446387167,0.0,0.0,18.54021686104721,-0.5034177555725758,-4.958868384109026,0.0,0.0,0.0,-3.191518932771651,0.0,0.0,0.0,0.0,0.0,0.0
tactile_images/2763.png,contact,-4.053819764192637,0.0,4.019446343207131,0.0,0.0,18.57412889127375,3.708052527096603,2.760960138390484,0.0,0.0,0.0,-3.369767204987968,0.0,0.0,0.0,0.0,0.0,0.0
tactile_images/2764.png,contact,1.0199470704549718,0.0,4.387515840698151,0.0,0.0,18.58101167849226,3.787584797999992,-4.687179692283205,0.0,0.0,0.0,-3.410237524291201,0.0,0.0,0.0,0.0,0.0,0.0
tactile_images/2765.png,contact,3.804057540616983,0.0,4.725350325891451,0.0,0.0,18.62108115081488,-1.562584171119632,2.612141906516384,0.0,0.0,0.0,-3.057447253374792,0.0,0.0,0.0,0.0,0.0,0.0
tactile_images/2766.png,contact,-0.3949129237533721,0.0,3.2905720194915733,0.0,0.0,18.62713619213901,-4.082625521212693,4.379389398480543,0.0,0.0,0.0,-3.967691843867823,0.0,0.0,0.0,0.0,0.0,0.0
tactile_images/2767.png,contact,4.333479594393101,0.0,4.004263281839065,0.0,0.0,18.63443744306896,-3.3241751667598054,-1.1073970266895317,0.0,0.0,0.0,3.3762901996416623,0.0,0.0,0.0,0.0,0.0,0.0
tactile_images/2768.png,contact,-3.1397026950601887,0.0,3.3723300714921405,0.0,0.0,18.6797548026198,-1.3299825786911623,-2.590351487802823,0.0,0.0,0.0,3.183182203974839,0.0,0.0,0.0,0.0,0.0,0.0
tactile_images/2769.png,contact,-3.9208468894023447,0.0,3.3512529311360044,0.0,0.0,18.698427524286338,0.6424995476299067,-2.737208474881692,0.0,0.0,0.0,-3.4863100814090497,0.0,0.0,0.0,0.0,0.0,0.0
tactile_images/2770.png,contact,2.9081453459207216,0.0,3.4049350841915,0.0,0.0,18.71743568758941,1.5678701096442929,-0.0828235584979664,0.0,0.0,0.0,2.05537176710346,0.0,0.0,0.0,0.0,0.0,0.0
tactile_images/2771.png,contact,-3.059925497751582,0.0,3.2912574770509027,0.0,0.0,18.74491430915124,-1.6862895371399975,-3.2911296424320846,0.0,0.0,0.0,1.2697555920994965,0.0,0.0,0.0,0.0,0.0,0.0
tactile_images/2772.png,contact,-3.3582592791051606,0.0,3.159787375582722,0.0,0.0,18.770541172375538,1.6749911962398576,1.7292363065971204,0.0,0.0,0.0,-2.2380573438763864,0.0,0.0,0.0,0.0,0.0,0.0
tactile_images/2773.png,contact,-0.2965057835600646,0.0,4.040320446048791,0.0,0.0,18.773397685980264,4.37739983673756,-1.3164764251162508,0.0,0.0,0.0,-2.726315663066805,0.0,0.0,0.0,0.0,0.0,0.0
tactile_images/2774.png,contact,-2.6999355309861084,0.0,4.2353891723771815,0.0,0.0,18.785909930837832,1.5201412716895044,-1.7689050759674094,0.0,0.0,0.0,-2.4941414472457857,0.0,0.0,0.0,0.0,0.0,0.0
tactile_images/2775.png,contact,-4.954375161913099,0.0,3.6363504190174063,0.0,0.0,18.81780132814646,-3.414347705556488,-0.3871442374354297,0.0,0.0,0.0,2.3063060810686764,0.0,0.0,0.0,0.0,0.0,0.0
tactile_images/2776.png,contact,-3.2645746610774165,0.0,4.076768373792866,0.0,0.0,18.83358844015501,0.7966891297762757,0.4258750243975182,0.0,0.0,0.0,-1.8068293365954915,0.0,0.0,0.0,0.0,0.0,0.0
tactile_images/2777.png,contact,4.656114788847816,0.0,3.081956444499781,0.0,0.0,18.844013727890022,0.4189551676698277,-3.580697377412042,0.0,0.0,0.0,-2.2204072238252657,0.0,0.0,0.0,0.0,0.0,0.0
tactile_images/2778.png,contact,-1.0111501174320878,0.0,4.387019674092641,0.0,0.0,18.86109447582548,3.707001108984207,2.0776336379684333,0.0,0.0,0.0,-4.775189001313511,0.0,0.0,0.0,0.0,0.0,0.0
tactile_images/2779.png,contact,-2.036997796290509,0.0,3.915849159721796,0.0,0.0,18.862127449043854,-1.4969694478702564,3.829470999053262,0.0,0.0,0.0,4.082364937765217,0.0,0.0,0.0,0.0,0.0,0.0
tactile_images/2780.png,contact,-0.9029494251480772,0.0,4.464581134851392,0.0,0.0,18.876347327296912,-0.7705438994331999,-2.220130837988182,0.0,0.0,0.0,2.5270414447896394,0.0,0.0,0.0,0.0,0.0,0.0
tactile_images/2781.png,contact,0.0767451999881805,0.0,3.333091177187603,0.0,0.0,18.947625538496588,0.9865905548649369,-3.196090981705152,0.0,0.0,0.0,-0.2721632419327955,0.0,0.0,0.0,0.0,0.0,0.0
tactile_images/2782.png,contact,2.5162373963019977,0.0,4.50760696753709,0.0,0.0,18.95916393601709,0.2442531174202544,2.605054237190636,0.0,0.0,0.0,4.429269203505722,0.0,0.0,0.0,0.0,0.0,0.0
tactile_images/2783.png,contact,-1.6196894479386863,0.0,3.8661490102891305,0.0,0.0,18.96366256823496,2.190165924051742,-3.164582762343505,0.0,0.0,0.0,-2.064677882245778,0.0,0.0,0.0,0.0,0.0,0.0
tactile_images/2784.png,contact,4.632786374991788,0.0,3.718141558086303,0.0,0.0,18.97710061196529,-4.596110090875042,-4.587448396370434,0.0,0.0,0.0,1.7470504318314817,0.0,0.0,0.0,0.0,0.0,0.0
tactile_images/2785.png,contact,4.9618007734141685,0.0,4.503752488738382,0.0,0.0,19.00000206455171,0.6351601920695984,1.1924322038277886,0.0,0.0,0.0,-1.9484962232127567,0.0,0.0,0.0,0.0,0.0,0.0
tactile_images/2786.png,contact,-0.8304156096969217,0.0,4.510874545031163,0.0,0.0,19.01165326226456,-3.783281069961247,-2.6024858369464976,0.0,0.0,0.0,-1.8542757448105185,0.0,0.0,0.0,0.0,0.0,0.0
tactile_images/2787.png,contact,-2.200365365460744,0.0,4.545747872763706,0.0,0.0,19.05004592871109,-1.8479100748027868,-3.281895910714403,0.0,0.0,0.0,3.447091667152698,0.0,0.0,0.0,0.0,0.0,0.0
tactile_images/2788.png,contact,-2.024649705441039,0.0,4.885825422783513,0.0,0.0,19.054943255451377,1.6162686153239036,4.816027417145062,0.0,0.0,0.0,2.8702195345583075,0.0,0.0,0.0,0.0,0.0,0.0
tactile_images/2789.png,contact,-3.05430043045979,0.0,4.684499170398468,0.0,0.0,19.07075252760169,-3.425857994078223,-2.081350166002723,0.0,0.0,0.0,-2.058925693426512,0.0,0.0,0.0,0.0,0.0,0.0
tactile_images/2790.png,contact,-0.1398948915981082,0.0,3.786340869128528,0.0,0.0,19.0898039568218,-1.911581644953712,4.034432902155357,0.0,0.0,0.0,-4.186104843334062,0.0,0.0,0.0,0.0,0.0,0.0
tactile_images/2791.png,contact,1.5049362791318122,0.0,3.689573857309073,0.0,0.0,19.12056882407797,2.03006482835312,-3.217812341113957,0.0,0.0,0.0,-1.424158604088015,0.0,0.0,0.0,0.0,0.0,0.0
tactile_images/2792.png,contact,0.2006116528287647,0.0,3.56026823755076,0.0,0.0,19.12869499892537,1.508052425268339,3.1897713206243523,0.0,0.0,0.0,2.600575354853153,0.0,0.0,0.0,0.0,0.0,0.0
tactile_images/2793.png,contact,3.373830606551087,0.0,4.4666558174337245,0.0,0.0,19.128983875793395,-4.089603307902619,0.0201887304848202,0.0,0.0,0.0,-3.994556388149935,0.0,0.0,0.0,0.0,0.0,0.0
tactile_images/2794.png,contact,4.270981646320965,0.0,3.462072275894119,0.0,0.0,19.152503315252133,0.7726849349232392,-4.214052308840048,0.0,0.0,0.0,1.7210086472325248,0.0,0.0,0.0,0.0,0.0,0.0
tactile_images/2795.png,contact,2.026509926274493,0.0,4.743091361416253,0.0,0.0,19.18518867002548,-3.5274553808136053,2.336052936435724,0.0,0.0,0.0,3.897632599139048,0.0,0.0,0.0,0.0,0.0,0.0
tactile_images/2796.png,contact,-3.635475225145452,0.0,4.874224987842944,0.0,0.0,19.20307982076633,-2.477286212855073,3.920733717347799,0.0,0.0,0.0,-3.207728443949529,0.0,0.0,0.0,0.0,0.0,0.0
tactile_images/2797.png,contact,-4.444485826943033,0.0,3.298769093542456,0.0,0.0,19.233729204689183,-0.4078872136422129,-3.369830096644785,0.0,0.0,0.0,3.6220432428620377,0.0,0.0,0.0,0.0,0.0,0.0
tactile_images/2798.png,contact,-1.5663107370787612,0.0,4.001938603717736,0.0,0.0,19.25018667666292,-3.906531767018109,2.255902423361753,0.0,0.0,0.0,-4.48636117543109,0.0,0.0,0.0,0.0,0.0,0.0
tactile_images/2799.png,contact,-0.2339091137436639,0.0,3.4497936114608145,0.0,0.0,19.27105216449671,4.936469679185668,-0.5494748092687622,0.0,0.0,0.0,1.6688025809056342,0.0,0.0,0.0,0.0,0.0,0.0
tactile_images/2800.png,contact,-3.629968313588721,0.0,3.106680326010367,0.0,0.0,19.29286457525957,-3.3463043894599886,2.538704532567184,0.0,0.0,0.0,2.910389203758728,0.0,0.0,0.0,0.0,0.0,0.0
tactile_images/2801.png,contact,-4.760138232792135,0.0,3.8861518658668976,0.0,0.0,19.371866140902227,2.813126284286044,2.139279481853057,0.0,0.0,0.0,-0.5523388234066768,0.0,0.0,0.0,0.0,0.0,0.0
tactile_images/2802.png,contact,-0.0263124263013043,0.0,4.523610509909905,0.0,0.0,19.381231915872675,3.2983884502322507,-4.733997695369946,0.0,0.0,0.0,-2.9627130518648648,0.0,0.0,0.0,0.0,0.0,0.0
tactile_images/2803.png,contact,-2.1904590518424545,0.0,4.18382880883814,0.0,0.0,19.436301372545728,4.944639698960014,-3.2127896403284484,0.0,0.0,0.0,4.247294989035057,0.0,0.0,0.0,0.0,0.0,0.0
tactile_images/2804.png,contact,-4.574480190380962,0.0,3.142013560445177,0.0,0.0,19.44122768395593,-0.713467821477316,-0.2897275706772557,0.0,0.0,0.0,-4.800311313968312,0.0,0.0,0.0,0.0,0.0,0.0
tactile_images/2805.png,contact,-0.7998378742813124,0.0,4.646452718492999,0.0,0.0,19.47479020964204,3.7409452013934015,4.335941719120802,0.0,0.0,0.0,0.5507122922953247,0.0,0.0,0.0,0.0,0.0,0.0
tactile_images/2806.png,contact,3.262384068642562,0.0,3.4804543327910906,0.0,0.0,19.48941612209628,4.57539439016851,-1.5792654324519848,0.0,0.0,0.0,-1.2715059129496775,0.0,0.0,0.0,0.0,0.0,0.0
tactile_images/2807.png,contact,-1.56729484721608,0.0,4.017752502818669,0.0,0.0,19.52989722748069,-3.2710585510533283,1.2887347028018192,0.0,0.0,0.0,-0.3894280451895424,0.0,0.0,0.0,0.0,0.0,0.0
tactile_images/2808.png,contact,1.1564496147586514,0.0,4.480298787395181,0.0,0.0,19.53323294280156,-0.2056391094046734,-4.879162544855712,0.0,0.0,0.0,0.3656505627889581,0.0,0.0,0.0,0.0,0.0,0.0
tactile_images/2809.png,contact,-4.271237818644494,0.0,3.066786409731715,0.0,0.0,19.54849319049947,-4.399891811439122,2.111269215469441,0.0,0.0,0.0,0.3474862226650881,0.0,0.0,0.0,0.0,0.0,0.0
tactile_images/2810.png,contact,-4.758520794625346,0.0,3.4022730851807546,0.0,0.0,19.55445202686024,1.207240120242016,1.030682627528046,0.0,0.0,0.0,-2.96376336243568,0.0,0.0,0.0,0.0,0.0,0.0
tactile_images/2811.png,contact,-0.2569018230268582,0.0,4.33520342716647,0.0,0.0,19.5554674738896,0.8140615685656636,2.1539474661576588,0.0,0.0,0.0,1.797023229000433,0.0,0.0,0.0,0.0,0.0,0.0
tactile_images/2812.png,contact,4.942413395018784,0.0,4.608640652194345,0.0,0.0,19.595508052914223,-2.9587371533680287,4.046606130249449,0.0,0.0,0.0,-4.808517088078538,0.0,0.0,0.0,0.0,0.0,0.0
tactile_images/2813.png,contact,4.480434224457316,0.0,3.296267844032766,0.0,0.0,19.64178236449084,2.9790275889412605,-3.5350106688219,0.0,0.0,0.0,-4.788159057871432,0.0,0.0,0.0,0.0,0.0,0.0
tactile_images/2814.png,contact,2.4175561170104167,0.0,3.1230860682696737,0.0,0.0,19.655316160546136,-4.6273127723646015,-2.384104039919329,0.0,0.0,0.0,-0.2151265872169006,0.0,0.0,0.0,0.0,0.0,0.0
tactile_images/2815.png,contact,4.808445144487471,0.0,4.306977864116496,0.0,0.0,19.662679329833267,3.062273241275569,4.957808921681421,0.0,0.0,0.0,0.4190288027027584,0.0,0.0,0.0,0.0,0.0,0.0
tactile_images/2816.png,contact,-2.979141596158941,0.0,3.482413549256046,0.0,0.0,19.69557733851001,-4.733547088361326,-3.4371604149037305,0.0,0.0,0.0,-2.251105182997396,0.0,0.0,0.0,0.0,0.0,0.0
tactile_images/2817.png,contact,-2.941973312770843,0.0,4.063821393762605,0.0,0.0,19.71498579991794,1.5682881213635025,2.206270065260263,0.0,0.0,0.0,0.5167553362683357,0.0,0.0,0.0,0.0,0.0,0.0
tactile_images/2818.png,contact,4.518139876067037,0.0,3.428916458648323,0.0,0.0,19.74202485754708,-4.212304860850987,2.250759105109018,0.0,0.0,0.0,0.1610923298559008,0.0,0.0,0.0,0.0,0.0,0.0
tactile_images/2819.png,contact,-4.484533069621566,0.0,4.658363559899835,0.0,0.0,19.775325204063776,-2.4877448068767705,1.8299374623556943,0.0,0.0,0.0,-1.507794452273552,0.0,0.0,0.0,0.0,0.0,0.0
tactile_images/2820.png,contact,-2.3886667713303265,0.0,3.3657875446583985,0.0,0.0,19.79456799127142,2.219133493118358,-2.725594106854224,0.0,0.0,0.0,1.517746365451166,0.0,0.0,0.0,0.0,0.0,0.0
tactile_images/2821.png,contact,1.0613559434584152,0.0,4.367399091449242,0.0,0.0,19.82208606974837,-2.1959520037461324,-2.8486593678612926,0.0,0.0,0.0,4.579372165467692,0.0,0.0,0.0,0.0,0.0,0.0
tactile_images/2822.png,contact,0.6834045377032059,0.0,3.742926678668943,0.0,0.0,19.828819195742994,0.1117384871773472,1.66341068034788,0.0,0.0,0.0,-0.0919730557486451,0.0,0.0,0.0,0.0,0.0,0.0
tactile_images/2823.png,contact,4.818898161791595,0.0,3.874563296489235,0.0,0.0,19.88392935077202,4.152482695201144,-3.1374981554078394,0.0,0.0,0.0,2.8605075927498023,0.0,0.0,0.0,0.0,0.0,0.0
tactile_images/2824.png,contact,-2.0874469774297646,0.0,3.4012327422493054,0.0,0.0,19.895859657259862,-4.503656459634216,1.615633317405374,0.0,0.0,0.0,-2.524034364270104,0.0,0.0,0.0,0.0,0.0,0.0
tactile_images/2825.png,contact,-4.598628027134552,0.0,4.75240672444997,0.0,0.0,19.91569937380432,3.110797937356736,-0.0747171797468198,0.0,0.0,0.0,2.6195059350748124,0.0,0.0,0.0,0.0,0.0,0.0
tactile_images/2826.png,contact,-0.8945398948469716,0.0,3.584580345418506,0.0,0.0,19.9517039376928,-4.347280014315105,-1.133711323506159,0.0,0.0,0.0,1.489059545019943,0.0,0.0,0.0,0.0,0.0,0.0
tactile_images/2827.png,contact,0.5409729362325164,0.0,4.373904882770876,0.0,0.0,19.959324958602863,-3.7320515566332335,-1.9976765062205424,0.0,0.0,0.0,1.3969777992830377,0.0,0.0,0.0,0.0,0.0,0.0
tactile_images/2828.png,contact,-1.9589911816880248,0.0,3.675511974264458,0.0,0.0,19.96377634894897,-3.8068089611078912,4.475769333231167,0.0,0.0,0.0,3.930353404422275,0.0,0.0,0.0,0.0,0.0,0.0
tactile_images/2829.png,contact,-3.2655107419146425,0.0,4.456208984735484,0.0,0.0,19.96584747797158,4.941022832107262,0.0809365774278756,0.0,0.0,0.0,-2.666497450477483,0.0,0.0,0.0,0.0,0.0,0.0
tactile_images/2830.png,contact,1.6865299289694926,0.0,3.1973147534656183,0.0,0.0,19.996975122810696,-3.198136806684666,0.6125196251096199,0.0,0.0,0.0,-1.3154988290905791,0.0,0.0,0.0,0.0,0.0,0.0
tactile_images/2831.png,contact,2.252684744804805,0.0,3.9557541542454615,0.0,0.0,20.005028913271445,3.967618462562682,4.492560846867855,0.0,0.0,0.0,-4.169325429890143,0.0,0.0,0.0,0.0,0.0,0.0
tactile_images/2832.png,contact,-2.496518317429248,0.0,4.357094682836321,0.0,0.0,20.03853011953997,4.909321629465541,1.5387731809713363,0.0,0.0,0.0,2.261199767692121,0.0,0.0,0.0,0.0,0.0,0.0
tactile_images/2833.png,contact,0.3630159506001789,0.0,3.371664111130685,0.0,0.0,20.046669099445936,-1.1621522958770203,4.578529277568276,0.0,0.0,0.0,3.438672852996117,0.0,0.0,0.0,0.0,0.0,0.0
tactile_images/2834.png,contact,-2.067772168854458,0.0,3.045139393146885,0.0,0.0,20.067767415775847,1.3104854352868545,-3.936332594773016,0.0,0.0,0.0,-0.9416649636819692,0.0,0.0,0.0,0.0,0.0,0.0
tactile_images/2835.png,contact,3.580280102390061,0.0,3.458233227822798,0.0,0.0,20.08801284538984,2.790912537636125,3.4663963177240387,0.0,0.0,0.0,-1.4317318153174052,0.0,0.0,0.0,0.0,0.0,0.0
tactile_images/2836.png,contact,-4.5006196705080495,0.0,4.961296439128099,0.0,0.0,20.12033627949768,-1.073549181637917,-1.6458537197690912,0.0,0.0,0.0,1.5865185585652757,0.0,0.0,0.0,0.0,0.0,0.0
tactile_images/2837.png,contact,1.970690943595708,0.0,3.549816674964481,0.0,0.0,20.12203904770344,-3.381858595021927,3.104875250703412,0.0,0.0,0.0,-4.2440953921066304,0.0,0.0,0.0,0.0,0.0,0.0
tactile_images/2838.png,contact,4.349484070147205,0.0,3.4912631480976293,0.0,0.0,20.18054135761525,-0.6623725620743883,3.556366241949785,0.0,0.0,0.0,-2.061581038636863,0.0,0.0,0.0,0.0,0.0,0.0
tactile_images/2839.png,contact,0.3946050272586001,0.0,4.1210787048335416,0.0,0.0,20.20705547210315,2.7188764500294464,-2.285121138574442,0.0,0.0,0.0,-1.3378720146481626,0.0,0.0,0.0,0.0,0.0,0.0
tactile_images/2840.png,contact,4.580847832837424,0.0,4.651217345015188,0.0,0.0,20.21175519771488,2.807627627484031,-0.9116938348452112,0.0,0.0,0.0,0.18590284030752,0.0,0.0,0.0,0.0,0.0,0.0
tactile_images/2841.png,contact,-1.118310201032214,0.0,3.029660324863416,0.0,0.0,20.223163162404504,-2.6946120782908665,2.26014354314904,0.0,0.0,0.0,-0.2343078053099052,0.0,0.0,0.0,0.0,0.0,0.0
tactile_images/2842.png,contact,-0.911303032585165,0.0,3.200463756352572,0.0,0.0,20.230439109694885,-3.250343601092535,-4.0094436910302935,0.0,0.0,0.0,-2.913195772253732,0.0,0.0,0.0,0.0,0.0,0.0
tactile_images/2843.png,contact,-3.5061605784113787,0.0,4.8439112602655,0.0,0.0,20.26803569361784,4.205607021003496,2.5553353433934003,0.0,0.0,0.0,0.4078787386333253,0.0,0.0,0.0,0.0,0.0,0.0
tactile_images/2844.png,contact,1.1448809526307766,0.0,3.5743045268752573,0.0,0.0,20.270084650662184,-4.560009694416895,-3.89527073945256,0.0,0.0,0.0,4.258686908867697,0.0,0.0,0.0,0.0,0.0,0.0
tactile_images/2845.png,contact,-1.5166682537588505,0.0,4.468974080644808,0.0,0.0,20.28740677078062,2.347384757650869,4.144557322680582,0.0,0.0,0.0,-4.729121097028701,0.0,0.0,0.0,0.0,0.0,0.0
tactile_images/2846.png,contact,-0.3998537971585545,0.0,3.399745949298888,0.0,0.0,20.3008677597781,-4.53578614553246,-2.236607067036465,0.0,0.0,0.0,1.803065724046725,0.0,0.0,0.0,0.0,0.0,0.0
tactile_images/2847.png,contact,-3.6609563361169135,0.0,4.062218845088311,0.0,0.0,20.30899172794797,3.379000508609879,0.7559934686735579,0.0,0.0,0.0,1.2470902726230886,0.0,0.0,0.0,0.0,0.0,0.0
tactile_images/2848.png,contact,-4.69723632797977,0.0,3.229572557321225,0.0,0.0,20.31279253048268,4.05414813336102,-3.828464999237272,0.0,0.0,0.0,4.244269547116623,0.0,0.0,0.0,0.0,0.0,0.0
tactile_images/2849.png,contact,2.157259070724833,0.0,3.182132364164362,0.0,0.0,20.323846862485624,-2.02580875770901,-2.3050684533752133,0.0,0.0,0.0,1.4534494040708177,0.0,0.0,0.0,0.0,0.0,0.0
tactile_images/2850.png,contact,2.727303727368485,0.0,3.696955951591311,0.0,0.0,20.32782397438256,-4.260643564833025,-0.960449565128946,0.0,0.0,0.0,1.2484271248104335,0.0,0.0,0.0,0.0,0.0,0.0
tactile_images/2851.png,contact,-3.793302156784741,0.0,3.853347961231609,0.0,0.0,20.32869091457563,-0.1931546365257137,-0.1295112331698567,0.0,0.0,0.0,2.698056600982401,0.0,0.0,0.0,0.0,0.0,0.0
tactile_images/2852.png,contact,0.4482800826634356,0.0,3.2667984703549786,0.0,0.0,20.340664618967622,-2.015369632545232,-4.999325023534256,0.0,0.0,0.0,-2.3219405118033976,0.0,0.0,0.0,0.0,0.0,0.0
tactile_images/2853.png,contact,-1.769407829968373,0.0,4.80330677342541,0.0,0.0,20.3549777729244,-0.8286385718962102,3.886557623804684,0.0,0.0,0.0,0.9573226243223713,0.0,0.0,0.0,0.0,0.0,0.0
tactile_images/2854.png,contact,-2.0904626172243272,0.0,3.373465988194742,0.0,0.0,20.35825088751904,1.649854534886802,-4.923251904411229,0.0,0.0,0.0,0.1942110936184597,0.0,0.0,0.0,0.0,0.0,0.0
tactile_images/2855.png,contact,-3.727538395661279,0.0,4.08376034655244,0.0,0.0,20.385311346626622,-2.9017396405128304,2.7368456299442503,0.0,0.0,0.0,-0.615274933450265,0.0,0.0,0.0,0.0,0.0,0.0
tactile_images/2856.png,contact,-3.1087858100791834,0.0,4.638461153680204,0.0,0.0,20.406521855666483,-1.4304843048591365,-0.2942108764362903,0.0,0.0,0.0,-4.205128326305392,0.0,0.0,0.0,0.0,0.0,0.0
tactile_images/2857.png,contact,-2.962414505413685,0.0,4.538373579991856,0.0,0.0,20.43925449422906,2.8256249029267364,0.2388002490137637,0.0,0.0,0.0,-2.0737114198715867,0.0,0.0,0.0,0.0,0.0,0.0
tactile_images/2858.png,contact,-3.8811818893403576,0.0,4.305053755500838,0.0,0.0,20.449411921677807,1.4376194995282168,-2.917345206654592,0.0,0.0,0.0,-2.2001828600983053,0.0,0.0,0.0,0.0,0.0,0.0
tactile_images/2859.png,contact,2.73343597773012,0.0,3.341889787135172,0.0,0.0,20.48242049054756,-1.7372450884876134,1.073683503457041,0.0,0.0,0.0,2.24250957164001,0.0,0.0,0.0,0.0,0.0,0.0
tactile_images/2860.png,contact,-3.6013969334943496,0.0,4.528186000425963,0.0,0.0,20.48645615139081,1.6430160025992857,0.3723190916945214,0.0,0.0,0.0,4.206561352104348,0.0,0.0,0.0,0.0,0.0,0.0
tactile_images/2861.png,contact,-2.6078504861689744,0.0,4.171726101055843,0.0,0.0,20.50123398236072,2.653129228919666,-3.357635933797046,0.0,0.0,0.0,-2.692127771231514,0.0,0.0,0.0,0.0,0.0,0.0
tactile_images/2862.png,contact,-4.81143731791822,0.0,3.677872439874053,0.0,0.0,20.50898598640559,0.9248558095278748,-2.6188099865078085,0.0,0.0,0.0,-4.253760611086741,0.0,0.0,0.0,0.0,0.0,0.0
tactile_images/2863.png,contact,-3.763194331423115,0.0,3.654183012003277,0.0,0.0,20.568833879574967,-2.605031674989915,-4.330963709875428,0.0,0.0,0.0,4.999569543687702,0.0,0.0,0.0,0.0,0.0,0.0
tactile_images/2864.png,contact,-1.1784724020121384,0.0,4.252489645526066,0.0,0.0,20.588531249914524,-4.997547094880069,-4.337164279105473,0.0,0.0,0.0,1.9120533013405483,0.0,0.0,0.0,0.0,0.0,0.0
tactile_images/2865.png,contact,-4.416919866580306,0.0,4.9719206042307,0.0,0.0,20.596803288638924,3.028491069882813,-4.862242140475734,0.0,0.0,0.0,3.864708469902574,0.0,0.0,0.0,0.0,0.0,0.0
tactile_images/2866.png,contact,-3.707534503372592,0.0,4.024339911867775,0.0,0.0,20.5983263787447,3.226335553161645,-2.795256745169162,0.0,0.0,0.0,-3.561205841362037,0.0,0.0,0.0,0.0,0.0,0.0
tactile_images/2867.png,contact,-2.803655030068817,0.0,4.820443402820624,0.0,0.0,20.606888438809293,1.9760450139436203,1.796612273970557,0.0,0.0,0.0,3.007680411173688,0.0,0.0,0.0,0.0,0.0,0.0
tactile_images/2868.png,contact,-1.593539222057827,0.0,4.084717900984643,0.0,0.0,20.647799392883115,-4.234190686323862,-1.8378461185764368,0.0,0.0,0.0,3.133237459881002,0.0,0.0,0.0,0.0,0.0,0.0
tactile_images/2869.png,contact,0.6233867185179651,0.0,4.385226886850202,0.0,0.0,20.676194992655567,0.8522228750804617,-1.5726573013262335,0.0,0.0,0.0,-3.4851107400939085,0.0,0.0,0.0,0.0,0.0,0.0
tactile_images/2870.png,contact,1.254598811526375,0.0,4.440535847894791,0.0,0.0,20.699847989097336,3.2102067127160723,-3.6809460674455527,0.0,0.0,0.0,-3.3859581990590426,0.0,0.0,0.0,0.0,0.0,0.0
tactile_images/2871.png,contact,3.323807837116824,0.0,3.5880067771899062,0.0,0.0,20.753228978695542,-1.1033167989183434,0.7547066765641999,0.0,0.0,0.0,-2.0454878387819897,0.0,0.0,0.0,0.0,0.0,0.0
tactile_images/2872.png,contact,-3.3790837485180365,0.0,4.830945975147031,0.0,0.0,20.77747407401129,-3.019992657797459,-1.5785635845326276,0.0,0.0,0.0,-2.8321255236426026,0.0,0.0,0.0,0.0,0.0,0.0
tactile_images/2873.png,contact,0.4974575385710968,0.0,4.905607696498347,0.0,0.0,20.7959735968612,0.8762729724147071,1.7631680343021472,0.0,0.0,0.0,4.75409908056594,0.0,0.0,0.0,0.0,0.0,0.0
tactile_images/2874.png,contact,-3.861957804650745,0.0,3.2450382850741875,0.0,0.0,20.816134745929944,3.2630662730087785,2.4145946884255345,0.0,0.0,0.0,-1.3705616636356552,0.0,0.0,0.0,0.0,0.0,0.0
tactile_images/2875.png,contact,1.5242847576101792,0.0,4.390708501463739,0.0,0.0,20.81917590069942,-4.511300412929344,0.8469287524838212,0.0,0.0,0.0,2.613064117672069,0.0,0.0,0.0,0.0,0.0,0.0
tactile_images/2876.png,contact,2.065111767918784,0.0,4.995830268824576,0.0,0.0,20.839381428470944,0.9695121716073576,-2.239304631879637,0.0,0.0,0.0,3.0505080348267253,0.0,0.0,0.0,0.0,0.0,0.0
tactile_images/2877.png,contact,-4.972378999036026,0.0,4.3524674700809545,0.0,0.0,20.906483952607857,1.4317379533934194,0.0860779933725428,0.0,0.0,0.0,-1.1405911284532544,0.0,0.0,0.0,0.0,0.0,0.0
tactile_images/2878.png,contact,-2.6756762851791827,0.0,3.7647291958334215,0.0,0.0,20.911416268310816,1.0236703934827958,-2.480691953176967,0.0,0.0,0.0,1.825855542823355,0.0,0.0,0.0,0.0,0.0,0.0
tactile_images/2879.png,contact,2.14241675407294,0.0,4.40556575433195,0.0,0.0,20.94856752435146,1.5003368423704853,4.02912835353918,0.0,0.0,0.0,-3.921998591042729,0.0,0.0,0.0,0.0,0.0,0.0
tactile_images/2880.png,contact,2.302503884830104,0.0,4.507875368882848,0.0,0.0,20.95170477220377,1.3137530760415448,2.663857500825573,0.0,0.0,0.0,-1.0303794851806405,0.0,0.0,0.0,0.0,0.0,0.0
tactile_images/2881.png,contact,-4.467562446922408,0.0,4.646056617591529,0.0,0.0,20.96228692525547,-3.6959611501965095,-0.0699409399443373,0.0,0.0,0.0,4.673106600948998,0.0,0.0,0.0,0.0,0.0,0.0
tactile_images/2882.png,contact,-3.0567015295005326,0.0,4.069601953838336,0.0,0.0,20.99481262505792,-2.6506322305108467,4.654571431781466,0.0,0.0,0.0,-3.314693460863963,0.0,0.0,0.0,0.0,0.0,0.0
tactile_images/2883.png,contact,-1.6491172448721798,0.0,3.211449120862269,0.0,0.0,21.06683241242657,1.1899400528901012,0.4675544673018796,0.0,0.0,0.0,-1.142886952993687,0.0,0.0,0.0,0.0,0.0,0.0
tactile_images/2884.png,contact,1.4390327410215376,0.0,3.8674474056628414,0.0,0.0,21.08927821454992,-4.823068388632292,-1.7146452304305182,0.0,0.0,0.0,2.9052150989203254,0.0,0.0,0.0,0.0,0.0,0.0
tactile_images/2885.png,contact,-2.330712960296748,0.0,3.2004827405351826,0.0,0.0,21.149595023797943,1.3474451872324442,-4.045326992059529,0.0,0.0,0.0,1.6542325491046022,0.0,0.0,0.0,0.0,0.0,0.0
tactile_images/2886.png,contact,-0.7174598314374867,0.0,3.1046975336192046,0.0,0.0,21.151242761471806,1.6538662378503195,0.4374564481341361,0.0,0.0,0.0,1.3151860157439854,0.0,0.0,0.0,0.0,0.0,0.0
tactile_images/2887.png,contact,2.935787282393968,0.0,3.606906432899213,0.0,0.0,21.1810789632782,-2.608252401383415,3.604166115813456,0.0,0.0,0.0,3.532574593424224,0.0,0.0,0.0,0.0,0.0,0.0
tactile_images/2888.png,contact,-4.1953102465604974,0.0,4.932818592246858,0.0,0.0,21.2061735195758,0.9813282975313964,3.667187281564488,0.0,0.0,0.0,-4.7090615697630245,0.0,0.0,0.0,0.0,0.0,0.0
tactile_images/2889.png,contact,3.744497852373466,0.0,3.3314980307769098,0.0,0.0,21.211987380318405,0.3409006072376455,1.0456706668274842,0.0,0.0,0.0,2.711643681819922,0.0,0.0,0.0,0.0,0.0,0.0
tactile_images/2890.png,contact,4.682562346270114,0.0,4.522221176970516,0.0,0.0,21.271127642039417,-2.393084518468862,-1.0656163676578725,0.0,0.0,0.0,3.825490392158184,0.0,0.0,0.0,0.0,0.0,0.0
tactile_images/2891.png,contact,4.429131439106851,0.0,3.220788468499868,0.0,0.0,21.27752205988041,-0.370259881252454,1.5029630809067989,0.0,0.0,0.0,-4.838255225038032,0.0,0.0,0.0,0.0,0.0,0.0
tactile_images/2892.png,contact,-3.341445970006758,0.0,3.855681141254106,0.0,0.0,21.279567790194207,4.096245294121815,2.621403545590395,0.0,0.0,0.0,0.5896295110730554,0.0,0.0,0.0,0.0,0.0,0.0
tactile_images/2893.png,contact,-4.007018640112586,0.0,4.670972311286592,0.0,0.0,21.30494792637616,-0.7339721954011713,-0.8837521560587378,0.0,0.0,0.0,-1.514115147893694,0.0,0.0,0.0,0.0,0.0,0.0
tactile_images/2894.png,contact,3.968761311640674,0.0,3.9980723458081626,0.0,0.0,21.30807107982808,1.2984417687950165,-0.2374583078507459,0.0,0.0,0.0,-4.492372911864573,0.0,0.0,0.0,0.0,0.0,0.0
tactile_images/2895.png,contact,-1.2414890784913402,0.0,4.744925630167348,0.0,0.0,21.308453525889,-4.646491789593058,1.8061630737794303,0.0,0.0,0.0,-0.8225188068185663,0.0,0.0,0.0,0.0,0.0,0.0
tactile_images/2896.png,contact,-1.678679067008134,0.0,4.854349675471978,0.0,0.0,21.372882470908976,-4.221998866779012,3.7665260610274647,0.0,0.0,0.0,1.4403014117188595,0.0,0.0,0.0,0.0,0.0,0.0
tactile_images/2897.png,contact,2.7568144114647373,0.0,4.064314969969671,0.0,0.0,21.37383775495347,-4.186919266966815,2.910103781422749,0.0,0.0,0.0,4.190136315893923,0.0,0.0,0.0,0.0,0.0,0.0
tactile_images/2898.png,contact,1.9220416831925435,0.0,4.215247151767878,0.0,0.0,21.39486625513705,2.7824076362644545,-4.776086306796513,0.0,0.0,0.0,1.2053048649607137,0.0,0.0,0.0,0.0,0.0,0.0
tactile_images/2899.png,contact,-2.948113035416484,0.0,3.405987118382394,0.0,0.0,21.423762451278563,-1.4974310519654734,-3.7562765621541216,0.0,0.0,0.0,3.56743081555987,0.0,0.0,0.0,0.0,0.0,0.0
tactile_images/2900.png,contact,-1.0344859338137793,0.0,4.294140332517748,0.0,0.0,21.43316560206508,-2.723883116341866,3.527781802855218,0.0,0.0,0.0,-3.784284933254349,0.0,0.0,0.0,0.0,0.0,0.0
tactile_images/2901.png,contact,-3.336499619375856,0.0,4.945713209420686,0.0,0.0,21.45529487575285,2.473245684517228,3.338228280450336,0.0,0.0,0.0,-2.894788324768658,0.0,0.0,0.0,0.0,0.0,0.0
tactile_images/2902.png,contact,2.4024621623967377,0.0,4.901184026151877,0.0,0.0,21.45825911185949,-3.300399374438255,-1.111932168512908,0.0,0.0,0.0,4.702928642145679,0.0,0.0,0.0,0.0,0.0,0.0
tactile_images/2903.png,contact,3.4400547966379733,0.0,3.727451042271369,0.0,0.0,21.47139347714044,-2.535074749297194,0.842779223576656,0.0,0.0,0.0,3.874006902564439,0.0,0.0,0.0,0.0,0.0,0.0
tactile_images/2904.png,contact,-4.427243190941123,0.0,3.728404445299032,0.0,0.0,21.485799491616262,-0.6906855672997914,4.058449824286463,0.0,0.0,0.0,-2.647730469799745,0.0,0.0,0.0,0.0,0.0,0.0
tactile_images/2905.png,contact,3.526969557210297,0.0,3.0957311978122144,0.0,0.0,21.507437875796057,-1.6856193098538674,4.115586810070964,0.0,0.0,0.0,1.2097388179757953,0.0,0.0,0.0,0.0,0.0,0.0
tactile_images/2906.png,contact,-3.1412568559116174,0.0,4.284258293728521,0.0,0.0,21.513634874860983,0.8539221103664429,2.830928457608908,0.0,0.0,0.0,-1.373672414714675,0.0,0.0,0.0,0.0,0.0,0.0
tactile_images/2907.png,contact,4.708302363547356,0.0,4.048515855807671,0.0,0.0,21.54716004581654,-1.6215938092515234,-2.9041106164032104,0.0,0.0,0.0,-0.3140149127116469,0.0,0.0,0.0,0.0,0.0,0.0
tactile_images/2908.png,contact,-2.2397305546609383,0.0,3.87101005490652,0.0,0.0,21.5648998742994,-1.070483641411081,2.302828073539449,0.0,0.0,0.0,3.608781490922901,0.0,0.0,0.0,0.0,0.0,0.0
tactile_images/2909.png,contact,2.1847880158507005,0.0,3.630112993215199,0.0,0.0,21.591784042999464,3.6288660824948593,-3.9890156765294336,0.0,0.0,0.0,2.357126101330329,0.0,0.0,0.0,0.0,0.0,0.0
tactile_images/2910.png,contact,3.301189939492647,0.0,4.773128225262305,0.0,0.0,21.60049847481412,3.845314396280024,3.9393845945456913,0.0,0.0,0.0,-2.6155743827990463,0.0,0.0,0.0,0.0,0.0,0.0
tactile_images/2911.png,contact,2.868952959749167,0.0,4.855868402474043,0.0,0.0,21.63281149404851,3.2771119081340743,-3.508511964212855,0.0,0.0,0.0,-1.840069253031176,0.0,0.0,0.0,0.0,0.0,0.0
tactile_images/2912.png,contact,-0.0256607646344244,0.0,3.877310762700749,0.0,0.0,21.65347795285681,3.648309327046327,1.6234864011145085,0.0,0.0,0.0,-2.102895401810022,0.0,0.0,0.0,0.0,0.0,0.0
tactile_images/2913.png,contact,3.4050773745864173,0.0,4.887267341296989,0.0,0.0,21.667842116276844,0.6972866933911703,1.1024327425234866,0.0,0.0,0.0,2.806627783407444,0.0,0.0,0.0,0.0,0.0,0.0
tactile_images/2914.png,contact,1.1144189872965429,0.0,3.199452407706736,0.0,0.0,21.677636696559603,1.462332147513839,2.7689965587958305,0.0,0.0,0.0,-0.0991157886316873,0.0,0.0,0.0,0.0,0.0,0.0
tactile_images/2915.png,contact,1.960535987592762,0.0,3.7519198192813272,0.0,0.0,21.758352920186752,0.5717316655494056,0.5157750235845544,0.0,0.0,0.0,4.50724307024386,0.0,0.0,0.0,0.0,0.0,0.0
tactile_images/2916.png,contact,1.9575775704046228,0.0,3.9464263737687975,0.0,0.0,21.76316183398636,2.8558808405292,-4.404334246242678,0.0,0.0,0.0,3.1668717722905093,0.0,0.0,0.0,0.0,0.0,0.0
tactile_images/2917.png,contact,2.842593208235459,0.0,4.7640963720153975,0.0,0.0,21.76939514908524,0.510004857614442,2.058462540441491,0.0,0.0,0.0,-2.888055691454187,0.0,0.0,0.0,0.0,0.0,0.0
tactile_images/2918.png,contact,4.310419836435788,0.0,4.893415830067776,0.0,0.0,21.77700347828637,-3.889230354492194,-1.1684544116473203,0.0,0.0,0.0,2.859427953545497,0.0,0.0,0.0,0.0,0.0,0.0
tactile_images/2919.png,contact,-0.4069847664491028,0.0,4.4501920377953015,0.0,0.0,21.79611344656408,3.0958012045685983,-1.7971499878089017,0.0,0.0,0.0,0.0607934721392684,0.0,0.0,0.0,0.0,0.0,0.0
tactile_images/2920.png,contact,-4.62810357074026,0.0,4.140774650735062,0.0,0.0,21.813874458537413,2.605851706775364,4.916735495337347,0.0,0.0,0.0,-2.4628987381929504,0.0,0.0,0.0,0.0,0.0,0.0
tactile_images/2921.png,contact,-4.189265336395545,0.0,4.726057558500569,0.0,0.0,21.828344620991885,3.2030059528262527,0.9039976595972776,0.0,0.0,0.0,-1.3666825718210998,0.0,0.0,0.0,0.0,0.0,0.0
tactile_images/2922.png,contact,1.6509438534291387,0.0,3.3471442883028795,0.0,0.0,21.837085458076885,-3.095705366102381,2.1071907326941126,0.0,0.0,0.0,4.7212611674333615,0.0,0.0,0.0,0.0,0.0,0.0
tactile_images/2923.png,contact,1.648811457408581,0.0,4.538339739047175,0.0,0.0,21.86812210400612,-2.283829472850329,0.2632613693564831,0.0,0.0,0.0,-0.1603855741587514,0.0,0.0,0.0,0.0,0.0,0.0
tactile_images/2924.png,contact,-3.082352100092221,0.0,4.151438610662408,0.0,0.0,21.87685213044084,-2.0424830273647,2.699726459516527,0.0,0.0,0.0,2.1960584961066303,0.0,0.0,0.0,0.0,0.0,0.0
tactile_images/2925.png,contact,2.6394953665353604,0.0,4.898224913776494,0.0,0.0,21.91487572047896,0.0808053618567363,2.520727354999752,0.0,0.0,0.0,-0.2291470483722788,0.0,0.0,0.0,0.0,0.0,0.0
tactile_images/2926.png,contact,4.121335008551666,0.0,4.221893051405306,0.0,0.0,21.933554578502253,-3.661229158365402,1.5714611568016048,0.0,0.0,0.0,-1.2844272615388077,0.0,0.0,0.0,0.0,0.0,0.0
tactile_images/2927.png,contact,-4.295291442478259,0.0,4.69045111632148,0.0,0.0,21.938640682760123,-1.1461824672513266,4.977430614437768,0.0,0.0,0.0,2.9642001825935846,0.0,0.0,0.0,0.0,0.0,0.0
tactile_images/2928.png,contact,2.946670612932002,0.0,3.0461709611035404,0.0,0.0,21.94947998482519,-3.178418389209704,-0.402064659168623,0.0,0.0,0.0,3.48324351775063,0.0,0.0,0.0,0.0,0.0,0.0
tactile_images/2929.png,contact,-0.9789997881108512,0.0,4.602743070927273,0.0,0.0,21.96723996945541,-2.352372869672635,2.06192348298155,0.0,0.0,0.0,-4.281108343341296,0.0,0.0,0.0,0.0,0.0,0.0
tactile_images/2930.png,contact,-4.633944342135504,0.0,3.354086589056795,0.0,0.0,22.011047568928475,2.0638763455842737,2.9777796280491824,0.0,0.0,0.0,-2.210224108683337,0.0,0.0,0.0,0.0,0.0,0.0
tactile_images/2931.png,contact,-2.1324478722299496,0.0,3.886640641545397,0.0,0.0,22.02756237467144,3.54811156317281,-1.239652904054557,0.0,0.0,0.0,0.0787104763088066,0.0,0.0,0.0,0.0,0.0,0.0
tactile_images/2932.png,contact,-2.9275811357281274,0.0,4.453469672706685,0.0,0.0,22.05328806914329,-4.770941334028161,-0.4282497244638144,0.0,0.0,0.0,-1.8350225255556687,0.0,0.0,0.0,0.0,0.0,0.0
tactile_images/2933.png,contact,-4.551152072917015,0.0,4.019779896411221,0.0,0.0,22.069662947654024,0.6589696335500044,4.6916726639058535,0.0,0.0,0.0,2.8358300496075337,0.0,0.0,0.0,0.0,0.0,0.0
tactile_images/2934.png,contact,-0.1481735392969021,0.0,3.8188958752546185,0.0,0.0,22.069811402236624,-4.639402379377328,-4.677089828733919,0.0,0.0,0.0,-3.852666392511314,0.0,0.0,0.0,0.0,0.0,0.0
tactile_images/2935.png,contact,1.747888037237887,0.0,3.0220561685378007,0.0,0.0,22.07050927479655,-4.147507549884497,-1.647043460390857,0.0,0.0,0.0,2.9779828628657325,0.0,0.0,0.0,0.0,0.0,0.0
tactile_images/2936.png,contact,-3.2873750915192943,0.0,4.897308161805981,0.0,0.0,22.10525146586197,2.050840346141091,-0.1378703766133,0.0,0.0,0.0,1.178864171948737,0.0,0.0,0.0,0.0,0.0,0.0
tactile_images/2937.png,contact,-4.660475051286772,0.0,3.887889920653438,0.0,0.0,22.13683627304336,2.356081065021166,-4.985350069308097,0.0,0.0,0.0,-2.10632281462517,0.0,0.0,0.0,0.0,0.0,0.0
tactile_images/2938.png,contact,0.1490534002045986,0.0,4.208479020664285,0.0,0.0,22.14776905394648,3.1398067317279867,3.991271010066118,0.0,0.0,0.0,-1.5554531155882092,0.0,0.0,0.0,0.0,0.0,0.0
tactile_images/2939.png,contact,-1.5888547023265716,0.0,3.683423758683377,0.0,0.0,22.198628955383555,-0.2575848822969506,-2.137555997878413,0.0,0.0,0.0,-3.171008449067986,0.0,0.0,0.0,0.0,0.0,0.0
tactile_images/2940.png,contact,0.0174431773654637,0.0,4.749010590076154,0.0,0.0,22.207489426381287,3.598074820161882,-2.422951678905557,0.0,0.0,0.0,-2.4742659970186223,0.0,0.0,0.0,0.0,0.0,0.0
tactile_images/2941.png,contact,1.3744020344090546,0.0,4.313445412913461,0.0,0.0,22.21622774045794,-3.3316170835837564,3.203261953537419,0.0,0.0,0.0,2.172688689824964,0.0,0.0,0.0,0.0,0.0,0.0
tactile_images/2942.png,contact,1.1345949317697213,0.0,3.275456603034282,0.0,0.0,22.282030752837755,-2.502835863649974,-2.220167714975246,0.0,0.0,0.0,-1.24115859458807,0.0,0.0,0.0,0.0,0.0,0.0
tactile_images/2943.png,contact,-4.634992408875883,0.0,4.765484152414161,0.0,0.0,22.30491248413992,-3.654978523980287,1.5762259390202242,0.0,0.0,0.0,1.8748413868704887,0.0,0.0,0.0,0.0,0.0,0.0
tactile_images/2944.png,contact,1.465786206972819,0.0,4.6655581420465895,0.0,0.0,22.32032840719821,2.975372605818766,3.215031439019592,0.0,0.0,0.0,0.1410754110174803,0.0,0.0,0.0,0.0,0.0,0.0
tactile_images/2945.png,contact,2.7792412930667942,0.0,3.257154521593757,0.0,0.0,22.372715404062248,-2.713248816133811,2.924768477103724,0.0,0.0,0.0,-3.5470225035607426,0.0,0.0,0.0,0.0,0.0,0.0
tactile_images/2946.png,contact,-2.9871419165457453,0.0,4.5422720963416445,0.0,0.0,22.415005098756723,-3.444887572417044,2.819507374259289,0.0,0.0,0.0,-0.0092935220030785,0.0,0.0,0.0,0.0,0.0,0.0
tactile_images/2947.png,contact,-3.044372076795049,0.0,3.8255261454975873,0.0,0.0,22.436362049799342,1.2311068758805623,-4.1136243013476514,0.0,0.0,0.0,2.564698458426329,0.0,0.0,0.0,0.0,0.0,0.0
tactile_images/2948.png,contact,3.70840584848505,0.0,4.756230393971403,0.0,0.0,22.454595491550805,-4.229179736393256,-4.201530324276358,0.0,0.0,0.0,-2.023244952756756,0.0,0.0,0.0,0.0,0.0,0.0
tactile_images/2949.png,contact,1.5755202116528668,0.0,4.987546205535863,0.0,0.0,22.495959099367028,-4.550997227798275,-1.9322996426261247,0.0,0.0,0.0,1.4808166468692807,0.0,0.0,0.0,0.0,0.0,0.0
tactile_images/2950.png,contact,2.236808915341464,0.0,4.890379522254014,0.0,0.0,22.501997134900265,-3.93282351447541,-4.640521188039823,0.0,0.0,0.0,-3.0096734545829165,0.0,0.0,0.0,0.0,0.0,0.0
tactile_images/2951.png,contact,1.0847430182217064,0.0,3.0590839372229865,0.0,0.0,22.503068815221354,-4.997591160128324,0.0042973651926434,0.0,0.0,0.0,-3.64301042083249,0.0,0.0,0.0,0.0,0.0,0.0
tactile_images/2952.png,contact,3.4894210821909977,0.0,4.178534677513334,0.0,0.0,22.570935880860063,1.969901542217924,-1.052179337297817,0.0,0.0,0.0,-1.397738693760433,0.0,0.0,0.0,0.0,0.0,0.0
tactile_images/2953.png,contact,2.8093119089814222,0.0,4.748207592132422,0.0,0.0,22.587593370039528,0.6223532171447861,0.570259125431491,0.0,0.0,0.0,-1.1079640630032972,0.0,0.0,0.0,0.0,0.0,0.0
tactile_images/2954.png,contact,0.300117318420634,0.0,3.365303237487544,0.0,0.0,22.59484120921805,-2.901248909622761,-2.0121146133030954,0.0,0.0,0.0,2.610096303671023,0.0,0.0,0.0,0.0,0.0,0.0
tactile_images/2955.png,contact,4.878792253561067,0.0,3.983713742786296,0.0,0.0,22.595821481918847,-2.6699505202240417,-0.1424599700957296,0.0,0.0,0.0,-0.3992124873217477,0.0,0.0,0.0,0.0,0.0,0.0
tactile_images/2956.png,contact,1.0891846334823931,0.0,3.601311281121488,0.0,0.0,22.62368388222096,3.1096859847003966,-1.6525523414094625,0.0,0.0,0.0,-4.187651046691803,0.0,0.0,0.0,0.0,0.0,0.0
tactile_images/2957.png,contact,0.5279745949516439,0.0,4.634518537975046,0.0,0.0,22.64072685992184,0.0182011586030039,-3.047919077766914,0.0,0.0,0.0,1.3399949835539535,0.0,0.0,0.0,0.0,0.0,0.0
tactile_images/2958.png,contact,2.190368104077697,0.0,4.027751669556468,0.0,0.0,22.644438149082845,1.9852835708173968,1.4936668113781495,0.0,0.0,0.0,-0.3074674013395277,0.0,0.0,0.0,0.0,0.0,0.0
tactile_images/2959.png,contact,-4.14548663848559,0.0,4.533245330348972,0.0,0.0,22.67008124777797,-0.4724454872508445,1.7343590149918515,0.0,0.0,0.0,-1.683567994346839,0.0,0.0,0.0,0.0,0.0,0.0
tactile_images/2960.png,contact,0.0482308988872981,0.0,3.5365520409071136,0.0,0.0,22.684223502527487,-2.622819739792077,3.2923169274975006,0.0,0.0,0.0,3.0221880861098622,0.0,0.0,0.0,0.0,0.0,0.0
tactile_images/2961.png,contact,-2.4394629257267697,0.0,4.797277856602206,0.0,0.0,22.687149377662124,4.704028006829068,3.747517831537248,0.0,0.0,0.0,-3.456152097724156,0.0,0.0,0.0,0.0,0.0,0.0
tactile_images/2962.png,contact,3.602276233737105,0.0,3.807622010495,0.0,0.0,22.698244435536736,0.6564756337539741,2.0446190436791545,0.0,0.0,0.0,4.132123439779633,0.0,0.0,0.0,0.0,0.0,0.0
tactile_images/2963.png,contact,3.943353157382561,0.0,3.3452182258045493,0.0,0.0,22.70321338264435,-3.690180962320876,1.87498086697512,0.0,0.0,0.0,-1.6593850968288892,0.0,0.0,0.0,0.0,0.0,0.0
tactile_images/2964.png,contact,-0.5417800251579337,0.0,3.780132131495257,0.0,0.0,22.736399169085416,-0.939099578160932,-4.433243346635275,0.0,0.0,0.0,-0.3905855515737233,0.0,0.0,0.0,0.0,0.0,0.0
tactile_images/2965.png,contact,1.3859622093281363,0.0,4.789077704481182,0.0,0.0,22.738860109015206,-1.7066258805309928,-3.9022075854182847,0.0,0.0,0.0,4.292329955601916,0.0,0.0,0.0,0.0,0.0,0.0
tactile_images/2966.png,contact,4.75599218443462,0.0,4.142640030866206,0.0,0.0,22.79490544181732,-2.8591253141147863,3.1256271039087338,0.0,0.0,0.0,2.6123983173770764,0.0,0.0,0.0,0.0,0.0,0.0
tactile_images/2967.png,contact,4.497569901770179,0.0,4.259282468464915,0.0,0.0,22.80468816140484,4.334399892402596,-2.6704873837636844,0.0,0.0,0.0,-4.256975661951804,0.0,0.0,0.0,0.0,0.0,0.0
tactile_images/2968.png,contact,3.633990963488274,0.0,3.0067756959652785,0.0,0.0,22.844363552372545,3.809199954597526,-1.44434939782917,0.0,0.0,0.0,0.7829685875537065,0.0,0.0,0.0,0.0,0.0,0.0
tactile_images/2969.png,contact,-1.4357769519652497,0.0,3.1998637541088195,0.0,0.0,22.89843262439352,-3.008528834798836,-3.547026463241232,0.0,0.0,0.0,-1.8963712832680504,0.0,0.0,0.0,0.0,0.0,0.0
tactile_images/2970.png,contact,-1.1397030632523268,0.0,3.323344671107423,0.0,0.0,22.90713089069601,-1.4785211094448325,-3.04848031425081,0.0,0.0,0.0,0.0848824984072003,0.0,0.0,0.0,0.0,0.0,0.0
tactile_images/2971.png,contact,2.047095059520568,0.0,4.41022629327799,0.0,0.0,22.90841785359933,2.6231539167082163,2.754172353702062,0.0,0.0,0.0,2.429690416341613,0.0,0.0,0.0,0.0,0.0,0.0
tactile_images/2972.png,contact,1.5430400649608056,0.0,4.317710808453684,0.0,0.0,22.913747870201306,-2.914939518597844,-2.3814038048446173,0.0,0.0,0.0,-0.0382708608134994,0.0,0.0,0.0,0.0,0.0,0.0
tactile_images/2973.png,contact,1.7460030184073227,0.0,4.125660474429206,0.0,0.0,22.915960448904585,0.9156486260424446,-0.5096503373580985,0.0,0.0,0.0,-4.289781230549549,0.0,0.0,0.0,0.0,0.0,0.0
tactile_images/2974.png,contact,0.1399950620239698,0.0,4.735410919533376,0.0,0.0,22.9992953257224,1.9979394212481656,-3.483286269407607,0.0,0.0,0.0,0.2998051860968376,0.0,0.0,0.0,0.0,0.0,0.0
tactile_images/2975.png,contact,2.0995446803756312,0.0,3.5143542720488545,0.0,0.0,23.001363278957182,1.5397232571076636,1.7792990631609855,0.0,0.0,0.0,-4.758703334398563,0.0,0.0,0.0,0.0,0.0,0.0
tactile_images/2976.png,contact,4.366250295272323,0.0,3.525267224732147,0.0,0.0,23.11800317620369,2.064086402755006,2.282697341334762,0.0,0.0,0.0,-1.515906426400587,0.0,0.0,0.0,0.0,0.0,0.0
tactile_images/2977.png,contact,-4.688778552856915,0.0,4.9198333792841815,0.0,0.0,23.17944214295004,2.0669958902876298,-1.383076821012862,0.0,0.0,0.0,-0.2196947707656829,0.0,0.0,0.0,0.0,0.0,0.0
tactile_images/2978.png,contact,-3.5546058401100726,0.0,4.881931575685588,0.0,0.0,23.23246153583589,4.648059198489284,2.847466461227506,0.0,0.0,0.0,1.4467356337662751,0.0,0.0,0.0,0.0,0.0,0.0
tactile_images/2979.png,contact,4.123572532361615,0.0,4.038897572782475,0.0,0.0,23.260203000681813,-1.535011104796804,-2.6009334807787354,0.0,0.0,0.0,0.0620678762168029,0.0,0.0,0.0,0.0,0.0,0.0
tactile_images/2980.png,contact,-2.56730167068568,0.0,4.958839746275705,0.0,0.0,23.269042880695224,3.785904243758395,1.9190386210015609,0.0,0.0,0.0,-3.4805318945283115,0.0,0.0,0.0,0.0,0.0,0.0
tactile_images/2981.png,contact,4.154346219027621,0.0,4.880632306478528,0.0,0.0,23.30289341156397,-4.781929374848932,2.29964581420454,0.0,0.0,0.0,4.322175639610418,0.0,0.0,0.0,0.0,0.0,0.0
tactile_images/2982.png,contact,2.533413841945935,0.0,3.898702633459093,0.0,0.0,23.30609860904381,-2.117970366767168,4.686573777887762,0.0,0.0,0.0,1.5029967275114196,0.0,0.0,0.0,0.0,0.0,0.0
tactile_images/2983.png,contact,-1.1172074623435222,0.0,4.80619501409862,0.0,0.0,23.3207186025834,-4.513442180008685,-2.6767833481328376,0.0,0.0,0.0,-1.8303221487509247,0.0,0.0,0.0,0.0,0.0,0.0
tactile_images/2984.png,contact,4.834075193674021,0.0,4.652515458664138,0.0,0.0,23.32920736896463,1.5120395995584026,-4.0628951995724725,0.0,0.0,0.0,4.659396951310415,0.0,0.0,0.0,0.0,0.0,0.0
tactile_images/2985.png,contact,2.794957365643529,0.0,3.548108414859096,0.0,0.0,23.33424776970527,-3.992096292683805,-2.369645777102134,0.0,0.0,0.0,3.8257760910898977,0.0,0.0,0.0,0.0,0.0,0.0
tactile_images/2986.png,contact,4.183700179694104,0.0,4.297068318066685,0.0,0.0,23.362267501356527,3.4570686365204626,-3.7713780341788095,0.0,0.0,0.0,-3.565099113218361,0.0,0.0,0.0,0.0,0.0,0.0
tactile_images/2987.png,contact,0.1273464589994919,0.0,3.704862051105481,0.0,0.0,23.38075090803642,1.465916837902598,-3.303056915056904,0.0,0.0,0.0,1.554290951065635,0.0,0.0,0.0,0.0,0.0,0.0
tactile_images/2988.png,contact,-1.1586318818230454,0.0,3.0600404514346726,0.0,0.0,23.398503236887592,-4.711845989463943,-1.6588548814402555,0.0,0.0,0.0,0.6006945208654857,0.0,0.0,0.0,0.0,0.0,0.0
tactile_images/2989.png,contact,-3.409087104029071,0.0,3.329482076726544,0.0,0.0,23.402017717911303,2.1477736543462296,-0.8600925327799915,0.0,0.0,0.0,-3.0719107711380578,0.0,0.0,0.0,0.0,0.0,0.0
tactile_images/2990.png,contact,3.4840492519990063,0.0,4.224418126514432,0.0,0.0,23.42441190625503,3.620349472569611,4.037242257513796,0.0,0.0,0.0,-2.6652485951097105,0.0,0.0,0.0,0.0,0.0,0.0
tactile_images/2991.png,contact,-0.8058835027804347,0.0,4.840393972148548,0.0,0.0,23.441079542387968,1.6112100766214947,-3.0438422849997893,0.0,0.0,0.0,0.637737735509698,0.0,0.0,0.0,0.0,0.0,0.0
tactile_images/2992.png,contact,1.1389736219922575,0.0,4.527220959228317,0.0,0.0,23.448058920872555,-4.694757840649678,4.717589759212162,0.0,0.0,0.0,-1.7871171566602295,0.0,0.0,0.0,0.0,0.0,0.0
tactile_images/2993.png,contact,-4.978208556819782,0.0,3.0615662044752803,0.0,0.0,23.46026743508,3.5791954846040657,3.101532098961716,0.0,0.0,0.0,3.3483143109515527,0.0,0.0,0.0,0.0,0.0,0.0
tactile_images/2994.png,contact,3.451713874022801,0.0,3.2626464995286346,0.0,0.0,23.46431650826977,2.3246391293403503,3.81471389893441,0.0,0.0,0.0,-4.022607646937258,0.0,0.0,0.0,0.0,0.0,0.0
tactile_images/2995.png,contact,0.544583612581091,0.0,4.588325417675219,0.0,0.0,23.49185437939022,-1.215486875160158,4.294439897402434,0.0,0.0,0.0,4.140307732021125,0.0,0.0,0.0,0.0,0.0,0.0
tactile_images/2996.png,contact,-4.640288471655138,0.0,4.706027117975851,0.0,0.0,23.53565787088713,-1.7136974168449737,2.532411971411207,0.0,0.0,0.0,3.405525490682898,0.0,0.0,0.0,0.0,0.0,0.0
tactile_images/2997.png,contact,4.802894622456359,0.0,3.0683511780821746,0.0,0.0,23.54642755103653,-0.2017981859255986,2.887798316170612,0.0,0.0,0.0,2.386234831137468,0.0,0.0,0.0,0.0,0.0,0.0
tactile_images/2998.png,contact,0.6540403914128827,0.0,3.168003429041251,0.0,0.0,23.64010347488778,3.671017509378709,-0.6218170339438043,0.0,0.0,0.0,-2.374327490648364,0.0,0.0,0.0,0.0,0.0,0.0
tactile_images/2999.png,contact,-0.3093767841209383,0.0,4.450824246385941,0.0,0.0,23.640518157889872,-2.4794064813044248,0.1045023467624393,0.0,0.0,0.0,2.149578560421189,0.0,0.0,0.0,0.0,0.0,0.0
tactile_images/3000.png,contact,2.2785486277003733,0.0,3.680769675355098,0.0,0.0,23.643605090095534,-3.990361887587989,4.324854267666343,0.0,0.0,0.0,-0.6123022038136767,0.0,0.0,0.0,0.0,0.0,0.0
tactile_images/3001.png,contact,4.346436592010576,0.0,4.47143597355622,0.0,0.0,23.68708836475453,3.646363729610499,-1.217440884473505,0.0,0.0,0.0,1.337578972291662,0.0,0.0,0.0,0.0,0.0,0.0
tactile_images/3002.png,contact,-4.70257109726057,0.0,4.138670403552188,0.0,0.0,23.695009643427937,-4.737101511192771,-4.580529269357928,0.0,0.0,0.0,-1.8744558279664547,0.0,0.0,0.0,0.0,0.0,0.0
tactile_images/3003.png,contact,1.260789529871864,0.0,4.132933211959268,0.0,0.0,23.710040601845805,4.109970222440646,2.6275438547477297,0.0,0.0,0.0,3.3585785380802875,0.0,0.0,0.0,0.0,0.0,0.0
tactile_images/3004.png,contact,-0.1669838522626774,0.0,3.077369916514383,0.0,0.0,23.728377052129872,-1.9425480569859928,0.7315751171751836,0.0,0.0,0.0,-4.594239006811219,0.0,0.0,0.0,0.0,0.0,0.0
tactile_images/3005.png,contact,-2.476093801762511,0.0,3.8636873846240594,0.0,0.0,23.731479040475463,0.0822270168826762,3.1487596234331168,0.0,0.0,0.0,1.914597466959168,0.0,0.0,0.0,0.0,0.0,0.0
tactile_images/3006.png,contact,4.898688159722566,0.0,3.9751968760991216,0.0,0.0,23.80649049325187,-3.67704475247772,-4.244487333890379,0.0,0.0,0.0,3.2863124038331453,0.0,0.0,0.0,0.0,0.0,0.0
tactile_images/3007.png,contact,2.3829431626409403,0.0,3.7472816369333968,0.0,0.0,23.81723948564764,4.022549693766852,1.212319904757898,0.0,0.0,0.0,1.4642811516389918,0.0,0.0,0.0,0.0,0.0,0.0
tactile_images/3008.png,contact,2.2890374623593424,0.0,3.091100311930705,0.0,0.0,23.840057575002945,2.4983622338440465,-2.52294112009242,0.0,0.0,0.0,-3.0800821787068755,0.0,0.0,0.0,0.0,0.0,0.0
tactile_images/3009.png,contact,4.856065113702441,0.0,4.60615128467549,0.0,0.0,23.89126025221776,4.241555866080342,4.032685944944841,0.0,0.0,0.0,-2.1501922021973696,0.0,0.0,0.0,0.0,0.0,0.0
tactile_images/3010.png,contact,-3.4211892313570864,0.0,3.852812112983946,0.0,0.0,23.90294138793133,1.8322905111816248,-3.900900602582543,0.0,0.0,0.0,0.1490529450275044,0.0,0.0,0.0,0.0,0.0,0.0
tactile_images/3011.png,contact,-2.751328233611145,0.0,3.351344595937169,0.0,0.0,23.92236792277989,-3.1530622325767386,3.43069272725063,0.0,0.0,0.0,-1.7055093072775684,0.0,0.0,0.0,0.0,0.0,0.0
tactile_images/3012.png,contact,3.934069696920093,0.0,4.47128532002273,0.0,0.0,23.96150115717802,-1.9173299701375068,-4.114457480280897,0.0,0.0,0.0,-4.950835782928017,0.0,0.0,0.0,0.0,0.0,0.0
tactile_images/3013.png,contact,0.0303651709416978,0.0,3.078506106142,0.0,0.0,23.99557177163831,-0.1315142489652663,-4.749026445030019,0.0,0.0,0.0,-4.593218875554523,0.0,0.0,0.0,0.0,0.0,0.0
tactile_images/3014.png,contact,3.122775943077479,0.0,3.933934818327596,0.0,0.0,24.01005820799189,1.0725820536020692,-2.649405699580777,0.0,0.0,0.0,2.6776843101000853,0.0,0.0,0.0,0.0,0.0,0.0
tactile_images/3015.png,contact,1.7182051720238798,0.0,4.57982400340569,0.0,0.0,24.012329868626168,4.264594373362737,-1.669554590733162,0.0,0.0,0.0,-4.162928183186358,0.0,0.0,0.0,0.0,0.0,0.0
tactile_images/3016.png,contact,-1.7646793722636218,0.0,3.607020249756223,0.0,0.0,24.03105246165792,-1.1604853421086103,1.265287718118712,0.0,0.0,0.0,4.280218556382318,0.0,0.0,0.0,0.0,0.0,0.0
tactile_images/3017.png,contact,-4.8411031903649775,0.0,3.145936665851376,0.0,0.0,24.117074685711003,2.03072021907146,-3.6827540263894623,0.0,0.0,0.0,-0.572635541036691,0.0,0.0,0.0,0.0,0.0,0.0
tactile_images/3018.png,contact,3.989541889893533,0.0,4.471870783874891,0.0,0.0,24.163310635857545,4.610088489108218,-0.6267006640892507,0.0,0.0,0.0,2.5818663836436704,0.0,0.0,0.0,0.0,0.0,0.0
tactile_images/3019.png,contact,1.048622567356814,0.0,3.847912358926524,0.0,0.0,24.183981789067275,-3.47625936584547,-2.9573639789712622,0.0,0.0,0.0,-3.744954039313929,0.0,0.0,0.0,0.0,0.0,0.0
tactile_images/3020.png,contact,-3.886590802653986,0.0,4.981602711891876,0.0,0.0,24.193049061439524,3.627095887795482,3.553033215470633,0.0,0.0,0.0,4.265074200770382,0.0,0.0,0.0,0.0,0.0,0.0
tactile_images/3021.png,contact,-2.70158211757096,0.0,3.1924929822814327,0.0,0.0,24.19697436208324,-0.7929392960680133,-4.55033492048695,0.0,0.0,0.0,-4.661911701578453,0.0,0.0,0.0,0.0,0.0,0.0
tactile_images/3022.png,contact,0.3123203453549417,0.0,4.091216928854301,0.0,0.0,24.20184955927276,2.324217759293368,-1.4406227331147892,0.0,0.0,0.0,-4.578628392704438,0.0,0.0,0.0,0.0,0.0,0.0
tactile_images/3023.png,contact,0.0748230618113607,0.0,4.180852206215783,0.0,0.0,24.208560015876586,-2.0646166126291634,1.3137407996910886,0.0,0.0,0.0,-4.454142197869766,0.0,0.0,0.0,0.0,0.0,0.0
tactile_images/3024.png,contact,4.248622182641912,0.0,4.106855401574136,0.0,0.0,24.239205351331265,-1.6601578173399845,4.13088178051939,0.0,0.0,0.0,-3.9659183903651742,0.0,0.0,0.0,0.0,0.0,0.0
tactile_images/3025.png,contact,1.7697265424590611,0.0,3.0219273062630867,0.0,0.0,24.269803964879216,-4.728667751319339,3.679934226938952,0.0,0.0,0.0,-0.1316835611408882,0.0,0.0,0.0,0.0,0.0,0.0
tactile_images/3026.png,contact,2.2919367196302742,0.0,4.492164313145786,0.0,0.0,24.30102509120537,4.714041531669595,3.951919995171636,0.0,0.0,0.0,2.882764421149684,0.0,0.0,0.0,0.0,0.0,0.0
tactile_images/3027.png,contact,1.1910914336897849,0.0,3.848778036145021,0.0,0.0,24.31099869027909,3.1345257523078445,-4.371467063170179,0.0,0.0,0.0,-2.150521685436689,0.0,0.0,0.0,0.0,0.0,0.0
tactile_images/3028.png,contact,-1.865899134926068,0.0,4.387984216778551,0.0,0.0,24.349408262421107,-4.060820420737795,3.409232614634595,0.0,0.0,0.0,2.457768216935956,0.0,0.0,0.0,0.0,0.0,0.0
tactile_images/3029.png,contact,-1.4863895676881551,0.0,4.738680215814711,0.0,0.0,24.38061149516237,4.995087956637745,2.799125785441192,0.0,0.0,0.0,2.740609747685232,0.0,0.0,0.0,0.0,0.0,0.0
tactile_images/3030.png,contact,4.694997500609506,0.0,4.938878751351757,0.0,0.0,24.39066947488969,1.0502459720294146,4.0243164927561885,0.0,0.0,0.0,4.082773298517569,0.0,0.0,0.0,0.0,0.0,0.0
tactile_images/3031.png,contact,1.118342938730045,0.0,3.8528876114286064,0.0,0.0,24.40809261329701,3.537286379643831,-1.8842373274199864,0.0,0.0,0.0,-3.50648079852232,0.0,0.0,0.0,0.0,0.0,0.0
tactile_images/3032.png,contact,-0.8046760099369603,0.0,4.62883839442935,0.0,0.0,24.423370098500143,-4.33339236722131,4.117651062733668,0.0,0.0,0.0,-3.6446549096565706,0.0,0.0,0.0,0.0,0.0,0.0
tactile_images/3033.png,contact,-2.8489697711146755,0.0,3.024359670833083,0.0,0.0,24.441315343608025,-1.1054882150807632,-0.9735891491355222,0.0,0.0,0.0,-3.779049444658821,0.0,0.0,0.0,0.0,0.0,0.0
tactile_images/3034.png,contact,-1.55173714524338,0.0,4.686664709783875,0.0,0.0,24.504805162315137,1.696511223036099,1.340996855258,0.0,0.0,0.0,-1.406893909458764,0.0,0.0,0.0,0.0,0.0,0.0
tactile_images/3035.png,contact,-3.9419087466411824,0.0,3.79700405760796,0.0,0.0,24.50877240363773,-3.9356628130029847,-0.7582100879300171,0.0,0.0,0.0,-0.1058733580802027,0.0,0.0,0.0,0.0,0.0,0.0
tactile_images/3036.png,contact,-2.2270695769822844,0.0,4.41187323542324,0.0,0.0,24.50898407037293,-0.1109716134599931,-0.7235156948434884,0.0,0.0,0.0,-0.3839064498438311,0.0,0.0,0.0,0.0,0.0,0.0
tactile_images/3037.png,contact,3.274761230536379,0.0,3.265164360362358,0.0,0.0,24.510687799845822,-0.5732212545585842,0.4663701879490158,0.0,0.0,0.0,-2.429512686002054,0.0,0.0,0.0,0.0,0.0,0.0
tactile_images/3038.png,contact,3.1486707116138035,0.0,4.82715602280539,0.0,0.0,24.52517691162359,-2.8395977552642027,-1.4407329037917749,0.0,0.0,0.0,1.2197962546349972,0.0,0.0,0.0,0.0,0.0,0.0
tactile_images/3039.png,contact,0.9651713378760292,0.0,4.359103673145368,0.0,0.0,24.552576666779046,-1.997301641481978,2.9273699426923567,0.0,0.0,0.0,-1.6172636929945594,0.0,0.0,0.0,0.0,0.0,0.0
tactile_images/3040.png,contact,1.432466733064107,0.0,3.339516996414272,0.0,0.0,24.57287088351456,4.671183544949823,1.3363873541523883,0.0,0.0,0.0,-1.339170119204801,0.0,0.0,0.0,0.0,0.0,0.0
tactile_images/3041.png,contact,-4.090325206656409,0.0,4.611161652882467,0.0,0.0,24.61655270441648,-2.11351513990064,1.8975576153894569,0.0,0.0,0.0,-3.944699371974073,0.0,0.0,0.0,0.0,0.0,0.0
tactile_images/3042.png,contact,-1.5845183465842547,0.0,3.81432859693425,0.0,0.0,24.65088020701407,-2.8657386603158894,-2.689651997782364,0.0,0.0,0.0,0.9223133509107564,0.0,0.0,0.0,0.0,0.0,0.0
tactile_images/3043.png,contact,1.3637039762070602,0.0,4.0779617489002415,0.0,0.0,24.687010600213583,0.3620917106833339,4.695752884813924,0.0,0.0,0.0,1.5528037522829123,0.0,0.0,0.0,0.0,0.0,0.0
tactile_images/3044.png,contact,2.531761307980977,0.0,3.280129118717873,0.0,0.0,24.692434756342934,1.7095803407029786,1.6017609777296542,0.0,0.0,0.0,2.579502204615923,0.0,0.0,0.0,0.0,0.0,0.0
tactile_images/3045.png,contact,0.3330687911559158,0.0,3.679429087672169,0.0,0.0,24.703286260893066,2.2509311106956487,-3.028041354696084,0.0,0.0,0.0,4.04009213127177,0.0,0.0,0.0,0.0,0.0,0.0
tactile_images/3046.png,contact,0.2398187063123344,0.0,4.52178294592248,0.0,0.0,24.7243480210072,2.542471844969162,2.504902434710337,0.0,0.0,0.0,2.6600445565701625,0.0,0.0,0.0,0.0,0.0,0.0
tactile_images/3047.png,contact,0.6048831136708985,0.0,3.69221448156479,0.0,0.0,24.72499487831196,-4.6316750848524695,-3.2628589679237727,0.0,0.0,0.0,-2.6425633384993152,0.0,0.0,0.0,0.0,0.0,0.0
tactile_images/3048.png,contact,1.7764615502527703,0.0,4.488098902457155,0.0,0.0,24.728778875901767,-1.0623959962043674,-4.366151037004916,0.0,0.0,0.0,-2.6434484053563025,0.0,0.0,0.0,0.0,0.0,0.0
tactile_images/3049.png,contact,-4.430758377447075,0.0,3.2307997165616564,0.0,0.0,24.73742418269866,2.739580797830902,0.2755339614583434,0.0,0.0,0.0,4.150871955618969,0.0,0.0,0.0,0.0,0.0,0.0
tactile_images/3050.png,contact,-0.0595790773493165,0.0,4.113596768746343,0.0,0.0,24.75225500665441,4.048521018001294,0.5352395416234721,0.0,0.0,0.0,2.901335694151728,0.0,0.0,0.0,0.0,0.0,0.0
tactile_images/3051.png,contact,0.0578755274970008,0.0,4.715903890804673,0.0,0.0,24.77960828580832,1.022001233327833,-3.110344252684014,0.0,0.0,0.0,2.822464303109049,0.0,0.0,0.0,0.0,0.0,0.0
tactile_images/3052.png,contact,3.264754850134913,0.0,4.014788187689922,0.0,0.0,24.800835462073263,-4.476931464903143,-1.51621055707841,0.0,0.0,0.0,2.19713660110536,0.0,0.0,0.0,0.0,0.0,0.0
tactile_images/3053.png,contact,1.678089668843954,0.0,4.710971909391915,0.0,0.0,24.801133302848854,-1.033541941448688,4.457692956786969,0.0,0.0,0.0,-2.327980087462187,0.0,0.0,0.0,0.0,0.0,0.0
tactile_images/3054.png,contact,4.699739946706072,0.0,3.681832818384181,0.0,0.0,24.8484857596492,-4.257728841315453,-2.149967679125101,0.0,0.0,0.0,3.4741034240704547,0.0,0.0,0.0,0.0,0.0,0.0
tactile_images/3055.png,contact,1.4183728196715952,0.0,4.027266767857302,0.0,0.0,24.873071561915022,2.4853786268458453,-3.4443193923463133,0.0,0.0,0.0,-3.5711532191987394,0.0,0.0,0.0,0.0,0.0,0.0
tactile_images/3056.png,contact,0.5065025796035796,0.0,4.107672165004441,0.0,0.0,24.918652099693944,-4.364945307183348,4.925619586654541,0.0,0.0,0.0,-1.4998239070209651,0.0,0.0,0.0,0.0,0.0,0.0
tactile_images/3057.png,contact,-4.614923245741121,0.0,3.9285328405718793,0.0,0.0,24.922286932905564,-3.1426893326482275,-1.9769446361953324,0.0,0.0,0.0,-1.5352546006357048,0.0,0.0,0.0,0.0,0.0,0.0
tactile_images/3058.png,contact,-3.1176978809013747,0.0,3.237705156952474,0.0,0.0,25.014897254468323,-0.830415760352258,1.802536731460787,0.0,0.0,0.0,0.6013214170803476,0.0,0.0,0.0,0.0,0.0,0.0
tactile_images/3059.png,contact,0.8223902072490032,0.0,4.437062636244492,0.0,0.0,25.02812014638667,-0.3735163288512799,-2.6843981856073365,0.0,0.0,0.0,-0.365564440044225,0.0,0.0,0.0,0.0,0.0,0.0
tactile_images/3060.png,contact,3.395373857287736,0.0,4.386933811928055,0.0,0.0,25.06291462046132,-0.9351829968498766,0.5012119698638937,0.0,0.0,0.0,-0.4019186690012946,0.0,0.0,0.0,0.0,0.0,0.0
tactile_images/3061.png,contact,-0.1586190271232812,0.0,3.57055599388176,0.0,0.0,25.068763357750584,-0.3660335339399996,-1.1371801339038443,0.0,0.0,0.0,0.5357243127959164,0.0,0.0,0.0,0.0,0.0,0.0
tactile_images/3062.png,contact,-4.651186964360456,0.0,4.554371818879219,0.0,0.0,25.06999139203846,2.132391520201998,4.6157926115918855,0.0,0.0,0.0,-0.8458154508787121,0.0,0.0,0.0,0.0,0.0,0.0
tactile_images/3063.png,contact,3.479751468713519,0.0,3.376082185177572,0.0,0.0,25.072150872169445,-1.307311770444585,-0.6719412544951231,0.0,0.0,0.0,-2.5001676868226443,0.0,0.0,0.0,0.0,0.0,0.0
tactile_images/3064.png,contact,4.429452788487457,0.0,3.794975984845256,0.0,0.0,25.09862834303664,0.4775045915061913,0.8417418418172415,0.0,0.0,0.0,1.6412071776733723,0.0,0.0,0.0,0.0,0.0,0.0
tactile_images/3065.png,contact,-4.407845205031078,0.0,4.389083948074548,0.0,0.0,25.114038317768888,-1.966307424712678,4.447662659001471,0.0,0.0,0.0,2.906333788384025,0.0,0.0,0.0,0.0,0.0,0.0
tactile_images/3066.png,contact,1.2984129974455565,0.0,3.8234953351804863,0.0,0.0,25.122353111784,-1.4637250490951734,4.892342999379551,0.0,0.0,0.0,-0.2100412115541061,0.0,0.0,0.0,0.0,0.0,0.0
tactile_images/3067.png,contact,2.728204429764851,0.0,3.3686626979763825,0.0,0.0,25.130398597402973,1.1379895904208084,-3.983416359950035,0.0,0.0,0.0,1.4948318671450718,0.0,0.0,0.0,0.0,0.0,0.0
tactile_images/3068.png,contact,1.2674820837065992,0.0,3.086794357157122,0.0,0.0,25.14292521730881,-0.0950534836298002,3.343207120423889,0.0,0.0,0.0,0.3536328182303609,0.0,0.0,0.0,0.0,0.0,0.0
tactile_images/3069.png,contact,0.77965739872361,0.0,4.775507018827973,0.0,0.0,25.14537488197996,2.230362948592811,-1.178835058127512,0.0,0.0,0.0,-4.410035614628976,0.0,0.0,0.0,0.0,0.0,0.0
tactile_images/3070.png,contact,1.8241320473888327,0.0,4.822512303668576,0.0,0.0,25.17159288290202,0.6053858805174972,0.948287062056128,0.0,0.0,0.0,-0.7691533843586384,0.0,0.0,0.0,0.0,0.0,0.0
tactile_images/3071.png,contact,0.1214595607363753,0.0,4.983346105663356,0.0,0.0,25.19671724385026,3.0357408538387283,-1.249519210447545,0.0,0.0,0.0,-4.901475004782627,0.0,0.0,0.0,0.0,0.0,0.0
tactile_images/3072.png,contact,3.4352328399639944,0.0,4.7432336926577,0.0,0.0,25.21204642755829,-0.565917870052834,-0.9888379434520768,0.0,0.0,0.0,1.6187927816475796,0.0,0.0,0.0,0.0,0.0,0.0
tactile_images/3073.png,contact,1.048690923884967,0.0,3.4300451387123694,0.0,0.0,25.27090613818132,-0.0896638013319854,-3.4114246401488844,0.0,0.0,0.0,0.081614698846014,0.0,0.0,0.0,0.0,0.0,0.0
tactile_images/3074.png,contact,0.9914858323636012,0.0,4.464475828184575,0.0,0.0,25.2733167976766,1.6997134890093957,0.7276645842786591,0.0,0.0,0.0,-3.731684648203031,0.0,0.0,0.0,0.0,0.0,0.0
tactile_images/3075.png,contact,0.1910985339699102,0.0,3.4578846722788903,0.0,0.0,25.29276339005272,-2.787560555879512,0.467159459447247,0.0,0.0,0.0,0.4219153207883819,0.0,0.0,0.0,0.0,0.0,0.0
tactile_images/3076.png,contact,-1.3024721945615791,0.0,3.044603409797287,0.0,0.0,25.29879796117769,-1.1407046306873916,-3.106442114616001,0.0,0.0,0.0,3.984260030279893,0.0,0.0,0.0,0.0,0.0,0.0
tactile_images/3077.png,contact,2.77323920876915,0.0,3.325256592631434,0.0,0.0,25.32479127513304,1.248412440117078,0.4173042933394146,0.0,0.0,0.0,-1.5950923522238185,0.0,0.0,0.0,0.0,0.0,0.0
tactile_images/3078.png,contact,0.9104705558573016,0.0,4.733882085661024,0.0,0.0,25.35130871636578,-4.711237307342636,4.73101882631086,0.0,0.0,0.0,4.8236876623296645,0.0,0.0,0.0,0.0,0.0,0.0
tactile_images/3079.png,contact,0.6085018336625172,0.0,4.025765205019147,0.0,0.0,25.36463476289808,-0.6302856636605831,2.1440859585378966,0.0,0.0,0.0,4.593799067421674,0.0,0.0,0.0,0.0,0.0,0.0
tactile_images/3080.png,contact,4.418362044945242,0.0,3.961428112968712,0.0,0.0,25.38416726666911,0.9884993630611678,-0.1901744041664805,0.0,0.0,0.0,2.8530984245648847,0.0,0.0,0.0,0.0,0.0,0.0
tactile_images/3081.png,contact,4.503856266611626,0.0,3.288951393189211,0.0,0.0,25.38883323788413,4.673755319781979,4.160839855813753,0.0,0.0,0.0,3.1379997781895543,0.0,0.0,0.0,0.0,0.0,0.0
tactile_images/3082.png,contact,-0.8622983201679721,0.0,3.1155763940397283,0.0,0.0,25.39755765612665,3.770165616176712,0.7531435650530582,0.0,0.0,0.0,-0.8945463980015766,0.0,0.0,0.0,0.0,0.0,0.0
tactile_images/3083.png,contact,-3.7212390894415135,0.0,3.807097241627377,0.0,0.0,25.41292156360437,-2.192580470573419,-3.649520012721968,0.0,0.0,0.0,-0.9745890470290988,0.0,0.0,0.0,0.0,0.0,0.0
tactile_images/3084.png,contact,2.7951379092982465,0.0,3.5778740333151653,0.0,0.0,25.42550723544234,0.0721010402892474,0.4750964781245637,0.0,0.0,0.0,4.543973582669928,0.0,0.0,0.0,0.0,0.0,0.0
tactile_images/3085.png,contact,-0.0151796035016635,0.0,3.950454934003481,0.0,0.0,25.460709180510108,-4.435856273399087,-3.190268846341322,0.0,0.0,0.0,-1.3380375044635793,0.0,0.0,0.0,0.0,0.0,0.0
tactile_images/3086.png,contact,-0.357746840747585,0.0,3.961883216168607,0.0,0.0,25.4613729226104,-2.5924558518219287,2.6750483874767426,0.0,0.0,0.0,-4.031271109269568,0.0,0.0,0.0,0.0,0.0,0.0
tactile_images/3087.png,contact,3.5292651907096206,0.0,4.3552223641991885,0.0,0.0,25.46294876468056,2.748558680680901,4.671742142947084,0.0,0.0,0.0,-3.47298911808735,0.0,0.0,0.0,0.0,0.0,0.0
tactile_images/3088.png,contact,3.985284571339679,0.0,3.2540671519464635,0.0,0.0,25.470768594434404,-3.766859877246554,-1.391814154566697,0.0,0.0,0.0,2.103989651929221,0.0,0.0,0.0,0.0,0.0,0.0
tactile_images/3089.png,contact,-3.2468096592514915,0.0,3.809821628539688,0.0,0.0,25.49377789107983,-2.423094751660434,-0.650821198748055,0.0,0.0,0.0,-1.1701906491035563,0.0,0.0,0.0,0.0,0.0,0.0
tactile_images/3090.png,contact,1.600281362067518,0.0,3.151920573929834,0.0,0.0,25.501626011182,4.440425017358079,-0.7850353316136989,0.0,0.0,0.0,-3.006571602878073,0.0,0.0,0.0,0.0,0.0,0.0
tactile_images/3091.png,contact,-1.0244944196658778,0.0,3.544892882217664,0.0,0.0,25.52333916755974,3.2385580049245792,-2.147000242051181,0.0,0.0,0.0,3.1378612868306384,0.0,0.0,0.0,0.0,0.0,0.0
tactile_images/3092.png,contact,2.1348045107287703,0.0,3.6167101412646208,0.0,0.0,25.55447718261881,2.8182771264891207,2.9417996487863105,0.0,0.0,0.0,-0.1132650932670777,0.0,0.0,0.0,0.0,0.0,0.0
tactile_images/3093.png,contact,-2.117228057460487,0.0,4.573305032152693,0.0,0.0,25.571903274759904,3.645574903021569,1.1772833274699588,0.0,0.0,0.0,0.676412047697843,0.0,0.0,0.0,0.0,0.0,0.0
tactile_images/3094.png,contact,-4.009608956904678,0.0,4.575729439171088,0.0,0.0,25.58370395657525,2.49605686582354,-4.359484431434404,0.0,0.0,0.0,-3.460506453498936,0.0,0.0,0.0,0.0,0.0,0.0
tactile_images/3095.png,contact,-3.1744356173844093,0.0,4.276006470432496,0.0,0.0,25.61759230220392,-3.7941378388176505,3.388063350231356,0.0,0.0,0.0,-3.072457985840608,0.0,0.0,0.0,0.0,0.0,0.0
tactile_images/3096.png,contact,-1.496328990472147,0.0,3.5902177203685706,0.0,0.0,25.63814807944996,0.1656132648523129,-3.129117688467927,0.0,0.0,0.0,-3.7414396302619424,0.0,0.0,0.0,0.0,0.0,0.0
tactile_images/3097.png,contact,-2.3269905059028044,0.0,4.340831029317913,0.0,0.0,25.639191854935405,-0.5575607919767798,4.79151161709121,0.0,0.0,0.0,0.1454279923443113,0.0,0.0,0.0,0.0,0.0,0.0
tactile_images/3098.png,contact,-0.1744635175504125,0.0,4.175771383859564,0.0,0.0,25.642093900565627,-1.8884842172961989,-1.2333686099743426,0.0,0.0,0.0,2.756570117272544,0.0,0.0,0.0,0.0,0.0,0.0
tactile_images/3099.png,contact,-4.504114840765588,0.0,3.4631659825779986,0.0,0.0,25.649655605299813,3.340404097196055,1.164496471503238,0.0,0.0,0.0,2.322852438814743,0.0,0.0,0.0,0.0,0.0,0.0
tactile_images/3100.png,contact,0.9811280010926992,0.0,4.657794223951756,0.0,0.0,25.65839758481927,-0.3586079762576633,-4.221763811039696,0.0,0.0,0.0,-2.387691794777881,0.0,0.0,0.0,0.0,0.0,0.0
tactile_images/3101.png,contact,-2.293447940879964,0.0,3.404924367277663,0.0,0.0,25.666291865094934,-4.397023986424503,-1.5533672531164333,0.0,0.0,0.0,3.515501879056375,0.0,0.0,0.0,0.0,0.0,0.0
tactile_images/3102.png,contact,-3.556960938375393,0.0,3.5334068612744285,0.0,0.0,25.67408049079978,-2.250344162797317,3.023539573607813,0.0,0.0,0.0,-3.943391518595866,0.0,0.0,0.0,0.0,0.0,0.0
tactile_images/3103.png,contact,-1.0754485190143832,0.0,3.706954950256757,0.0,0.0,25.69005277670155,-2.7137894197055488,-0.2279150804674152,0.0,0.0,0.0,-3.859500299168888,0.0,0.0,0.0,0.0,0.0,0.0
tactile_images/3104.png,contact,0.231565316821829,0.0,4.088400004227256,0.0,0.0,25.724549150123806,3.874788848112836,4.046034835440228,0.0,0.0,0.0,3.493042826041833,0.0,0.0,0.0,0.0,0.0,0.0
tactile_images/3105.png,contact,1.3776455834771162,0.0,3.21925638880688,0.0,0.0,25.759640757834376,1.474381006389999,0.7513844105080718,0.0,0.0,0.0,-2.55580438824103,0.0,0.0,0.0,0.0,0.0,0.0
tactile_images/3106.png,contact,1.4153427145572737,0.0,3.7394756217453775,0.0,0.0,25.76645359575284,0.6037626588207514,4.285721953957477,0.0,0.0,0.0,2.0811584464009494,0.0,0.0,0.0,0.0,0.0,0.0
tactile_images/3107.png,contact,0.2607877988389724,0.0,3.726257420979272,0.0,0.0,25.768543022933585,0.0664924167870504,4.8260990701255615,0.0,0.0,0.0,-4.90920408078324,0.0,0.0,0.0,0.0,0.0,0.0
tactile_images/3108.png,contact,-0.1134239886093784,0.0,4.041310707468223,0.0,0.0,25.81912780388666,1.5011302754146545,-0.46105440481724,0.0,0.0,0.0,-4.06398911380847,0.0,0.0,0.0,0.0,0.0,0.0
tactile_images/3109.png,contact,-4.785254683891406,0.0,3.707811652513717,0.0,0.0,25.86441828742251,2.5487554677712474,0.6515657257780809,0.0,0.0,0.0,1.092887087222831,0.0,0.0,0.0,0.0,0.0,0.0
tactile_images/3110.png,contact,4.900761788721644,0.0,4.910197112331372,0.0,0.0,25.86677655878117,0.5438470583150989,3.3492064325126982,0.0,0.0,0.0,-3.175840451220955,0.0,0.0,0.0,0.0,0.0,0.0
tactile_images/3111.png,contact,1.9580128036371915,0.0,4.684332060122767,0.0,0.0,25.87406117664364,4.3828541515261055,-2.7846699446418697,0.0,0.0,0.0,-4.717863136872378,0.0,0.0,0.0,0.0,0.0,0.0
tactile_images/3112.png,contact,0.6798107240549403,0.0,4.217009225941573,0.0,0.0,25.894870856649447,4.768341706503845,3.6162957378110967,0.0,0.0,0.0,-0.3305324331667689,0.0,0.0,0.0,0.0,0.0,0.0
tactile_images/3113.png,contact,3.86442407800371,0.0,4.606091049351759,0.0,0.0,25.910668174025066,4.95342316608823,0.9192014037726964,0.0,0.0,0.0,-1.6947950072148132,0.0,0.0,0.0,0.0,0.0,0.0
tactile_images/3114.png,contact,-3.349472056944037,0.0,3.2631414237578524,0.0,0.0,25.94946560590597,1.6939111008864476,2.2550013538452536,0.0,0.0,0.0,3.0225692808314406,0.0,0.0,0.0,0.0,0.0,0.0
tactile_images/3115.png,contact,-2.965372909761763,0.0,3.0846689850366067,0.0,0.0,26.002973917269287,4.326204667558784,-4.201459773365547,0.0,0.0,0.0,3.188289911033042,0.0,0.0,0.0,0.0,0.0,0.0
tactile_images/3116.png,contact,-3.7294583587640826,0.0,4.4498205436721685,0.0,0.0,26.00625015093115,-0.9552030469204532,2.661876834534036,0.0,0.0,0.0,1.144231212091987,0.0,0.0,0.0,0.0,0.0,0.0
tactile_images/3117.png,contact,2.986362178640256,0.0,4.362418515643098,0.0,0.0,26.01097587493473,3.595923912473854,-1.892130954263416,0.0,0.0,0.0,-2.069662536535475,0.0,0.0,0.0,0.0,0.0,0.0
tactile_images/3118.png,contact,-3.829938248297731,0.0,3.659084267047764,0.0,0.0,26.029763228483503,4.09174298739681,3.0523227684984207,0.0,0.0,0.0,-0.3837334873754949,0.0,0.0,0.0,0.0,0.0,0.0
tactile_images/3119.png,contact,-4.644766539008117,0.0,3.322833975375148,0.0,0.0,26.03366972921565,4.041404723322756,0.0915253830270685,0.0,0.0,0.0,2.0225602710460944,0.0,0.0,0.0,0.0,0.0,0.0
tactile_images/3120.png,contact,4.055570392440716,0.0,3.793778786178079,0.0,0.0,26.102408547805624,3.3084628290838154,-2.2538566518436687,0.0,0.0,0.0,-4.306914468446983,0.0,0.0,0.0,0.0,0.0,0.0
tactile_images/3121.png,contact,-0.0836054691627996,0.0,3.744490590372143,0.0,0.0,26.13314023785788,-0.9340083835874956,4.527596970216541,0.0,0.0,0.0,-1.6750291167187492,0.0,0.0,0.0,0.0,0.0,0.0
tactile_images/3122.png,contact,1.838438950232495,0.0,4.848708692387601,0.0,0.0,26.15006148863735,-3.410925180192657,2.650623977114992,0.0,0.0,0.0,3.223697009091719,0.0,0.0,0.0,0.0,0.0,0.0
tactile_images/3123.png,contact,4.610619833123344,0.0,4.060176993828848,0.0,0.0,26.156460544476943,-1.6604364365555413,4.856860738736469,0.0,0.0,0.0,-0.9397145775298216,0.0,0.0,0.0,0.0,0.0,0.0
tactile_images/3124.png,contact,1.4704149654764342,0.0,3.507338918243393,0.0,0.0,26.16991277153211,2.672885692980929,-1.355301015877962,0.0,0.0,0.0,1.2466801131546583,0.0,0.0,0.0,0.0,0.0,0.0
tactile_images/3125.png,contact,4.43823922652561,0.0,3.658191760629519,0.0,0.0,26.182584025031616,-2.6711448867002474,1.492196335416387,0.0,0.0,0.0,-4.036656308647296,0.0,0.0,0.0,0.0,0.0,0.0
tactile_images/3126.png,contact,3.941256817868707,0.0,4.5786008982163,0.0,0.0,26.203046898786468,-0.2172793517402755,1.1158867786372673,0.0,0.0,0.0,2.770459751840521,0.0,0.0,0.0,0.0,0.0,0.0
tactile_images/3127.png,contact,-1.8827423578023703,0.0,4.587434851570425,0.0,0.0,26.207078900696985,0.6539951798467207,1.8755674106880296,0.0,0.0,0.0,-3.995345100627581,0.0,0.0,0.0,0.0,0.0,0.0
tactile_images/3128.png,contact,4.105889976877405,0.0,3.93969086996735,0.0,0.0,26.21563460328609,1.0385856243787526,-4.616834339586692,0.0,0.0,0.0,3.615252545027571,0.0,0.0,0.0,0.0,0.0,0.0
tactile_images/3129.png,contact,4.90945838419629,0.0,4.064661205174206,0.0,0.0,26.237796404854976,4.357255483787986,-2.082806761226259,0.0,0.0,0.0,-3.933989551103119,0.0,0.0,0.0,0.0,0.0,0.0
tactile_images/3130.png,contact,-1.1512914054119978,0.0,3.743720230666189,0.0,0.0,26.287586691655733,1.6149302041431757,4.093375737908072,0.0,0.0,0.0,3.9089276316967663,0.0,0.0,0.0,0.0,0.0,0.0
tactile_images/3131.png,contact,-4.811778367622946,0.0,4.52729406504644,0.0,0.0,26.32779530158234,2.862988160773022,-0.7617994512777315,0.0,0.0,0.0,-1.3623012577285154,0.0,0.0,0.0,0.0,0.0,0.0
tactile_images/3132.png,contact,3.431872946831943,0.0,3.6638125697949935,0.0,0.0,26.32938671638992,0.818783478916334,4.606436790815472,0.0,0.0,0.0,1.2453073177430871,0.0,0.0,0.0,0.0,0.0,0.0
tactile_images/3133.png,contact,-4.539285770025874,0.0,4.354683692163032,0.0,0.0,26.3578488392224,3.335803188619632,-2.864968273550242,0.0,0.0,0.0,3.465505516384578,0.0,0.0,0.0,0.0,0.0,0.0
tactile_images/3134.png,contact,-0.7204864336930079,0.0,4.641254786838074,0.0,0.0,26.36870249834527,-2.363363869302372,4.974239734810894,0.0,0.0,0.0,-4.897585790094334,0.0,0.0,0.0,0.0,0.0,0.0
tactile_images/3135.png,contact,1.669980869418021,0.0,4.965376479182652,0.0,0.0,26.37114523914288,-2.901223283312108,1.975809089595323,0.0,0.0,0.0,-2.343068385936954,0.0,0.0,0.0,0.0,0.0,0.0
tactile_images/3136.png,contact,-0.5687844317209585,0.0,3.5588848444717884,0.0,0.0,26.38939824118701,4.263200487579697,2.763934240664878,0.0,0.0,0.0,4.083383212925257,0.0,0.0,0.0,0.0,0.0,0.0
tactile_images/3137.png,contact,4.210308378091714,0.0,4.662833243860622,0.0,0.0,26.391572985651152,1.934808763573784,-1.0313882779746422,0.0,0.0,0.0,-1.11823939415188,0.0,0.0,0.0,0.0,0.0,0.0
tactile_images/3138.png,contact,0.9154678692930132,0.0,4.202165330786431,0.0,0.0,26.41104582441777,1.7152557705822111,4.070081212606208,0.0,0.0,0.0,2.063759257976246,0.0,0.0,0.0,0.0,0.0,0.0
tactile_images/3139.png,contact,2.504538001504939,0.0,4.214533340202976,0.0,0.0,26.45139601194218,-0.3270476137155009,0.4546290095862204,0.0,0.0,0.0,-3.599879438464976,0.0,0.0,0.0,0.0,0.0,0.0
tactile_images/3140.png,contact,2.0678922830193547,0.0,4.550819029184989,0.0,0.0,26.45448358787607,-1.233027407064895,1.8093838022463504,0.0,0.0,0.0,1.7837160141126285,0.0,0.0,0.0,0.0,0.0,0.0
tactile_images/3141.png,contact,4.8545533433211805,0.0,4.763709601641366,0.0,0.0,26.45709534392724,0.5569119447863882,-4.05191728663714,0.0,0.0,0.0,-4.268390044739567,0.0,0.0,0.0,0.0,0.0,0.0
tactile_images/3142.png,contact,3.246287213765504,0.0,3.0106483811421283,0.0,0.0,26.54043747358477,-3.794336505783329,1.316807008928934,0.0,0.0,0.0,2.1732513976466707,0.0,0.0,0.0,0.0,0.0,0.0
tactile_images/3143.png,contact,3.786135818405936,0.0,4.502546233875492,0.0,0.0,26.584048019732364,-0.4528743891689224,3.790789882621565,0.0,0.0,0.0,-1.761950456132213,0.0,0.0,0.0,0.0,0.0,0.0
tactile_images/3144.png,contact,-2.511771369540428,0.0,4.288792324563731,0.0,0.0,26.600174855530582,-0.4463229553451908,-3.2171677178401192,0.0,0.0,0.0,-0.3415234404673359,0.0,0.0,0.0,0.0,0.0,0.0
tactile_images/3145.png,contact,-4.440420938253979,0.0,4.538970774631174,0.0,0.0,26.60177465033688,0.3833651294426516,2.3772593463484606,0.0,0.0,0.0,-3.3373981903294423,0.0,0.0,0.0,0.0,0.0,0.0
tactile_images/3146.png,contact,4.364416497139763,0.0,3.2110272928024024,0.0,0.0,26.65354572207669,1.3468561436720226,-4.745992410053455,0.0,0.0,0.0,1.2784901773421051,0.0,0.0,0.0,0.0,0.0,0.0
tactile_images/3147.png,contact,-0.8873152213131981,0.0,4.255239747965412,0.0,0.0,26.667170678095303,4.573183659853621,4.262030165625189,0.0,0.0,0.0,-1.6243237121902645,0.0,0.0,0.0,0.0,0.0,0.0
tactile_images/3148.png,contact,-4.670352752561461,0.0,3.4276777789905286,0.0,0.0,26.67599898935813,1.521691270917569,4.829171160311862,0.0,0.0,0.0,-1.166249939506435,0.0,0.0,0.0,0.0,0.0,0.0
tactile_images/3149.png,contact,-2.18331175372004,0.0,4.191853624233468,0.0,0.0,26.68878594266812,3.837251519534116,-1.4581993320190554,0.0,0.0,0.0,1.5219292495413628,0.0,0.0,0.0,0.0,0.0,0.0
tactile_images/3150.png,contact,3.511119496675553,0.0,3.0608470793081715,0.0,0.0,26.69925364648537,0.5630386146916377,-3.929261502846652,0.0,0.0,0.0,-3.211383387774493,0.0,0.0,0.0,0.0,0.0,0.0
tactile_images/3151.png,contact,-3.870864242651173,0.0,4.154399492845123,0.0,0.0,26.738937636061067,1.2692788262748973,1.58576368163145,0.0,0.0,0.0,3.520088935722436,0.0,0.0,0.0,0.0,0.0,0.0
tactile_images/3152.png,contact,2.434699375557522,0.0,4.307802292738515,0.0,0.0,26.74509950028363,-4.301630468904304,-4.70165485852521,0.0,0.0,0.0,2.3928640557622067,0.0,0.0,0.0,0.0,0.0,0.0
tactile_images/3153.png,contact,1.5265667374115734,0.0,3.0139151746065824,0.0,0.0,26.74859145354293,-3.667362771155844,-0.1751371870281328,0.0,0.0,0.0,0.7773000313816256,0.0,0.0,0.0,0.0,0.0,0.0
tactile_images/3154.png,contact,-4.976282974021565,0.0,4.162212489395793,0.0,0.0,26.75827296779626,0.7967043519753956,-2.282208248621135,0.0,0.0,0.0,-3.7166693291755126,0.0,0.0,0.0,0.0,0.0,0.0
tactile_images/3155.png,contact,-0.8377278051411166,0.0,3.396208388482175,0.0,0.0,26.77040280686792,-1.0428713004197077,-0.2666094604712308,0.0,0.0,0.0,1.87109694400246,0.0,0.0,0.0,0.0,0.0,0.0
tactile_images/3156.png,contact,-3.09516074724878,0.0,4.790133445872428,0.0,0.0,26.771804133536094,2.988105198655018,-4.81724485261643,0.0,0.0,0.0,-4.819006279104739,0.0,0.0,0.0,0.0,0.0,0.0
tactile_images/3157.png,contact,-0.3565659934757859,0.0,3.227524924961304,0.0,0.0,26.77688993862084,0.4317787487417597,-4.483878169292935,0.0,0.0,0.0,3.043958015339438,0.0,0.0,0.0,0.0,0.0,0.0
tactile_images/3158.png,contact,1.548077915057895,0.0,4.302672211600411,0.0,0.0,26.793353726979163,3.822910389513378,-4.840241711566176,0.0,0.0,0.0,-1.962023031939081,0.0,0.0,0.0,0.0,0.0,0.0
tactile_images/3159.png,contact,-2.572829782755007,0.0,3.181676362122828,0.0,0.0,26.801127540562447,4.723316784622913,1.1913187004711396,0.0,0.0,0.0,-3.827884494696537,0.0,0.0,0.0,0.0,0.0,0.0
tactile_images/3160.png,contact,0.2903974756526652,0.0,4.417158250129998,0.0,0.0,26.84567489836417,-3.52364814878515,0.6009291767520857,0.0,0.0,0.0,-3.3551104594380323,0.0,0.0,0.0,0.0,0.0,0.0
tactile_images/3161.png,contact,-0.4129633530107046,0.0,4.010331423045465,0.0,0.0,26.848182038701225,-1.0517224834437346,-2.668420014633956,0.0,0.0,0.0,4.631343985084007,0.0,0.0,0.0,0.0,0.0,0.0
tactile_images/3162.png,contact,-2.068573438476172,0.0,4.666542564071696,0.0,0.0,26.93554269008848,1.6498102523803082,1.4664312890402131,0.0,0.0,0.0,2.738304178508307,0.0,0.0,0.0,0.0,0.0,0.0
tactile_images/3163.png,contact,4.688659171154886,0.0,3.9081931867550734,0.0,0.0,26.939265053275776,-1.9451124459965028,3.8420725689497495,0.0,0.0,0.0,-2.6212802666359982,0.0,0.0,0.0,0.0,0.0,0.0
tactile_images/3164.png,contact,-3.709691237460856,0.0,3.277919810497832,0.0,0.0,26.971092294733268,-2.3296766227850485,-2.226778989738864,0.0,0.0,0.0,4.634662434629446,0.0,0.0,0.0,0.0,0.0,0.0
tactile_images/3165.png,contact,0.1242880632661567,0.0,4.518973138376614,0.0,0.0,26.980757231409555,3.137385606288367,3.3199380787898747,0.0,0.0,0.0,-3.5988232933745645,0.0,0.0,0.0,0.0,0.0,0.0
tactile_images/3166.png,contact,-0.3916127667525444,0.0,4.898138787290843,0.0,0.0,26.988174407568977,4.803784690587429,1.625091360021815,0.0,0.0,0.0,2.335272119014413,0.0,0.0,0.0,0.0,0.0,0.0
tactile_images/3167.png,contact,1.9895392216568693,0.0,4.669596985159881,0.0,0.0,27.06223172168569,2.7380333124748137,-4.661795568270168,0.0,0.0,0.0,1.5673962685234688,0.0,0.0,0.0,0.0,0.0,0.0
tactile_images/3168.png,contact,4.5399735797824725,0.0,4.5716169684887,0.0,0.0,27.1212429565541,0.2367662280411355,-1.248501041705655,0.0,0.0,0.0,3.2147677238557666,0.0,0.0,0.0,0.0,0.0,0.0
tactile_images/3169.png,contact,0.4169935847134356,0.0,4.619826240612181,0.0,0.0,27.135753546012825,-0.574887680546853,0.0775721585901711,0.0,0.0,0.0,-1.1830127932679413,0.0,0.0,0.0,0.0,0.0,0.0
tactile_images/3170.png,contact,-3.774608626303804,0.0,4.971983144341319,0.0,0.0,27.21095990837577,0.3964772053036487,2.3169918995472134,0.0,0.0,0.0,-0.9816454168922366,0.0,0.0,0.0,0.0,0.0,0.0
tactile_images/3171.png,contact,4.477421207139763,0.0,3.016446262777783,0.0,0.0,27.22518304788963,-0.3716029781226417,-2.1286944174658307,0.0,0.0,0.0,1.2456701844278983,0.0,0.0,0.0,0.0,0.0,0.0
tactile_images/3172.png,contact,-3.9398971000787046,0.0,3.984233314171723,0.0,0.0,27.228921207890096,0.0288805678566808,4.827301048579324,0.0,0.0,0.0,-1.0179424303477838,0.0,0.0,0.0,0.0,0.0,0.0
tactile_images/3173.png,contact,1.0896713087260137,0.0,3.373492569194654,0.0,0.0,27.348873942977946,-2.965469494707724,1.845397405050858,0.0,0.0,0.0,-4.586491072977882,0.0,0.0,0.0,0.0,0.0,0.0
tactile_images/3174.png,contact,2.2471178654813984,0.0,3.4753975206124577,0.0,0.0,27.39326625074162,4.037419493093276,-1.2718632283563949,0.0,0.0,0.0,2.2970803181174047,0.0,0.0,0.0,0.0,0.0,0.0
tactile_images/3175.png,contact,3.757027765144553,0.0,4.766699402044208,0.0,0.0,27.416019738636408,2.545350015232682,-4.02974960922888,0.0,0.0,0.0,1.409460630551271,0.0,0.0,0.0,0.0,0.0,0.0
tactile_images/3176.png,contact,-4.624472949421111,0.0,3.240541926257213,0.0,0.0,27.42262065358493,1.8097742269322,-3.186322397291901,0.0,0.0,0.0,-0.76287187244019,0.0,0.0,0.0,0.0,0.0,0.0
tactile_images/3177.png,contact,-3.371196278306522,0.0,4.662648142570499,0.0,0.0,27.439694819237573,4.499249709744731,-0.1239223994484337,0.0,0.0,0.0,-1.9717043911988053,0.0,0.0,0.0,0.0,0.0,0.0
tactile_images/3178.png,contact,-2.0468076273664675,0.0,3.4596520835850724,0.0,0.0,27.44807442610892,-2.15605668087162,-0.0530464504163328,0.0,0.0,0.0,-1.7927416167263166,0.0,0.0,0.0,0.0,0.0,0.0
tactile_images/3179.png,contact,-4.078987937796194,0.0,4.674479999030918,0.0,0.0,27.448970307850985,-4.188405891063858,2.6771876482135344,0.0,0.0,0.0,2.4102862371179654,0.0,0.0,0.0,0.0,0.0,0.0
tactile_images/3180.png,contact,0.226496018775987,0.0,3.6191063388053015,0.0,0.0,27.496496581475625,3.261386603553317,2.2617662557225247,0.0,0.0,0.0,2.291608789795428,0.0,0.0,0.0,0.0,0.0,0.0
tactile_images/3181.png,contact,-2.7091220374582194,0.0,4.297390085066071,0.0,0.0,27.497417616453006,4.984169636492549,-2.9872696148218267,0.0,0.0,0.0,3.1891842034125,0.0,0.0,0.0,0.0,0.0,0.0
tactile_images/3182.png,contact,1.507904253873391,0.0,3.633368712033852,0.0,0.0,27.53503998427378,0.7843243802019941,0.9495662055826504,0.0,0.0,0.0,2.62180428236109,0.0,0.0,0.0,0.0,0.0,0.0
tactile_images/3183.png,contact,4.967817363957213,0.0,4.739811867780642,0.0,0.0,27.57158782248904,-4.411906120873182,-4.793781992571117,0.0,0.0,0.0,2.579442021060652,0.0,0.0,0.0,0.0,0.0,0.0
tactile_images/3184.png,contact,-4.929647961193004,0.0,4.409822265462672,0.0,0.0,27.59725095527338,2.804680401549412,-1.0145260061566663,0.0,0.0,0.0,-2.482267659445684,0.0,0.0,0.0,0.0,0.0,0.0
tactile_images/3185.png,contact,-0.7187227122718651,0.0,3.983581265247336,0.0,0.0,27.61305153732647,-4.262509511541585,2.6410524057160583,0.0,0.0,0.0,-3.9838744540123616,0.0,0.0,0.0,0.0,0.0,0.0
tactile_images/3186.png,contact,-3.005866991090828,0.0,4.897409836478362,0.0,0.0,27.61655410248889,0.4001398625928125,-1.0049140671283352,0.0,0.0,0.0,2.617522660360172,0.0,0.0,0.0,0.0,0.0,0.0
tactile_images/3187.png,contact,3.134814896001457,0.0,4.371077241125247,0.0,0.0,27.64195458405064,-2.224675257894729,3.355962398014242,0.0,0.0,0.0,-4.013819803442472,0.0,0.0,0.0,0.0,0.0,0.0
tactile_images/3188.png,contact,-3.389973277180108,0.0,4.875051973519166,0.0,0.0,27.6444070462966,4.150267805923955,4.761552901252816,0.0,0.0,0.0,4.821114052949799,0.0,0.0,0.0,0.0,0.0,0.0
tactile_images/3189.png,contact,-4.636199770892528,0.0,4.826411923628345,0.0,0.0,27.72102780870962,-0.4866878674051502,1.072126026993657,0.0,0.0,0.0,3.7508926745000686,0.0,0.0,0.0,0.0,0.0,0.0
tactile_images/3190.png,contact,-2.896181427945539,0.0,3.507284948682752,0.0,0.0,27.756206981780508,3.984633484785533,-3.549959236582434,0.0,0.0,0.0,0.3346160192118717,0.0,0.0,0.0,0.0,0.0,0.0
tactile_images/3191.png,contact,-4.390684794502915,0.0,3.4881891449852045,0.0,0.0,27.77438269564513,-2.0091891474543244,-1.203227920945893,0.0,0.0,0.0,-1.4781643489783858,0.0,0.0,0.0,0.0,0.0,0.0
tactile_images/3192.png,contact,4.542579661874871,0.0,4.674438285917397,0.0,0.0,27.78377803386697,-1.1263741617864875,-4.905166449316249,0.0,0.0,0.0,0.2684303594742898,0.0,0.0,0.0,0.0,0.0,0.0
tactile_images/3193.png,contact,4.453655799990277,0.0,3.823564054971549,0.0,0.0,27.832790488558945,4.471191882470805,1.0272592384075263,0.0,0.0,0.0,2.343018331033707,0.0,0.0,0.0,0.0,0.0,0.0
tactile_images/3194.png,contact,-2.9480954874992937,0.0,3.8047410790827487,0.0,0.0,27.89505082376125,-2.9868554906836464,3.2156850097379817,0.0,0.0,0.0,2.5632997856061444,0.0,0.0,0.0,0.0,0.0,0.0
tactile_images/3195.png,contact,-0.3302886724613998,0.0,4.235114626419237,0.0,0.0,27.95338447893087,0.7850115165114513,1.299400789230429,0.0,0.0,0.0,-4.263340013500824,0.0,0.0,0.0,0.0,0.0,0.0
tactile_images/3196.png,contact,3.248768598696468,0.0,3.279284660419167,0.0,0.0,27.968532133287454,-1.1148967143988866,2.860862291834499,0.0,0.0,0.0,3.0485409489481725,0.0,0.0,0.0,0.0,0.0,0.0
tactile_images/3197.png,contact,3.7241969720443615,0.0,3.89782344518558,0.0,0.0,28.00060854666256,2.7416688506872733,2.999039272758867,0.0,0.0,0.0,1.4149708170515556,0.0,0.0,0.0,0.0,0.0,0.0
tactile_images/3198.png,contact,4.146503319213561,0.0,4.866226442337306,0.0,0.0,28.00148436575764,-3.7070362882864254,3.5101257621746367,0.0,0.0,0.0,-4.594203860947972,0.0,0.0,0.0,0.0,0.0,0.0
tactile_images/3199.png,contact,-0.6218881106452514,0.0,4.628136574773361,0.0,0.0,28.025434110996983,-0.627850309953315,-2.333362170024458,0.0,0.0,0.0,-1.8683879418620968,0.0,0.0,0.0,0.0,0.0,0.0
tactile_images/3200.png,contact,-3.824163684073387,0.0,4.508564666070432,0.0,0.0,28.115571757144224,1.989326268452631,3.712685228204218,0.0,0.0,0.0,0.1064136869431582,0.0,0.0,0.0,0.0,0.0,0.0
tactile_images/3201.png,contact,-3.0839734811646107,0.0,3.1979372468174136,0.0,0.0,28.14570444884272,-0.9298376499384018,1.5409399846349094,0.0,0.0,0.0,-3.1154850779452503,0.0,0.0,0.0,0.0,0.0,0.0
tactile_images/3202.png,contact,-1.234059581594401,0.0,4.948062449944128,0.0,0.0,28.1794841455074,-4.414682607246233,-2.1027444340551305,0.0,0.0,0.0,-3.4475947112544523,0.0,0.0,0.0,0.0,0.0,0.0
tactile_images/3203.png,contact,-2.026337730855163,0.0,3.795906112402667,0.0,0.0,28.186620317963616,2.0511226133534386,4.872947149962611,0.0,0.0,0.0,-4.857188354026713,0.0,0.0,0.0,0.0,0.0,0.0
tactile_images/3204.png,contact,4.626518112507856,0.0,4.386419084437735,0.0,0.0,28.25244959094761,0.0319832768498304,4.50182393731669,0.0,0.0,0.0,4.115506334512585,0.0,0.0,0.0,0.0,0.0,0.0
tactile_images/3205.png,contact,4.276835247420614,0.0,4.49997396875995,0.0,0.0,28.265370700350783,-4.886913133198995,0.7444098320639938,0.0,0.0,0.0,-4.438920449698127,0.0,0.0,0.0,0.0,0.0,0.0
tactile_images/3206.png,contact,2.0685226973898674,0.0,3.644161150632532,0.0,0.0,28.27610069736424,1.1265589522837305,3.432083783995635,0.0,0.0,0.0,-1.3398857853597104,0.0,0.0,0.0,0.0,0.0,0.0
tactile_images/3207.png,contact,-4.362122462436899,0.0,3.9901118913091698,0.0,0.0,28.306159165476306,4.198810225287865,-2.385055112801284,0.0,0.0,0.0,-2.9422836272851005,0.0,0.0,0.0,0.0,0.0,0.0
tactile_images/3208.png,contact,-2.270567616153901,0.0,3.2990172790413923,0.0,0.0,28.3083264776333,-3.8897405178831104,-0.8396300338911002,0.0,0.0,0.0,2.4103310220736134,0.0,0.0,0.0,0.0,0.0,0.0
tactile_images/3209.png,contact,-3.003565078223616,0.0,3.9870183653212,0.0,0.0,28.31460159374288,0.9067123500916896,-3.1602823925616628,0.0,0.0,0.0,2.071846574815344,0.0,0.0,0.0,0.0,0.0,0.0
tactile_images/3210.png,contact,3.867619541592448,0.0,3.24582236508449,0.0,0.0,28.32315831599891,2.2866888176263034,0.2010264262924801,0.0,0.0,0.0,3.0622241196198114,0.0,0.0,0.0,0.0,0.0,0.0
tactile_images/3211.png,contact,-2.1334958588455244,0.0,4.348439264894794,0.0,0.0,28.371774696260488,-4.2922632985969456,-0.0399856992833473,0.0,0.0,0.0,1.1680830124498476,0.0,0.0,0.0,0.0,0.0,0.0
tactile_images/3212.png,contact,2.25944779312794,0.0,3.924722894495479,0.0,0.0,28.38028297419892,-4.773845418358137,-2.871867740384336,0.0,0.0,0.0,0.9165316033333504,0.0,0.0,0.0,0.0,0.0,0.0
tactile_images/3213.png,contact,-2.5239788230378792,0.0,4.349347984046323,0.0,0.0,28.39497543931673,-0.3580413335505277,1.7280169371609757,0.0,0.0,0.0,-0.9288928452811548,0.0,0.0,0.0,0.0,0.0,0.0
tactile_images/3214.png,contact,2.246188257445815,0.0,3.987000728145233,0.0,0.0,28.41764287114033,2.911866872343638,-3.822097044745875,0.0,0.0,0.0,1.363587001088682,0.0,0.0,0.0,0.0,0.0,0.0
tactile_images/3215.png,contact,-0.3338662876536258,0.0,4.427829168167269,0.0,0.0,28.43141277433112,-3.3928058990067167,-4.383085489302888,0.0,0.0,0.0,-3.8479441503324696,0.0,0.0,0.0,0.0,0.0,0.0
tactile_images/3216.png,contact,1.6576168130393922,0.0,3.1077965807875776,0.0,0.0,28.48142280895512,3.366372722149229,-1.1509503133761392,0.0,0.0,0.0,1.8451284920218471,0.0,0.0,0.0,0.0,0.0,0.0
tactile_images/3217.png,contact,-2.0385709163433123,0.0,4.484915128427113,0.0,0.0,28.49104887653141,1.565772554235961,-0.9017522221529504,0.0,0.0,0.0,-3.96102242136912,0.0,0.0,0.0,0.0,0.0,0.0
tactile_images/3218.png,contact,3.033464150470413,0.0,3.541467464843465,0.0,0.0,28.5210535216395,-1.6782671221151435,-1.802593934735138,0.0,0.0,0.0,3.6173990253266624,0.0,0.0,0.0,0.0,0.0,0.0
tactile_images/3219.png,contact,-1.5142038835186424,0.0,4.727154006278292,0.0,0.0,28.533580074826133,0.1582579849244947,-2.420533624217496,0.0,0.0,0.0,0.0568280582705522,0.0,0.0,0.0,0.0,0.0,0.0
tactile_images/3220.png,contact,3.7961242121091097,0.0,3.477429367870127,0.0,0.0,28.55037771837829,4.655749797267385,-1.6122365499046962,0.0,0.0,0.0,0.3035690453564053,0.0,0.0,0.0,0.0,0.0,0.0
tactile_images/3221.png,contact,1.3228419694056646,0.0,4.795591612784052,0.0,0.0,28.55648354297894,-2.835630293676612,-3.36624426047897,0.0,0.0,0.0,0.8485760220523586,0.0,0.0,0.0,0.0,0.0,0.0
tactile_images/3222.png,contact,-2.945782787001903,0.0,4.092197616006581,0.0,0.0,28.568826829248263,-0.0046460225595978,-0.9654753086712268,0.0,0.0,0.0,2.760524989788572,0.0,0.0,0.0,0.0,0.0,0.0
tactile_images/3223.png,contact,-0.2516338366706012,0.0,4.186311991054269,0.0,0.0,28.570456302867058,1.2448655610762067,4.046033735174436,0.0,0.0,0.0,-0.2152937912783254,0.0,0.0,0.0,0.0,0.0,0.0
tactile_images/3224.png,contact,-3.0300207195783706,0.0,3.885178046648917,0.0,0.0,28.59293806628453,-3.619853945243338,-2.7557311879116178,0.0,0.0,0.0,-0.7241192635267799,0.0,0.0,0.0,0.0,0.0,0.0
tactile_images/3225.png,contact,-4.963343376272473,0.0,3.193904247197976,0.0,0.0,28.60617987543872,-4.564779113766903,1.844511043503504,0.0,0.0,0.0,-2.116665432270977,0.0,0.0,0.0,0.0,0.0,0.0
tactile_images/3226.png,contact,-1.908839765508228,0.0,3.614299900379904,0.0,0.0,28.608764146661457,-4.865400470685287,-3.5821548960216063,0.0,0.0,0.0,-3.719606492824087,0.0,0.0,0.0,0.0,0.0,0.0
tactile_images/3227.png,contact,-0.5022654215626172,0.0,3.066875971122196,0.0,0.0,28.60989679158743,-1.7530714339998377,-1.460933759897692,0.0,0.0,0.0,-3.096574589239669,0.0,0.0,0.0,0.0,0.0,0.0
tactile_images/3228.png,contact,-0.931582190394682,0.0,3.035408890146474,0.0,0.0,28.6285405541292,-4.260527055151346,-1.7882521945474372,0.0,0.0,0.0,-4.994721563141677,0.0,0.0,0.0,0.0,0.0,0.0
tactile_images/3229.png,contact,0.257857833425362,0.0,3.763916038090538,0.0,0.0,28.64142253727369,3.0376995254111456,4.3702939440832775,0.0,0.0,0.0,3.694216477856674,0.0,0.0,0.0,0.0,0.0,0.0
tactile_images/3230.png,contact,-2.9451554449074866,0.0,3.2357202173595403,0.0,0.0,28.65357484829052,4.97319527161746,-0.7201794419819105,0.0,0.0,0.0,2.649583948988818,0.0,0.0,0.0,0.0,0.0,0.0
tactile_images/3231.png,contact,0.0330457718205341,0.0,4.219137067796928,0.0,0.0,28.6695226074997,-4.38696178265536,1.904659437813839,0.0,0.0,0.0,-2.813175711810436,0.0,0.0,0.0,0.0,0.0,0.0
tactile_images/3232.png,contact,-3.383287047111379,0.0,4.074833877199614,0.0,0.0,28.70535368802048,-0.6727372406656045,1.0246280897132929,0.0,0.0,0.0,-4.9760990940449465,0.0,0.0,0.0,0.0,0.0,0.0
tactile_images/3233.png,contact,-4.509285945025484,0.0,3.583153539151531,0.0,0.0,28.71517101024149,-4.742678770174252,-3.589699247152386,0.0,0.0,0.0,-0.0788369513796087,0.0,0.0,0.0,0.0,0.0,0.0
tactile_images/3234.png,contact,4.480287163485276,0.0,4.693068986246811,0.0,0.0,28.735653666781985,-3.660091092427368,4.395404510306184,0.0,0.0,0.0,-0.8742680068492952,0.0,0.0,0.0,0.0,0.0,0.0
tactile_images/3235.png,contact,-3.148251137465122,0.0,3.702711869309853,0.0,0.0,28.74580602349872,-1.7707743908932594,-1.5413070814423682,0.0,0.0,0.0,2.7600662134205862,0.0,0.0,0.0,0.0,0.0,0.0
tactile_images/3236.png,contact,-4.756102008599148,0.0,3.047950894753064,0.0,0.0,28.77404604779925,-1.0630178694235015,-4.552416442163503,0.0,0.0,0.0,-0.971044933024822,0.0,0.0,0.0,0.0,0.0,0.0
tactile_images/3237.png,contact,-3.626404711491789,0.0,4.356786292811814,0.0,0.0,28.78892206434704,4.397829464286401,-1.995562931558124,0.0,0.0,0.0,3.641128075237584,0.0,0.0,0.0,0.0,0.0,0.0
tactile_images/3238.png,contact,1.7336075057408906,0.0,3.8423827596507816,0.0,0.0,28.79103869860124,-1.0416319124310416,-1.643662741176739,0.0,0.0,0.0,-4.041617709347472,0.0,0.0,0.0,0.0,0.0,0.0
tactile_images/3239.png,contact,-1.068469555401391,0.0,3.5873528267168724,0.0,0.0,28.80376120788202,-0.0372234094259784,-4.072546726212728,0.0,0.0,0.0,-1.34141913747452,0.0,0.0,0.0,0.0,0.0,0.0
tactile_images/3240.png,contact,2.650265950040472,0.0,4.1843803608584365,0.0,0.0,28.812966115668303,-2.544166317261336,1.1997740637994276,0.0,0.0,0.0,4.339408986687307,0.0,0.0,0.0,0.0,0.0,0.0
tactile_images/3241.png,contact,-4.0424329140756505,0.0,4.721208980699419,0.0,0.0,28.824686451877184,-4.998748612434245,-1.532357944584546,0.0,0.0,0.0,-4.882703776731212,0.0,0.0,0.0,0.0,0.0,0.0
tactile_images/3242.png,contact,-2.587153211639208,0.0,3.356466197823167,0.0,0.0,28.85600288548381,3.993344567331352,1.2913460633097085,0.0,0.0,0.0,-1.092105759930754,0.0,0.0,0.0,0.0,0.0,0.0
tactile_images/3243.png,contact,-3.313735143857098,0.0,4.57465167491479,0.0,0.0,28.90279142088116,-4.182852429636952,-4.932594364109328,0.0,0.0,0.0,-2.402967399334691,0.0,0.0,0.0,0.0,0.0,0.0
tactile_images/3244.png,contact,-3.80314762148927,0.0,4.050500929660976,0.0,0.0,28.90734825272527,4.64248841036229,4.820483989907524,0.0,0.0,0.0,0.3186072244307816,0.0,0.0,0.0,0.0,0.0,0.0
tactile_images/3245.png,contact,-0.7789111269408835,0.0,3.5852254548469307,0.0,0.0,28.935766520828267,-3.6915589589973976,-3.294836414553184,0.0,0.0,0.0,-2.2123319972137203,0.0,0.0,0.0,0.0,0.0,0.0
tactile_images/3246.png,contact,-3.7676563676174943,0.0,3.2543623784337736,0.0,0.0,28.94001304121932,1.0487848075044024,1.5933098670493635,0.0,0.0,0.0,3.699080454614723,0.0,0.0,0.0,0.0,0.0,0.0
tactile_images/3247.png,contact,2.1814522522660007,0.0,3.846877609799585,0.0,0.0,28.95041379312144,4.994105878566369,2.1578430327951548,0.0,0.0,0.0,4.371382528532742,0.0,0.0,0.0,0.0,0.0,0.0
tactile_images/3248.png,contact,-1.5871763872702216,0.0,4.744059469685734,0.0,0.0,28.968421938376125,-3.6153540393032415,-3.28391650252524,0.0,0.0,0.0,3.4913429707394066,0.0,0.0,0.0,0.0,0.0,0.0
tactile_images/3249.png,contact,-4.3374942300147,0.0,3.186656240539653,0.0,0.0,28.9787694917149,-0.7605691506017571,-3.8828771789758143,0.0,0.0,0.0,-1.014321547720507,0.0,0.0,0.0,0.0,0.0,0.0
tactile_images/3250.png,contact,-3.1011339467918084,0.0,3.215924896221672,0.0,0.0,29.03817124316696,2.804236689714765,-3.4742280815519133,0.0,0.0,0.0,4.899337655361988,0.0,0.0,0.0,0.0,0.0,0.0
tactile_images/3251.png,contact,4.853066113450462,0.0,3.494702743635486,0.0,0.0,29.056997128071657,-4.678098501500317,-2.5318174415505545,0.0,0.0,0.0,2.350363166241917,0.0,0.0,0.0,0.0,0.0,0.0
tactile_images/3252.png,contact,3.599759024466823,0.0,3.217999979725952,0.0,0.0,29.117553838312247,1.897827511400445,-3.3176788200709115,0.0,0.0,0.0,-1.4439106337138097,0.0,0.0,0.0,0.0,0.0,0.0
tactile_images/3253.png,contact,-4.173135754622429,0.0,3.330740851026372,0.0,0.0,29.12168496161765,-4.196266621092005,1.7399942695608157,0.0,0.0,0.0,-4.063071788012049,0.0,0.0,0.0,0.0,0.0,0.0
tactile_images/3254.png,contact,4.113952860303209,0.0,4.810746376524855,0.0,0.0,29.15209147109661,-2.6347985772677363,-0.7916679627393277,0.0,0.0,0.0,1.6704641638172877,0.0,0.0,0.0,0.0,0.0,0.0
tactile_images/3255.png,contact,0.4086424376173871,0.0,3.539947273710924,0.0,0.0,29.169371146969965,-3.399238375066396,0.3779159451536307,0.0,0.0,0.0,2.285674442318351,0.0,0.0,0.0,0.0,0.0,0.0
tactile_images/3256.png,contact,-3.511366715168569,0.0,3.0213402540123253,0.0,0.0,29.173446467990217,4.0733643164693625,-4.526632111908418,0.0,0.0,0.0,-3.77540867111539,0.0,0.0,0.0,0.0,0.0,0.0
tactile_images/3257.png,contact,1.4533379501491717,0.0,4.0639434689929965,0.0,0.0,29.1829249768507,-3.1954328321831915,3.612489631007232,0.0,0.0,0.0,0.4973635179625777,0.0,0.0,0.0,0.0,0.0,0.0
tactile_images/3258.png,contact,-4.715326909010507,0.0,3.8557390297059824,0.0,0.0,29.18991039617235,-4.5956590448484285,-3.294284467938078,0.0,0.0,0.0,4.870879840538203,0.0,0.0,0.0,0.0,0.0,0.0
tactile_images/3259.png,contact,-1.7276461441246669,0.0,4.10355856745139,0.0,0.0,29.21182832965001,0.8762567844776212,-1.3984766854491184,0.0,0.0,0.0,-1.7375789750086312,0.0,0.0,0.0,0.0,0.0,0.0
tactile_images/3260.png,contact,-1.88402396427736,0.0,3.752083582218313,0.0,0.0,29.26934954141157,-1.5381907459029796,-4.28098360172233,0.0,0.0,0.0,-1.9810497756713616,0.0,0.0,0.0,0.0,0.0,0.0
tactile_images/3261.png,contact,-4.440593396866133,0.0,3.1677959212578184,0.0,0.0,29.29971414759176,-0.942937793586336,-3.6320686535167033,0.0,0.0,0.0,4.033021660929643,0.0,0.0,0.0,0.0,0.0,0.0
tactile_images/3262.png,contact,2.1750393402714776,0.0,4.050204796284488,0.0,0.0,29.366222844361715,-3.80937255137453,1.657994099756614,0.0,0.0,0.0,-3.825839553349444,0.0,0.0,0.0,0.0,0.0,0.0
tactile_images/3263.png,contact,1.970842711668074,0.0,3.789258139812064,0.0,0.0,29.383554688296428,2.4823449143319456,1.9258700225568888,0.0,0.0,0.0,4.335275033752337,0.0,0.0,0.0,0.0,0.0,0.0
tactile_images/3264.png,contact,-0.8577558127346325,0.0,4.061718068576951,0.0,0.0,29.384942607090707,1.01553649643518,1.7696548462535215,0.0,0.0,0.0,2.794870602734893,0.0,0.0,0.0,0.0,0.0,0.0
tactile_images/3265.png,contact,4.743579341935643,0.0,4.113688826269125,0.0,0.0,29.401472454405365,-1.3578295525172002,0.5213678784602207,0.0,0.0,0.0,-1.0915959106708018,0.0,0.0,0.0,0.0,0.0,0.0
tactile_images/3266.png,contact,-3.2183094658535936,0.0,4.5022967356451655,0.0,0.0,29.41179657871913,-3.28425056236864,4.525216640119066,0.0,0.0,0.0,-4.164523796478483,0.0,0.0,0.0,0.0,0.0,0.0
tactile_images/3267.png,contact,2.423927796662781,0.0,4.424126842818342,0.0,0.0,29.42809447356278,0.9345173917056036,0.0717716076857648,0.0,0.0,0.0,-4.808254587462155,0.0,0.0,0.0,0.0,0.0,0.0
tactile_images/3268.png,contact,-0.2767746622169493,0.0,4.0900168314478815,0.0,0.0,29.434094202854663,2.785972795073773,-0.5058797070355343,0.0,0.0,0.0,-1.241688035622191,0.0,0.0,0.0,0.0,0.0,0.0
tactile_images/3269.png,contact,-0.7690388462635909,0.0,4.593895008031292,0.0,0.0,29.448432007806176,-1.876027161328051,-2.524544342828565,0.0,0.0,0.0,2.0535358447684446,0.0,0.0,0.0,0.0,0.0,0.0
tactile_images/3270.png,contact,4.153116581246932,0.0,3.580963211217888,0.0,0.0,29.46320202295693,-4.741396164614029,-4.011504707333874,0.0,0.0,0.0,-0.1247078653109792,0.0,0.0,0.0,0.0,0.0,0.0
tactile_images/3271.png,contact,4.531480914723969,0.0,4.297493874473308,0.0,0.0,29.502286496842714,-2.85656015247016,0.481549299661788,0.0,0.0,0.0,2.3865189281058994,0.0,0.0,0.0,0.0,0.0,0.0
tactile_images/3272.png,contact,0.6792311705580403,0.0,4.983188471328333,0.0,0.0,29.549362148347114,1.823978188928292,-1.85109813307172,0.0,0.0,0.0,1.705708487261095,0.0,0.0,0.0,0.0,0.0,0.0
tactile_images/3273.png,contact,-2.2344781785000105,0.0,4.578666964681105,0.0,0.0,29.553210650717787,4.890963774569228,0.2402538319051519,0.0,0.0,0.0,0.7290718936836633,0.0,0.0,0.0,0.0,0.0,0.0
tactile_images/3274.png,contact,-2.5555113854304867,0.0,3.989656913242841,0.0,0.0,29.569626761853712,-4.866237605912235,-2.938809217395203,0.0,0.0,0.0,4.674990807248545,0.0,0.0,0.0,0.0,0.0,0.0
tactile_images/3275.png,contact,0.9225189499726768,0.0,4.341326632004199,0.0,0.0,29.5715830895369,-1.9384643786789924,3.3817267220791134,0.0,0.0,0.0,2.2838443435347,0.0,0.0,0.0,0.0,0.0,0.0
tactile_images/3276.png,contact,2.9906631134094352,0.0,4.190711445020623,0.0,0.0,29.57956240089776,-4.379791295511612,4.9969720965906905,0.0,0.0,0.0,4.146134491814422,0.0,0.0,0.0,0.0,0.0,0.0
tactile_images/3277.png,contact,1.747048659769689,0.0,4.433595433398741,0.0,0.0,29.65140845830996,-1.836507122369678,-1.775964898793505,0.0,0.0,0.0,-2.578394356799716,0.0,0.0,0.0,0.0,0.0,0.0
tactile_images/3278.png,contact,1.5406500745303706,0.0,4.504804907438935,0.0,0.0,29.65433728365207,-0.9408565687257876,3.423276072603297,0.0,0.0,0.0,2.136396267772012,0.0,0.0,0.0,0.0,0.0,0.0
tactile_images/3279.png,contact,-0.034172708548569,0.0,4.280501829904552,0.0,0.0,29.6717140400731,4.20862091946255,3.7298613639240745,0.0,0.0,0.0,0.9780286341515936,0.0,0.0,0.0,0.0,0.0,0.0
tactile_images/3280.png,contact,-2.181230762264944,0.0,4.064620526759821,0.0,0.0,29.706578838501954,-4.194392005950212,4.960737887570797,0.0,0.0,0.0,4.242960968388532,0.0,0.0,0.0,0.0,0.0,0.0
tactile_images/3281.png,contact,1.8564988681625163,0.0,3.795183738621293,0.0,0.0,29.712902854733485,2.7713405306576995,-1.572798702220206,0.0,0.0,0.0,0.104530176243732,0.0,0.0,0.0,0.0,0.0,0.0
tactile_images/3282.png,contact,-2.694929331919369,0.0,3.445900017115507,0.0,0.0,29.71802975908304,-1.0446560393703663,2.560413937141057,0.0,0.0,0.0,-2.2035862097084835,0.0,0.0,0.0,0.0,0.0,0.0
tactile_images/3283.png,contact,2.9555162753572697,0.0,4.217375055765602,0.0,0.0,29.721917517336664,3.112628496669277,-2.711909963580146,0.0,0.0,0.0,-1.1516103962145818,0.0,0.0,0.0,0.0,0.0,0.0
tactile_images/3284.png,contact,2.921137448539727,0.0,3.7301673465688014,0.0,0.0,29.742932581796182,0.1340218532562129,1.2479600129214328,0.0,0.0,0.0,-2.811701945737388,0.0,0.0,0.0,0.0,0.0,0.0
tactile_images/3285.png,contact,3.387787127459956,0.0,3.6104290602577183,0.0,0.0,29.76718992485003,-4.607179611565899,2.048425694728376,0.0,0.0,0.0,-2.800270006118133,0.0,0.0,0.0,0.0,0.0,0.0
tactile_images/3286.png,contact,4.295080543568553,0.0,4.880802744524371,0.0,0.0,29.80691604148004,4.462058847148388,2.411206925350964,0.0,0.0,0.0,-0.2957841397333904,0.0,0.0,0.0,0.0,0.0,0.0
tactile_images/3287.png,contact,-0.7060974663882966,0.0,3.3778596275299044,0.0,0.0,29.838265785841827,-4.1726593656547815,-2.928278314155384,0.0,0.0,0.0,3.925688352929713,0.0,0.0,0.0,0.0,0.0,0.0
tactile_images/3288.png,contact,3.302420949124593,0.0,3.4708144976830533,0.0,0.0,29.83992193634198,0.9768350253375608,3.487255704961948,0.0,0.0,0.0,-3.08130657138744,0.0,0.0,0.0,0.0,0.0,0.0
tactile_images/3289.png,contact,-2.1475327644394584,0.0,3.6284830409990096,0.0,0.0,29.84881388491756,3.7766776293351576,-0.7902813960745814,0.0,0.0,0.0,-2.1212998787588444,0.0,0.0,0.0,0.0,0.0,0.0
tactile_images/3290.png,contact,3.801346326663172,0.0,4.941809422899739,0.0,0.0,29.86833684158674,-4.202302022498062,-2.8363048226544496,0.0,0.0,0.0,3.5298812805153865,0.0,0.0,0.0,0.0,0.0,0.0
tactile_images/3291.png,contact,1.1980438121414294,0.0,3.755936711282568,0.0,0.0,29.887948591274764,0.5389338841601283,0.4253108837190158,0.0,0.0,0.0,-1.6074372243948467,0.0,0.0,0.0,0.0,0.0,0.0
tactile_images/3292.png,contact,-1.5524198063902173,0.0,3.785901529982706,0.0,0.0,29.924313305052976,3.242898755244521,3.633571296069421,0.0,0.0,0.0,4.6241340198971415,0.0,0.0,0.0,0.0,0.0,0.0
tactile_images/3293.png,contact,-2.222669318556592,0.0,3.544934368066192,0.0,0.0,29.948135028393395,4.8632470864579584,4.670879097781137,0.0,0.0,0.0,-2.310797235364588,0.0,0.0,0.0,0.0,0.0,0.0
tactile_images/3294.png,contact,1.6299682356871372,0.0,3.75606212446639,0.0,0.0,29.95794111631525,2.2432740081402125,2.482078217278744,0.0,0.0,0.0,-0.5785657830142217,0.0,0.0,0.0,0.0,0.0,0.0
tactile_images/3295.png,contact,-2.1217922134753584,0.0,3.7589227611869296,0.0,0.0,29.98307734761828,-2.2166562453670635,-4.943771137286376,0.0,0.0,0.0,-4.043900608072591,0.0,0.0,0.0,0.0,0.0,0.0
tactile_images/3296.png,contact,2.291677487379258,0.0,4.017077782995416,0.0,0.0,29.98717239920819,1.995703298454094,-3.652992395340439,0.0,0.0,0.0,4.921757952986017,0.0,0.0,0.0,0.0,0.0,0.0
tactile_images/3297.png,contact,2.055511079304143,0.0,4.842915472433061,0.0,0.0,30.032749529462365,2.057667693076394,-4.237260135611343,0.0,0.0,0.0,3.9014204487561934,0.0,0.0,0.0,0.0,0.0,0.0
tactile_images/3298.png,contact,-3.218600592903563,0.0,3.0442689020589944,0.0,0.0,30.05175365320673,1.9996601210461744,-3.9878625700611527,0.0,0.0,0.0,3.175622528761247,0.0,0.0,0.0,0.0,0.0,0.0
tactile_images/3299.png,contact,-0.9083326056901077,0.0,4.020785442697413,0.0,0.0,30.113616476548543,3.5426043709310573,-1.1696504398022487,0.0,0.0,0.0,-3.4265752943905934,0.0,0.0,0.0,0.0,0.0,0.0
tactile_images/3300.png,contact,-0.1043248900423226,0.0,3.8849826273360746,0.0,0.0,30.144672289234123,-4.126199374805091,-1.6150668517137223,0.0,0.0,0.0,4.693580578479136,0.0,0.0,0.0,0.0,0.0,0.0
tactile_images/3301.png,contact,-0.8292605680426313,0.0,3.900780152811862,0.0,0.0,30.171358514164595,-3.9158015458456665,-3.8631501873168994,0.0,0.0,0.0,4.291512856799244,0.0,0.0,0.0,0.0,0.0,0.0
tactile_images/3302.png,contact,-3.686231679556109,0.0,3.669470653158558,0.0,0.0,30.172225399695137,1.4061712422555803,3.82235351614249,0.0,0.0,0.0,-0.6432855800248074,0.0,0.0,0.0,0.0,0.0,0.0
tactile_images/3303.png,contact,4.579753248285947,0.0,3.6429249558956087,0.0,0.0,30.225872238133974,4.538810960981879,1.1542757633236018,0.0,0.0,0.0,1.816370297014068,0.0,0.0,0.0,0.0,0.0,0.0
tactile_images/3304.png,contact,4.891889163648036,0.0,4.4297119484008185,0.0,0.0,30.23509836697293,-0.3416136108075402,2.964633089564489,0.0,0.0,0.0,4.92458427692047,0.0,0.0,0.0,0.0,0.0,0.0
tactile_images/3305.png,contact,-1.802277792083533,0.0,3.5290925724520834,0.0,0.0,30.24027349277665,4.605627016256751,-1.2845061114456913,0.0,0.0,0.0,-0.9025478050041807,0.0,0.0,0.0,0.0,0.0,0.0
tactile_images/3306.png,contact,-1.4547229590716784,0.0,4.258235157268533,0.0,0.0,30.290673177438464,4.380852595161539,-0.8976398371243208,0.0,0.0,0.0,-3.8695431094591695,0.0,0.0,0.0,0.0,0.0,0.0
tactile_images/3307.png,contact,-0.8431431192310024,0.0,4.4411728387412746,0.0,0.0,30.34326881926056,4.029097382343196,-1.82378789463272,0.0,0.0,0.0,3.677790348189968,0.0,0.0,0.0,0.0,0.0,0.0
tactile_images/3308.png,contact,-3.036035354415352,0.0,3.0410218386407823,0.0,0.0,30.3458025275539,4.098509748640852,-0.6157338790150888,0.0,0.0,0.0,-0.2351488155750321,0.0,0.0,0.0,0.0,0.0,0.0
tactile_images/3309.png,contact,1.747093816382522,0.0,4.224158636407719,0.0,0.0,30.35572000647849,3.98318793327986,1.1037726235505367,0.0,0.0,0.0,4.869694550592685,0.0,0.0,0.0,0.0,0.0,0.0
tactile_images/3310.png,contact,-0.1905979090827037,0.0,4.547872257647344,0.0,0.0,30.383961075519323,3.198893835391821,-0.0701599215975861,0.0,0.0,0.0,0.5089286040480756,0.0,0.0,0.0,0.0,0.0,0.0
tactile_images/3311.png,contact,-3.9052728073989496,0.0,3.898296405464425,0.0,0.0,30.40340317291016,1.9497895860533028,3.3791700618845013,0.0,0.0,0.0,-4.705223964107976,0.0,0.0,0.0,0.0,0.0,0.0
tactile_images/3312.png,contact,-0.1977394855601764,0.0,4.453959742691631,0.0,0.0,30.428300403625627,-4.755918214073917,4.001391686098243,0.0,0.0,0.0,-0.0827303639561982,0.0,0.0,0.0,0.0,0.0,0.0
tactile_images/3313.png,contact,-4.876495637360579,0.0,4.302395424190693,0.0,0.0,30.45999475549928,-3.677464078439475,-0.3031614663240081,0.0,0.0,0.0,2.1806212932896054,0.0,0.0,0.0,0.0,0.0,0.0
tactile_images/3314.png,contact,1.937463792133883,0.0,3.2767571250838365,0.0,0.0,30.4704327058216,-3.657679454685328,-2.602520196513506,0.0,0.0,0.0,-4.739699717969204,0.0,0.0,0.0,0.0,0.0,0.0
tactile_images/3315.png,contact,-2.5087106779149737,0.0,4.716746759522125,0.0,0.0,30.49664258379396,-4.7645971572041015,4.451924194593088,0.0,0.0,0.0,-0.8655128563757133,0.0,0.0,0.0,0.0,0.0,0.0
tactile_images/3316.png,contact,-1.1500722669916978,0.0,3.1711991056455364,0.0,0.0,30.54545740079209,-3.832982315763634,2.350386430509227,0.0,0.0,0.0,-3.4443979954842376,0.0,0.0,0.0,0.0,0.0,0.0
tactile_images/3317.png,contact,-4.595766443210334,0.0,3.4854299735971663,0.0,0.0,30.55698501499909,4.197464335671063,1.4012708605387996,0.0,0.0,0.0,1.4309682102135852,0.0,0.0,0.0,0.0,0.0,0.0
tactile_images/3318.png,contact,-3.050903184956628,0.0,4.551309270652067,0.0,0.0,30.56449058914648,1.63804286910786,2.454137336239759,0.0,0.0,0.0,4.573458487780414,0.0,0.0,0.0,0.0,0.0,0.0
tactile_images/3319.png,contact,1.5812783396131391,0.0,3.8157698537007176,0.0,0.0,30.59135591009091,-1.879269817045776,-4.240182176030771,0.0,0.0,0.0,1.2458490455529292,0.0,0.0,0.0,0.0,0.0,0.0
tactile_images/3320.png,contact,3.3776659421752067,0.0,4.9870031207914165,0.0,0.0,30.59467354322223,2.9336001223668,-4.323736723623275,0.0,0.0,0.0,1.9487770638588915,0.0,0.0,0.0,0.0,0.0,0.0
tactile_images/3321.png,contact,0.2440380817799168,0.0,4.773468783891809,0.0,0.0,30.61018477804048,-0.1163051304514901,-3.468793474190126,0.0,0.0,0.0,-1.0343709957439051,0.0,0.0,0.0,0.0,0.0,0.0
tactile_images/3322.png,contact,3.1902304729051023,0.0,3.383546916587342,0.0,0.0,30.61135439210257,-3.5787296308412344,-3.525490325594676,0.0,0.0,0.0,0.631408689519164,0.0,0.0,0.0,0.0,0.0,0.0
tactile_images/3323.png,contact,2.2318569220869424,0.0,3.216246704954192,0.0,0.0,30.61586680407035,3.845020812264927,-0.7932952515059553,0.0,0.0,0.0,0.438577096858598,0.0,0.0,0.0,0.0,0.0,0.0
tactile_images/3324.png,contact,-3.5142495774509577,0.0,4.489207358006761,0.0,0.0,30.63659900073428,-1.6133805376352752,-3.4259591771463582,0.0,0.0,0.0,2.59606345267944,0.0,0.0,0.0,0.0,0.0,0.0
tactile_images/3325.png,contact,-3.955628481318387,0.0,4.066676229785144,0.0,0.0,30.64406009478165,1.9885923052989425,3.5452564426659645,0.0,0.0,0.0,3.5691164702029514,0.0,0.0,0.0,0.0,0.0,0.0
tactile_images/3326.png,contact,-2.3791739335402537,0.0,4.799966553757308,0.0,0.0,30.66715392181337,-2.094058395003926,0.7809693092802581,0.0,0.0,0.0,1.628859442830998,0.0,0.0,0.0,0.0,0.0,0.0
tactile_images/3327.png,contact,4.129072332042285,0.0,4.816069752671443,0.0,0.0,30.722363906339908,0.000712506738,-1.317381036497486,0.0,0.0,0.0,4.79808801924046,0.0,0.0,0.0,0.0,0.0,0.0
tactile_images/3328.png,contact,0.963989976384088,0.0,4.424788056945843,0.0,0.0,30.77447675782372,3.1625271153041545,-4.3037746177473295,0.0,0.0,0.0,3.282883925244996,0.0,0.0,0.0,0.0,0.0,0.0
tactile_images/3329.png,contact,0.5232657458958165,0.0,3.4537410326629883,0.0,0.0,30.776461311041487,-3.432226535756323,0.9102779595912516,0.0,0.0,0.0,-3.753532510830749,0.0,0.0,0.0,0.0,0.0,0.0
tactile_images/3330.png,contact,-4.383404568210379,0.0,3.626501480977644,0.0,0.0,30.781396774665723,4.772513952392783,-3.8346717940787367,0.0,0.0,0.0,0.0747539838617115,0.0,0.0,0.0,0.0,0.0,0.0
tactile_images/3331.png,contact,2.193167844840257,0.0,3.0144398940074355,0.0,0.0,30.8208783935263,-4.297840771392738,2.432202504026062,0.0,0.0,0.0,4.032360786937701,0.0,0.0,0.0,0.0,0.0,0.0
tactile_images/3332.png,contact,-3.938925830509577,0.0,3.4197856846099945,0.0,0.0,30.836035572823818,0.3400890974050412,3.027580967438216,0.0,0.0,0.0,4.439348687312139,0.0,0.0,0.0,0.0,0.0,0.0
tactile_images/3333.png,contact,-2.972953657795536,0.0,4.895465608012611,0.0,0.0,30.83644789763697,4.160255193519479,0.4397625795984119,0.0,0.0,0.0,-1.1979406156760195,0.0,0.0,0.0,0.0,0.0,0.0
tactile_images/3334.png,contact,-2.0196687725770337,0.0,3.796174356472462,0.0,0.0,30.89335325829684,4.456938848825253,-3.503971408591425,0.0,0.0,0.0,2.257040615165246,0.0,0.0,0.0,0.0,0.0,0.0
tactile_images/3335.png,contact,3.36964663068409,0.0,4.893127685957488,0.0,0.0,30.92488462236976,-2.67891037120224,2.868627237404655,0.0,0.0,0.0,-0.8945451635762165,0.0,0.0,0.0,0.0,0.0,0.0
tactile_images/3336.png,contact,4.483182788313923,0.0,4.576550416341659,0.0,0.0,30.93231630942601,-3.5601501878519137,-1.9217221074066604,0.0,0.0,0.0,-3.763402778205682,0.0,0.0,0.0,0.0,0.0,0.0
tactile_images/3337.png,contact,-0.4176096426756324,0.0,4.461413768725772,0.0,0.0,30.94668523817764,2.24403000317891,-2.7734685724654016,0.0,0.0,0.0,3.846113049224183,0.0,0.0,0.0,0.0,0.0,0.0
tactile_images/3338.png,contact,-0.96269878482053,0.0,4.42041969663253,0.0,0.0,30.96708609440114,-4.580264317237629,-0.2944335898157471,0.0,0.0,0.0,4.319531227123077,0.0,0.0,0.0,0.0,0.0,0.0
tactile_images/3339.png,contact,0.7387876204776926,0.0,3.550080517881467,0.0,0.0,30.997003404839703,-0.1476103096968568,4.226462413829179,0.0,0.0,0.0,0.0475053126580657,0.0,0.0,0.0,0.0,0.0,0.0
tactile_images/3340.png,contact,-0.116774421156661,0.0,3.0695983997367,0.0,0.0,31.005892644055702,2.963552267931819,-2.0262670792547635,0.0,0.0,0.0,-4.816925691798563,0.0,0.0,0.0,0.0,0.0,0.0
tactile_images/3341.png,contact,-2.7347312568660067,0.0,4.824970108460737,0.0,0.0,31.01140329017105,0.6025472451683385,4.055785009726202,0.0,0.0,0.0,3.1603625069625974,0.0,0.0,0.0,0.0,0.0,0.0
tactile_images/3342.png,contact,-2.5616332889524607,0.0,3.3164814836305254,0.0,0.0,31.034576245912348,-3.11986734225995,-4.463466912601721,0.0,0.0,0.0,-0.2303963376920919,0.0,0.0,0.0,0.0,0.0,0.0
tactile_images/3343.png,contact,-0.0761037868445502,0.0,3.527612149892715,0.0,0.0,31.06011717640449,-0.1295570053003683,-4.164762949820532,0.0,0.0,0.0,-4.249716424584315,0.0,0.0,0.0,0.0,0.0,0.0
tactile_images/3344.png,contact,-1.2939863813526251,0.0,3.0060417427123225,0.0,0.0,31.07178934567488,4.212747164488929,1.9856102513524696,0.0,0.0,0.0,-3.1060851712850512,0.0,0.0,0.0,0.0,0.0,0.0
tactile_images/3345.png,contact,3.988773238772097,0.0,4.724868260282314,0.0,0.0,31.08482528332157,1.1721297804427682,-3.0940733855182447,0.0,0.0,0.0,-3.478806597695716,0.0,0.0,0.0,0.0,0.0,0.0
tactile_images/3346.png,contact,-4.956311094988834,0.0,3.88783339609308,0.0,0.0,31.10443155885568,2.2149062756901987,-1.833793168033746,0.0,0.0,0.0,1.8627886631971424,0.0,0.0,0.0,0.0,0.0,0.0
tactile_images/3347.png,contact,-2.8076158606843986,0.0,3.515510431256219,0.0,0.0,31.11527096209099,-1.6373612033748506,-3.6362701901942094,0.0,0.0,0.0,-2.005905071325219,0.0,0.0,0.0,0.0,0.0,0.0
tactile_images/3348.png,contact,4.902291525808163,0.0,3.1762531390011155,0.0,0.0,31.118638150602408,-3.1151622483238226,-1.6775173086745163,0.0,0.0,0.0,-3.723094826885568,0.0,0.0,0.0,0.0,0.0,0.0
tactile_images/3349.png,contact,3.4272679182028467,0.0,4.853415008678181,0.0,0.0,31.131150069340165,-2.443577701003964,-2.1954000610753663,0.0,0.0,0.0,4.176488262358436,0.0,0.0,0.0,0.0,0.0,0.0
tactile_images/3350.png,contact,-4.4426648911343385,0.0,4.035277871378869,0.0,0.0,31.160549080387,0.3317759376029494,2.363376389889837,0.0,0.0,0.0,4.565310590158031,0.0,0.0,0.0,0.0,0.0,0.0
tactile_images/3351.png,contact,0.2012437969609113,0.0,3.440219660038327,0.0,0.0,31.16088793123805,-2.197798463892963,2.020233881890439,0.0,0.0,0.0,-3.614241272330277,0.0,0.0,0.0,0.0,0.0,0.0
tactile_images/3352.png,contact,0.6300411433437914,0.0,3.346746313515016,0.0,0.0,31.16496352256273,0.4196478742610114,4.549271764283654,0.0,0.0,0.0,-2.6976414669012536,0.0,0.0,0.0,0.0,0.0,0.0
tactile_images/3353.png,contact,0.1645435328007529,0.0,3.2147222369013355,0.0,0.0,31.179708763501395,2.0779192737617693,2.2442168517304086,0.0,0.0,0.0,0.9212071960641586,0.0,0.0,0.0,0.0,0.0,0.0
tactile_images/3354.png,contact,-0.5085737060913935,0.0,4.923524956690938,0.0,0.0,31.186757868951304,2.343958761703014,1.948177530213849,0.0,0.0,0.0,-3.49492150501526,0.0,0.0,0.0,0.0,0.0,0.0
tactile_images/3355.png,contact,-0.9089294318824184,0.0,3.3895876052878533,0.0,0.0,31.205286791087488,-3.3531506033890657,1.9420388906265176,0.0,0.0,0.0,-3.4140830709638816,0.0,0.0,0.0,0.0,0.0,0.0
tactile_images/3356.png,contact,-0.6229681587790985,0.0,3.779314844576231,0.0,0.0,31.20904795739972,2.504308488338632,3.829674556481761,0.0,0.0,0.0,-1.6342395826260994,0.0,0.0,0.0,0.0,0.0,0.0
tactile_images/3357.png,contact,1.611393506612484,0.0,4.691252600230038,0.0,0.0,31.223107629881568,1.7268813959235905,-2.0376326712444994,0.0,0.0,0.0,4.491703328680051,0.0,0.0,0.0,0.0,0.0,0.0
tactile_images/3358.png,contact,4.046007226867894,0.0,4.849494951728723,0.0,0.0,31.23640239220232,-4.879948666312933,-1.999078908061957,0.0,0.0,0.0,4.6244219635626855,0.0,0.0,0.0,0.0,0.0,0.0
tactile_images/3359.png,contact,3.722865163647652,0.0,4.564791617288918,0.0,0.0,31.25384855144675,-4.411278249102492,2.412138097049368,0.0,0.0,0.0,3.4178824982537,0.0,0.0,0.0,0.0,0.0,0.0
tactile_images/3360.png,contact,-3.038048904834751,0.0,3.360580261231281,0.0,0.0,31.26150253287797,1.4624950186038037,-2.712948628498726,0.0,0.0,0.0,1.9571291792905048,0.0,0.0,0.0,0.0,0.0,0.0
tactile_images/3361.png,contact,-4.329248625696721,0.0,4.9993464104841845,0.0,0.0,31.26787988639901,-1.1629610043629035,4.120200041479698,0.0,0.0,0.0,2.2067336585675266,0.0,0.0,0.0,0.0,0.0,0.0
tactile_images/3362.png,contact,4.229417208656688,0.0,4.498434330181796,0.0,0.0,31.27104167070172,-3.538960004243341,0.3478172508688608,0.0,0.0,0.0,-0.3042715691259907,0.0,0.0,0.0,0.0,0.0,0.0
tactile_images/3363.png,contact,0.8960317301033847,0.0,3.120146336709965,0.0,0.0,31.31555172546741,-4.556034408303668,-1.9987507190716824,0.0,0.0,0.0,0.3015462815554892,0.0,0.0,0.0,0.0,0.0,0.0
tactile_images/3364.png,contact,-1.1714498660403008,0.0,3.976669826008669,0.0,0.0,31.31663321602798,-3.4060165932756914,2.760999296899824,0.0,0.0,0.0,1.344526600059881,0.0,0.0,0.0,0.0,0.0,0.0
tactile_images/3365.png,contact,-4.849896561408752,0.0,3.113681141424777,0.0,0.0,31.344714060050563,4.575139643216167,-1.87679370124704,0.0,0.0,0.0,2.312866374945891,0.0,0.0,0.0,0.0,0.0,0.0
tactile_images/3366.png,contact,1.3165278620564869,0.0,3.850862388512691,0.0,0.0,31.372757028000493,2.275656415709697,4.632783170718717,0.0,0.0,0.0,-4.031538274894487,0.0,0.0,0.0,0.0,0.0,0.0
tactile_images/3367.png,contact,1.431140248288898,0.0,3.1813241770186766,0.0,0.0,31.37745581577533,0.2770542093429382,4.829892097249847,0.0,0.0,0.0,-2.7511299032044487,0.0,0.0,0.0,0.0,0.0,0.0
tactile_images/3368.png,contact,3.47140860815668,0.0,4.117681741909333,0.0,0.0,31.381160823770102,4.415405000545917,1.6679624196619611,0.0,0.0,0.0,4.629431913026789,0.0,0.0,0.0,0.0,0.0,0.0
tactile_images/3369.png,contact,-2.738796557301564,0.0,4.363052059773301,0.0,0.0,31.42467631292585,1.191104376816039,-3.863661102497708,0.0,0.0,0.0,-1.648577345394211,0.0,0.0,0.0,0.0,0.0,0.0
tactile_images/3370.png,contact,-2.875490858587792,0.0,4.174830327585333,0.0,0.0,31.44704291543876,2.2564518828066724,-2.367911500667075,0.0,0.0,0.0,-2.315257891917972,0.0,0.0,0.0,0.0,0.0,0.0
tactile_images/3371.png,contact,2.400950207571672,0.0,4.115529518196124,0.0,0.0,31.480352886620736,-2.17348181494128,0.1541696221605537,0.0,0.0,0.0,-0.7808868787567675,0.0,0.0,0.0,0.0,0.0,0.0
tactile_images/3372.png,contact,-1.077521222527226,0.0,4.177887297014697,0.0,0.0,31.49202915829241,0.8898184358919581,3.514474500979816,0.0,0.0,0.0,-2.09079249566738,0.0,0.0,0.0,0.0,0.0,0.0
tactile_images/3373.png,contact,2.2583933344019416,0.0,3.9955131272137927,0.0,0.0,31.532229471558296,-3.565227557021597,-3.151135030579714,0.0,0.0,0.0,-4.088198074481449,0.0,0.0,0.0,0.0,0.0,0.0
tactile_images/3374.png,contact,1.9271003507371345,0.0,3.1889248516021738,0.0,0.0,31.55639803322518,-0.9551685480222458,-3.955965409860677,0.0,0.0,0.0,-2.920388680957968,0.0,0.0,0.0,0.0,0.0,0.0
tactile_images/3375.png,contact,0.6766519895739807,0.0,4.064235944917566,0.0,0.0,31.599310136863096,-4.667596750133899,-4.255225168109645,0.0,0.0,0.0,1.401597975823332,0.0,0.0,0.0,0.0,0.0,0.0
tactile_images/3376.png,contact,3.3106493692783543,0.0,3.836726076857586,0.0,0.0,31.60773787308856,-2.833719124173195,0.0696756236004692,0.0,0.0,0.0,-2.7681744294726727,0.0,0.0,0.0,0.0,0.0,0.0
tactile_images/3377.png,contact,-1.4932232457688164,0.0,3.6196795430553568,0.0,0.0,31.63239124981897,-4.251313705773253,3.847009695947058,0.0,0.0,0.0,1.476671966948354,0.0,0.0,0.0,0.0,0.0,0.0
tactile_images/3378.png,contact,3.182211327826381,0.0,3.796086348208192,0.0,0.0,31.66777570627349,-1.1222118049276864,-4.5764075735610765,0.0,0.0,0.0,-3.9991910509652993,0.0,0.0,0.0,0.0,0.0,0.0
tactile_images/3379.png,contact,-3.398613028667203,0.0,4.3941822765215175,0.0,0.0,31.67884963662935,3.430351646384901,-2.8767846600646543,0.0,0.0,0.0,-4.5812365040752425,0.0,0.0,0.0,0.0,0.0,0.0
tactile_images/3380.png,contact,1.5272296096949245,0.0,4.805802022326742,0.0,0.0,31.68855162423409,-1.220658936549469,1.9325701583950168,0.0,0.0,0.0,3.615676826591921,0.0,0.0,0.0,0.0,0.0,0.0
tactile_images/3381.png,contact,-1.1360411423745838,0.0,4.534556602107297,0.0,0.0,31.71130208573741,3.3163962599464334,3.258634351437154,0.0,0.0,0.0,2.60026195541693,0.0,0.0,0.0,0.0,0.0,0.0
tactile_images/3382.png,contact,-3.223812111853544,0.0,3.507393659991622,0.0,0.0,31.820925349024137,1.564983125788873,3.0739952929916967,0.0,0.0,0.0,1.6602768284637328,0.0,0.0,0.0,0.0,0.0,0.0
tactile_images/3383.png,contact,1.8722201078964595,0.0,4.851088651724447,0.0,0.0,31.86138736853472,0.0952944663082782,2.8506805732033103,0.0,0.0,0.0,-4.6910076706313495,0.0,0.0,0.0,0.0,0.0,0.0
tactile_images/3384.png,contact,2.59307288167495,0.0,3.8136185827136986,0.0,0.0,31.89783684432551,-2.6310830673866947,-3.702001991866601,0.0,0.0,0.0,-2.6064606484626074,0.0,0.0,0.0,0.0,0.0,0.0
tactile_images/3385.png,contact,2.413791651119612,0.0,4.504309784515332,0.0,0.0,31.908168027151163,4.221560928441523,-1.0276241781708153,0.0,0.0,0.0,3.123143271522606,0.0,0.0,0.0,0.0,0.0,0.0
tactile_images/3386.png,contact,-1.2289047581900023,0.0,3.0566749007667693,0.0,0.0,31.912719192853288,-4.457991911579668,4.847446628317465,0.0,0.0,0.0,-3.5533233494145544,0.0,0.0,0.0,0.0,0.0,0.0
tactile_images/3387.png,contact,4.476449798125276,0.0,4.138283140908537,0.0,0.0,31.92148872835816,1.8891301769881528,4.888875715880882,0.0,0.0,0.0,3.128534398937637,0.0,0.0,0.0,0.0,0.0,0.0
tactile_images/3388.png,contact,4.172013320748736,0.0,3.52919422376206,0.0,0.0,31.9252134706592,1.2123989280936884,1.024273919541879,0.0,0.0,0.0,0.8423354970918018,0.0,0.0,0.0,0.0,0.0,0.0
tactile_images/3389.png,contact,0.1795894188791749,0.0,4.23818619054224,0.0,0.0,31.93899451268237,-0.589584777434732,2.0926720472113427,0.0,0.0,0.0,2.4036836779697923,0.0,0.0,0.0,0.0,0.0,0.0
tactile_images/3390.png,contact,-4.811179078679357,0.0,3.968426131519581,0.0,0.0,31.96762255772808,-2.5967904470739467,4.512837962853091,0.0,0.0,0.0,1.4450707845117303,0.0,0.0,0.0,0.0,0.0,0.0
tactile_images/3391.png,contact,-0.465771420322949,0.0,3.4278675656020945,0.0,0.0,32.060424758677485,-0.6930406315473316,-0.5007213875878955,0.0,0.0,0.0,-0.8301041991624549,0.0,0.0,0.0,0.0,0.0,0.0
tactile_images/3392.png,contact,4.767280642641741,0.0,3.4536742046509903,0.0,0.0,32.06666779190742,3.727727255534207,-3.6313314211620673,0.0,0.0,0.0,-2.080226511030756,0.0,0.0,0.0,0.0,0.0,0.0
tactile_images/3393.png,contact,0.6182138675165554,0.0,3.7106794164390937,0.0,0.0,32.08870986199152,3.367661102549542,1.6894887551607818,0.0,0.0,0.0,1.7272917859084718,0.0,0.0,0.0,0.0,0.0,0.0
tactile_images/3394.png,contact,-1.424192782063156,0.0,3.6345104328994,0.0,0.0,32.1024422993908,4.413812499770293,4.601023049005235,0.0,0.0,0.0,3.069128818048944,0.0,0.0,0.0,0.0,0.0,0.0
tactile_images/3395.png,contact,2.793880472887888,0.0,4.345427223000872,0.0,0.0,32.10874987855168,-1.92206793374752,1.972060938662944,0.0,0.0,0.0,-4.552673638381383,0.0,0.0,0.0,0.0,0.0,0.0
tactile_images/3396.png,contact,-1.7296662239443243,0.0,4.995027491323792,0.0,0.0,32.11991587848212,-1.1289584163112707,3.033211270237377,0.0,0.0,0.0,-1.200910662761694,0.0,0.0,0.0,0.0,0.0,0.0
tactile_images/3397.png,contact,-3.441704489691972,0.0,3.4645467295810013,0.0,0.0,32.14061555615116,-4.812738473401367,-0.7725119602938495,0.0,0.0,0.0,-1.4927021582013698,0.0,0.0,0.0,0.0,0.0,0.0
tactile_images/3398.png,contact,4.086085136682236,0.0,3.867245173803348,0.0,0.0,32.15982331193935,4.429499947200082,-4.035368458551489,0.0,0.0,0.0,0.5947084045845248,0.0,0.0,0.0,0.0,0.0,0.0
tactile_images/3399.png,contact,-1.3271187874860093,0.0,4.110165202875303,0.0,0.0,32.160118043058915,-1.7060990818273112,-3.311179134482667,0.0,0.0,0.0,-3.8607494361220014,0.0,0.0,0.0,0.0,0.0,0.0
tactile_images/3400.png,contact,0.3089278895242131,0.0,3.035756968069636,0.0,0.0,32.16511526284633,-0.9583617846700676,4.826548294354771,0.0,0.0,0.0,4.334194101392793,0.0,0.0,0.0,0.0,0.0,0.0
tactile_images/3401.png,contact,2.959643653711012,0.0,4.437813889209581,0.0,0.0,32.19903835797676,4.0780461144739455,-0.0681568300571244,0.0,0.0,0.0,0.4851026843382255,0.0,0.0,0.0,0.0,0.0,0.0
tactile_images/3402.png,contact,0.4545893523222677,0.0,4.855582958750631,0.0,0.0,32.21375883016803,0.2659843016681318,-4.879794098227501,0.0,0.0,0.0,4.2375280428377895,0.0,0.0,0.0,0.0,0.0,0.0
tactile_images/3403.png,contact,-1.6252228435398202,0.0,3.201505687919153,0.0,0.0,32.227026500244946,0.6617454175547799,4.553672807311738,0.0,0.0,0.0,3.1694092346165057,0.0,0.0,0.0,0.0,0.0,0.0
tactile_images/3404.png,contact,-1.1146361122566084,0.0,3.2638596515076217,0.0,0.0,32.298981863285874,-3.237671618490832,-0.0222008802894704,0.0,0.0,0.0,-3.0836113768481868,0.0,0.0,0.0,0.0,0.0,0.0
tactile_images/3405.png,contact,-0.96081955238306,0.0,3.513971875707562,0.0,0.0,32.34217306648067,-0.0133997918134554,3.362683982918377,0.0,0.0,0.0,-3.676609877070428,0.0,0.0,0.0,0.0,0.0,0.0
tactile_images/3406.png,contact,-2.771469159274368,0.0,4.347033573634518,0.0,0.0,32.36108299300025,4.182086009087742,0.4845814203689347,0.0,0.0,0.0,3.612502400009282,0.0,0.0,0.0,0.0,0.0,0.0
tactile_images/3407.png,contact,-0.6731221962890359,0.0,3.695937332310433,0.0,0.0,32.40448917265954,0.5871808810792603,-3.982977163252389,0.0,0.0,0.0,0.3610022258421903,0.0,0.0,0.0,0.0,0.0,0.0
tactile_images/3408.png,contact,-2.6099076002809385,0.0,3.297576567698305,0.0,0.0,32.41850734860539,-2.44883635360242,1.1556958213194672,0.0,0.0,0.0,-4.802572521021016,0.0,0.0,0.0,0.0,0.0,0.0
tactile_images/3409.png,contact,-0.1938585950393729,0.0,4.614741879584979,0.0,0.0,32.4318012753326,-4.688191358652372,4.9740027631960935,0.0,0.0,0.0,4.342267484393597,0.0,0.0,0.0,0.0,0.0,0.0
tactile_images/3410.png,contact,3.719541610422276,0.0,4.0261544367361,0.0,0.0,32.43305112047386,-1.63698226545932,-4.6526221735405695,0.0,0.0,0.0,-0.2697160060693555,0.0,0.0,0.0,0.0,0.0,0.0
tactile_images/3411.png,contact,0.7857544940750207,0.0,4.213439159564464,0.0,0.0,32.45357022443562,0.7259091406445792,3.417941975150441,0.0,0.0,0.0,-1.990636982476043,0.0,0.0,0.0,0.0,0.0,0.0
tactile_images/3412.png,contact,3.9748403593352553,0.0,4.360317093517757,0.0,0.0,32.471134292741795,-4.573867116291699,-2.6451920434923504,0.0,0.0,0.0,0.1659787117064723,0.0,0.0,0.0,0.0,0.0,0.0
tactile_images/3413.png,contact,-1.4087474480321465,0.0,3.0190779080510897,0.0,0.0,32.47210829989916,1.0979257729115623,-1.0613377728781437,0.0,0.0,0.0,3.229183904341552,0.0,0.0,0.0,0.0,0.0,0.0
tactile_images/3414.png,contact,-0.4952953589501696,0.0,4.618069100480684,0.0,0.0,32.47574427877281,0.2341382711811279,-1.2729048822710465,0.0,0.0,0.0,-3.897072649642096,0.0,0.0,0.0,0.0,0.0,0.0
tactile_images/3415.png,contact,1.756662468846244,0.0,3.208742916165658,0.0,0.0,32.53303301711456,2.834354691665709,3.987971942691196,0.0,0.0,0.0,-1.4106709676246751,0.0,0.0,0.0,0.0,0.0,0.0
tactile_images/3416.png,contact,-0.989785081772105,0.0,4.96832991896643,0.0,0.0,32.54313174952493,-4.711118277280382,0.0448618883183815,0.0,0.0,0.0,-1.8113332675444165,0.0,0.0,0.0,0.0,0.0,0.0
tactile_images/3417.png,contact,-2.764129607419968,0.0,4.431325304144623,0.0,0.0,32.58058250417294,2.8084734481873745,-0.5282571316557245,0.0,0.0,0.0,3.396495200281477,0.0,0.0,0.0,0.0,0.0,0.0
tactile_images/3418.png,contact,2.1286204191542444,0.0,4.655824124298128,0.0,0.0,32.58277868641588,0.2087704575810693,3.180251088367763,0.0,0.0,0.0,2.784672759772122,0.0,0.0,0.0,0.0,0.0,0.0
tactile_images/3419.png,contact,-0.6830860333547157,0.0,3.385163264917056,0.0,0.0,32.610745076748856,-1.2947066722028855,-4.510928656950522,0.0,0.0,0.0,-0.9989596542306788,0.0,0.0,0.0,0.0,0.0,0.0
tactile_images/3420.png,contact,4.640577262032579,0.0,4.694593491070988,0.0,0.0,32.63562915834875,4.6538297635882415,-4.135436849047762,0.0,0.0,0.0,1.6448830966455985,0.0,0.0,0.0,0.0,0.0,0.0
tactile_images/3421.png,contact,-4.2703454479630665,0.0,3.79097815236714,0.0,0.0,32.67070933492809,-3.3988045276394696,-4.783111431237107,0.0,0.0,0.0,-1.0555451770521818,0.0,0.0,0.0,0.0,0.0,0.0
tactile_images/3422.png,contact,-2.2646171511300484,0.0,3.368082069642893,0.0,0.0,32.67665987315162,0.4132511909110645,1.8798290400755064,0.0,0.0,0.0,0.7131383831623372,0.0,0.0,0.0,0.0,0.0,0.0
tactile_images/3423.png,contact,4.778764484710028,0.0,4.198587132620958,0.0,0.0,32.682056627084506,-1.790185264075216,0.256161370791812,0.0,0.0,0.0,4.912152946251192,0.0,0.0,0.0,0.0,0.0,0.0
tactile_images/3424.png,contact,1.987347392399996,0.0,4.413581008793629,0.0,0.0,32.69738577918541,0.2748637879533575,3.760221258682826,0.0,0.0,0.0,0.3557446723557467,0.0,0.0,0.0,0.0,0.0,0.0
tactile_images/3425.png,contact,0.4823232126277084,0.0,4.64944632815384,0.0,0.0,32.69755502801532,0.5227545258041211,-0.0146709702739435,0.0,0.0,0.0,4.885747328305069,0.0,0.0,0.0,0.0,0.0,0.0
tactile_images/3426.png,contact,4.330263879747285,0.0,4.175338102946521,0.0,0.0,32.7047908310426,-4.105517515751542,-2.7818042723800582,0.0,0.0,0.0,2.4719910626474366,0.0,0.0,0.0,0.0,0.0,0.0
tactile_images/3427.png,contact,1.902121407909008,0.0,4.39731396016248,0.0,0.0,32.76634528309219,1.6113514691834974,3.0514737310441618,0.0,0.0,0.0,-3.7927770973686026,0.0,0.0,0.0,0.0,0.0,0.0
tactile_images/3428.png,contact,-2.140527233781268,0.0,3.0607948296230525,0.0,0.0,32.83504331188365,1.344814959190118,-2.056761457673772,0.0,0.0,0.0,2.959661686003468,0.0,0.0,0.0,0.0,0.0,0.0
tactile_images/3429.png,contact,-1.5020109239815334,0.0,4.109819667650818,0.0,0.0,32.849965134544775,2.69467274634464,4.3568978215220895,0.0,0.0,0.0,-3.3871435853018483,0.0,0.0,0.0,0.0,0.0,0.0
tactile_images/3430.png,contact,1.6650082830885582,0.0,3.254364907265022,0.0,0.0,32.887533176650834,-4.09341506340829,-2.4957611214775954,0.0,0.0,0.0,0.3232860838661269,0.0,0.0,0.0,0.0,0.0,0.0
tactile_images/3431.png,contact,-1.9415057350983105,0.0,4.253287366623517,0.0,0.0,32.90175564274088,-2.0274145309631217,-3.322793471297132,0.0,0.0,0.0,1.1324523446561896,0.0,0.0,0.0,0.0,0.0,0.0
tactile_images/3432.png,contact,-4.900538501042632,0.0,3.36691576951773,0.0,0.0,32.918645690714484,1.5011059972810123,-0.0667600848931213,0.0,0.0,0.0,3.9223045521936015,0.0,0.0,0.0,0.0,0.0,0.0
tactile_images/3433.png,contact,4.936141282831664,0.0,3.541926415742439,0.0,0.0,32.949590517408794,-3.632691740843915,-4.494848820297567,0.0,0.0,0.0,-2.8957578974288523,0.0,0.0,0.0,0.0,0.0,0.0
tactile_images/3434.png,contact,-4.09454610937242,0.0,4.611856306830717,0.0,0.0,32.956012948054706,1.7759821078844231,-4.635882715173824,0.0,0.0,0.0,3.759420723638627,0.0,0.0,0.0,0.0,0.0,0.0
tactile_images/3435.png,contact,3.7811390666305247,0.0,3.881710225405032,0.0,0.0,33.010450840409135,-4.40973289179577,-0.0398545474454206,0.0,0.0,0.0,4.344937759583011,0.0,0.0,0.0,0.0,0.0,0.0
tactile_images/3436.png,contact,-3.028109348245005,0.0,3.365326097714028,0.0,0.0,33.031357062480794,-1.650684470403723,-2.8489311920521243,0.0,0.0,0.0,-4.105126487404317,0.0,0.0,0.0,0.0,0.0,0.0
tactile_images/3437.png,contact,1.7662843788447926,0.0,4.544995692192628,0.0,0.0,33.05554973002008,3.4671112233251904,-4.906473616048187,0.0,0.0,0.0,3.852851180120224,0.0,0.0,0.0,0.0,0.0,0.0
tactile_images/3438.png,contact,0.3732021433039358,0.0,4.198727103476531,0.0,0.0,33.06920420889598,2.742912903811602,-2.039430885684783,0.0,0.0,0.0,-2.40819951392253,0.0,0.0,0.0,0.0,0.0,0.0
tactile_images/3439.png,contact,-0.7727902923313126,0.0,4.057259675073238,0.0,0.0,33.09199894630278,1.447607152270879,-0.2263264615340805,0.0,0.0,0.0,-4.189990506178624,0.0,0.0,0.0,0.0,0.0,0.0
tactile_images/3440.png,contact,-1.0642905965958995,0.0,4.328148242399668,0.0,0.0,33.09380530045894,3.704584166251012,-1.0571129853957686,0.0,0.0,0.0,4.585743559183243,0.0,0.0,0.0,0.0,0.0,0.0
tactile_images/3441.png,contact,2.3075676905061906,0.0,4.213024450646438,0.0,0.0,33.10451223582325,2.0926954417220047,-3.6453053383957688,0.0,0.0,0.0,-1.0779651275040916,0.0,0.0,0.0,0.0,0.0,0.0
tactile_images/3442.png,contact,4.288417148265672,0.0,4.200405094185161,0.0,0.0,33.113061772660245,0.1937510521080296,0.7967482783197752,0.0,0.0,0.0,1.2298350513696965,0.0,0.0,0.0,0.0,0.0,0.0
tactile_images/3443.png,contact,-0.3582768447308124,0.0,4.74440905799779,0.0,0.0,33.11817951957728,4.797175003857866,2.1033299114763704,0.0,0.0,0.0,0.5287311979531513,0.0,0.0,0.0,0.0,0.0,0.0
tactile_images/3444.png,contact,-2.5426497334702267,0.0,3.942736220345995,0.0,0.0,33.15565885157106,1.948560797893196,1.7553916216329537,0.0,0.0,0.0,-2.868180753401676,0.0,0.0,0.0,0.0,0.0,0.0
tactile_images/3445.png,contact,0.7006892260985182,0.0,3.9295684118750014,0.0,0.0,33.173022740490154,1.0136717681300311,-1.0623807871672757,0.0,0.0,0.0,1.695657281670652,0.0,0.0,0.0,0.0,0.0,0.0
tactile_images/3446.png,contact,2.311464856178065,0.0,3.040435040295595,0.0,0.0,33.18816884445502,-0.9112943904643532,-3.62403848828886,0.0,0.0,0.0,-4.538850109927351,0.0,0.0,0.0,0.0,0.0,0.0
tactile_images/3447.png,contact,2.7955399575458104,0.0,3.000315489156113,0.0,0.0,33.216823356093215,4.024124985790504,-0.0051322650927732,0.0,0.0,0.0,-2.9690507368800665,0.0,0.0,0.0,0.0,0.0,0.0
tactile_images/3448.png,contact,4.243949593832492,0.0,3.3903492300800124,0.0,0.0,33.22800792583264,-2.042909043950072,3.904317549370827,0.0,0.0,0.0,4.446637509339444,0.0,0.0,0.0,0.0,0.0,0.0
tactile_images/3449.png,contact,2.213569368849636,0.0,4.6112738505498365,0.0,0.0,33.241440943177366,-4.907804057890973,-0.3127715105876714,0.0,0.0,0.0,4.535075245907667,0.0,0.0,0.0,0.0,0.0,0.0
tactile_images/3450.png,contact,-3.859777482361871,0.0,3.9122544178932666,0.0,0.0,33.257347498559696,-3.0325947756764005,-3.043189502584124,0.0,0.0,0.0,-0.1734480818654651,0.0,0.0,0.0,0.0,0.0,0.0
tactile_images/3451.png,contact,2.8949306033465705,0.0,4.665517336905428,0.0,0.0,33.27179229547676,-3.904825080576408,-4.069466969062696,0.0,0.0,0.0,-3.309282610862214,0.0,0.0,0.0,0.0,0.0,0.0
tactile_images/3452.png,contact,-2.6179819137769726,0.0,3.4709428340217543,0.0,0.0,33.27964196251699,-1.8100622582692791,4.439266380988796,0.0,0.0,0.0,-0.7837993896504667,0.0,0.0,0.0,0.0,0.0,0.0
tactile_images/3453.png,contact,-4.446142194740233,0.0,3.646388130648672,0.0,0.0,33.28416079983282,3.25878677458455,2.430094088769149,0.0,0.0,0.0,3.7707083329189928,0.0,0.0,0.0,0.0,0.0,0.0
tactile_images/3454.png,contact,3.3296605390792475,0.0,4.959828865564761,0.0,0.0,33.30202744702545,1.5152968536500744,-1.8703302729951767,0.0,0.0,0.0,-4.297259455639586,0.0,0.0,0.0,0.0,0.0,0.0
tactile_images/3455.png,contact,-1.5854051567005492,0.0,3.2091089163020485,0.0,0.0,33.310173699797886,-3.310194107662875,-2.046475937948256,0.0,0.0,0.0,-3.721314228364864,0.0,0.0,0.0,0.0,0.0,0.0
tactile_images/3456.png,contact,-1.90937738102466,0.0,3.4720158606474243,0.0,0.0,33.359802985688034,2.888217210923385,3.952184867225976,0.0,0.0,0.0,3.956528458560607,0.0,0.0,0.0,0.0,0.0,0.0
tactile_images/3457.png,contact,-3.795818549515293,0.0,4.965889843240443,0.0,0.0,33.37445792264711,0.0421986609940274,-3.2243176519034886,0.0,0.0,0.0,-0.8461659930725496,0.0,0.0,0.0,0.0,0.0,0.0
tactile_images/3458.png,contact,-4.472833396118153,0.0,4.33636132391581,0.0,0.0,33.41588721611997,0.1271462411829693,0.3503728965654451,0.0,0.0,0.0,-4.165413948576237,0.0,0.0,0.0,0.0,0.0,0.0
tactile_images/3459.png,contact,2.2674047300179065,0.0,3.2549994533439714,0.0,0.0,33.45020183425615,-1.3788781901912674,2.135042751793014,0.0,0.0,0.0,-3.607909228260184,0.0,0.0,0.0,0.0,0.0,0.0
tactile_images/3460.png,contact,-3.617856210135173,0.0,4.298161204037768,0.0,0.0,33.456517912094824,3.6461636482202335,-1.0360964803431036,0.0,0.0,0.0,3.824481779607936,0.0,0.0,0.0,0.0,0.0,0.0
tactile_images/3461.png,contact,-4.734889691773969,0.0,4.477556057837195,0.0,0.0,33.45717394733015,-1.8167269614420736,-4.600976574569114,0.0,0.0,0.0,-0.0989662837548834,0.0,0.0,0.0,0.0,0.0,0.0
tactile_images/3462.png,contact,-3.4182877675827203,0.0,4.44884468053863,0.0,0.0,33.51838886913767,-4.058602393303113,-2.722411862804784,0.0,0.0,0.0,-3.3700569213875555,0.0,0.0,0.0,0.0,0.0,0.0
tactile_images/3463.png,contact,-3.0144577622295365,0.0,4.068203380171731,0.0,0.0,33.55843303106299,-1.9727100602805487,4.018081374423737,0.0,0.0,0.0,3.940597549281154,0.0,0.0,0.0,0.0,0.0,0.0
tactile_images/3464.png,contact,-1.886316293078756,0.0,3.528985746694957,0.0,0.0,33.58656828005691,2.1535354626788568,0.2311896683955439,0.0,0.0,0.0,3.452788891787573,0.0,0.0,0.0,0.0,0.0,0.0
tactile_images/3465.png,contact,1.0149526560262654,0.0,4.936145005819357,0.0,0.0,33.60071768441398,1.5758188680332887,3.154412464879698,0.0,0.0,0.0,-4.76976649211696,0.0,0.0,0.0,0.0,0.0,0.0
tactile_images/3466.png,contact,2.324073232720285,0.0,3.951853394729927,0.0,0.0,33.65614104726103,-3.119828464464222,0.5568554279061733,0.0,0.0,0.0,0.8099010774947191,0.0,0.0,0.0,0.0,0.0,0.0
tactile_images/3467.png,contact,1.3976608119957217,0.0,4.858152720513647,0.0,0.0,33.74206499293095,-3.88215700895058,4.436020957123034,0.0,0.0,0.0,-2.556633496192923,0.0,0.0,0.0,0.0,0.0,0.0
tactile_images/3468.png,contact,-0.923503285933622,0.0,4.373535591194339,0.0,0.0,33.74549923412522,1.6086575840174628,4.091340755568451,0.0,0.0,0.0,0.3313581198056434,0.0,0.0,0.0,0.0,0.0,0.0
tactile_images/3469.png,contact,-3.948166560605277,0.0,3.6997233884449567,0.0,0.0,33.7473184030076,1.7637683565491225,-0.171119579895981,0.0,0.0,0.0,-2.207316677946693,0.0,0.0,0.0,0.0,0.0,0.0
tactile_images/3470.png,contact,4.886974634109775,0.0,4.096240129963637,0.0,0.0,33.77746410811214,-1.3385036278942932,-1.8172597456365056,0.0,0.0,0.0,-1.8412371910802887,0.0,0.0,0.0,0.0,0.0,0.0
tactile_images/3471.png,contact,0.5358048359841785,0.0,4.62803347103986,0.0,0.0,33.79930852188876,3.4280138352907983,1.0166878734561022,0.0,0.0,0.0,1.018525324325804,0.0,0.0,0.0,0.0,0.0,0.0
tactile_images/3472.png,contact,3.3559447092112125,0.0,3.0204677128175152,0.0,0.0,33.805621794662315,4.782052037999168,1.748876816694736,0.0,0.0,0.0,0.3885917776772727,0.0,0.0,0.0,0.0,0.0,0.0
tactile_images/3473.png,contact,4.21544183682876,0.0,3.4177777854296862,0.0,0.0,33.83885985366692,-2.943547765506046,-0.016449076993684,0.0,0.0,0.0,-1.0480760221919274,0.0,0.0,0.0,0.0,0.0,0.0
tactile_images/3474.png,contact,-1.5316279053128303,0.0,4.280097593860113,0.0,0.0,33.91554654676672,0.7706871570602836,3.222832210950944,0.0,0.0,0.0,-3.9243202817098446,0.0,0.0,0.0,0.0,0.0,0.0
tactile_images/3475.png,contact,0.4477985091819878,0.0,4.266566964665991,0.0,0.0,33.918573914444025,-4.946536709960609,-3.166714782151172,0.0,0.0,0.0,4.694238985796158,0.0,0.0,0.0,0.0,0.0,0.0
tactile_images/3476.png,contact,0.3590484054649607,0.0,3.386029970811397,0.0,0.0,33.931076304856816,2.130543960262874,-1.6558816937596763,0.0,0.0,0.0,-3.253944495299488,0.0,0.0,0.0,0.0,0.0,0.0
tactile_images/3477.png,contact,4.756840335685462,0.0,4.585406811561503,0.0,0.0,33.957557128085185,-0.8571788643668219,1.8637635736645293,0.0,0.0,0.0,1.3311724495638986,0.0,0.0,0.0,0.0,0.0,0.0
tactile_images/3478.png,contact,-1.635373720167106,0.0,4.707259857055914,0.0,0.0,33.97036352858784,-3.067307730968352,-2.533161346124428,0.0,0.0,0.0,-4.172552372959355,0.0,0.0,0.0,0.0,0.0,0.0
tactile_images/3479.png,contact,-1.0969742515261591,0.0,4.997120496970137,0.0,0.0,33.971845470460025,2.5222192176437623,-0.6015525531636614,0.0,0.0,0.0,1.8831283254561857,0.0,0.0,0.0,0.0,0.0,0.0
tactile_images/3480.png,contact,2.28001394655644,0.0,4.206615756777886,0.0,0.0,34.043282229523186,3.106487975560807,4.637335466282927,0.0,0.0,0.0,-4.051602166160972,0.0,0.0,0.0,0.0,0.0,0.0
tactile_images/3481.png,contact,0.8105220981252454,0.0,4.717627829349714,0.0,0.0,34.06004216559715,-3.888334988240627,1.2587597268657411,0.0,0.0,0.0,-2.7049165849401824,0.0,0.0,0.0,0.0,0.0,0.0
tactile_images/3482.png,contact,3.458549568215129,0.0,3.688856092434377,0.0,0.0,34.06372629812192,-4.59004238161966,4.490572346411257,0.0,0.0,0.0,1.4698519937803791,0.0,0.0,0.0,0.0,0.0,0.0
tactile_images/3483.png,contact,-4.263826067300867,0.0,3.988251482282541,0.0,0.0,34.13417634778212,-1.6592155833088276,2.2244140324857584,0.0,0.0,0.0,-2.1706480805564654,0.0,0.0,0.0,0.0,0.0,0.0
tactile_images/3484.png,contact,3.571580351856681,0.0,4.904902526292771,0.0,0.0,34.15694333274787,1.259904657610356,2.2466676966717287,0.0,0.0,0.0,0.3285081514792338,0.0,0.0,0.0,0.0,0.0,0.0
tactile_images/3485.png,contact,-2.2667099207032324,0.0,4.812708422191292,0.0,0.0,34.1871091958389,2.934195271886331,0.9185717369020558,0.0,0.0,0.0,-3.754946066625907,0.0,0.0,0.0,0.0,0.0,0.0
tactile_images/3486.png,contact,2.540422716154919,0.0,4.414062338645769,0.0,0.0,34.19520685858156,0.4606249663045769,-3.577914051852732,0.0,0.0,0.0,-2.9759946073379706,0.0,0.0,0.0,0.0,0.0,0.0
tactile_images/3487.png,contact,-0.1559602857925028,0.0,3.3777403735257088,0.0,0.0,34.205642837833864,0.8074877630698065,0.1971429088628777,0.0,0.0,0.0,2.3377590825461647,0.0,0.0,0.0,0.0,0.0,0.0
tactile_images/3488.png,contact,-4.924835021583752,0.0,3.875554543779138,0.0,0.0,34.24384643822461,2.998582217528911,-2.47333799496529,0.0,0.0,0.0,-4.648611397177672,0.0,0.0,0.0,0.0,0.0,0.0
tactile_images/3489.png,contact,3.447597540692875,0.0,3.835998433840703,0.0,0.0,34.25569489455212,0.2884337421875935,4.986725543512803,0.0,0.0,0.0,-3.881997901429484,0.0,0.0,0.0,0.0,0.0,0.0
tactile_images/3490.png,contact,0.0282523599157267,0.0,3.897085098736919,0.0,0.0,34.25611643775201,1.111544902263005,-2.3303805989877944,0.0,0.0,0.0,-2.850439813893604,0.0,0.0,0.0,0.0,0.0,0.0
tactile_images/3491.png,contact,2.491069543088975,0.0,4.018577981359853,0.0,0.0,34.28178884919906,0.1621733997655923,-2.693141565385515,0.0,0.0,0.0,-4.79809440895719,0.0,0.0,0.0,0.0,0.0,0.0
tactile_images/3492.png,contact,2.7539517706001804,0.0,3.686088011586021,0.0,0.0,34.29849567451012,3.80458233367704,1.2388315512404455,0.0,0.0,0.0,-4.046213014938147,0.0,0.0,0.0,0.0,0.0,0.0
tactile_images/3493.png,contact,-1.5163976047727656,0.0,3.4905801872872857,0.0,0.0,34.321971627517456,-2.644833814149111,0.1094881321963017,0.0,0.0,0.0,-2.186085223637701,0.0,0.0,0.0,0.0,0.0,0.0
tactile_images/3494.png,contact,3.326786959989396,0.0,3.384083987118008,0.0,0.0,34.325189877320724,-2.360064154594906,-4.786470867454859,0.0,0.0,0.0,-4.0708254841685765,0.0,0.0,0.0,0.0,0.0,0.0
tactile_images/3495.png,contact,-0.3258943255158586,0.0,4.855801259724054,0.0,0.0,34.34534468908544,-3.720385383981743,-3.704668210075301,0.0,0.0,0.0,3.661194300298664,0.0,0.0,0.0,0.0,0.0,0.0
tactile_images/3496.png,contact,-2.999160853731894,0.0,4.620865827146341,0.0,0.0,34.390411847473985,3.194667514944218,3.1104294182751264,0.0,0.0,0.0,-4.339262094888451,0.0,0.0,0.0,0.0,0.0,0.0
tactile_images/3497.png,contact,-0.6484113326261642,0.0,4.148587079417148,0.0,0.0,34.39798007557228,-0.882227094376427,-0.1630804485243944,0.0,0.0,0.0,3.6098369917823945,0.0,0.0,0.0,0.0,0.0,0.0
tactile_images/3498.png,contact,0.8961707696437031,0.0,3.397085717736404,0.0,0.0,34.41128506557784,-1.521060591187562,-3.5398478517698564,0.0,0.0,0.0,3.2286008606026613,0.0,0.0,0.0,0.0,0.0,0.0
tactile_images/3499.png,contact,-4.560471436119331,0.0,3.636019409628596,0.0,0.0,34.41790876382552,4.8134871708715625,-0.347574371642664,0.0,0.0,0.0,-3.992384054366128,0.0,0.0,0.0,0.0,0.0,0.0
tactile_images/3500.png,contact,-3.05714525668218,0.0,3.872702388607223,0.0,0.0,34.53623605224493,4.268033664397855,-2.468509169175963,0.0,0.0,0.0,-4.748086857280885,0.0,0.0,0.0,0.0,0.0,0.0
tactile_images/3501.png,contact,-1.3092179022916337,0.0,4.410069044526665,0.0,0.0,34.545987376590844,4.719876821247613,-2.764085388876562,0.0,0.0,0.0,-4.500079851046861,0.0,0.0,0.0,0.0,0.0,0.0
tactile_images/3502.png,contact,-4.343041141674902,0.0,3.222194417691981,0.0,0.0,34.54969169152386,-3.577010032413072,4.577252764451044,0.0,0.0,0.0,0.9037806457375694,0.0,0.0,0.0,0.0,0.0,0.0
tactile_images/3503.png,contact,1.5683264682734177,0.0,4.203097012759413,0.0,0.0,34.55302877651363,3.9125181314816633,-1.3797547314225902,0.0,0.0,0.0,1.703536244885746,0.0,0.0,0.0,0.0,0.0,0.0
tactile_images/3504.png,contact,2.213535357633885,0.0,3.5045056677103408,0.0,0.0,34.55932950651679,-1.712904006125485,-4.535688953276608,0.0,0.0,0.0,1.2065339124623122,0.0,0.0,0.0,0.0,0.0,0.0
tactile_images/3505.png,contact,2.906506766632897,0.0,3.359999233221374,0.0,0.0,34.56936206533899,-4.873432297881375,4.703266726373027,0.0,0.0,0.0,0.4147685199189794,0.0,0.0,0.0,0.0,0.0,0.0
tactile_images/3506.png,contact,4.005586072406548,0.0,3.6219460427660666,0.0,0.0,34.58148705761903,-1.0870166401693124,2.9483957477215785,0.0,0.0,0.0,-3.253159093705109,0.0,0.0,0.0,0.0,0.0,0.0
tactile_images/3507.png,contact,-3.3736707977015072,0.0,3.4247413106049955,0.0,0.0,34.594755070847256,0.0919635313805962,-2.455866934358415,0.0,0.0,0.0,3.409538946352715,0.0,0.0,0.0,0.0,0.0,0.0
tactile_images/3508.png,contact,-0.8017236922733231,0.0,3.1770446304294566,0.0,0.0,34.62491454800592,-3.9177957643259465,-0.911081652946086,0.0,0.0,0.0,-1.7244506363975145,0.0,0.0,0.0,0.0,0.0,0.0
tactile_images/3509.png,contact,2.598543812218069,0.0,3.940648095874413,0.0,0.0,34.65580958250008,0.3767761687425626,3.622895745951285,0.0,0.0,0.0,4.8617819611288535,0.0,0.0,0.0,0.0,0.0,0.0
tactile_images/3510.png,contact,4.497739885360263,0.0,3.182023613765034,0.0,0.0,34.705964111305235,3.194635841767316,-1.4258648067672572,0.0,0.0,0.0,-1.151422021058095,0.0,0.0,0.0,0.0,0.0,0.0
tactile_images/3511.png,contact,4.762922463554816,0.0,4.98674557632035,0.0,0.0,34.72418619419612,-1.22349049160806,0.6740404200659889,0.0,0.0,0.0,-2.3699515602563457,0.0,0.0,0.0,0.0,0.0,0.0
tactile_images/3512.png,contact,-0.6148458795952374,0.0,3.206083386861965,0.0,0.0,34.731213991430735,-1.473551934656978,0.3485686966461268,0.0,0.0,0.0,3.942508137817376,0.0,0.0,0.0,0.0,0.0,0.0
tactile_images/3513.png,contact,2.0346441871234475,0.0,4.351623271485466,0.0,0.0,34.812887909346145,-1.6118957976932258,-0.9870545137120031,0.0,0.0,0.0,0.6741416319103326,0.0,0.0,0.0,0.0,0.0,0.0
tactile_images/3514.png,contact,-4.406792451153406,0.0,3.372489876599549,0.0,0.0,34.82889820847903,4.23094445883692,1.3950190181371616,0.0,0.0,0.0,2.2185044017473974,0.0,0.0,0.0,0.0,0.0,0.0
tactile_images/3515.png,contact,-0.7829839942036063,0.0,4.754309800742389,0.0,0.0,34.83627866241615,-4.512419012098009,-0.2670926269811371,0.0,0.0,0.0,-0.916012166727552,0.0,0.0,0.0,0.0,0.0,0.0
tactile_images/3516.png,contact,4.775306916798826,0.0,4.188663467853192,0.0,0.0,34.873666803660214,-0.5492385800704467,-4.787695083260272,0.0,0.0,0.0,3.8691550594359008,0.0,0.0,0.0,0.0,0.0,0.0
tactile_images/3517.png,contact,-0.7712258603832076,0.0,3.2576261475259765,0.0,0.0,34.8822043730611,-2.354005458502831,3.143831076479376,0.0,0.0,0.0,4.177252129843273,0.0,0.0,0.0,0.0,0.0,0.0
tactile_images/3518.png,contact,3.1426692799481435,0.0,4.1442937555728,0.0,0.0,34.93022896623394,3.938070253874942,-3.868442172462807,0.0,0.0,0.0,-0.6323106888308523,0.0,0.0,0.0,0.0,0.0,0.0
tactile_images/3519.png,contact,0.2750664499348643,0.0,4.85105864329379,0.0,0.0,34.94746370669827,-4.039477364161961,-0.3591006910863656,0.0,0.0,0.0,-2.592761646312395,0.0,0.0,0.0,0.0,0.0,0.0
tactile_images/3520.png,contact,0.8880251111745423,0.0,3.085566536494536,0.0,0.0,34.96057784391478,-0.885572333195892,0.7990079092749713,0.0,0.0,0.0,1.4767138443348804,0.0,0.0,0.0,0.0,0.0,0.0
tactile_images/3521.png,contact,0.1441030034060215,0.0,3.4746354084077824,0.0,0.0,35.07650786073779,-0.9318384796891436,2.0550605419329084,0.0,0.0,0.0,4.545843338205156,0.0,0.0,0.0,0.0,0.0,0.0
tactile_images/3522.png,contact,-0.1870099438059504,0.0,4.550631507760752,0.0,0.0,35.10748525920822,3.8839441754702255,-0.8920346471205054,0.0,0.0,0.0,1.2244645957294136,0.0,0.0,0.0,0.0,0.0,0.0
tactile_images/3523.png,contact,2.340715493678812,0.0,4.9588410273552,0.0,0.0,35.11265770814589,-2.8450655495903057,2.3554848703053146,0.0,0.0,0.0,4.542224384077365,0.0,0.0,0.0,0.0,0.0,0.0
tactile_images/3524.png,contact,-3.923024981396523,0.0,4.546180283234224,0.0,0.0,35.11283791318989,1.4489541030161115,-3.6864991528142976,0.0,0.0,0.0,-1.561920350273854,0.0,0.0,0.0,0.0,0.0,0.0
tactile_images/3525.png,contact,3.455402527766762,0.0,4.010664066671761,0.0,0.0,35.12965728081319,-3.655938731122109,1.5344554827077903,0.0,0.0,0.0,4.15079070799875,0.0,0.0,0.0,0.0,0.0,0.0
tactile_images/3526.png,contact,3.4746095708573863,0.0,3.516528715774327,0.0,0.0,35.137482673953414,4.539757140805428,3.2633892758570298,0.0,0.0,0.0,-3.87433167583406,0.0,0.0,0.0,0.0,0.0,0.0
tactile_images/3527.png,contact,-0.4353821734264604,0.0,4.514301160614878,0.0,0.0,35.177846133219845,0.9301495927228584,3.894439728375012,0.0,0.0,0.0,-1.411655810623178,0.0,0.0,0.0,0.0,0.0,0.0
tactile_images/3528.png,contact,1.953208609019592,0.0,4.159935640406285,0.0,0.0,35.18255525084128,1.262567303206703,0.7956649595388923,0.0,0.0,0.0,-0.055287655094558,0.0,0.0,0.0,0.0,0.0,0.0
tactile_images/3529.png,contact,-1.7251845607703844,0.0,4.521409612087791,0.0,0.0,35.199282975093254,-0.6622659833952778,-1.8710480192496268,0.0,0.0,0.0,1.531103382522919,0.0,0.0,0.0,0.0,0.0,0.0
tactile_images/3530.png,contact,-3.6859912818946032,0.0,4.040361473133519,0.0,0.0,35.21636340330575,-1.5771728733367771,-3.366434882863736,0.0,0.0,0.0,-2.058607550512736,0.0,0.0,0.0,0.0,0.0,0.0
tactile_images/3531.png,contact,-4.332050877593062,0.0,4.802773713621314,0.0,0.0,35.256191495201435,-2.873235705051237,-1.5444124712255514,0.0,0.0,0.0,4.242393004337288,0.0,0.0,0.0,0.0,0.0,0.0
tactile_images/3532.png,contact,4.230283306191259,0.0,3.26677723418652,0.0,0.0,35.26546116103043,1.039877538322589,0.3997437315443974,0.0,0.0,0.0,4.034962091941598,0.0,0.0,0.0,0.0,0.0,0.0
tactile_images/3533.png,contact,0.1237219033278913,0.0,3.8189414837775546,0.0,0.0,35.273473031345034,4.5456174534823806,-3.0366977600843947,0.0,0.0,0.0,2.993366129655623,0.0,0.0,0.0,0.0,0.0,0.0
tactile_images/3534.png,contact,4.728325787744402,0.0,4.176867112832849,0.0,0.0,35.30518972708336,-1.4020904590759695,4.52514905693093,0.0,0.0,0.0,-3.8563747500826784,0.0,0.0,0.0,0.0,0.0,0.0
tactile_images/3535.png,contact,-1.1952620003630336,0.0,3.730091386952227,0.0,0.0,35.31394031339697,3.831568886620541,3.971354288729094,0.0,0.0,0.0,-4.217090488617153,0.0,0.0,0.0,0.0,0.0,0.0
tactile_images/3536.png,contact,-0.3833194325571343,0.0,4.542969749633851,0.0,0.0,35.33538006801284,-3.512236871527503,-4.670428051345688,0.0,0.0,0.0,-0.0186854488065826,0.0,0.0,0.0,0.0,0.0,0.0
tactile_images/3537.png,contact,-3.6465892185814006,0.0,3.9012468502163378,0.0,0.0,35.41686791301369,4.361260208818008,0.6196179823038879,0.0,0.0,0.0,2.6534375569591697,0.0,0.0,0.0,0.0,0.0,0.0
tactile_images/3538.png,contact,0.3440198186753989,0.0,3.882548673500137,0.0,0.0,35.438175744934185,-1.495137161019234,2.893087902466132,0.0,0.0,0.0,-3.767641070887388,0.0,0.0,0.0,0.0,0.0,0.0
tactile_images/3539.png,contact,-1.939484444671001,0.0,3.286162790834628,0.0,0.0,35.46843962007466,-1.2027278840665434,-2.54608040065993,0.0,0.0,0.0,1.4143746693601864,0.0,0.0,0.0,0.0,0.0,0.0
tactile_images/3540.png,contact,-2.694488940820471,0.0,3.718386804778363,0.0,0.0,35.46877751901263,-0.3715774296567176,0.2389623239274385,0.0,0.0,0.0,0.278553911023069,0.0,0.0,0.0,0.0,0.0,0.0
tactile_images/3541.png,contact,-3.384918338430248,0.0,4.702564424433062,0.0,0.0,35.503025002813786,2.1824426994765025,-0.9400811759062098,0.0,0.0,0.0,2.2598941973437228,0.0,0.0,0.0,0.0,0.0,0.0
tactile_images/3542.png,contact,-3.5226387439118145,0.0,3.9475203074774408,0.0,0.0,35.50307622900982,2.196534336890352,-3.034537357819236,0.0,0.0,0.0,-0.6462477383373209,0.0,0.0,0.0,0.0,0.0,0.0
tactile_images/3543.png,contact,1.7541417009972973,0.0,4.79850061396313,0.0,0.0,35.51582421612605,-0.2041141528033474,1.1473738387582264,0.0,0.0,0.0,1.9329659722000905,0.0,0.0,0.0,0.0,0.0,0.0
tactile_images/3544.png,contact,-1.8423302651215687,0.0,3.6929385741573344,0.0,0.0,35.52130568994011,0.2315289931393591,4.93692175406831,0.0,0.0,0.0,-3.403913285159361,0.0,0.0,0.0,0.0,0.0,0.0
tactile_images/3545.png,contact,-1.1257346834481918,0.0,3.213766750174063,0.0,0.0,35.579446194952,-4.699895122258589,-1.3471273972005515,0.0,0.0,0.0,-2.854057267683712,0.0,0.0,0.0,0.0,0.0,0.0
tactile_images/3546.png,contact,3.831019592916359,0.0,4.219416391073519,0.0,0.0,35.582538856732654,-1.957032984416744,0.5237900826446698,0.0,0.0,0.0,4.033340638140043,0.0,0.0,0.0,0.0,0.0,0.0
tactile_images/3547.png,contact,-0.1903228012954869,0.0,4.618946419230869,0.0,0.0,35.58915906804954,-1.5398292576939054,-1.721453183784995,0.0,0.0,0.0,-1.7062492470254362,0.0,0.0,0.0,0.0,0.0,0.0
tactile_images/3548.png,contact,-0.783869170064091,0.0,3.75099724404144,0.0,0.0,35.59280451771545,0.5872726872575935,3.7694861680249687,0.0,0.0,0.0,4.855058148365508,0.0,0.0,0.0,0.0,0.0,0.0
tactile_images/3549.png,contact,3.495277289940025,0.0,4.420290075193007,0.0,0.0,35.61309917203664,0.5829976737130451,3.646027004236931,0.0,0.0,0.0,-4.537954023499068,0.0,0.0,0.0,0.0,0.0,0.0
tactile_images/3550.png,contact,3.6483371084517726,0.0,4.48700507155815,0.0,0.0,35.64510187481862,2.0989979772787315,-3.2122661205202974,0.0,0.0,0.0,-0.0412418504709304,0.0,0.0,0.0,0.0,0.0,0.0
tactile_images/3551.png,contact,2.477589798266384,0.0,3.962765423496855,0.0,0.0,35.64743045693329,2.170272962180809,3.9994887423806063,0.0,0.0,0.0,-1.7501283555364733,0.0,0.0,0.0,0.0,0.0,0.0
tactile_images/3552.png,contact,3.739979721360057,0.0,4.568883084141458,0.0,0.0,35.69408622494805,-2.64789275787917,-3.484912889439329,0.0,0.0,0.0,4.959650370509225,0.0,0.0,0.0,0.0,0.0,0.0
tactile_images/3553.png,contact,3.1807186950472888,0.0,4.131114966452774,0.0,0.0,35.70173905552838,2.701871511048247,-4.045600403746658,0.0,0.0,0.0,4.9003475636462,0.0,0.0,0.0,0.0,0.0,0.0
tactile_images/3554.png,contact,3.946067818921948,0.0,3.4174917647972585,0.0,0.0,35.81553090438402,-4.80396431953718,1.5293461570153184,0.0,0.0,0.0,-2.6475670814706787,0.0,0.0,0.0,0.0,0.0,0.0
tactile_images/3555.png,contact,0.5967658163165099,0.0,3.205069076225288,0.0,0.0,35.84898177222324,2.161618846067205,-1.14095894130105,0.0,0.0,0.0,-2.3274312031786404,0.0,0.0,0.0,0.0,0.0,0.0
tactile_images/3556.png,contact,2.200661030540572,0.0,3.8824593381834336,0.0,0.0,35.880548000727416,-3.9793889648057688,0.307405934618707,0.0,0.0,0.0,2.496722187170469,0.0,0.0,0.0,0.0,0.0,0.0
tactile_images/3557.png,contact,-2.126213330985128,0.0,4.189832041837743,0.0,0.0,35.89971784759307,2.2964820842121902,1.5257078193746345,0.0,0.0,0.0,3.896744313942907,0.0,0.0,0.0,0.0,0.0,0.0
tactile_images/3558.png,contact,-2.983803405183525,0.0,4.553720653796563,0.0,0.0,35.909195044688445,0.2711809056840426,-4.471627622070152,0.0,0.0,0.0,1.636969878549185,0.0,0.0,0.0,0.0,0.0,0.0
tactile_images/3559.png,contact,4.315412806664219,0.0,4.971948635371039,0.0,0.0,35.92999367772546,-0.6274549931690787,-2.070468289090066,0.0,0.0,0.0,3.647089550613632,0.0,0.0,0.0,0.0,0.0,0.0
tactile_images/3560.png,contact,0.4376349104445793,0.0,3.5001135170203064,0.0,0.0,35.94232797085567,1.9066638976142904,-0.3909368823113288,0.0,0.0,0.0,-4.367075446042719,0.0,0.0,0.0,0.0,0.0,0.0
tactile_images/3561.png,contact,3.165954901465662,0.0,4.544480551786553,0.0,0.0,35.96266948158862,-4.636291662527673,-2.334125901940681,0.0,0.0,0.0,1.4052848139659355,0.0,0.0,0.0,0.0,0.0,0.0
tactile_images/3562.png,contact,4.485741865157497,0.0,4.440867404451556,0.0,0.0,35.99698678165717,-2.7652967432442166,-4.51028615714479,0.0,0.0,0.0,2.0017088917069623,0.0,0.0,0.0,0.0,0.0,0.0
tactile_images/3563.png,contact,4.488646185578993,0.0,4.7449310465170775,0.0,0.0,36.0087130316806,1.16440142467654,-4.133234267689466,0.0,0.0,0.0,-3.096809369352876,0.0,0.0,0.0,0.0,0.0,0.0
tactile_images/3564.png,contact,-0.3157215268673123,0.0,3.0245813223113416,0.0,0.0,36.01241561637032,3.47215406630818,3.0174786875373343,0.0,0.0,0.0,2.7797020932460548,0.0,0.0,0.0,0.0,0.0,0.0
tactile_images/3565.png,contact,1.1051810509757964,0.0,3.726378392181698,0.0,0.0,36.01392763028899,-1.1889236305488304,4.11386759212926,0.0,0.0,0.0,4.442651697013559,0.0,0.0,0.0,0.0,0.0,0.0
tactile_images/3566.png,contact,-0.809503798881793,0.0,3.3856038053329183,0.0,0.0,36.01948521425459,-2.4123852736644293,-3.477666975695511,0.0,0.0,0.0,3.979664922780658,0.0,0.0,0.0,0.0,0.0,0.0
tactile_images/3567.png,contact,2.892068984499714,0.0,4.709130337882481,0.0,0.0,36.03059674868655,0.1873643578899431,-2.5073804270851427,0.0,0.0,0.0,-2.55032582086661,0.0,0.0,0.0,0.0,0.0,0.0
tactile_images/3568.png,contact,2.738746687503281,0.0,3.829041658780362,0.0,0.0,36.041136547318416,1.2231525238684142,1.5224940473106958,0.0,0.0,0.0,-1.7600736202781384,0.0,0.0,0.0,0.0,0.0,0.0
tactile_images/3569.png,contact,-1.8150272222392925,0.0,4.447161400879962,0.0,0.0,36.0463943216823,-0.7989696859425353,4.542717760924472,0.0,0.0,0.0,-0.0038863105375375,0.0,0.0,0.0,0.0,0.0,0.0
tactile_images/3570.png,contact,-1.323913243283874,0.0,3.766131352171557,0.0,0.0,36.05201375068481,3.767106826597552,-2.004102908667289,0.0,0.0,0.0,-3.416388157194304,0.0,0.0,0.0,0.0,0.0,0.0
tactile_images/3571.png,contact,2.9415878996323173,0.0,3.314757029737735,0.0,0.0,36.07919090893631,0.2343870886001342,3.552136262360012,0.0,0.0,0.0,4.539531631162756,0.0,0.0,0.0,0.0,0.0,0.0
tactile_images/3572.png,contact,-1.408263146902062,0.0,3.005264311159176,0.0,0.0,36.11293173926384,-4.64176412429415,0.0602464445037647,0.0,0.0,0.0,-3.3840337028917244,0.0,0.0,0.0,0.0,0.0,0.0
tactile_images/3573.png,contact,-3.398016066644267,0.0,3.6646198214799193,0.0,0.0,36.11858986472258,-2.7694604529380964,4.565586390807804,0.0,0.0,0.0,2.614229579903359,0.0,0.0,0.0,0.0,0.0,0.0
tactile_images/3574.png,contact,4.80672369082399,0.0,3.5956946967200434,0.0,0.0,36.12993172643219,-0.4935296908218545,-3.6374133757180873,0.0,0.0,0.0,-1.5857184882907136,0.0,0.0,0.0,0.0,0.0,0.0
tactile_images/3575.png,contact,0.3369024385982992,0.0,4.759441066120432,0.0,0.0,36.14808809295796,1.977255190169334,4.736723982079864,0.0,0.0,0.0,0.7372079769659674,0.0,0.0,0.0,0.0,0.0,0.0
tactile_images/3576.png,contact,1.861219234849727,0.0,4.473500441826455,0.0,0.0,36.15064427042866,-2.802477562074112,-0.5902137217049201,0.0,0.0,0.0,-4.528261756056384,0.0,0.0,0.0,0.0,0.0,0.0
tactile_images/3577.png,contact,-1.0563788932341147,0.0,4.794077032501369,0.0,0.0,36.24040532475331,4.762574397174211,4.529383904262618,0.0,0.0,0.0,-2.9498814246267613,0.0,0.0,0.0,0.0,0.0,0.0
tactile_images/3578.png,contact,0.1902711011387623,0.0,4.999010379417033,0.0,0.0,36.247591347667,-1.8144174181191648,-0.4130978294848075,0.0,0.0,0.0,-0.5560876167878774,0.0,0.0,0.0,0.0,0.0,0.0
tactile_images/3579.png,contact,0.6718399779053073,0.0,3.011607537685882,0.0,0.0,36.25783144124768,0.3248020686058837,0.3008213412057809,0.0,0.0,0.0,1.7719121724050293,0.0,0.0,0.0,0.0,0.0,0.0
tactile_images/3580.png,contact,-2.896985071424792,0.0,3.4160491254664977,0.0,0.0,36.28257664267626,-4.8103361526895885,3.0477500977732106,0.0,0.0,0.0,2.7756192621087976,0.0,0.0,0.0,0.0,0.0,0.0
tactile_images/3581.png,contact,-2.483558536657398,0.0,3.4566616731866207,0.0,0.0,36.29012624738425,3.848907214308044,2.2262850073939404,0.0,0.0,0.0,-4.698594822366977,0.0,0.0,0.0,0.0,0.0,0.0
tactile_images/3582.png,contact,-2.048710100433817,0.0,4.757395167652152,0.0,0.0,36.33569785922738,2.8883465352518343,1.1960332041728543,0.0,0.0,0.0,-3.4750978392121032,0.0,0.0,0.0,0.0,0.0,0.0
tactile_images/3583.png,contact,4.583270993976157,0.0,4.028061638951739,0.0,0.0,36.3374037669052,-3.045419957044073,-0.8301997641044405,0.0,0.0,0.0,2.2979173868925376,0.0,0.0,0.0,0.0,0.0,0.0
tactile_images/3584.png,contact,0.5955864968757592,0.0,3.5333123842650087,0.0,0.0,36.37266740138699,4.332366912398429,2.924383673996058,0.0,0.0,0.0,3.1305542581201635,0.0,0.0,0.0,0.0,0.0,0.0
tactile_images/3585.png,contact,1.2467009208039812,0.0,3.643693270402641,0.0,0.0,36.41319142678515,-1.8416023620259536,4.482283332893204,0.0,0.0,0.0,-2.6342847271421386,0.0,0.0,0.0,0.0,0.0,0.0
tactile_images/3586.png,contact,-1.9262595222616448,0.0,4.9411466652547205,0.0,0.0,36.42060937785629,1.9218628838011709,-4.901891030569732,0.0,0.0,0.0,-2.703469529939194,0.0,0.0,0.0,0.0,0.0,0.0
tactile_images/3587.png,contact,2.2859061955328563,0.0,4.095479818938274,0.0,0.0,36.42928212797561,3.1897631801659987,0.8784509645266114,0.0,0.0,0.0,-4.119705605268341,0.0,0.0,0.0,0.0,0.0,0.0
tactile_images/3588.png,contact,-3.633336495718252,0.0,3.4294702502431265,0.0,0.0,36.440695032581374,2.4091446123718088,3.659809289783485,0.0,0.0,0.0,-3.4970602440299325,0.0,0.0,0.0,0.0,0.0,0.0
tactile_images/3589.png,contact,1.620048431484642,0.0,4.952040315048988,0.0,0.0,36.44265783098403,4.175827840298412,1.5311253734555734,0.0,0.0,0.0,-4.919841081177538,0.0,0.0,0.0,0.0,0.0,0.0
tactile_images/3590.png,contact,3.2830609229455043,0.0,4.546608080228751,0.0,0.0,36.44957033750924,3.642747603407084,3.008292578333368,0.0,0.0,0.0,0.8983123977789447,0.0,0.0,0.0,0.0,0.0,0.0
tactile_images/3591.png,contact,-1.2790038949090778,0.0,4.986327477866957,0.0,0.0,36.46279346811903,4.946115140916101,3.950611038489853,0.0,0.0,0.0,4.038913440894319,0.0,0.0,0.0,0.0,0.0,0.0
tactile_images/3592.png,contact,-0.9356093537878598,0.0,3.6817530791678728,0.0,0.0,36.485390963610485,-3.1738858742385445,2.5095101585305795,0.0,0.0,0.0,-3.504239004618212,0.0,0.0,0.0,0.0,0.0,0.0
tactile_images/3593.png,contact,-1.0363720055937513,0.0,4.198758444522204,0.0,0.0,36.499345344352434,-1.9523819877329995,2.170174013647661,0.0,0.0,0.0,2.514436634410435,0.0,0.0,0.0,0.0,0.0,0.0
tactile_images/3594.png,contact,-1.5451121428113526,0.0,4.693108644930806,0.0,0.0,36.502612613766345,1.3622586743163003,4.647458913639182,0.0,0.0,0.0,0.7365868632249661,0.0,0.0,0.0,0.0,0.0,0.0
tactile_images/3595.png,contact,0.0180428354686101,0.0,4.619348516176147,0.0,0.0,36.511167183928265,2.3304718589158373,3.6368465789157263,0.0,0.0,0.0,4.399218926131724,0.0,0.0,0.0,0.0,0.0,0.0
tactile_images/3596.png,contact,4.685708143132658,0.0,4.632455703725601,0.0,0.0,36.51948862069737,0.3460505455570919,3.1537786958277376,0.0,0.0,0.0,2.9812252247025794,0.0,0.0,0.0,0.0,0.0,0.0
tactile_images/3597.png,contact,1.5190440683171191,0.0,4.880352126602113,0.0,0.0,36.554457107870405,-4.260716351133851,-4.135966395281239,0.0,0.0,0.0,3.527290227591285,0.0,0.0,0.0,0.0,0.0,0.0
tactile_images/3598.png,contact,3.6558532306102576,0.0,3.4745087273142747,0.0,0.0,36.5647715630418,3.415952268003821,-2.609701168605821,0.0,0.0,0.0,1.3914215237256675,0.0,0.0,0.0,0.0,0.0,0.0
tactile_images/3599.png,contact,-0.2030770090379334,0.0,3.7762429135369935,0.0,0.0,36.57736193763954,4.608743560212719,0.5675602432508953,0.0,0.0,0.0,3.1133611953587,0.0,0.0,0.0,0.0,0.0,0.0
tactile_images/3600.png,contact,1.429706560299878,0.0,3.859490762151333,0.0,0.0,36.61104634974227,-0.944831561736052,2.0956010497481365,0.0,0.0,0.0,-1.4913049652013912,0.0,0.0,0.0,0.0,0.0,0.0
tactile_images/3601.png,contact,-2.767105569551812,0.0,4.2877358551102525,0.0,0.0,36.62514028337975,-2.75187518301154,-1.9678510669952312,0.0,0.0,0.0,-2.909824051627803,0.0,0.0,0.0,0.0,0.0,0.0
tactile_images/3602.png,contact,2.6618716690693587,0.0,4.443706321066225,0.0,0.0,36.67557143388569,-4.806862450379125,-4.066718868791766,0.0,0.0,0.0,4.125199712329643,0.0,0.0,0.0,0.0,0.0,0.0
tactile_images/3603.png,contact,-2.3566311423918984,0.0,3.5026153742843134,0.0,0.0,36.69839921164254,-2.6270096390641475,-1.8890081318475227,0.0,0.0,0.0,2.3433587807242056,0.0,0.0,0.0,0.0,0.0,0.0
tactile_images/3604.png,contact,-4.343670147690148,0.0,3.829695213121092,0.0,0.0,36.70798803594825,1.9991877483842224,2.7102918058051912,0.0,0.0,0.0,-4.092971030619098,0.0,0.0,0.0,0.0,0.0,0.0
tactile_images/3605.png,contact,-3.7052696626938415,0.0,3.7221992812529336,0.0,0.0,36.77955028605456,4.115893876727304,3.774010293413731,0.0,0.0,0.0,3.669095277514538,0.0,0.0,0.0,0.0,0.0,0.0
tactile_images/3606.png,contact,-3.7369859346634513,0.0,4.6422210554830325,0.0,0.0,36.78811352399593,-4.064869335682342,4.1290364834434286,0.0,0.0,0.0,-1.5109606002152742,0.0,0.0,0.0,0.0,0.0,0.0
tactile_images/3607.png,contact,4.7757411083794485,0.0,3.145524752479254,0.0,0.0,36.83015365946707,0.5325918716192994,-1.211333208558523,0.0,0.0,0.0,-2.017222094582232,0.0,0.0,0.0,0.0,0.0,0.0
tactile_images/3608.png,contact,-4.966968538529768,0.0,3.408966922391647,0.0,0.0,36.86741300759904,1.955312485118324,-1.2746142513980354,0.0,0.0,0.0,1.2331356728638792,0.0,0.0,0.0,0.0,0.0,0.0
tactile_images/3609.png,contact,2.850596214092432,0.0,3.1592902580695315,0.0,0.0,36.8709229714576,-2.236191788937314,-0.932925290282089,0.0,0.0,0.0,0.6859863610646357,0.0,0.0,0.0,0.0,0.0,0.0
tactile_images/3610.png,contact,-4.629268752375799,0.0,3.6682728237523454,0.0,0.0,36.89469480531319,0.6989703917030194,-1.2419053057855225,0.0,0.0,0.0,0.3825672116548828,0.0,0.0,0.0,0.0,0.0,0.0
tactile_images/3611.png,contact,3.1514554447447294,0.0,3.277305058226608,0.0,0.0,36.920447935420256,2.1524842600577285,1.6619660750720966,0.0,0.0,0.0,-2.451228165979731,0.0,0.0,0.0,0.0,0.0,0.0
tactile_images/3612.png,contact,-1.5678010472429404,0.0,3.8334981212481054,0.0,0.0,36.94644089388056,3.377192431353768,-1.4167673786800727,0.0,0.0,0.0,4.5977375125621975,0.0,0.0,0.0,0.0,0.0,0.0
tactile_images/3613.png,contact,-3.1055333078183285,0.0,4.846599016539859,0.0,0.0,36.99663812158313,-0.4750014918001906,-4.796560633857542,0.0,0.0,0.0,4.501209238295331,0.0,0.0,0.0,0.0,0.0,0.0
tactile_images/3614.png,contact,1.395731728585139,0.0,3.1975381027975027,0.0,0.0,37.01773468463138,2.478572189189606,-0.6097539931212825,0.0,0.0,0.0,-4.958378100775001,0.0,0.0,0.0,0.0,0.0,0.0
tactile_images/3615.png,contact,-0.3346109197632154,0.0,3.655132587844252,0.0,0.0,37.025508312655546,-1.982170282601503,-2.758479338214123,0.0,0.0,0.0,-1.6217237083229152,0.0,0.0,0.0,0.0,0.0,0.0
tactile_images/3616.png,contact,1.3980935858873709,0.0,3.3787217515837256,0.0,0.0,37.03941434746558,-2.8695325322784138,-4.711928622153801,0.0,0.0,0.0,-4.544513359379533,0.0,0.0,0.0,0.0,0.0,0.0
tactile_images/3617.png,contact,2.6933018828224133,0.0,4.026439951655638,0.0,0.0,37.041582612392816,-3.1268625390933256,-0.2915704846595179,0.0,0.0,0.0,3.5024876630990764,0.0,0.0,0.0,0.0,0.0,0.0
tactile_images/3618.png,contact,3.146698204712856,0.0,3.665345973060648,0.0,0.0,37.07717218769031,-1.411272681742738,-2.940454408017069,0.0,0.0,0.0,3.865182382966168,0.0,0.0,0.0,0.0,0.0,0.0
tactile_images/3619.png,contact,-4.246936182785628,0.0,3.1379800174209187,0.0,0.0,37.08272308062371,-4.64120318211151,-0.4725818516026594,0.0,0.0,0.0,0.1829828368624388,0.0,0.0,0.0,0.0,0.0,0.0
tactile_images/3620.png,contact,1.8818386691474045,0.0,4.431271101115525,0.0,0.0,37.08309303299724,-2.170081623347503,-2.222500133897136,0.0,0.0,0.0,3.396780344607155,0.0,0.0,0.0,0.0,0.0,0.0
tactile_images/3621.png,contact,-0.1771164338471145,0.0,4.464601541216362,0.0,0.0,37.08612538994865,1.5222282444322826,1.037088702804332,0.0,0.0,0.0,2.033603158537919,0.0,0.0,0.0,0.0,0.0,0.0
tactile_images/3622.png,contact,4.51787961139444,0.0,4.909275304012937,0.0,0.0,37.113895235764645,1.4791904716013669,4.908773868739594,0.0,0.0,0.0,-0.0042605707157585,0.0,0.0,0.0,0.0,0.0,0.0
tactile_images/3623.png,contact,0.4962906374181486,0.0,3.770940869399471,0.0,0.0,37.130199469079386,-4.264461935085087,0.4723192071166497,0.0,0.0,0.0,-1.3618860101097263,0.0,0.0,0.0,0.0,0.0,0.0
tactile_images/3624.png,contact,-3.158331249906178,0.0,4.886596794491306,0.0,0.0,37.142313609997416,-2.1258438291937987,1.4689591689277002,0.0,0.0,0.0,-2.337749746734402,0.0,0.0,0.0,0.0,0.0,0.0
tactile_images/3625.png,contact,1.2826070509366971,0.0,4.524143306879451,0.0,0.0,37.14539634795578,0.6955766467792168,4.192757577512014,0.0,0.0,0.0,-2.4057086257694804,0.0,0.0,0.0,0.0,0.0,0.0
tactile_images/3626.png,contact,4.54772711089462,0.0,3.9612960566248177,0.0,0.0,37.15935707004273,-1.8144786249689715,-1.259995822749084,0.0,0.0,0.0,0.6206438423759142,0.0,0.0,0.0,0.0,0.0,0.0
tactile_images/3627.png,contact,-2.281887562036033,0.0,3.0227793361771056,0.0,0.0,37.17297882484117,-0.8201197581112654,-3.334515502144169,0.0,0.0,0.0,-3.3319117350965435,0.0,0.0,0.0,0.0,0.0,0.0
tactile_images/3628.png,contact,-2.8634501441555207,0.0,3.675939958480957,0.0,0.0,37.17979082275944,2.1281075711576403,-2.1720271706944674,0.0,0.0,0.0,-3.252081238270441,0.0,0.0,0.0,0.0,0.0,0.0
tactile_images/3629.png,contact,3.570083179471641,0.0,3.3981646256559155,0.0,0.0,37.19198032052702,-4.9073317054337,-0.972050592854508,0.0,0.0,0.0,-4.896066596729684,0.0,0.0,0.0,0.0,0.0,0.0
tactile_images/3630.png,contact,0.5789296532027999,0.0,3.009288966169977,0.0,0.0,37.19742434628986,-2.236064559115695,1.4501768125583825,0.0,0.0,0.0,1.1332805955912375,0.0,0.0,0.0,0.0,0.0,0.0
tactile_images/3631.png,contact,-1.425651995351915,0.0,4.483612950492344,0.0,0.0,37.22063002553726,-3.576277562149833,-4.95411970570279,0.0,0.0,0.0,4.943441856600522,0.0,0.0,0.0,0.0,0.0,0.0
tactile_images/3632.png,contact,0.8139272508167004,0.0,3.8640495992674833,0.0,0.0,37.25249210064298,-3.723908172355083,3.533832147669843,0.0,0.0,0.0,3.892193754279237,0.0,0.0,0.0,0.0,0.0,0.0
tactile_images/3633.png,contact,1.285327373756232,0.0,3.303175823804639,0.0,0.0,37.29271682202855,4.59040216447247,-4.239060269501696,0.0,0.0,0.0,2.056898044271013,0.0,0.0,0.0,0.0,0.0,0.0
tactile_images/3634.png,contact,3.789749995148069,0.0,3.700940404635856,0.0,0.0,37.30275954081044,-1.2343966843758225,4.0065514891855045,0.0,0.0,0.0,2.85525297766573,0.0,0.0,0.0,0.0,0.0,0.0
tactile_images/3635.png,contact,-0.2145963872147192,0.0,4.972633684544026,0.0,0.0,37.32208390300298,0.2708858490963983,4.494345212048987,0.0,0.0,0.0,-0.83147283736254,0.0,0.0,0.0,0.0,0.0,0.0
tactile_images/3636.png,contact,-2.279393069737652,0.0,3.649597830760721,0.0,0.0,37.35899168470765,2.338218870696326,4.90102794112134,0.0,0.0,0.0,-2.0192044508393114,0.0,0.0,0.0,0.0,0.0,0.0
tactile_images/3637.png,contact,-1.5087736904719415,0.0,3.4925414682063467,0.0,0.0,37.37940632388839,-4.525525251399499,3.0951018440687754,0.0,0.0,0.0,-1.3137171811531645,0.0,0.0,0.0,0.0,0.0,0.0
tactile_images/3638.png,contact,4.129827816972113,0.0,4.571564300787509,0.0,0.0,37.37960501990854,-2.589773614423017,-3.581444740598474,0.0,0.0,0.0,-4.185779182699516,0.0,0.0,0.0,0.0,0.0,0.0
tactile_images/3639.png,contact,-4.456981470002823,0.0,3.8196953462367,0.0,0.0,37.43609359191102,3.321477873437125,2.061670432251863,0.0,0.0,0.0,1.3379519802963245,0.0,0.0,0.0,0.0,0.0,0.0
tactile_images/3640.png,contact,-2.5342792225696904,0.0,4.125308239342618,0.0,0.0,37.46104499818935,3.6199061317788095,-2.966787093918235,0.0,0.0,0.0,-3.251349777873261,0.0,0.0,0.0,0.0,0.0,0.0
tactile_images/3641.png,contact,-1.7413029553606298,0.0,4.212387074848281,0.0,0.0,37.48187756092855,-1.2704907935919794,3.97127835580404,0.0,0.0,0.0,2.628782111600385,0.0,0.0,0.0,0.0,0.0,0.0
tactile_images/3642.png,contact,2.404235507249508,0.0,4.377258579801087,0.0,0.0,37.49610363103014,-1.2513840034823174,-1.8339407434465524,0.0,0.0,0.0,-3.100235377361873,0.0,0.0,0.0,0.0,0.0,0.0
tactile_images/3643.png,contact,1.6548871125806786,0.0,4.499251504298048,0.0,0.0,37.53464328363415,2.5689687710888185,-1.732040229249589,0.0,0.0,0.0,-2.7187597473266347,0.0,0.0,0.0,0.0,0.0,0.0
tactile_images/3644.png,contact,2.0061662629465173,0.0,3.252205391974819,0.0,0.0,37.53888917247063,-2.0492977325013086,4.176532959148666,0.0,0.0,0.0,4.57305639376168,0.0,0.0,0.0,0.0,0.0,0.0
tactile_images/3645.png,contact,-4.132869475762368,0.0,4.378459472725904,0.0,0.0,37.57187029993234,-3.829059188600019,-4.867689292162955,0.0,0.0,0.0,-3.946040879762725,0.0,0.0,0.0,0.0,0.0,0.0
tactile_images/3646.png,contact,-3.0696549088399365,0.0,3.867393866213919,0.0,0.0,37.595322818211216,-2.424645497594166,-3.0603384851643023,0.0,0.0,0.0,-0.0115746075397016,0.0,0.0,0.0,0.0,0.0,0.0
tactile_images/3647.png,contact,4.921584092280832,0.0,3.8157200511818266,0.0,0.0,37.604434838147554,-1.1265526836422517,-0.7806773343654498,0.0,0.0,0.0,-4.373134925984028,0.0,0.0,0.0,0.0,0.0,0.0
tactile_images/3648.png,contact,1.0281647038154516,0.0,3.987694029483123,0.0,0.0,37.62428128933036,-4.477952904049017,2.00721567310193,0.0,0.0,0.0,-4.096090079177936,0.0,0.0,0.0,0.0,0.0,0.0
tactile_images/3649.png,contact,-4.017619921354235,0.0,3.78557129265741,0.0,0.0,37.640525012694624,-0.2131974579982518,1.4756616604473545,0.0,0.0,0.0,1.3350036213842698,0.0,0.0,0.0,0.0,0.0,0.0
tactile_images/3650.png,contact,-2.723183917356393,0.0,3.1913802321160025,0.0,0.0,37.660650473441,2.400075127727784,1.6941187516714908,0.0,0.0,0.0,1.3072726305858549,0.0,0.0,0.0,0.0,0.0,0.0
tactile_images/3651.png,contact,2.9486035951799283,0.0,3.963674507152517,0.0,0.0,37.680585532016806,0.1374514448046158,3.8002202841066417,0.0,0.0,0.0,-3.0687971867584087,0.0,0.0,0.0,0.0,0.0,0.0
tactile_images/3652.png,contact,1.107983212658369,0.0,3.0074393216361184,0.0,0.0,37.68157601489678,-4.2810465948549306,-3.789695877067434,0.0,0.0,0.0,3.724865152583925,0.0,0.0,0.0,0.0,0.0,0.0
tactile_images/3653.png,contact,2.2737599926646626,0.0,4.689418334151725,0.0,0.0,37.68880893248036,-0.5985036865404147,0.2216169621877037,0.0,0.0,0.0,2.0218699568297733,0.0,0.0,0.0,0.0,0.0,0.0
tactile_images/3654.png,contact,-3.581770531571639,0.0,4.106859122327455,0.0,0.0,37.74553570878106,2.089046080428327,2.254776891024885,0.0,0.0,0.0,-1.9938941712883544,0.0,0.0,0.0,0.0,0.0,0.0
tactile_images/3655.png,contact,2.1906549031261924,0.0,4.931306349532825,0.0,0.0,37.790476273706815,-4.419033460098101,1.3611844292416455,0.0,0.0,0.0,-2.5161344199107183,0.0,0.0,0.0,0.0,0.0,0.0
tactile_images/3656.png,contact,-3.456043629899068,0.0,4.808947854562575,0.0,0.0,37.79119130939077,-4.401528102731115,-0.5168588006073254,0.0,0.0,0.0,2.542852531308287,0.0,0.0,0.0,0.0,0.0,0.0
tactile_images/3657.png,contact,-2.506147516408584,0.0,4.190092689847522,0.0,0.0,37.801419929640616,-1.2939859681901735,-4.82885414127836,0.0,0.0,0.0,2.336239241326038,0.0,0.0,0.0,0.0,0.0,0.0
tactile_images/3658.png,contact,1.6575610918303916,0.0,4.509745057817121,0.0,0.0,37.82363381954585,-3.050360358762909,-4.395477343521153,0.0,0.0,0.0,-3.5116808846856227,0.0,0.0,0.0,0.0,0.0,0.0
tactile_images/3659.png,contact,0.4526014436614094,0.0,4.6457761365870045,0.0,0.0,37.8257350172776,4.347807913084203,-3.8105867314616337,0.0,0.0,0.0,-1.5081215132973167,0.0,0.0,0.0,0.0,0.0,0.0
tactile_images/3660.png,contact,2.179654274286935,0.0,4.951054658041803,0.0,0.0,37.83002055050408,0.8134360373974312,-1.5677224716463645,0.0,0.0,0.0,-2.8332275334155934,0.0,0.0,0.0,0.0,0.0,0.0
tactile_images/3661.png,contact,0.8823445841549145,0.0,4.550381538587812,0.0,0.0,37.84019615062071,-2.126746005941038,-3.823465473328531,0.0,0.0,0.0,-2.058558039141269,0.0,0.0,0.0,0.0,0.0,0.0
tactile_images/3662.png,contact,4.66323596125536,0.0,3.564652701463885,0.0,0.0,37.84570105379241,2.0477672911495084,-0.7391768693739165,0.0,0.0,0.0,-2.1243603750512774,0.0,0.0,0.0,0.0,0.0,0.0
tactile_images/3663.png,contact,4.193984862428754,0.0,4.1164635005593215,0.0,0.0,37.855250815531335,-1.2507094864067114,-3.213580094144206,0.0,0.0,0.0,4.760236999632969,0.0,0.0,0.0,0.0,0.0,0.0
tactile_images/3664.png,contact,2.0495929234584374,0.0,4.915326949617946,0.0,0.0,37.855447580308095,-3.6788435562099,2.791661975262061,0.0,0.0,0.0,2.502113731105685,0.0,0.0,0.0,0.0,0.0,0.0
tactile_images/3665.png,contact,3.352936465677041,0.0,4.007153792677183,0.0,0.0,37.860758661566734,-2.6276777015641963,3.714876167122157,0.0,0.0,0.0,2.8005204893587514,0.0,0.0,0.0,0.0,0.0,0.0
tactile_images/3666.png,contact,-4.680658120507589,0.0,3.0846698918049844,0.0,0.0,37.8619597052726,1.4274728445937566,-1.1035249203182418,0.0,0.0,0.0,-2.2257683473437884,0.0,0.0,0.0,0.0,0.0,0.0
tactile_images/3667.png,contact,4.68850907206609,0.0,4.210142970361534,0.0,0.0,37.94330790119862,-4.481238940030083,0.113317653156387,0.0,0.0,0.0,-4.994729149536315,0.0,0.0,0.0,0.0,0.0,0.0
tactile_images/3668.png,contact,-2.729214818761151,0.0,3.741421314075568,0.0,0.0,37.94528009524002,-2.273109599519363,4.534962415609416,0.0,0.0,0.0,-4.418429950780105,0.0,0.0,0.0,0.0,0.0,0.0
tactile_images/3669.png,contact,4.164992833013312,0.0,4.571333203888912,0.0,0.0,37.97062223189784,-2.916885223578254,0.355077553486204,0.0,0.0,0.0,0.5299976665679571,0.0,0.0,0.0,0.0,0.0,0.0
tactile_images/3670.png,contact,0.7478649553076657,0.0,3.315001096151608,0.0,0.0,37.97349035673328,-2.98864889323468,4.950732158434249,0.0,0.0,0.0,-2.145188611016136,0.0,0.0,0.0,0.0,0.0,0.0
tactile_images/3671.png,contact,-1.5274610785187468,0.0,4.449741707159761,0.0,0.0,37.99753547709335,1.8276241197597107,-3.5786900630794536,0.0,0.0,0.0,-3.0704539935181163,0.0,0.0,0.0,0.0,0.0,0.0
tactile_images/3672.png,contact,-2.884473432532987,0.0,3.341120756013037,0.0,0.0,38.00907553308022,3.2581691675436453,3.622264205966984,0.0,0.0,0.0,-4.503590783836813,0.0,0.0,0.0,0.0,0.0,0.0
tactile_images/3673.png,contact,-0.8280683508348963,0.0,3.9510530432523865,0.0,0.0,38.015822468925805,2.158666080642587,-0.0279699732703466,0.0,0.0,0.0,3.7588173942973775,0.0,0.0,0.0,0.0,0.0,0.0
tactile_images/3674.png,contact,-1.3629135397924808,0.0,3.7309029693065474,0.0,0.0,38.02288804028818,1.4572781580051224,-4.772858887503318,0.0,0.0,0.0,1.0012734705797586,0.0,0.0,0.0,0.0,0.0,0.0
tactile_images/3675.png,contact,-3.809730056396575,0.0,3.831407156569858,0.0,0.0,38.06830194607329,4.16451771817864,4.722229414393485,0.0,0.0,0.0,-3.926267855517427,0.0,0.0,0.0,0.0,0.0,0.0
tactile_images/3676.png,contact,-0.9295085143492744,0.0,3.595959589324539,0.0,0.0,38.096034141265775,-4.416076195757031,4.650478997433579,0.0,0.0,0.0,2.664040160965936,0.0,0.0,0.0,0.0,0.0,0.0
tactile_images/3677.png,contact,0.3650595619942764,0.0,3.855383576066922,0.0,0.0,38.22918177923116,-3.325169140237593,-1.1672915981711285,0.0,0.0,0.0,2.55825591076799,0.0,0.0,0.0,0.0,0.0,0.0
tactile_images/3678.png,contact,-3.791183075621646,0.0,4.509880400316658,0.0,0.0,38.23249312724823,-0.8559314432946783,4.5414207108590485,0.0,0.0,0.0,-2.1059635898474416,0.0,0.0,0.0,0.0,0.0,0.0
tactile_images/3679.png,contact,-1.0956433397989684,0.0,3.6074477032636514,0.0,0.0,38.23394417380528,-1.2754835649613223,-3.5899035776145425,0.0,0.0,0.0,-3.115731084432556,0.0,0.0,0.0,0.0,0.0,0.0
tactile_images/3680.png,contact,-3.028534485980113,0.0,3.167747477104024,0.0,0.0,38.25779692375265,-0.8194839703697756,1.8011014112068224,0.0,0.0,0.0,3.1398187613937623,0.0,0.0,0.0,0.0,0.0,0.0
tactile_images/3681.png,contact,4.999883652446338,0.0,4.579736214759485,0.0,0.0,38.304850352124376,-2.93545094957294,-3.0807101311216547,0.0,0.0,0.0,-1.7043526734886436,0.0,0.0,0.0,0.0,0.0,0.0
tactile_images/3682.png,contact,2.1130626322930013,0.0,4.11362428628148,0.0,0.0,38.37724907253279,-3.5049668441977166,-2.533527636651724,0.0,0.0,0.0,3.474280810809569,0.0,0.0,0.0,0.0,0.0,0.0
tactile_images/3683.png,contact,-0.4502691889693828,0.0,4.612033009206138,0.0,0.0,38.38240841036922,0.0919324745792806,2.7933743720260544,0.0,0.0,0.0,-4.563483869522158,0.0,0.0,0.0,0.0,0.0,0.0
tactile_images/3684.png,contact,4.878432285226132,0.0,4.753837863741694,0.0,0.0,38.39592137147301,4.280525240687936,-1.2264191543470506,0.0,0.0,0.0,-0.0071105108844999,0.0,0.0,0.0,0.0,0.0,0.0
tactile_images/3685.png,contact,4.424412399833557,0.0,3.260681447138144,0.0,0.0,38.39777707801007,-1.0803053765008297,-4.928724971713788,0.0,0.0,0.0,-3.204047186003801,0.0,0.0,0.0,0.0,0.0,0.0
tactile_images/3686.png,contact,-4.94819293965951,0.0,3.68887657685702,0.0,0.0,38.39844672581127,-4.566467858804719,-0.8576157580440551,0.0,0.0,0.0,1.7204481322813594,0.0,0.0,0.0,0.0,0.0,0.0
tactile_images/3687.png,contact,-4.471614629002477,0.0,3.296770756434955,0.0,0.0,38.41636888464086,2.0616734288952454,-2.7193067936704054,0.0,0.0,0.0,4.972137614690469,0.0,0.0,0.0,0.0,0.0,0.0
tactile_images/3688.png,contact,4.279156640013266,0.0,4.290691246501216,0.0,0.0,38.427621371259136,-2.088950944728251,1.833299135582912,0.0,0.0,0.0,-0.8748896797306553,0.0,0.0,0.0,0.0,0.0,0.0
tactile_images/3689.png,contact,-1.5429255232496182,0.0,3.188486132809051,0.0,0.0,38.446627055418816,-2.549049926951079,-3.0555130327649973,0.0,0.0,0.0,-3.996894531080427,0.0,0.0,0.0,0.0,0.0,0.0
tactile_images/3690.png,contact,-0.1832965236373676,0.0,3.043973044078647,0.0,0.0,38.453609321427365,-1.757419993020379,3.4225352843647574,0.0,0.0,0.0,-1.8232688052713164,0.0,0.0,0.0,0.0,0.0,0.0
tactile_images/3691.png,contact,2.314378325463574,0.0,3.4324657887819825,0.0,0.0,38.45443000799867,2.238155239078763,-2.3290698789183573,0.0,0.0,0.0,3.915064995650821,0.0,0.0,0.0,0.0,0.0,0.0
tactile_images/3692.png,contact,-0.9304433418678412,0.0,3.424055701004458,0.0,0.0,38.471515221908405,3.18819386870304,-1.069717417169863,0.0,0.0,0.0,2.657610241039212,0.0,0.0,0.0,0.0,0.0,0.0
tactile_images/3693.png,contact,-3.3701332836367204,0.0,3.9943076317657433,0.0,0.0,38.56217871556412,0.8805606733896365,-2.01963139202902,0.0,0.0,0.0,-2.677883381077426,0.0,0.0,0.0,0.0,0.0,0.0
tactile_images/3694.png,contact,-4.213075122129755,0.0,4.1535216948718485,0.0,0.0,38.56875870846434,-1.7752124628044843,1.4392334780936578,0.0,0.0,0.0,4.535987193653256,0.0,0.0,0.0,0.0,0.0,0.0
tactile_images/3695.png,contact,-1.6168428839985651,0.0,4.55921728508493,0.0,0.0,38.6000843989966,-1.8952176688272184,-3.988364587736033,0.0,0.0,0.0,1.2218793469310496,0.0,0.0,0.0,0.0,0.0,0.0
tactile_images/3696.png,contact,3.2516137273958745,0.0,4.934426413616537,0.0,0.0,38.6727748798901,-3.75691650094537,-0.219006273017559,0.0,0.0,0.0,-3.319505996824763,0.0,0.0,0.0,0.0,0.0,0.0
tactile_images/3697.png,contact,2.357237368413607,0.0,3.333676468841669,0.0,0.0,38.68582442703355,4.333010482351945,-1.6554518478494185,0.0,0.0,0.0,0.7232214244623929,0.0,0.0,0.0,0.0,0.0,0.0
tactile_images/3698.png,contact,1.881361420831168,0.0,3.9557813218914992,0.0,0.0,38.693843908348086,1.3813939896881955,3.841379632883146,0.0,0.0,0.0,-0.4872313233600609,0.0,0.0,0.0,0.0,0.0,0.0
tactile_images/3699.png,contact,4.294312525995702,0.0,3.39462794115212,0.0,0.0,38.6967218202459,-4.73025380144136,-4.265879064256076,0.0,0.0,0.0,3.19697674773564,0.0,0.0,0.0,0.0,0.0,0.0
tactile_images/3700.png,contact,2.6805290388402456,0.0,3.5485237003178,0.0,0.0,38.70171529375462,1.6236709518668064,3.296950649328547,0.0,0.0,0.0,-1.5583997038808803,0.0,0.0,0.0,0.0,0.0,0.0
tactile_images/3701.png,contact,-3.026403123529297,0.0,4.768993069587727,0.0,0.0,38.71518431829102,-0.5284657580649208,-3.3231952347009086,0.0,0.0,0.0,3.749783198369464,0.0,0.0,0.0,0.0,0.0,0.0
tactile_images/3702.png,contact,2.9798433159751,0.0,3.071496788931729,0.0,0.0,38.72155419387482,4.725579630469195,-4.114223400700449,0.0,0.0,0.0,3.119703864383112,0.0,0.0,0.0,0.0,0.0,0.0
tactile_images/3703.png,contact,1.9468932330326871,0.0,4.358633330627107,0.0,0.0,38.76679964532852,3.1906882480640704,-2.9767714187699204,0.0,0.0,0.0,1.746034511599999,0.0,0.0,0.0,0.0,0.0,0.0
tactile_images/3704.png,contact,-2.6244695867486847,0.0,3.0891132632353067,0.0,0.0,38.774917423573896,-3.286842461672018,-3.973470179881896,0.0,0.0,0.0,-2.413927776538266,0.0,0.0,0.0,0.0,0.0,0.0
tactile_images/3705.png,contact,0.3746528386685206,0.0,3.5540508977392484,0.0,0.0,38.787562281856,2.2011111887486647,0.2098394820212554,0.0,0.0,0.0,4.703295762797779,0.0,0.0,0.0,0.0,0.0,0.0
tactile_images/3706.png,contact,0.9759374070068824,0.0,3.4881269020858507,0.0,0.0,38.79070286842109,-0.1443399616473666,4.882149529157813,0.0,0.0,0.0,0.4866678030215361,0.0,0.0,0.0,0.0,0.0,0.0
tactile_images/3707.png,contact,-2.6245868574069053,0.0,4.583922028933431,0.0,0.0,38.82417473438581,-3.129548363300718,-4.656726480757412,0.0,0.0,0.0,4.075139783630291,0.0,0.0,0.0,0.0,0.0,0.0
tactile_images/3708.png,contact,1.20959514616965,0.0,4.949745066862486,0.0,0.0,38.8367664837226,1.9873990732994908,-0.3887165068053866,0.0,0.0,0.0,-2.8427010074980386,0.0,0.0,0.0,0.0,0.0,0.0
tactile_images/3709.png,contact,1.589336489497415,0.0,3.01357634804718,0.0,0.0,38.83853971417791,0.4738757869424539,-1.1392967089213824,0.0,0.0,0.0,4.833783020855586,0.0,0.0,0.0,0.0,0.0,0.0
tactile_images/3710.png,contact,-4.5053105258620345,0.0,4.84446173967746,0.0,0.0,38.842529067923664,-4.696261212284295,-1.6039358575359963,0.0,0.0,0.0,3.160592289447651,0.0,0.0,0.0,0.0,0.0,0.0
tactile_images/3711.png,contact,0.5980100204450949,0.0,3.661774175387588,0.0,0.0,38.86178890193988,1.4658795052882585,-1.681363895666391,0.0,0.0,0.0,4.492268834271147,0.0,0.0,0.0,0.0,0.0,0.0
tactile_images/3712.png,contact,1.8963804107642623,0.0,4.374779825371429,0.0,0.0,38.87865160852272,1.349870898624407,3.950127566264621,0.0,0.0,0.0,-2.8763426772501264,0.0,0.0,0.0,0.0,0.0,0.0
tactile_images/3713.png,contact,-2.159722288473976,0.0,3.189768460295149,0.0,0.0,38.90633182858504,-3.5591483894853737,-4.810238497915959,0.0,0.0,0.0,-0.6934192141745203,0.0,0.0,0.0,0.0,0.0,0.0
tactile_images/3714.png,contact,2.1024854708623195,0.0,3.999236823997524,0.0,0.0,38.96604379278706,-1.5101227300330713,2.7491638738013835,0.0,0.0,0.0,-4.023660781663923,0.0,0.0,0.0,0.0,0.0,0.0
tactile_images/3715.png,contact,-1.522242595454725,0.0,3.1772659494991613,0.0,0.0,39.00702865965761,0.8589897075103989,-2.470668211940583,0.0,0.0,0.0,-3.6303039344087895,0.0,0.0,0.0,0.0,0.0,0.0
tactile_images/3716.png,contact,-2.081720886452816,0.0,4.628417534109326,0.0,0.0,39.02664996297577,-3.612169858932701,-1.1670448918242515,0.0,0.0,0.0,-2.160413364129985,0.0,0.0,0.0,0.0,0.0,0.0
tactile_images/3717.png,contact,-0.8535436439675212,0.0,3.39765706057296,0.0,0.0,39.03728717247587,3.527233778347565,-0.7985008715142232,0.0,0.0,0.0,4.516256604732565,0.0,0.0,0.0,0.0,0.0,0.0
tactile_images/3718.png,contact,-4.321182824836123,0.0,3.273933269088472,0.0,0.0,39.05090741735724,-4.725139537122962,-1.952682459262566,0.0,0.0,0.0,1.6719168111997726,0.0,0.0,0.0,0.0,0.0,0.0
tactile_images/3719.png,contact,3.0613693206310733,0.0,4.212915551087091,0.0,0.0,39.110901723642485,-3.9716258503064505,-4.064411381646021,0.0,0.0,0.0,-1.8536769293311155,0.0,0.0,0.0,0.0,0.0,0.0
tactile_images/3720.png,contact,-3.908555349831466,0.0,3.8471716537581577,0.0,0.0,39.183254946425606,-3.838930801451159,-3.856691511705652,0.0,0.0,0.0,4.545733188379749,0.0,0.0,0.0,0.0,0.0,0.0
tactile_images/3721.png,contact,-3.926717110769749,0.0,4.253567634103689,0.0,0.0,39.200900418199765,0.2810712597505516,-2.018688759173557,0.0,0.0,0.0,2.397314066170983,0.0,0.0,0.0,0.0,0.0,0.0
tactile_images/3722.png,contact,-4.791049380151545,0.0,3.251225407040604,0.0,0.0,39.205742069579145,1.2011401216862527,3.218090528872505,0.0,0.0,0.0,4.069790132443114,0.0,0.0,0.0,0.0,0.0,0.0
tactile_images/3723.png,contact,-4.611905638239142,0.0,3.894664853332376,0.0,0.0,39.22314826344538,-0.9625920349851348,-3.6537234721258818,0.0,0.0,0.0,4.272207938390983,0.0,0.0,0.0,0.0,0.0,0.0
tactile_images/3724.png,contact,3.3304691125280126,0.0,3.736620764173464,0.0,0.0,39.28544828116608,-2.113331723318338,2.426398331459307,0.0,0.0,0.0,2.507697499120816,0.0,0.0,0.0,0.0,0.0,0.0
tactile_images/3725.png,contact,4.436245033490729,0.0,4.360092112748539,0.0,0.0,39.30475313946161,3.093173756255574,-2.111302705707123,0.0,0.0,0.0,-2.5686657020841395,0.0,0.0,0.0,0.0,0.0,0.0
tactile_images/3726.png,contact,0.0890427061683487,0.0,4.067913093869867,0.0,0.0,39.30913200348921,-4.317140162735798,3.834649351120929,0.0,0.0,0.0,4.96588955118974,0.0,0.0,0.0,0.0,0.0,0.0
tactile_images/3727.png,contact,1.335384651286021,0.0,4.247506768738465,0.0,0.0,39.3094862718377,-2.197081388672083,-0.7167152459935906,0.0,0.0,0.0,-1.7490915993836351,0.0,0.0,0.0,0.0,0.0,0.0
tactile_images/3728.png,contact,-1.4114763288529728,0.0,3.677939852345643,0.0,0.0,39.34377056931892,-4.608844211960292,-3.282766867026244,0.0,0.0,0.0,1.7170574956771851,0.0,0.0,0.0,0.0,0.0,0.0
tactile_images/3729.png,contact,-3.895193110437632,0.0,4.562980486517144,0.0,0.0,39.38732732849226,-4.86109865033732,4.858444501105103,0.0,0.0,0.0,3.4481169495780097,0.0,0.0,0.0,0.0,0.0,0.0
tactile_images/3730.png,contact,0.6138458081040952,0.0,4.7528418872089855,0.0,0.0,39.38884070021804,-1.4662011306779874,-3.2336548077008844,0.0,0.0,0.0,-3.248490055753437,0.0,0.0,0.0,0.0,0.0,0.0
tactile_images/3731.png,contact,-4.148643902204485,0.0,3.048853765881266,0.0,0.0,39.39637229058799,-3.05176337555068,0.676198212322694,0.0,0.0,0.0,1.0904167994480858,0.0,0.0,0.0,0.0,0.0,0.0
tactile_images/3732.png,contact,-3.484253790905248,0.0,3.990343184493333,0.0,0.0,39.40064611214534,-2.3163414516175376,0.692864780961342,0.0,0.0,0.0,-1.2482722307174212,0.0,0.0,0.0,0.0,0.0,0.0
tactile_images/3733.png,contact,-1.262343214210638,0.0,3.740640350901044,0.0,0.0,39.418967494985054,3.2094715745496813,-1.2718654882222014,0.0,0.0,0.0,-2.557109303608364,0.0,0.0,0.0,0.0,0.0,0.0
tactile_images/3734.png,contact,-2.055858626438246,0.0,4.736647927300735,0.0,0.0,39.48944499129507,-3.370199037507786,4.51488592549131,0.0,0.0,0.0,-4.88228187243688,0.0,0.0,0.0,0.0,0.0,0.0
tactile_images/3735.png,contact,4.48164200880271,0.0,3.7139673842802257,0.0,0.0,39.4982706518383,2.802333671518009,3.438745624117317,0.0,0.0,0.0,3.719740637979713,0.0,0.0,0.0,0.0,0.0,0.0
tactile_images/3736.png,contact,-0.4449695910386513,0.0,4.550292155457189,0.0,0.0,39.516227289096165,1.7505062314636357,3.29819560838242,0.0,0.0,0.0,-3.641184527731446,0.0,0.0,0.0,0.0,0.0,0.0
tactile_images/3737.png,contact,4.061427151766438,0.0,4.39805482808419,0.0,0.0,39.524330929960726,-1.735544748591673,4.741519354294779,0.0,0.0,0.0,3.781171606848544,0.0,0.0,0.0,0.0,0.0,0.0
tactile_images/3738.png,contact,0.5608054549362222,0.0,3.504390322855836,0.0,0.0,39.5322950587598,0.4655614517628779,-0.4289066180368319,0.0,0.0,0.0,1.0069059880844815,0.0,0.0,0.0,0.0,0.0,0.0
tactile_images/3739.png,contact,4.766479036718141,0.0,3.896453164216449,0.0,0.0,39.56752723946202,-0.5556439022546122,-4.028142243799707,0.0,0.0,0.0,1.2105555451504122,0.0,0.0,0.0,0.0,0.0,0.0
tactile_images/3740.png,contact,4.729040074965165,0.0,3.7471325720781614,0.0,0.0,39.58439783798231,-3.7160468450233455,2.654559254497938,0.0,0.0,0.0,3.2865179425754505,0.0,0.0,0.0,0.0,0.0,0.0
tactile_images/3741.png,contact,3.9577519719165233,0.0,3.768388369851955,0.0,0.0,39.59849568517439,4.071853217341756,-1.191874205480662,0.0,0.0,0.0,0.0944114667478057,0.0,0.0,0.0,0.0,0.0,0.0
tactile_images/3742.png,contact,4.223506653283949,0.0,4.906145537244274,0.0,0.0,39.63751133692735,0.6961796758576009,-3.096548481964817,0.0,0.0,0.0,-1.4271543186565785,0.0,0.0,0.0,0.0,0.0,0.0
tactile_images/3743.png,contact,0.8537587627297629,0.0,4.464909258267459,0.0,0.0,39.64776450137687,3.802400457954549,-0.1675265677974655,0.0,0.0,0.0,-3.6119331600747975,0.0,0.0,0.0,0.0,0.0,0.0
tactile_images/3744.png,contact,-3.918721448107348,0.0,3.581487731781348,0.0,0.0,39.65033346811603,3.2382651181329027,4.257189401671633,0.0,0.0,0.0,0.7041538120811204,0.0,0.0,0.0,0.0,0.0,0.0
tactile_images/3745.png,contact,0.1659256402685338,0.0,3.019919482408606,0.0,0.0,39.6841928512783,-4.202240746905767,-3.286429809853716,0.0,0.0,0.0,0.5316705425107893,0.0,0.0,0.0,0.0,0.0,0.0
tactile_images/3746.png,contact,1.824502997424116,0.0,3.2132385456108468,0.0,0.0,39.68990350425874,-2.9272933398154755,3.48698815229742,0.0,0.0,0.0,-2.0610351433271425,0.0,0.0,0.0,0.0,0.0,0.0
tactile_images/3747.png,contact,3.687551223176124,0.0,3.978393035961231,0.0,0.0,39.69308734105903,-3.547388856251692,-0.8179505838488268,0.0,0.0,0.0,1.0005692565348123,0.0,0.0,0.0,0.0,0.0,0.0
tactile_images/3748.png,contact,2.0538060365380684,0.0,4.906222170563861,0.0,0.0,39.703045248349184,3.3077953278691865,-3.63198019296858,0.0,0.0,0.0,-0.6063311403163709,0.0,0.0,0.0,0.0,0.0,0.0
tactile_images/3749.png,contact,-3.48042089601484,0.0,4.01246207218176,0.0,0.0,39.74448032153951,3.624466264552023,3.4838230398865644,0.0,0.0,0.0,3.0553015391347103,0.0,0.0,0.0,0.0,0.0,0.0
tactile_images/3750.png,contact,2.914894856426642,0.0,3.0950355144142208,0.0,0.0,39.79767049521568,0.2797150980836598,4.696203411914286,0.0,0.0,0.0,0.5948625762651139,0.0,0.0,0.0,0.0,0.0,0.0
tactile_images/3751.png,contact,-3.684679758979128,0.0,4.054141877026916,0.0,0.0,39.7980595328892,-3.958219274919931,-2.087292841649884,0.0,0.0,0.0,4.336785863468288,0.0,0.0,0.0,0.0,0.0,0.0
tactile_images/3752.png,contact,-3.623637087467453,0.0,4.722125872959439,0.0,0.0,39.81432282607848,-3.643833814569838,-1.964637901579312,0.0,0.0,0.0,0.1798296838497828,0.0,0.0,0.0,0.0,0.0,0.0
tactile_images/3753.png,contact,-1.085272726964666,0.0,4.318489074101744,0.0,0.0,39.83311928492205,3.135488124382673,-1.0945401696006685,0.0,0.0,0.0,3.874953031572362,0.0,0.0,0.0,0.0,0.0,0.0
tactile_images/3754.png,contact,2.4756305565597927,0.0,4.373511440563818,0.0,0.0,39.93183779820448,4.291901365293303,3.1413036446080707,0.0,0.0,0.0,0.2052513801410214,0.0,0.0,0.0,0.0,0.0,0.0
tactile_images/3755.png,contact,4.660540214142012,0.0,4.317885587869485,0.0,0.0,39.94242380925655,-3.005243148893433,-4.895828032605002,0.0,0.0,0.0,0.5803480364033309,0.0,0.0,0.0,0.0,0.0,0.0
tactile_images/3756.png,contact,1.952489046138667,0.0,4.568123559656957,0.0,0.0,39.97358183095356,-4.88862423527827,-2.7604344826246563,0.0,0.0,0.0,-1.331920045444133,0.0,0.0,0.0,0.0,0.0,0.0
tactile_images/3757.png,contact,-0.0525237244785712,0.0,4.166665819977035,0.0,0.0,39.99579255091274,-1.6904709484922211,2.0589981110632616,0.0,0.0,0.0,-0.998308765394378,0.0,0.0,0.0,0.0,0.0,0.0
tactile_images/3758.png,contact,1.1806036034710408,0.0,3.706009501943672,0.0,0.0,40.00220575303865,-4.6950061035211865,-0.9436054951447392,0.0,0.0,0.0,4.331014872916123,0.0,0.0,0.0,0.0,0.0,0.0
tactile_images/3759.png,contact,-1.1692691837574216,0.0,3.5418184464937426,0.0,0.0,40.010693722402735,3.27974916078038,-1.6970437703187249,0.0,0.0,0.0,-2.767175980194625,0.0,0.0,0.0,0.0,0.0,0.0
tactile_images/3760.png,contact,4.53034033224945,0.0,4.702968898627988,0.0,0.0,40.02571154934272,-0.0848774277374841,3.722828889020175,0.0,0.0,0.0,-3.78542278327175,0.0,0.0,0.0,0.0,0.0,0.0
tactile_images/3761.png,contact,-1.3720147680828043,0.0,4.875773952189767,0.0,0.0,40.08311773308024,1.418607787630198,4.173339201462394,0.0,0.0,0.0,3.302109118039409,0.0,0.0,0.0,0.0,0.0,0.0
tactile_images/3762.png,contact,-1.3230583059357943,0.0,3.253311745694388,0.0,0.0,40.116457979050736,-0.8851512386345783,4.4798621916619545,0.0,0.0,0.0,0.7691079974487973,0.0,0.0,0.0,0.0,0.0,0.0
tactile_images/3763.png,contact,3.6572514909772447,0.0,4.590574089594445,0.0,0.0,40.121214474753344,-1.544924529875181,-2.274494673457034,0.0,0.0,0.0,-2.1535268553852727,0.0,0.0,0.0,0.0,0.0,0.0
tactile_images/3764.png,contact,2.5465089031867905,0.0,3.901073078134152,0.0,0.0,40.133507516646816,-2.7779958692391515,4.125126095391069,0.0,0.0,0.0,-0.6759977971030704,0.0,0.0,0.0,0.0,0.0,0.0
tactile_images/3765.png,contact,-0.7763175434442262,0.0,4.0310939881502845,0.0,0.0,40.182554636770206,2.7053254703814567,2.369655547272888,0.0,0.0,0.0,0.2490522677726678,0.0,0.0,0.0,0.0,0.0,0.0
tactile_images/3766.png,contact,1.2538738537352878,0.0,3.93571892526832,0.0,0.0,40.20905569472002,1.955475844155293,-3.457852515114194,0.0,0.0,0.0,0.9214025683643464,0.0,0.0,0.0,0.0,0.0,0.0
tactile_images/3767.png,contact,-1.9227656451785249,0.0,3.602318039570891,0.0,0.0,40.23794922774255,-1.3927101550391383,1.102700283082103,0.0,0.0,0.0,3.2105102293847345,0.0,0.0,0.0,0.0,0.0,0.0
tactile_images/3768.png,contact,3.87419609588063,0.0,3.1824896826085105,0.0,0.0,40.23986527310304,-1.788838657008171,-4.736651806930087,0.0,0.0,0.0,-1.0564767254398455,0.0,0.0,0.0,0.0,0.0,0.0
tactile_images/3769.png,contact,4.745808732559048,0.0,3.881509886882636,0.0,0.0,40.25230890356363,-4.98757121351321,2.083781557708652,0.0,0.0,0.0,1.7650311322643164,0.0,0.0,0.0,0.0,0.0,0.0
tactile_images/3770.png,contact,0.745635613835832,0.0,4.3165675668523145,0.0,0.0,40.26046608726988,-4.364478699545275,2.335675226509384,0.0,0.0,0.0,3.347669737641405,0.0,0.0,0.0,0.0,0.0,0.0
tactile_images/3771.png,contact,4.231969516855784,0.0,3.240005499233776,0.0,0.0,40.28063759640531,1.2325552489263476,2.893385085949973,0.0,0.0,0.0,3.4377345595802904,0.0,0.0,0.0,0.0,0.0,0.0
tactile_images/3772.png,contact,-2.820280876703859,0.0,4.179668788879511,0.0,0.0,40.2998428320724,0.1460731023546166,-3.274749458775651,0.0,0.0,0.0,-2.457547949635757,0.0,0.0,0.0,0.0,0.0,0.0
tactile_images/3773.png,contact,1.6054980745719396,0.0,3.329468017775448,0.0,0.0,40.30764944714648,-0.6519679551497752,1.2824994094753093,0.0,0.0,0.0,-1.4982695574987694,0.0,0.0,0.0,0.0,0.0,0.0
tactile_images/3774.png,contact,-1.747863021674105,0.0,4.243763927780787,0.0,0.0,40.31044404162076,3.275022408016584,-3.2114331517234564,0.0,0.0,0.0,0.9490603426221432,0.0,0.0,0.0,0.0,0.0,0.0
tactile_images/3775.png,contact,1.7133545463008404,0.0,4.141366350143957,0.0,0.0,40.33465245182752,0.038982044028466,4.466500833891757,0.0,0.0,0.0,3.857723912469462,0.0,0.0,0.0,0.0,0.0,0.0
tactile_images/3776.png,contact,-1.9602979667497296,0.0,4.962058978230152,0.0,0.0,40.33863556339181,-1.1550641859268005,1.7501069268083445,0.0,0.0,0.0,2.9044608669189564,0.0,0.0,0.0,0.0,0.0,0.0
tactile_images/3777.png,contact,-2.234201136885849,0.0,3.489232548104532,0.0,0.0,40.35459836453551,-3.38743652475015,-4.0467415199594425,0.0,0.0,0.0,0.8396290141622149,0.0,0.0,0.0,0.0,0.0,0.0
tactile_images/3778.png,contact,-4.017740285462287,0.0,3.8807035477865046,0.0,0.0,40.36938456247883,3.206880082146192,-3.129677699941772,0.0,0.0,0.0,4.83733630623844,0.0,0.0,0.0,0.0,0.0,0.0
tactile_images/3779.png,contact,-1.2622032163141537,0.0,4.829772300243008,0.0,0.0,40.410430800549605,0.7624825012118777,1.6346009812974778,0.0,0.0,0.0,-0.6101277057655841,0.0,0.0,0.0,0.0,0.0,0.0
tactile_images/3780.png,contact,2.973673658646568,0.0,3.763242088353208,0.0,0.0,40.4178134237436,-4.075400340772427,-0.2332950384039129,0.0,0.0,0.0,3.4245057118624693,0.0,0.0,0.0,0.0,0.0,0.0
tactile_images/3781.png,contact,-2.474709381337565,0.0,4.724669832879464,0.0,0.0,40.42149128247658,1.488983979970758,2.3629766621087844,0.0,0.0,0.0,3.184203799729463,0.0,0.0,0.0,0.0,0.0,0.0
tactile_images/3782.png,contact,-4.626484146779252,0.0,4.210203244474301,0.0,0.0,40.42189376249979,-0.7492925451159005,-2.1921120107434087,0.0,0.0,0.0,4.080383116702819,0.0,0.0,0.0,0.0,0.0,0.0
tactile_images/3783.png,contact,4.6331679710940215,0.0,3.5669222985281586,0.0,0.0,40.4237748013246,3.1138622358799584,1.5791753684707688,0.0,0.0,0.0,4.876783550252123,0.0,0.0,0.0,0.0,0.0,0.0
tactile_images/3784.png,contact,-0.0545511791044992,0.0,4.875975730918994,0.0,0.0,40.556202234328495,4.189145969959963,-3.2303983196956096,0.0,0.0,0.0,-0.0430330242017102,0.0,0.0,0.0,0.0,0.0,0.0
tactile_images/3785.png,contact,4.062234737429835,0.0,3.6392960551752496,0.0,0.0,40.56746454380327,1.0046581317624603,0.4371026336103316,0.0,0.0,0.0,-3.043703512966073,0.0,0.0,0.0,0.0,0.0,0.0
tactile_images/3786.png,contact,3.3573420206900706,0.0,3.352178575887708,0.0,0.0,40.59588961297472,2.3161281931336646,4.577995915499862,0.0,0.0,0.0,-0.3910464317184878,0.0,0.0,0.0,0.0,0.0,0.0
tactile_images/3787.png,contact,1.1616111695502052,0.0,4.572734771923396,0.0,0.0,40.60233417976077,-4.434091523978343,1.2822223229098642,0.0,0.0,0.0,3.5388487698543205,0.0,0.0,0.0,0.0,0.0,0.0
tactile_images/3788.png,contact,4.008219004127841,0.0,4.43409587741421,0.0,0.0,40.63879320799485,0.6025545500115728,-4.500063824950836,0.0,0.0,0.0,3.361066342554315,0.0,0.0,0.0,0.0,0.0,0.0
tactile_images/3789.png,contact,3.007296635331992,0.0,4.139023738688842,0.0,0.0,40.640476728511416,2.553399783554741,4.887621377366267,0.0,0.0,0.0,-1.640300924131903,0.0,0.0,0.0,0.0,0.0,0.0
tactile_images/3790.png,contact,4.268040762315564,0.0,3.3583593492506454,0.0,0.0,40.66954251850176,-0.0323785052189631,-3.431336703511344,0.0,0.0,0.0,-4.526931930413262,0.0,0.0,0.0,0.0,0.0,0.0
tactile_images/3791.png,contact,-4.807393435834294,0.0,3.596083396693829,0.0,0.0,40.711635356314986,0.935500895043372,2.1806910269710507,0.0,0.0,0.0,0.0984209782624354,0.0,0.0,0.0,0.0,0.0,0.0
tactile_images/3792.png,contact,-3.25710951560667,0.0,3.702883346941367,0.0,0.0,40.75422452425224,3.9894818558104426,0.3253003906419591,0.0,0.0,0.0,-0.2589907092118793,0.0,0.0,0.0,0.0,0.0,0.0
tactile_images/3793.png,contact,-3.727302504846019,0.0,4.90122354948578,0.0,0.0,40.75988515963738,-3.019004279688006,-2.056393121956962,0.0,0.0,0.0,-4.142360222228684,0.0,0.0,0.0,0.0,0.0,0.0
tactile_images/3794.png,contact,-2.798755458576238,0.0,3.1317843300639456,0.0,0.0,40.77610076434125,-4.017534924480881,-3.226895145722909,0.0,0.0,0.0,2.948899557235948,0.0,0.0,0.0,0.0,0.0,0.0
tactile_images/3795.png,contact,-3.960912999234932,0.0,4.25781028984723,0.0,0.0,40.78944274555677,1.9064361313950096,-3.222976357232843,0.0,0.0,0.0,-2.164097260614489,0.0,0.0,0.0,0.0,0.0,0.0
tactile_images/3796.png,contact,-1.619136326370115,0.0,4.246863586886722,0.0,0.0,40.83936660684036,3.22848905522444,3.5839968120816046,0.0,0.0,0.0,1.4575209217411391,0.0,0.0,0.0,0.0,0.0,0.0
tactile_images/3797.png,contact,-1.3852594766408552,0.0,4.854732818923107,0.0,0.0,40.84505746874625,3.504901885825636,3.729125141634235,0.0,0.0,0.0,-3.985121373450004,0.0,0.0,0.0,0.0,0.0,0.0
tactile_images/3798.png,contact,3.5133727224688704,0.0,3.0380868185485834,0.0,0.0,40.87716573013071,1.4164449709122025,-0.3485447837528799,0.0,0.0,0.0,3.607031729096029,0.0,0.0,0.0,0.0,0.0,0.0
tactile_images/3799.png,contact,-4.671266152591704,0.0,4.781333351783815,0.0,0.0,40.88149769864643,3.332134181708033,-3.963785370750261,0.0,0.0,0.0,2.392745031551632,0.0,0.0,0.0,0.0,0.0,0.0
tactile_images/3800.png,contact,3.0307429554657164,0.0,3.0176296665889453,0.0,0.0,40.90464256093017,2.0066420572329022,3.8416510384679,0.0,0.0,0.0,-1.115772910213343,0.0,0.0,0.0,0.0,0.0,0.0
tactile_images/3801.png,contact,0.4562266544003908,0.0,4.850529283313929,0.0,0.0,40.9757952464546,-4.1262308409320925,-0.1298351382491089,0.0,0.0,0.0,1.294889493232346,0.0,0.0,0.0,0.0,0.0,0.0
tactile_images/3802.png,contact,-2.4997779845207084,0.0,4.131635985718936,0.0,0.0,41.01296030269848,2.620435078849881,-0.6123757713308633,0.0,0.0,0.0,-3.125461073144252,0.0,0.0,0.0,0.0,0.0,0.0
tactile_images/3803.png,contact,3.081326752812571,0.0,3.0383458214997967,0.0,0.0,41.07776599599552,-3.206403104496704,-0.926429755623798,0.0,0.0,0.0,4.854224909589451,0.0,0.0,0.0,0.0,0.0,0.0
tactile_images/3804.png,contact,-3.700988739009299,0.0,4.90624922501593,0.0,0.0,41.10079833715416,-2.6339065740902723,-1.3498582614079435,0.0,0.0,0.0,2.9610804209371864,0.0,0.0,0.0,0.0,0.0,0.0
tactile_images/3805.png,contact,1.0307672379840396,0.0,4.024046778217519,0.0,0.0,41.10913954933652,-1.0534937300133516,0.2600540360859416,0.0,0.0,0.0,2.88940003069027,0.0,0.0,0.0,0.0,0.0,0.0
tactile_images/3806.png,contact,-0.0272039009247917,0.0,3.1078651656817424,0.0,0.0,41.11434339743525,-1.854329336736631,1.045412266117042,0.0,0.0,0.0,-3.466197824221239,0.0,0.0,0.0,0.0,0.0,0.0
tactile_images/3807.png,contact,4.335037326332225,0.0,3.440132509569384,0.0,0.0,41.18726645985919,-1.7834826169708795,-0.3356779642704408,0.0,0.0,0.0,-4.822664751061378,0.0,0.0,0.0,0.0,0.0,0.0
tactile_images/3808.png,contact,1.5735485347747846,0.0,3.9625523010232335,0.0,0.0,41.247842643264136,-3.3074047579595423,3.966481634550444,0.0,0.0,0.0,0.8537136776963328,0.0,0.0,0.0,0.0,0.0,0.0
tactile_images/3809.png,contact,-1.5434200549271972,0.0,3.751411610760541,0.0,0.0,41.2697866781364,-2.061289528904556,-1.823387714705027,0.0,0.0,0.0,-3.5587938816018907,0.0,0.0,0.0,0.0,0.0,0.0
tactile_images/3810.png,contact,0.5923725306177188,0.0,4.2312487933662535,0.0,0.0,41.34016514555268,-4.803374100241182,0.7831185678678132,0.0,0.0,0.0,2.8043345648884497,0.0,0.0,0.0,0.0,0.0,0.0
tactile_images/3811.png,contact,4.781766032245105,0.0,3.2016143942781703,0.0,0.0,41.405244818829615,-0.2708905331167397,-2.000460798060147,0.0,0.0,0.0,-0.8392385982175377,0.0,0.0,0.0,0.0,0.0,0.0
tactile_images/3812.png,contact,-2.671882889311269,0.0,4.718260719502466,0.0,0.0,41.40963352517058,2.685909587698068,2.533500237925342,0.0,0.0,0.0,-1.6140575101256829,0.0,0.0,0.0,0.0,0.0,0.0
tactile_images/3813.png,contact,-2.120140203307807,0.0,3.560432813981142,0.0,0.0,41.45330590705613,3.6224736922483967,-3.9787890067176432,0.0,0.0,0.0,-4.263507375382894,0.0,0.0,0.0,0.0,0.0,0.0
tactile_images/3814.png,contact,1.4664777197394718,0.0,4.955986847476469,0.0,0.0,41.47975163024765,3.2042855895943845,-3.1130100320466747,0.0,0.0,0.0,4.960650799446215,0.0,0.0,0.0,0.0,0.0,0.0
tactile_images/3815.png,contact,4.419163878318005,0.0,4.513077166990613,0.0,0.0,41.50871111005738,-0.8354228100488683,3.012014099269507,0.0,0.0,0.0,4.560107803868798,0.0,0.0,0.0,0.0,0.0,0.0
tactile_images/3816.png,contact,1.5465804775511218,0.0,4.047344799997971,0.0,0.0,41.56498496621877,2.3042648116385624,-3.1680240478046127,0.0,0.0,0.0,-3.684030921931489,0.0,0.0,0.0,0.0,0.0,0.0
tactile_images/3817.png,contact,3.34045104704215,0.0,4.6935660543376585,0.0,0.0,41.60354986241092,-2.121092259047876,1.2574634619474008,0.0,0.0,0.0,-1.6718839581850815,0.0,0.0,0.0,0.0,0.0,0.0
tactile_images/3818.png,contact,2.0245154868117945,0.0,4.441328909015724,0.0,0.0,41.61422945043351,-4.44437527282382,4.702434519041969,0.0,0.0,0.0,-1.0921246197539336,0.0,0.0,0.0,0.0,0.0,0.0
tactile_images/3819.png,contact,4.487061510187845,0.0,3.0755684436244923,0.0,0.0,41.631262863986905,1.759715253912666,0.2289061376596581,0.0,0.0,0.0,-2.031989218844046,0.0,0.0,0.0,0.0,0.0,0.0
tactile_images/3820.png,contact,4.165359150106167,0.0,3.188420727224988,0.0,0.0,41.63155975450736,1.4879616473640596,-3.126035536599308,0.0,0.0,0.0,4.344685596548446,0.0,0.0,0.0,0.0,0.0,0.0
tactile_images/3821.png,contact,0.1293808118106412,0.0,3.596085045582712,0.0,0.0,41.63869262046846,3.016293954628756,-1.793089543073625,0.0,0.0,0.0,2.2134182902208472,0.0,0.0,0.0,0.0,0.0,0.0
tactile_images/3822.png,contact,1.8199652502813608,0.0,3.235877349748467,0.0,0.0,41.67577014867183,1.1610620670287988,3.2345807645423825,0.0,0.0,0.0,4.55916405594065,0.0,0.0,0.0,0.0,0.0,0.0
tactile_images/3823.png,contact,-3.848551176960044,0.0,4.272080710263772,0.0,0.0,41.7411643017672,-3.431083750260836,-1.4833908688002628,0.0,0.0,0.0,3.7450540252409774,0.0,0.0,0.0,0.0,0.0,0.0
tactile_images/3824.png,contact,-1.2066047982458403,0.0,3.323425556660216,0.0,0.0,41.76186506615053,3.531623920501982,2.235113590298136,0.0,0.0,0.0,2.5454151946917296,0.0,0.0,0.0,0.0,0.0,0.0
tactile_images/3825.png,contact,3.229895157232532,0.0,4.722464454520772,0.0,0.0,41.76254617491958,1.272527880187008,2.773500628840102,0.0,0.0,0.0,1.9696710707987828,0.0,0.0,0.0,0.0,0.0,0.0
tactile_images/3826.png,contact,2.713571944965373,0.0,4.6085223087569,0.0,0.0,41.82638036417711,3.07609699035004,0.0118284724516417,0.0,0.0,0.0,3.6616249097948135,0.0,0.0,0.0,0.0,0.0,0.0
tactile_images/3827.png,contact,0.9585967834896704,0.0,3.413972606000239,0.0,0.0,41.83781394647697,2.7410712037604075,2.8321338436638896,0.0,0.0,0.0,1.841498967914552,0.0,0.0,0.0,0.0,0.0,0.0
tactile_images/3828.png,contact,-3.706690341255177,0.0,3.971132404566858,0.0,0.0,41.85001885290471,-2.021355127749116,-1.830969955717856,0.0,0.0,0.0,-3.1128020101884903,0.0,0.0,0.0,0.0,0.0,0.0
tactile_images/3829.png,contact,2.807860126419557,0.0,3.857450283502963,0.0,0.0,41.87048935551216,-4.254470251479477,0.1615964671640579,0.0,0.0,0.0,1.4812651642809804,0.0,0.0,0.0,0.0,0.0,0.0
tactile_images/3830.png,contact,4.605404671091007,0.0,3.7210658357032953,0.0,0.0,41.90013771876394,-3.234955909104152,1.8655826397214048,0.0,0.0,0.0,0.1500163994857324,0.0,0.0,0.0,0.0,0.0,0.0
tactile_images/3831.png,contact,3.206353179877896,0.0,4.148856966006289,0.0,0.0,41.9072245837303,-4.071376656867493,-3.319268526956196,0.0,0.0,0.0,4.818946770953266,0.0,0.0,0.0,0.0,0.0,0.0
tactile_images/3832.png,contact,3.077109811913292,0.0,4.041041067283029,0.0,0.0,41.91603311126066,-2.565875679198636,-2.263780326178103,0.0,0.0,0.0,0.0996554706586962,0.0,0.0,0.0,0.0,0.0,0.0
tactile_images/3833.png,contact,-4.218742350231167,0.0,3.795269971465506,0.0,0.0,41.92419819974691,-0.4046772697400698,1.5203660339365213,0.0,0.0,0.0,-4.615450168489563,0.0,0.0,0.0,0.0,0.0,0.0
tactile_images/3834.png,contact,-3.549740195614744,0.0,4.931583060213935,0.0,0.0,41.9296511649008,4.068106049812828,1.5536011982955342,0.0,0.0,0.0,-2.358104892343565,0.0,0.0,0.0,0.0,0.0,0.0
tactile_images/3835.png,contact,-0.877693608621982,0.0,4.130912732148216,0.0,0.0,41.967963800317136,3.720187559206346,-0.0669735354702103,0.0,0.0,0.0,4.173817604547656,0.0,0.0,0.0,0.0,0.0,0.0
tactile_images/3836.png,contact,-0.74287575090211,0.0,3.007858642844436,0.0,0.0,41.99849970139013,2.18599815095728,2.955853567821205,0.0,0.0,0.0,4.623563304466362,0.0,0.0,0.0,0.0,0.0,0.0
tactile_images/3837.png,contact,3.9821752737959626,0.0,4.108339443222,0.0,0.0,41.99883041949681,-4.75887640452174,-0.1794509799502446,0.0,0.0,0.0,2.284985766407713,0.0,0.0,0.0,0.0,0.0,0.0
tactile_images/3838.png,contact,1.5365400563403877,0.0,4.300593948147015,0.0,0.0,42.00278551148892,-1.586107986794465,3.813222654137333,0.0,0.0,0.0,-4.431361012130296,0.0,0.0,0.0,0.0,0.0,0.0
tactile_images/3839.png,contact,-1.636711653626481,0.0,3.232891048169422,0.0,0.0,42.04040556342253,1.8234842648451977,2.3590343087194547,0.0,0.0,0.0,-4.764586122537342,0.0,0.0,0.0,0.0,0.0,0.0
tactile_images/3840.png,contact,-1.9642980703610728,0.0,3.851737121766288,0.0,0.0,42.04831102579742,-3.709711031609317,-1.8530513669665871,0.0,0.0,0.0,-0.2040499720089981,0.0,0.0,0.0,0.0,0.0,0.0
tactile_images/3841.png,contact,0.1546200491998917,0.0,4.890101106789207,0.0,0.0,42.07672690247166,3.0108785001590874,-1.047459915154445,0.0,0.0,0.0,4.996723065608851,0.0,0.0,0.0,0.0,0.0,0.0
tactile_images/3842.png,contact,-0.3250406641598182,0.0,4.107547908588876,0.0,0.0,42.08977783317788,4.145736799875937,1.676866857698457,0.0,0.0,0.0,3.6929673749940513,0.0,0.0,0.0,0.0,0.0,0.0
tactile_images/3843.png,contact,-2.9829319720918672,0.0,3.1673619764953944,0.0,0.0,42.126595277736826,-1.4589555336217457,3.944526188234912,0.0,0.0,0.0,4.33107620881998,0.0,0.0,0.0,0.0,0.0,0.0
tactile_images/3844.png,contact,1.881205642362748,0.0,3.805507237494884,0.0,0.0,42.14642024456562,2.058430618638334,-3.2129126729649125,0.0,0.0,0.0,1.2354150499291947,0.0,0.0,0.0,0.0,0.0,0.0
tactile_images/3845.png,contact,-1.5417460147407445,0.0,4.3444682996012105,0.0,0.0,42.148728560889154,-3.5179586733128665,0.1466353874198009,0.0,0.0,0.0,3.591247282515013,0.0,0.0,0.0,0.0,0.0,0.0
tactile_images/3846.png,contact,0.6901477948670376,0.0,4.724168171680462,0.0,0.0,42.15697098220362,1.90816449113027,-3.812155786756233,0.0,0.0,0.0,-1.8030162560280747,0.0,0.0,0.0,0.0,0.0,0.0
tactile_images/3847.png,contact,1.0301848292571658,0.0,4.283351420322992,0.0,0.0,42.18637400052718,-4.785445877129567,-2.205448446798688,0.0,0.0,0.0,-4.726359965489686,0.0,0.0,0.0,0.0,0.0,0.0
tactile_images/3848.png,contact,-0.58404249735805,0.0,3.230021873656196,0.0,0.0,42.18780981985228,-3.4922849318889906,1.859813592932423,0.0,0.0,0.0,4.182506282226269,0.0,0.0,0.0,0.0,0.0,0.0
tactile_images/3849.png,contact,1.788378473640465,0.0,3.232106918769138,0.0,0.0,42.18894356113739,2.0988144660867007,-4.222653647518383,0.0,0.0,0.0,-2.815693753510675,0.0,0.0,0.0,0.0,0.0,0.0
tactile_images/3850.png,contact,3.178820843113007,0.0,4.51013640826325,0.0,0.0,42.19858248143444,2.1185022287630613,1.6235858188884746,0.0,0.0,0.0,2.2848635494122984,0.0,0.0,0.0,0.0,0.0,0.0
tactile_images/3851.png,contact,-4.872761293149445,0.0,3.9146332197856406,0.0,0.0,42.21016867279377,1.4116270584517707,4.00811120945297,0.0,0.0,0.0,1.5896731487715376,0.0,0.0,0.0,0.0,0.0,0.0
tactile_images/3852.png,contact,0.8343417151770787,0.0,4.312479786496717,0.0,0.0,42.23213407899813,-0.2263597561579677,4.693702910184662,0.0,0.0,0.0,-3.418364515803428,0.0,0.0,0.0,0.0,0.0,0.0
tactile_images/3853.png,contact,-3.904095172193285,0.0,3.32934052501461,0.0,0.0,42.234231991367366,1.7490809117194503,-2.833677989744845,0.0,0.0,0.0,-3.042210034688535,0.0,0.0,0.0,0.0,0.0,0.0
tactile_images/3854.png,contact,-3.9805428944071366,0.0,4.379642142657524,0.0,0.0,42.251271013863686,2.7380079828878827,2.4889795660787586,0.0,0.0,0.0,-1.7092751857020416,0.0,0.0,0.0,0.0,0.0,0.0
tactile_images/3855.png,contact,4.021658393489985,0.0,4.570143723127026,0.0,0.0,42.25739045758979,4.664816590367437,4.263704487055298,0.0,0.0,0.0,2.569306529485845,0.0,0.0,0.0,0.0,0.0,0.0
tactile_images/3856.png,contact,0.7391661610962856,0.0,4.565868345479735,0.0,0.0,42.263130280914055,3.8864103154860494,-4.08630689150564,0.0,0.0,0.0,-4.607557553034333,0.0,0.0,0.0,0.0,0.0,0.0
tactile_images/3857.png,contact,2.269291900271876,0.0,4.913983537740883,0.0,0.0,42.29568430354679,2.9453420256612457,-0.8597639151079477,0.0,0.0,0.0,-0.929312597114322,0.0,0.0,0.0,0.0,0.0,0.0
tactile_images/3858.png,contact,-1.4483260402231384,0.0,4.817774880772936,0.0,0.0,42.30915878984054,1.9475751671437287,4.1940976687216605,0.0,0.0,0.0,1.6511320628856634,0.0,0.0,0.0,0.0,0.0,0.0
tactile_images/3859.png,contact,-0.3995713028055956,0.0,3.967186096208658,0.0,0.0,42.31385663325496,0.741555454323672,-2.972125017451699,0.0,0.0,0.0,-3.285290540613669,0.0,0.0,0.0,0.0,0.0,0.0
tactile_images/3860.png,contact,0.9822119934567572,0.0,4.047986334929334,0.0,0.0,42.342898179760425,-3.7939117664808375,4.337606837878418,0.0,0.0,0.0,-3.8058272742236143,0.0,0.0,0.0,0.0,0.0,0.0
tactile_images/3861.png,contact,1.1686147175050254,0.0,3.6453674141556407,0.0,0.0,42.35587611181612,-3.344431579016071,0.2719207108777848,0.0,0.0,0.0,-1.097877589377867,0.0,0.0,0.0,0.0,0.0,0.0
tactile_images/3862.png,contact,4.591313837335211,0.0,4.310766398926907,0.0,0.0,42.358646974301095,3.202795606708994,-4.001069174624443,0.0,0.0,0.0,-2.13440782138298,0.0,0.0,0.0,0.0,0.0,0.0
tactile_images/3863.png,contact,1.5809472189450968,0.0,3.592511506633568,0.0,0.0,42.38021331523068,3.0331291220722054,-0.5012268324448499,0.0,0.0,0.0,1.490956642350989,0.0,0.0,0.0,0.0,0.0,0.0
tactile_images/3864.png,contact,2.997179821323741,0.0,4.126396184896322,0.0,0.0,42.38879867132462,1.1445892597336291,-1.7373880453293378,0.0,0.0,0.0,4.695685365212798,0.0,0.0,0.0,0.0,0.0,0.0
tactile_images/3865.png,contact,4.318276906145064,0.0,4.104036344591302,0.0,0.0,42.39665984392397,-0.6115986728384657,-2.1779583944819167,0.0,0.0,0.0,-4.955310640708499,0.0,0.0,0.0,0.0,0.0,0.0
tactile_images/3866.png,contact,-0.3261726645502314,0.0,4.60072837691069,0.0,0.0,42.41654207756437,-4.739673501763944,0.414755756336838,0.0,0.0,0.0,4.02379912460559,0.0,0.0,0.0,0.0,0.0,0.0
tactile_images/3867.png,contact,4.607305857583476,0.0,4.853114230283676,0.0,0.0,42.41967301910879,-1.7282305747145612,-0.1640730924812992,0.0,0.0,0.0,-0.6677696360950751,0.0,0.0,0.0,0.0,0.0,0.0
tactile_images/3868.png,contact,0.2883210106718534,0.0,4.249844939576913,0.0,0.0,42.43428508258924,-0.7936034243468217,-0.1803284037990806,0.0,0.0,0.0,1.6400772926765477,0.0,0.0,0.0,0.0,0.0,0.0
tactile_images/3869.png,contact,2.359380153062812,0.0,3.743605982549072,0.0,0.0,42.46404302357651,-0.1418371382657941,-4.118582688968847,0.0,0.0,0.0,3.5102703284480725,0.0,0.0,0.0,0.0,0.0,0.0
tactile_images/3870.png,contact,1.0754181377051997,0.0,4.709215125466742,0.0,0.0,42.465788232911095,4.293245985612092,3.0231818102713657,0.0,0.0,0.0,0.7345866112212427,0.0,0.0,0.0,0.0,0.0,0.0
tactile_images/3871.png,contact,4.6508844734377615,0.0,4.590281445023045,0.0,0.0,42.49638701700843,-3.912906001998572,-0.1856068464420479,0.0,0.0,0.0,-4.026881728086621,0.0,0.0,0.0,0.0,0.0,0.0
tactile_images/3872.png,contact,-0.2475643163223786,0.0,4.235453848123589,0.0,0.0,42.4964671368337,0.1886691977977044,3.209058287018742,0.0,0.0,0.0,-3.594048242917994,0.0,0.0,0.0,0.0,0.0,0.0
tactile_images/3873.png,contact,-3.512069140487688,0.0,4.321947641299351,0.0,0.0,42.49649477147335,-1.3207770304172026,3.2459464155095024,0.0,0.0,0.0,2.892800423195212,0.0,0.0,0.0,0.0,0.0,0.0
tactile_images/3874.png,contact,-0.5066337944085149,0.0,3.713592511309869,0.0,0.0,42.49931858516429,4.900981192160517,-1.8286467515195683,0.0,0.0,0.0,-2.709017685557671,0.0,0.0,0.0,0.0,0.0,0.0
tactile_images/3875.png,contact,-3.773393533809809,0.0,4.991604735559838,0.0,0.0,42.50958392793541,3.618640162829053,-4.956536961923876,0.0,0.0,0.0,0.6903761613243384,0.0,0.0,0.0,0.0,0.0,0.0
tactile_images/3876.png,contact,0.2536912425018611,0.0,3.8143474771977504,0.0,0.0,42.53575169006757,-0.6121414576107913,4.112456774581185,0.0,0.0,0.0,-0.7191948752122057,0.0,0.0,0.0,0.0,0.0,0.0
tactile_images/3877.png,contact,-1.0002054811930368,0.0,3.2920338111842167,0.0,0.0,42.557195653626735,4.996956093547604,2.606946930862403,0.0,0.0,0.0,-1.9636101719087184,0.0,0.0,0.0,0.0,0.0,0.0
tactile_images/3878.png,contact,0.4434324721428702,0.0,4.620606598246665,0.0,0.0,42.55841923397149,0.1406324647149635,-3.927480431765289,0.0,0.0,0.0,2.869675641223875,0.0,0.0,0.0,0.0,0.0,0.0
tactile_images/3879.png,contact,-4.567998154842861,0.0,4.782907746289498,0.0,0.0,42.606234803552056,-3.3288220340859933,2.017270340031013,0.0,0.0,0.0,2.312166522248189,0.0,0.0,0.0,0.0,0.0,0.0
tactile_images/3880.png,contact,2.6557439998848533,0.0,4.856017483549108,0.0,0.0,42.63833765187124,0.5587469182671452,-4.799767313311194,0.0,0.0,0.0,1.4610888447165955,0.0,0.0,0.0,0.0,0.0,0.0
tactile_images/3881.png,contact,-3.9796464684778847,0.0,3.257874610839634,0.0,0.0,42.65802855785206,-2.7379423419635343,-4.722409307793015,0.0,0.0,0.0,-1.2732863157677476,0.0,0.0,0.0,0.0,0.0,0.0
tactile_images/3882.png,contact,-4.7338261916482125,0.0,4.766736596061824,0.0,0.0,42.68733664532343,1.3631284007625195,0.2582323959784247,0.0,0.0,0.0,-2.7352967597871536,0.0,0.0,0.0,0.0,0.0,0.0
tactile_images/3883.png,contact,3.4789571677772715,0.0,3.343387986256982,0.0,0.0,42.69112424795578,4.374401748839256,-4.039625707636533,0.0,0.0,0.0,0.1589495099813973,0.0,0.0,0.0,0.0,0.0,0.0
tactile_images/3884.png,contact,-3.505817290942419,0.0,3.8183932875713,0.0,0.0,42.692273965429976,2.8619857683502827,4.643365224849189,0.0,0.0,0.0,3.171041003287701,0.0,0.0,0.0,0.0,0.0,0.0
tactile_images/3885.png,contact,2.22535320275046,0.0,4.993467540588763,0.0,0.0,42.70498949365047,-2.2683630958094483,3.938312266502624,0.0,0.0,0.0,0.7566497038419406,0.0,0.0,0.0,0.0,0.0,0.0
tactile_images/3886.png,contact,2.883641014301388,0.0,3.44779446661137,0.0,0.0,42.7160805126809,-2.0314137503399285,1.4981203124788482,0.0,0.0,0.0,4.701396431949954,0.0,0.0,0.0,0.0,0.0,0.0
tactile_images/3887.png,contact,3.861616065233986,0.0,4.816517109354132,0.0,0.0,42.72632525317566,-4.30711796909688,-4.362910291616867,0.0,0.0,0.0,-4.845625119376027,0.0,0.0,0.0,0.0,0.0,0.0
tactile_images/3888.png,contact,3.9554548189984864,0.0,4.741620849551236,0.0,0.0,42.747710634261935,-2.141321643537226,-1.7516474219293483,0.0,0.0,0.0,4.983467813886229,0.0,0.0,0.0,0.0,0.0,0.0
tactile_images/3889.png,contact,-1.5647860733150267,0.0,3.029899942208478,0.0,0.0,42.74914187418274,-4.073752003221828,-1.282770020939561,0.0,0.0,0.0,1.914090463586892,0.0,0.0,0.0,0.0,0.0,0.0
tactile_images/3890.png,contact,-1.005168604336534,0.0,3.5490891694808893,0.0,0.0,42.779918709592096,-0.0055128067435719,-0.191201641713004,0.0,0.0,0.0,3.326740171909984,0.0,0.0,0.0,0.0,0.0,0.0
tactile_images/3891.png,contact,-2.873870267523328,0.0,4.724808704586178,0.0,0.0,42.806975882895486,2.083470794982576,-3.310971259935478,0.0,0.0,0.0,-1.650476322325447,0.0,0.0,0.0,0.0,0.0,0.0
tactile_images/3892.png,contact,-2.4189632695871506,0.0,3.2127768108281547,0.0,0.0,42.80748471878704,2.511811614991585,0.7751164279719589,0.0,0.0,0.0,0.083413280865555,0.0,0.0,0.0,0.0,0.0,0.0
tactile_images/3893.png,contact,-3.655771456245523,0.0,4.180232844688941,0.0,0.0,42.80869182521444,-4.404707677518209,-0.6422935209077671,0.0,0.0,0.0,2.969892478843315,0.0,0.0,0.0,0.0,0.0,0.0
tactile_images/3894.png,contact,-0.1112913923722977,0.0,3.4154985460243807,0.0,0.0,42.82924893829967,-1.6004410176179795,4.472969633928585,0.0,0.0,0.0,2.606494723669865,0.0,0.0,0.0,0.0,0.0,0.0
tactile_images/3895.png,contact,4.143417504035694,0.0,3.4838115451835154,0.0,0.0,42.86169296429175,-2.118282334525663,4.361952296252191,0.0,0.0,0.0,-1.6596557112072403,0.0,0.0,0.0,0.0,0.0,0.0
tactile_images/3896.png,contact,-1.458223862864843,0.0,4.005279609951071,0.0,0.0,42.864282452965696,-3.956996770126654,0.6547395533997236,0.0,0.0,0.0,-1.7558976497619705,0.0,0.0,0.0,0.0,0.0,0.0
tactile_images/3897.png,contact,-3.4922341049417795,0.0,4.466803698669811,0.0,0.0,42.86444403933359,-1.3752868906799431,1.443493359905352,0.0,0.0,0.0,1.6281120291213114,0.0,0.0,0.0,0.0,0.0,0.0
tactile_images/3898.png,contact,1.2687738157761643,0.0,3.7990129505211288,0.0,0.0,42.914638968826665,-2.0067989086076388,-3.622035322262576,0.0,0.0,0.0,4.336591814719945,0.0,0.0,0.0,0.0,0.0,0.0
tactile_images/3899.png,contact,0.851804976623348,0.0,3.888226010350813,0.0,0.0,42.91753219169074,1.3449922933927674,-2.766767611598284,0.0,0.0,0.0,-0.6121400932586996,0.0,0.0,0.0,0.0,0.0,0.0
tactile_images/3900.png,contact,4.423524178009751,0.0,3.951963380698441,0.0,0.0,42.92758464529672,3.833026637337129,4.007154042019096,0.0,0.0,0.0,-1.47058200690784,0.0,0.0,0.0,0.0,0.0,0.0
tactile_images/3901.png,contact,-4.344360268055143,0.0,4.220787733288107,0.0,0.0,42.93128336399049,-0.4515827912678416,1.9916592289573487,0.0,0.0,0.0,3.9468703623618175,0.0,0.0,0.0,0.0,0.0,0.0
tactile_images/3902.png,contact,2.956836166010297,0.0,3.5461629006426367,0.0,0.0,43.00303402243753,2.466651727668186,-3.1056980271692245,0.0,0.0,0.0,1.8305606145658075,0.0,0.0,0.0,0.0,0.0,0.0
tactile_images/3903.png,contact,4.748065860407706,0.0,3.8962573989303193,0.0,0.0,43.01026721194134,-3.539896328893257,0.7021030607322292,0.0,0.0,0.0,-1.117240202939176,0.0,0.0,0.0,0.0,0.0,0.0
tactile_images/3904.png,contact,-2.507696492110557,0.0,3.328482134446309,0.0,0.0,43.01100425575699,3.949663786438647,4.347612504894489,0.0,0.0,0.0,-4.427237691522055,0.0,0.0,0.0,0.0,0.0,0.0
tactile_images/3905.png,contact,1.7532407310994005,0.0,3.4291130426600045,0.0,0.0,43.034118807314,-3.474052617849077,-1.548288938380964,0.0,0.0,0.0,2.214892720477849,0.0,0.0,0.0,0.0,0.0,0.0
tactile_images/3906.png,contact,2.2312235185279627,0.0,3.195414550773517,0.0,0.0,43.050620951692494,-3.078988194006107,-3.1417962448091474,0.0,0.0,0.0,-1.4711350930961995,0.0,0.0,0.0,0.0,0.0,0.0
tactile_images/3907.png,contact,-0.819714019143988,0.0,3.259412515980053,0.0,0.0,43.13102344471763,-3.935361964123235,4.420252769090983,0.0,0.0,0.0,-4.294338022276403,0.0,0.0,0.0,0.0,0.0,0.0
tactile_images/3908.png,contact,-3.401080784391999,0.0,3.1740671301831087,0.0,0.0,43.13381382298964,-1.9032049847946355,-0.3873463970790078,0.0,0.0,0.0,1.1228908724637678,0.0,0.0,0.0,0.0,0.0,0.0
tactile_images/3909.png,contact,-2.139526325065898,0.0,3.2790535611193388,0.0,0.0,43.13699976756648,0.5241044671552606,-0.8275800133723354,0.0,0.0,0.0,-1.769931295061562,0.0,0.0,0.0,0.0,0.0,0.0
tactile_images/3910.png,contact,2.78761303553936,0.0,3.0843008339258686,0.0,0.0,43.1482856248745,4.879941114063268,-2.3243280020724977,0.0,0.0,0.0,-1.6154349168947055,0.0,0.0,0.0,0.0,0.0,0.0
tactile_images/3911.png,contact,-4.6217254847454186,0.0,4.991208403607012,0.0,0.0,43.17013173801591,2.93368034657544,3.915852949471443,0.0,0.0,0.0,-0.2082986925210725,0.0,0.0,0.0,0.0,0.0,0.0
tactile_images/3912.png,contact,2.8326019990922435,0.0,3.76030028391534,0.0,0.0,43.194621471520136,-1.19564197108018,3.456167668895752,0.0,0.0,0.0,2.17474767328455,0.0,0.0,0.0,0.0,0.0,0.0
tactile_images/3913.png,contact,3.855123619340949,0.0,3.3328285686218795,0.0,0.0,43.2056083848556,0.7584605790357042,-0.9700960056324596,0.0,0.0,0.0,-2.2366952236370583,0.0,0.0,0.0,0.0,0.0,0.0
tactile_images/3914.png,contact,-2.140326444668564,0.0,3.506490726080502,0.0,0.0,43.208344247334765,1.2330803093920777,-4.693867201029212,0.0,0.0,0.0,-4.19054084221099,0.0,0.0,0.0,0.0,0.0,0.0
tactile_images/3915.png,contact,-4.207396503426354,0.0,4.227424363708456,0.0,0.0,43.208919279718,3.227272212473471,-0.5334856949386051,0.0,0.0,0.0,-0.7557427856049381,0.0,0.0,0.0,0.0,0.0,0.0
tactile_images/3916.png,contact,4.205806310110134,0.0,3.686231032834019,0.0,0.0,43.25887724062849,2.364517854198005,-3.191419834199467,0.0,0.0,0.0,-4.4507457688360565,0.0,0.0,0.0,0.0,0.0,0.0
tactile_images/3917.png,contact,4.663863998167174,0.0,4.77214793419105,0.0,0.0,43.26684527026778,0.6929112697114039,-3.572659298511188,0.0,0.0,0.0,1.972685098922165,0.0,0.0,0.0,0.0,0.0,0.0
tactile_images/3918.png,contact,3.4563728472579767,0.0,3.942345118756284,0.0,0.0,43.27349242457733,1.6918302703965669,-1.0690638810457642,0.0,0.0,0.0,4.592434679225741,0.0,0.0,0.0,0.0,0.0,0.0
tactile_images/3919.png,contact,0.0838412488316766,0.0,4.643155383521676,0.0,0.0,43.31201406141517,2.459176109628997,-4.0092306265537285,0.0,0.0,0.0,1.5875880764813166,0.0,0.0,0.0,0.0,0.0,0.0
tactile_images/3920.png,contact,-4.899602323899453,0.0,4.008842079430426,0.0,0.0,43.32692883311152,-3.6685594086659568,4.574645069316649,0.0,0.0,0.0,-2.246095502491464,0.0,0.0,0.0,0.0,0.0,0.0
tactile_images/3921.png,contact,0.6750212166986804,0.0,3.430009536540057,0.0,0.0,43.38812857718592,-2.9954453869462005,-4.5246081821871815,0.0,0.0,0.0,-3.1829761246239654,0.0,0.0,0.0,0.0,0.0,0.0
tactile_images/3922.png,contact,1.975804887214636,0.0,4.096407545584303,0.0,0.0,43.43043257338231,1.8858428890751675,-0.9863037260127284,0.0,0.0,0.0,-2.6721642869991014,0.0,0.0,0.0,0.0,0.0,0.0
tactile_images/3923.png,contact,2.5759026758491976,0.0,3.024139870601236,0.0,0.0,43.43290303966208,3.504255619876321,-3.372972979683051,0.0,0.0,0.0,-2.783899968318785,0.0,0.0,0.0,0.0,0.0,0.0
tactile_images/3924.png,contact,-3.995745732745684,0.0,4.009478950760704,0.0,0.0,43.43489922642699,-0.907377173002322,1.8881132152875608,0.0,0.0,0.0,-1.8616949395548432,0.0,0.0,0.0,0.0,0.0,0.0
tactile_images/3925.png,contact,-3.901411373960146,0.0,4.501047961393498,0.0,0.0,43.452228573451706,4.79890322471206,-4.211885507854383,0.0,0.0,0.0,-4.026533218718551,0.0,0.0,0.0,0.0,0.0,0.0
tactile_images/3926.png,contact,0.5168094463057784,0.0,3.653955246485479,0.0,0.0,43.461470957372086,-2.839282673266271,0.4680557420863431,0.0,0.0,0.0,3.957190576464353,0.0,0.0,0.0,0.0,0.0,0.0
tactile_images/3927.png,contact,1.118300737934781,0.0,4.625386086751565,0.0,0.0,43.507360373978514,-0.8330071795656115,2.7310149520193763,0.0,0.0,0.0,3.8512049532950776,0.0,0.0,0.0,0.0,0.0,0.0
tactile_images/3928.png,contact,-3.000709686991595,0.0,4.6237233996651685,0.0,0.0,43.53859211120118,-1.2147695653674684,4.500598350489707,0.0,0.0,0.0,1.1523625356819505,0.0,0.0,0.0,0.0,0.0,0.0
tactile_images/3929.png,contact,-1.881347060865421,0.0,4.075046200406097,0.0,0.0,43.55353815314561,4.302959407264291,1.9852756296941267,0.0,0.0,0.0,-4.380796331269749,0.0,0.0,0.0,0.0,0.0,0.0
tactile_images/3930.png,contact,-2.55270420496808,0.0,4.344525879865132,0.0,0.0,43.55762023641364,-2.1462148242746046,-4.005082423654165,0.0,0.0,0.0,3.040007407217661,0.0,0.0,0.0,0.0,0.0,0.0
tactile_images/3931.png,contact,0.1865584836467633,0.0,4.375925680237418,0.0,0.0,43.56536151468701,-0.2920922195778441,-4.11479450285859,0.0,0.0,0.0,-4.382114162617547,0.0,0.0,0.0,0.0,0.0,0.0
tactile_images/3932.png,contact,-1.8049930207471307,0.0,4.8215898610198975,0.0,0.0,43.575897860539385,-3.1276616038467053,2.315980485380659,0.0,0.0,0.0,-3.9357877623686814,0.0,0.0,0.0,0.0,0.0,0.0
tactile_images/3933.png,contact,-4.061110021324971,0.0,4.69083840340154,0.0,0.0,43.58351649742062,0.212662385624438,-2.8467059499653136,0.0,0.0,0.0,-1.7470360735572985,0.0,0.0,0.0,0.0,0.0,0.0
tactile_images/3934.png,contact,0.2771819583701829,0.0,3.941010157984654,0.0,0.0,43.5878271776282,3.574041694635911,-0.5276069136675119,0.0,0.0,0.0,-0.6852968233443981,0.0,0.0,0.0,0.0,0.0,0.0
tactile_images/3935.png,contact,-1.590454101322324,0.0,4.092049186641501,0.0,0.0,43.62276505243946,-1.959605381094358,4.766211013513589,0.0,0.0,0.0,-1.4611104328468083,0.0,0.0,0.0,0.0,0.0,0.0
tactile_images/3936.png,contact,2.9837267995225547,0.0,3.711936781664473,0.0,0.0,43.62674464230065,3.1079207216282825,3.199067984038756,0.0,0.0,0.0,-3.347702190216361,0.0,0.0,0.0,0.0,0.0,0.0
tactile_images/3937.png,contact,2.497571018354047,0.0,3.989965589424922,0.0,0.0,43.64138242214213,4.11311582175626,3.4659335730020064,0.0,0.0,0.0,-3.8787028231822585,0.0,0.0,0.0,0.0,0.0,0.0
tactile_images/3938.png,contact,-4.928168389990704,0.0,4.418544023339626,0.0,0.0,43.65859710058179,-4.270421102854364,3.607699047280788,0.0,0.0,0.0,3.5941522670441657,0.0,0.0,0.0,0.0,0.0,0.0
tactile_images/3939.png,contact,-2.85651618080232,0.0,3.4680563506137494,0.0,0.0,43.69335755144415,2.5642453631925104,1.1954534012155795,0.0,0.0,0.0,-1.3681877404807197,0.0,0.0,0.0,0.0,0.0,0.0
tactile_images/3940.png,contact,4.95636730349691,0.0,3.439765979414698,0.0,0.0,43.69466442528771,-2.446565638495092,2.4393392386247834,0.0,0.0,0.0,-2.814006218884914,0.0,0.0,0.0,0.0,0.0,0.0
tactile_images/3941.png,contact,2.2659292806929376,0.0,4.562712436790401,0.0,0.0,43.69610613496306,-3.2467233746337087,-1.4103908536571277,0.0,0.0,0.0,-0.1300864337662455,0.0,0.0,0.0,0.0,0.0,0.0
tactile_images/3942.png,contact,-2.850165438370569,0.0,3.677602339854226,0.0,0.0,43.70171669139116,1.0112239202503606,4.984462265728508,0.0,0.0,0.0,-4.6317659946204826,0.0,0.0,0.0,0.0,0.0,0.0
tactile_images/3943.png,contact,-4.7200532963153705,0.0,4.790212451460184,0.0,0.0,43.72212156736696,2.0560261622869973,-2.2037783034535496,0.0,0.0,0.0,1.0028118233225038,0.0,0.0,0.0,0.0,0.0,0.0
tactile_images/3944.png,contact,1.8124749706793009,0.0,4.952141172063809,0.0,0.0,43.76248708246959,-1.0523901426478623,0.9000740330351951,0.0,0.0,0.0,-2.5151041315040192,0.0,0.0,0.0,0.0,0.0,0.0
tactile_images/3945.png,contact,-4.174858431319903,0.0,3.308151464946167,0.0,0.0,43.81109510130746,-4.608262929178094,-2.1793832167880667,0.0,0.0,0.0,0.9819641413132444,0.0,0.0,0.0,0.0,0.0,0.0
tactile_images/3946.png,contact,1.9353653195717968,0.0,3.8281372388808848,0.0,0.0,43.86241840818008,4.087045241967932,-3.879289494399268,0.0,0.0,0.0,1.1412516444586895,0.0,0.0,0.0,0.0,0.0,0.0
tactile_images/3947.png,contact,-0.1807876623881545,0.0,3.120873089881128,0.0,0.0,43.87984459754088,2.30746916847495,0.6758581484367667,0.0,0.0,0.0,3.092241913586461,0.0,0.0,0.0,0.0,0.0,0.0
tactile_images/3948.png,contact,-0.3396747254776375,0.0,3.200734990190108,0.0,0.0,43.89292734849744,-2.283331933169853,-1.4665132913386023,0.0,0.0,0.0,-2.700952443905261,0.0,0.0,0.0,0.0,0.0,0.0
tactile_images/3949.png,contact,-0.5733716957300805,0.0,4.6350648319162415,0.0,0.0,43.893522874457815,-0.0313614425526012,0.8321926752338769,0.0,0.0,0.0,-0.3653536138071978,0.0,0.0,0.0,0.0,0.0,0.0
tactile_images/3950.png,contact,3.884070000427525,0.0,4.810978954982652,0.0,0.0,43.91571313859083,-4.722072100329219,0.5867847666499282,0.0,0.0,0.0,4.618873381917876,0.0,0.0,0.0,0.0,0.0,0.0
tactile_images/3951.png,contact,1.274667262404492,0.0,4.90851688303062,0.0,0.0,43.92490146259584,-1.6071721819405815,0.422567291435616,0.0,0.0,0.0,2.2712484408462004,0.0,0.0,0.0,0.0,0.0,0.0
tactile_images/3952.png,contact,-3.4466590909022425,0.0,3.243236313639299,0.0,0.0,43.9250146761698,0.2253523558511823,-3.7669887795347057,0.0,0.0,0.0,4.753438080175584,0.0,0.0,0.0,0.0,0.0,0.0
tactile_images/3953.png,contact,-0.4986856277620521,0.0,4.834043423761113,0.0,0.0,43.94229591563183,0.172236151162501,-0.5981922564964295,0.0,0.0,0.0,4.273657130771039,0.0,0.0,0.0,0.0,0.0,0.0
tactile_images/3954.png,contact,-1.6503667454625548,0.0,4.648188980968748,0.0,0.0,43.945973041851545,-2.9181512199145887,3.120039393987918,0.0,0.0,0.0,1.10748596806432,0.0,0.0,0.0,0.0,0.0,0.0
tactile_images/3955.png,contact,-2.605756424552822,0.0,3.5391233865049188,0.0,0.0,43.95642229403517,2.767473661838907,-1.8485650445536408,0.0,0.0,0.0,-2.3606964411785656,0.0,0.0,0.0,0.0,0.0,0.0
tactile_images/3956.png,contact,-1.7756436184228246,0.0,4.632067004604137,0.0,0.0,43.98947826256144,-2.0113784147335654,-0.5616849470793479,0.0,0.0,0.0,2.569241566624166,0.0,0.0,0.0,0.0,0.0,0.0
tactile_images/3957.png,contact,-1.340057030996114,0.0,3.5478297412598074,0.0,0.0,44.016657873106254,0.8041002317797261,-0.06168409679732,0.0,0.0,0.0,1.981192458122928,0.0,0.0,0.0,0.0,0.0,0.0
tactile_images/3958.png,contact,-1.2389583629163852,0.0,4.496323598057392,0.0,0.0,44.04195136147672,-2.284777744620252,3.627313125917448,0.0,0.0,0.0,0.8889012035739778,0.0,0.0,0.0,0.0,0.0,0.0
tactile_images/3959.png,contact,-0.4759237615373628,0.0,4.416648098155941,0.0,0.0,44.042817829667655,-0.7483212701322985,1.5559976922601892,0.0,0.0,0.0,1.9782922849130105,0.0,0.0,0.0,0.0,0.0,0.0
tactile_images/3960.png,contact,-4.738004133571495,0.0,3.189973289954624,0.0,0.0,44.06239730869005,-2.9248537474976977,-3.99797465162686,0.0,0.0,0.0,1.1358641454525102,0.0,0.0,0.0,0.0,0.0,0.0
tactile_images/3961.png,contact,-0.4561678931593498,0.0,3.906741211208314,0.0,0.0,44.072358100787,1.3300779253203832,3.651709858050213,0.0,0.0,0.0,0.1937902307284646,0.0,0.0,0.0,0.0,0.0,0.0
tactile_images/3962.png,contact,-1.311386259972629,0.0,4.050281703539259,0.0,0.0,44.1293485074179,-0.744156398586493,3.3206597548209,0.0,0.0,0.0,-0.840445183166568,0.0,0.0,0.0,0.0,0.0,0.0
tactile_images/3963.png,contact,3.591429796202001,0.0,4.440832138184685,0.0,0.0,44.13370706704909,-4.838826955122357,2.536459805991754,0.0,0.0,0.0,-4.552916254225595,0.0,0.0,0.0,0.0,0.0,0.0
tactile_images/3964.png,contact,-4.373880664971189,0.0,3.010051006730624,0.0,0.0,44.146360390519135,-4.718350059832339,-0.339419816811624,0.0,0.0,0.0,3.656879191031811,0.0,0.0,0.0,0.0,0.0,0.0
tactile_images/3965.png,contact,-0.4885866507735592,0.0,4.025376144657622,0.0,0.0,44.2260487396922,-0.288656815285778,2.5754538348580684,0.0,0.0,0.0,3.655405825997457,0.0,0.0,0.0,0.0,0.0,0.0
tactile_images/3966.png,contact,2.3193635917712374,0.0,4.553892776785043,0.0,0.0,44.34635740279383,-3.1677413309464564,-0.2125793735724279,0.0,0.0,0.0,0.9404731996892216,0.0,0.0,0.0,0.0,0.0,0.0
tactile_images/3967.png,contact,3.500825726512262,0.0,3.2527402838940103,0.0,0.0,44.36685016373899,0.8504204814474239,2.3662353432716285,0.0,0.0,0.0,-2.321156948418459,0.0,0.0,0.0,0.0,0.0,0.0
tactile_images/3968.png,contact,3.6311436993119273,0.0,4.563046259066134,0.0,0.0,44.3707232655748,-0.9180821822797868,3.8011016497253625,0.0,0.0,0.0,-4.718689559611075,0.0,0.0,0.0,0.0,0.0,0.0
tactile_images/3969.png,contact,3.745137032008493,0.0,3.4735960691922374,0.0,0.0,44.39764748770182,1.544198355397227,3.905415851305968,0.0,0.0,0.0,-4.985711958330258,0.0,0.0,0.0,0.0,0.0,0.0
tactile_images/3970.png,contact,0.4778205911019286,0.0,3.524225944033593,0.0,0.0,44.4075034596416,4.523951740639516,-0.4542142581254538,0.0,0.0,0.0,-4.270926102774611,0.0,0.0,0.0,0.0,0.0,0.0
tactile_images/3971.png,contact,3.138641022466521,0.0,4.864323438427265,0.0,0.0,44.41319409002644,0.2873613479525359,3.593426793520292,0.0,0.0,0.0,-1.4011367364883496,0.0,0.0,0.0,0.0,0.0,0.0
tactile_images/3972.png,contact,1.1579328701419975,0.0,4.395594066125048,0.0,0.0,44.420849941798366,2.873786035900996,-3.985426194922869,0.0,0.0,0.0,-3.116040540029222,0.0,0.0,0.0,0.0,0.0,0.0
tactile_images/3973.png,contact,-2.160499732421445,0.0,3.234924145592768,0.0,0.0,44.42376291405391,2.5304099631593715,-3.9818058251321897,0.0,0.0,0.0,-2.3494191436247647,0.0,0.0,0.0,0.0,0.0,0.0
tactile_images/3974.png,contact,-0.953032659274891,0.0,3.4837058941294923,0.0,0.0,44.42671277328354,4.217911043238653,0.4826694686747999,0.0,0.0,0.0,1.99660377304932,0.0,0.0,0.0,0.0,0.0,0.0
tactile_images/3975.png,contact,-3.382304210818006,0.0,3.5014636520041087,0.0,0.0,44.432822711444246,-2.859821327619938,1.5184461845626895,0.0,0.0,0.0,4.591497743591576,0.0,0.0,0.0,0.0,0.0,0.0
tactile_images/3976.png,contact,-1.1341138921070772,0.0,3.798080904096608,0.0,0.0,44.465036109130224,3.2732697078494084,-3.470062240215973,0.0,0.0,0.0,-2.932241569799676,0.0,0.0,0.0,0.0,0.0,0.0
tactile_images/3977.png,contact,-0.3145491418930533,0.0,4.130577919907964,0.0,0.0,44.49320787301146,4.055203785046867,-0.2781995519400704,0.0,0.0,0.0,-0.3435606586351047,0.0,0.0,0.0,0.0,0.0,0.0
tactile_images/3978.png,contact,-4.3272848335401335,0.0,4.425202814596786,0.0,0.0,44.49871612802436,-1.072370190524223,-4.05637332184077,0.0,0.0,0.0,4.914794014994103,0.0,0.0,0.0,0.0,0.0,0.0
tactile_images/3979.png,contact,-3.0395850755252027,0.0,4.25169333210122,0.0,0.0,44.6469224216938,-1.8618380540103183,1.020994855533104,0.0,0.0,0.0,4.316743982341787,0.0,0.0,0.0,0.0,0.0,0.0
tactile_images/3980.png,contact,1.596128957454943,0.0,4.001469812288397,0.0,0.0,44.6503653173621,4.520359096782878,3.5509403675284794,0.0,0.0,0.0,-1.476836969707688,0.0,0.0,0.0,0.0,0.0,0.0
tactile_images/3981.png,contact,1.446802515261123,0.0,4.012743347090291,0.0,0.0,44.65376137805815,1.2763282213886793,2.376389760195238,0.0,0.0,0.0,-1.8031095320191683,0.0,0.0,0.0,0.0,0.0,0.0
tactile_images/3982.png,contact,0.3852253537526584,0.0,4.391281506890817,0.0,0.0,44.68986973582929,-1.1932351475853165,-1.2170844757072876,0.0,0.0,0.0,-2.57829359662752,0.0,0.0,0.0,0.0,0.0,0.0
tactile_images/3983.png,contact,4.456679651770962,0.0,3.4167673580176507,0.0,0.0,44.705539267151664,2.9182772093163027,4.937937966371216,0.0,0.0,0.0,-3.445971501709111,0.0,0.0,0.0,0.0,0.0,0.0
tactile_images/3984.png,contact,-1.5951076864077018,0.0,4.179559201556157,0.0,0.0,44.7129846293211,-1.955260983842849,1.6293497646613675,0.0,0.0,0.0,-0.3994792087122167,0.0,0.0,0.0,0.0,0.0,0.0
tactile_images/3985.png,contact,-3.71843527745232,0.0,4.318980116249168,0.0,0.0,44.71393049065644,-3.235924139301379,3.1524843444247903,0.0,0.0,0.0,-1.5887948659325248,0.0,0.0,0.0,0.0,0.0,0.0
tactile_images/3986.png,contact,4.309924073871837,0.0,4.027305343642659,0.0,0.0,44.71512857650424,0.4396963579770556,1.6969738729173267,0.0,0.0,0.0,2.4483759387039497,0.0,0.0,0.0,0.0,0.0,0.0
tactile_images/3987.png,contact,4.830523351104191,0.0,4.964089245572768,0.0,0.0,44.72198003679955,0.662120449106034,4.894162910871266,0.0,0.0,0.0,-2.631334961694889,0.0,0.0,0.0,0.0,0.0,0.0
tactile_images/3988.png,contact,-4.610703174694551,0.0,4.752584697047875,0.0,0.0,44.73673892218294,3.2574648226733807,3.2135976721777286,0.0,0.0,0.0,2.3633223902004907,0.0,0.0,0.0,0.0,0.0,0.0
tactile_images/3989.png,contact,3.778900859899732,0.0,3.5288085958592905,0.0,0.0,44.738281584922376,-0.4297264497956998,0.1942321789544054,0.0,0.0,0.0,-2.118534140180256,0.0,0.0,0.0,0.0,0.0,0.0
tactile_images/3990.png,contact,-0.0626605949520273,0.0,4.660365933235388,0.0,0.0,44.74022706114653,3.1458653950534163,-1.3312043716241018,0.0,0.0,0.0,0.9272878464755916,0.0,0.0,0.0,0.0,0.0,0.0
tactile_images/3991.png,contact,-0.9513167490568152,0.0,3.136696742896389,0.0,0.0,44.74846295768711,-1.8867732065166152,1.8215482914884245,0.0,0.0,0.0,1.384300963947311,0.0,0.0,0.0,0.0,0.0,0.0
tactile_images/3992.png,contact,-4.132405525564714,0.0,4.177872045125096,0.0,0.0,44.76100943551484,0.7536820217779194,0.9022180880700894,0.0,0.0,0.0,1.7178142550033284,0.0,0.0,0.0,0.0,0.0,0.0
tactile_images/3993.png,contact,3.993625214764666,0.0,4.591163673084566,0.0,0.0,44.76442444428325,-2.9152722109928417,1.293505910275453,0.0,0.0,0.0,-3.246610139627383,0.0,0.0,0.0,0.0,0.0,0.0
tactile_images/3994.png,contact,-2.3735707738779963,0.0,4.268110112021967,0.0,0.0,44.77522531330774,-1.145540490834036,-1.5698823371624302,0.0,0.0,0.0,-2.172886302783057,0.0,0.0,0.0,0.0,0.0,0.0
tactile_images/3995.png,contact,1.2896123701539732,0.0,4.727806632588226,0.0,0.0,44.82641282330134,3.575396978328511,-0.7127157942944553,0.0,0.0,0.0,-2.538843145947668,0.0,0.0,0.0,0.0,0.0,0.0
tactile_images/3996.png,contact,2.238304421791005,0.0,4.742374092700636,0.0,0.0,44.86726016906334,-2.8401180656424496,0.5809657489064977,0.0,0.0,0.0,0.7616041101548028,0.0,0.0,0.0,0.0,0.0,0.0
tactile_images/3997.png,contact,-1.2466356885426375,0.0,3.7288197319908063,0.0,0.0,44.87885267479899,3.102394628992677,3.39283401921843,0.0,0.0,0.0,-4.242535977286331,0.0,0.0,0.0,0.0,0.0,0.0
tactile_images/3998.png,contact,-4.384821582141546,0.0,4.5153152332059445,0.0,0.0,44.89135657699845,-2.171283421525938,2.629089177629032,0.0,0.0,0.0,0.1825644996085005,0.0,0.0,0.0,0.0,0.0,0.0
tactile_images/3999.png,contact,-2.480731794295321,0.0,4.9910328971806495,0.0,0.0,44.96906780607048,-4.655102803205463,-3.8134412949720966,0.0,0.0,0.0,-4.125329443569582,0.0,0.0,0.0,0.0,0.0,0.0
tactile_images/4000.png,contact,-1.2589137643700905,0.0,3.5136631491341173,0.0,0.0,44.99108793083085,-3.9006542994315376,-2.5444574998060823,0.0,0.0,0.0,-1.629440100668862,0.0,0.0,0.0,0.0,0.0,0.0
